user_id,item_id,rank,pred_rating
1,511,1,5.398755073547363
1,302,2,5.3057684898376465
1,357,3,5.22554874420166
1,709,4,5.128716945648193
1,318,5,5.075803279876709
1,657,6,4.97519588470459
1,647,7,4.932039260864258
1,408,8,4.912804126739502
1,963,9,4.90543270111084
1,474,10,4.900907039642334
2,604,1,4.7391228675842285
2,603,2,4.524489402770996
2,246,3,4.522997856140137
2,588,4,4.490489959716797
2,98,5,4.475303649902344
2,189,6,4.461645126342773
2,488,7,4.451228618621826
2,511,8,4.424471378326416
2,192,9,4.415460109710693
2,1194,10,4.411830425262451
3,136,1,3.886078357696533
3,483,2,3.814101457595825
3,657,3,3.795142889022827
3,114,4,3.7843263149261475
3,48,5,3.7586476802825928
3,285,6,3.7255074977874756
3,12,7,3.7111735343933105
3,187,8,3.6885225772857666
3,228,9,3.6799886226654053
3,127,10,3.675715923309326
4,191,1,5.5109076499938965
4,519,2,5.39070463180542
4,318,3,5.390629291534424
4,313,4,5.389801502227783
4,223,5,5.376593589782715
4,483,6,5.297130107879639
4,435,7,5.29103946685791
4,427,8,5.278470993041992
4,513,9,5.272797107696533
4,1194,10,5.272217273712158
5,175,1,5.049330711364746
5,179,2,4.919163227081299
5,19,3,4.7778215408325195
5,511,4,4.721686840057373
5,194,5,4.698831558227539
5,483,6,4.670859336853027
5,648,7,4.650396347045898
5,286,8,4.618796348571777
5,516,9,4.585137367248535
5,474,10,4.55888557434082
6,154,1,4.605729103088379
6,654,2,4.600251197814941
6,604,3,4.542483329772949
6,346,4,4.5377607345581055
6,647,5,4.5145063400268555
6,443,6,4.496711730957031
6,93,7,4.452526569366455
6,661,8,4.438422203063965
6,478,9,4.405495643615723
6,633,10,4.399026870727539
7,347,1,5.228699684143066
7,357,2,5.221813678741455
7,735,3,5.189477920532227
7,317,4,5.147485256195068
7,258,5,5.09867000579834
7,169,6,5.087761402130127
7,1367,7,4.969987869262695
7,344,8,4.967189311981201
7,48,9,4.956340312957764
7,315,10,4.885465621948242
8,169,1,5.396231651306152
8,357,2,5.214134216308594
8,124,3,5.017632007598877
8,178,4,5.008215427398682
8,408,5,4.992733478546143
8,507,6,4.966232776641846
8,223,7,4.922719955444336
8,234,8,4.917070388793945
8,64,9,4.898769855499268
8,474,10,4.888520240783691
9,272,1,5.059638023376465
9,318,2,4.652157306671143
9,64,3,4.615423202514648
9,963,4,4.549221992492676
9,191,5,4.540633678436279
9,513,6,4.506333351135254
9,1449,7,4.4989013671875
9,114,8,4.497209072113037
9,315,9,4.496100425720215
9,603,10,4.484246253967285
10,313,1,5.072029113769531
10,318,2,5.017629146575928
10,1101,3,4.963320255279541
10,132,4,4.919808387756348
10,187,5,4.821339130401611
10,272,6,4.816629886627197
10,8,7,4.812152862548828
10,1193,8,4.795253753662109
10,1251,9,4.7117838859558105
10,684,10,4.697783470153809
11,189,1,4.855263710021973
11,143,2,4.847218036651611
11,963,3,4.773994445800781
11,178,4,4.752593517303467
11,1449,5,4.720887660980225
11,14,6,4.631058692932129
11,172,7,4.581220626831055
11,272,8,4.565352439880371
11,285,9,4.545414924621582
11,202,10,4.538647174835205
12,963,1,5.335416316986084
12,1,2,5.268036365509033
12,210,3,5.229771137237549
12,483,4,5.101217746734619
12,22,5,4.94771671295166
12,513,6,4.9422383308410645
12,566,7,4.929051399230957
12,510,8,4.915493488311768
12,60,9,4.892117023468018
12,520,10,4.8334269523620605
13,660,1,4.676496505737305
13,171,2,4.597821235656738
13,136,3,4.458226680755615
13,718,4,4.381189823150635
13,694,5,4.376437664031982
13,1367,6,4.348850727081299
13,1005,7,4.346269130706787
13,134,8,4.344961643218994
13,1449,9,4.333468437194824
13,1142,10,4.313126564025879
14,171,1,5.39224100112915
14,55,2,5.392187118530273
14,328,3,5.180544853210449
14,652,4,5.036707401275635
14,1449,5,5.009116172790527
14,183,6,4.940033912658691
14,223,7,4.911831855773926
14,675,8,4.893890380859375
14,177,9,4.891147136688232
14,647,10,4.890066146850586
15,515,1,4.702654838562012
15,648,2,4.676779270172119
15,189,3,4.604997158050537
15,496,4,4.529760837554932
15,70,5,4.521998405456543
15,427,6,4.508297443389893
15,692,7,4.497365474700928
15,208,8,4.444011688232422
15,527,9,4.4321465492248535
15,272,10,4.423722743988037
16,210,1,5.541501998901367
16,165,2,5.455711841583252
16,520,3,5.408869743347168
16,513,4,5.282509803771973
16,205,5,5.240726470947266
16,526,6,5.2124481201171875
16,1021,7,5.192686080932617
16,265,8,5.182726860046387
16,177,9,5.158311367034912
16,186,10,5.129583358764648
17,318,1,4.843687057495117
17,168,2,4.5857744216918945
17,483,3,4.528936862945557
17,50,4,4.41778564453125
17,313,5,4.388627052307129
17,178,6,4.356741905212402
17,251,7,4.352444171905518
17,515,8,4.297410011291504
17,480,9,4.249547958374023
17,48,10,4.223931789398193
18,344,1,4.9573540687561035
18,318,2,4.926532745361328
18,251,3,4.860867023468018
18,657,4,4.705619812011719
18,466,5,4.70031213760376
18,606,6,4.693605422973633
18,1449,7,4.639728546142578
18,1194,8,4.636124610900879
18,499,9,4.551678657531738
18,1643,10,4.543458461761475
19,478,1,4.595541954040527
19,169,2,4.549213886260986
19,1449,3,4.537470817565918
19,223,4,4.527782917022705
19,50,5,4.509062767028809
19,48,6,4.473179340362549
19,511,7,4.4563517570495605
19,474,8,4.437225341796875
19,175,9,4.423274040222168
19,513,10,4.4025139808654785
20,611,1,4.631542682647705
20,606,2,4.524357795715332
20,654,3,4.4716033935546875
20,153,4,4.409203052520752
20,211,5,4.4042840003967285
20,746,6,4.388211250305176
20,1098,7,4.363992691040039
20,516,8,4.330994606018066
20,1449,9,4.302523136138916
20,478,10,4.296701431274414
21,357,1,5.1122145652771
21,187,2,5.110052585601807
21,515,3,4.898309230804443
21,203,4,4.8028883934021
21,205,5,4.713949203491211
21,316,6,4.622265815734863
21,276,7,4.588333606719971
21,182,8,4.5753984451293945
21,191,9,4.504794597625732
21,707,10,4.503697395324707
22,150,1,5.398861408233643
22,12,2,5.348989963531494
22,357,3,5.2659525871276855
22,197,4,5.076162815093994
22,408,5,5.05838680267334
22,661,6,5.054078578948975
22,192,7,5.034523963928223
22,165,8,5.001275539398193
22,484,9,4.966371536254883
22,22,10,4.9316511154174805
23,12,1,4.899600982666016
23,318,2,4.758254528045654
23,137,3,4.719560146331787
23,491,4,4.621305465698242
23,257,5,4.601291179656982
23,1449,6,4.593685150146484
23,1203,7,4.5858049392700195
23,190,8,4.555670738220215
23,169,9,4.542334079742432
23,488,10,4.514542102813721
24,603,1,5.160995960235596
24,196,2,5.154760360717773
24,663,3,5.097956657409668
24,496,4,5.023154258728027
24,513,5,5.0036211013793945
24,272,6,4.993570804595947
24,192,7,4.9830403327941895
24,199,8,4.960972785949707
24,57,9,4.928916931152344
24,89,10,4.908148765563965
25,12,1,4.912093162536621
25,511,2,4.727147102355957
25,172,3,4.713169574737549
25,483,4,4.665538311004639
25,223,5,4.658989429473877
25,272,6,4.617105960845947
25,83,7,4.6080145835876465
25,207,8,4.591868877410889
25,963,9,4.591231822967529
25,165,10,4.584080696105957
26,603,1,4.158067226409912
26,22,2,4.144412040710449
26,28,3,4.122114658355713
26,12,4,4.080214977264404
26,50,5,4.070588111877441
26,498,6,4.067992687225342
26,963,7,4.033953666687012
26,480,8,4.023869514465332
26,511,9,4.022136211395264
26,64,10,4.003236293792725
27,64,1,4.289706230163574
27,318,2,4.265841960906982
27,408,3,4.2473320960998535
27,1449,4,4.2330756187438965
27,272,5,4.22258996963501
27,513,6,4.150087356567383
27,116,7,4.113984107971191
27,479,8,4.1109089851379395
27,603,9,4.0877509117126465
27,856,10,4.079538345336914
28,156,1,4.600070476531982
28,178,2,4.577447891235352
28,302,3,4.573295593261719
28,132,4,4.568347930908203
28,137,5,4.50535249710083
28,190,6,4.496123313903809
28,210,7,4.480661392211914
28,172,8,4.471423625946045
28,223,9,4.467250347137451
28,128,10,4.445449352264404
29,483,1,4.856789588928223
29,11,2,4.837182998657227
29,318,3,4.826998233795166
29,33,4,4.821232795715332
29,56,5,4.782363414764404
29,114,6,4.777433395385742
29,511,7,4.741401195526123
29,48,8,4.725849151611328
29,316,9,4.711788177490234
29,12,10,4.705609321594238
30,318,1,5.09431791305542
30,513,2,5.065415382385254
30,190,3,4.998830795288086
30,178,4,4.935290336608887
30,1,5,4.903681755065918
30,42,6,4.8522233963012695
30,191,7,4.847083568572998
30,60,8,4.768203258514404
30,1039,9,4.751040935516357
30,709,10,4.741061687469482
31,173,1,4.881058692932129
31,168,2,4.8059611320495605
31,496,3,4.62363338470459
31,199,4,4.606547832489014
31,64,5,4.596343994140625
31,98,6,4.55897855758667
31,478,7,4.502852916717529
31,205,8,4.488629341125488
31,493,9,4.48536491394043
31,127,10,4.456552505493164
32,318,1,4.737142562866211
32,603,2,4.686890125274658
32,127,3,4.449703693389893
32,64,4,4.418041706085205
32,12,5,4.398297309875488
32,178,6,4.375984191894531
32,269,7,4.334059715270996
32,419,8,4.317065238952637
32,1269,9,4.303272247314453
32,143,10,4.264708042144775
33,318,1,4.742278575897217
33,98,2,4.729171276092529
33,56,3,4.703404426574707
33,316,4,4.624353408813477
33,174,5,4.61885404586792
33,79,6,4.60519552230835
33,50,7,4.603794097900391
33,127,8,4.59840726852417
33,302,9,4.556445121765137
33,203,10,4.502315044403076
34,479,1,5.115836143493652
34,641,2,5.03101921081543
34,50,3,4.9456095695495605
34,492,4,4.914757251739502
34,408,5,4.910112380981445
34,178,6,4.869865894317627
34,603,7,4.868941783905029
34,1512,8,4.8660759925842285
34,510,9,4.836127281188965
34,1,10,4.824191093444824
35,483,1,4.921998977661133
35,12,2,4.915373802185059
35,496,3,4.677921295166016
35,64,4,4.640641212463379
35,603,5,4.618927478790283
35,313,6,4.554575443267822
35,936,7,4.527656555175781
35,50,8,4.49859619140625
35,963,9,4.497280120849609
35,958,10,4.462554454803467
36,98,1,4.853893280029297
36,12,2,4.744025230407715
36,174,3,4.743870258331299
36,963,4,4.71069860458374
36,318,5,4.694840908050537
36,132,6,4.651586055755615
36,1449,7,4.622530460357666
36,408,8,4.620233535766602
36,603,9,4.613390922546387
36,223,10,4.588438987731934
37,169,1,5.313345909118652
37,318,2,5.027406692504883
37,527,3,4.998225688934326
37,191,4,4.917537689208984
37,127,5,4.870725631713867
37,1142,6,4.836518287658691
37,302,7,4.833209991455078
37,170,8,4.810778617858887
37,8,9,4.810053825378418
37,172,10,4.806783199310303
38,753,1,5.826146125793457
38,143,2,5.6591997146606445
38,306,3,5.542407512664795
38,615,4,5.358702182769775
38,333,5,5.352163791656494
38,242,6,5.343660354614258
38,190,7,5.175896644592285
38,820,8,5.161330223083496
38,515,9,5.104783058166504
38,815,10,5.094715118408203
39,98,1,4.618914604187012
39,478,2,4.444720268249512
39,183,3,4.402310371398926
39,114,4,4.40215539932251
39,169,5,4.359349727630615
39,482,6,4.348241806030273
39,7,7,4.309198379516602
39,165,8,4.285240650177002
39,923,9,4.283868789672852
39,659,10,4.25162410736084
40,432,1,4.601117134094238
40,98,2,4.441887855529785
40,963,3,4.308484077453613
40,524,4,4.262029647827148
40,1101,5,4.253805637359619
40,653,6,4.253575801849365
40,187,7,4.242941856384277
40,194,8,4.216843605041504
40,50,9,4.211885929107666
40,1142,10,4.210647106170654
41,114,1,4.783626556396484
41,89,2,4.705798149108887
41,483,3,4.703886985778809
41,169,4,4.657564163208008
41,172,5,4.625323295593262
41,190,6,4.603102207183838
41,48,7,4.5561628341674805
41,178,8,4.548053741455078
41,484,9,4.536362171173096
41,408,10,4.5210137367248535
42,22,1,5.624142646789551
42,520,2,5.141758441925049
42,313,3,5.126532554626465
42,663,4,5.118062973022461
42,328,5,5.087735176086426
42,205,6,4.897392749786377
42,408,7,4.88945198059082
42,193,8,4.859407901763916
42,485,9,4.8527936935424805
42,165,10,4.841475963592529
43,125,1,5.160981178283691
43,515,2,5.151045322418213
43,45,3,5.132637023925781
43,477,4,5.11406135559082
43,603,5,4.93811559677124
43,313,6,4.884548187255859
43,190,7,4.833106517791748
43,297,8,4.812979698181152
43,184,9,4.797831058502197
43,916,10,4.728893756866455
44,60,1,4.971225738525391
44,12,2,4.932184219360352
44,705,3,4.9038166999816895
44,205,4,4.779664039611816
44,512,5,4.726022720336914
44,1159,6,4.665712833404541
44,169,7,4.626341342926025
44,408,8,4.62422513961792
44,192,9,4.602451801300049
44,498,10,4.5912065505981445
45,316,1,5.048172473907471
45,137,2,5.025734901428223
45,302,3,5.0098185539245605
45,709,4,4.98759126663208
45,313,5,4.926054954528809
45,530,6,4.903916358947754
45,169,7,4.879469871520996
45,166,8,4.83119535446167
45,199,9,4.8253960609436035
45,615,10,4.822756290435791
46,89,1,5.013948917388916
46,357,2,4.91980504989624
46,652,3,4.830952167510986
46,272,4,4.7884202003479
46,512,5,4.786673545837402
46,408,6,4.769150733947754
46,480,7,4.764893531799316
46,603,8,4.7597198486328125
46,479,9,4.751163482666016
46,100,10,4.718353748321533
47,50,1,5.214243412017822
47,408,2,5.088602066040039
47,12,3,5.024723529815674
47,100,4,4.94887638092041
47,1021,5,4.886768341064453
47,497,6,4.8568644523620605
47,173,7,4.856242656707764
47,98,8,4.855266094207764
47,511,9,4.853000164031982
47,316,10,4.852723598480225
48,316,1,5.09691858291626
48,191,2,4.918776512145996
48,89,3,4.826066017150879
48,285,4,4.823800086975098
48,10,5,4.804727554321289
48,86,6,4.776937007904053
48,165,7,4.749794006347656
48,200,8,4.723837852478027
48,694,9,4.633929252624512
48,1101,10,4.621894836425781
49,474,1,4.7497758865356445
49,169,2,4.648779392242432
49,408,3,4.6140828132629395
49,518,4,4.56666374206543
49,512,5,4.542093276977539
49,114,6,4.533689498901367
49,654,7,4.468204498291016
49,497,8,4.4041852951049805
49,659,9,4.376930236816406
49,137,10,4.369541645050049
50,64,1,5.348413944244385
50,98,2,5.33778715133667
50,50,3,5.313076496124268
50,69,4,5.305593967437744
50,60,5,5.193816184997559
50,484,6,5.18466329574585
50,285,7,5.168002128601074
50,170,8,5.154370307922363
50,496,9,5.133510589599609
50,659,10,5.1249542236328125
51,172,1,4.8362650871276855
51,318,2,4.701808452606201
51,663,3,4.406845569610596
51,316,4,4.404714107513428
51,963,5,4.379026889801025
51,1449,6,4.35282564163208
51,22,7,4.336264610290527
51,195,8,4.316303253173828
51,169,9,4.313068866729736
51,12,10,4.285543918609619
52,173,1,5.36822509765625
52,56,2,5.356321334838867
52,408,3,5.283637046813965
52,272,4,5.223890781402588
52,178,5,5.211653232574463
52,357,6,5.175264358520508
52,318,7,5.1666975021362305
52,169,8,5.127204418182373
52,45,9,5.117813587188721
52,1159,10,5.066793441772461
53,48,1,4.8987321853637695
53,192,2,4.842175483703613
53,603,3,4.7634196281433105
53,127,4,4.6885480880737305
53,98,5,4.688127040863037
53,56,6,4.6181535720825195
53,246,7,4.609567642211914
53,318,8,4.563322067260742
53,511,9,4.562714099884033
53,223,10,4.560388088226318
54,316,1,5.303586006164551
54,483,2,5.242012023925781
54,64,3,5.16853666305542
54,223,4,5.1500091552734375
54,172,5,5.050654411315918
54,305,6,5.037085056304932
54,195,7,5.018673896789551
54,966,8,5.010697364807129
54,116,9,5.009375095367432
54,428,10,4.993330478668213
55,127,1,4.463603496551514
55,318,2,4.463388442993164
55,187,3,4.439777374267578
55,169,4,4.353924751281738
55,205,5,4.345216751098633
55,515,6,4.341887474060059
55,8,7,4.303371429443359
55,1137,8,4.282238960266113
55,357,9,4.28213357925415
55,132,10,4.2798895835876465
56,664,1,5.094130516052246
56,12,2,5.035582542419434
56,192,3,4.913601398468018
56,180,4,4.8620805740356445
56,129,5,4.7798027992248535
56,313,6,4.716190338134766
56,52,7,4.703770637512207
56,1021,8,4.675171852111816
56,663,9,4.664633750915527
56,475,10,4.660282135009766
57,161,1,4.917307376861572
57,316,2,4.908817291259766
57,172,3,4.836487770080566
57,435,4,4.790627479553223
57,12,5,4.78321647644043
57,313,6,4.735686779022217
57,506,7,4.6895670890808105
57,489,8,4.65498161315918
57,22,9,4.629715442657471
57,1,10,4.61744499206543
58,478,1,5.283434867858887
58,316,2,5.263012409210205
58,285,3,5.261765480041504
58,276,4,5.204166412353516
58,114,5,5.001373291015625
58,693,6,4.96397590637207
58,86,7,4.956628322601318
58,205,8,4.953869819641113
58,207,9,4.914728164672852
58,382,10,4.849170684814453
59,246,1,5.299431800842285
59,272,2,5.2342529296875
59,463,3,5.12709379196167
59,192,4,5.091034889221191
59,491,5,5.02992582321167
59,19,6,5.029860496520996
59,250,7,4.9453125
59,1524,8,4.939501762390137
59,1142,9,4.843905448913574
59,1159,10,4.843029022216797
60,1449,1,5.046242713928223
60,272,2,4.938343524932861
60,1512,3,4.9320173263549805
60,1104,4,4.850617408752441
60,48,5,4.848472595214844
60,192,6,4.778200149536133
60,408,7,4.774228096008301
60,156,8,4.773993492126465
60,171,9,4.754831314086914
60,1103,10,4.7354583740234375
61,12,1,4.241710662841797
61,474,2,4.158186912536621
61,1159,3,4.128689765930176
61,1449,4,4.084142208099365
61,408,5,4.075511932373047
61,483,6,4.040946006774902
61,657,7,4.027011871337891
61,60,8,4.022392272949219
61,48,9,4.0180344581604
61,513,10,4.014848232269287
62,185,1,4.793720722198486
62,200,2,4.613685607910156
62,1005,3,4.5806074142456055
62,1449,4,4.572780609130859
62,265,5,4.567028999328613
62,119,6,4.543490886688232
62,197,7,4.537867546081543
62,187,8,4.528781414031982
62,435,9,4.484189033508301
62,223,10,4.474658966064453
63,318,1,4.80438756942749
63,525,2,4.57501745223999
63,179,3,4.55971097946167
63,60,4,4.556583881378174
63,70,5,4.498946189880371
63,744,6,4.474338531494141
63,604,7,4.458868503570557
63,12,8,4.351557731628418
63,1449,9,4.338099479675293
63,83,10,4.315188884735107
64,285,1,4.871113300323486
64,23,2,4.668276309967041
64,433,3,4.638901710510254
64,604,4,4.536733627319336
64,513,5,4.5153045654296875
64,474,6,4.506156921386719
64,483,7,4.503381729125977
64,152,8,4.487712383270264
64,216,9,4.486519813537598
64,811,10,4.457667350769043
65,45,1,4.990603923797607
65,133,2,4.931354999542236
65,502,3,4.9020490646362305
65,496,4,4.8935441970825195
65,528,5,4.880963325500488
65,189,6,4.868267059326172
65,132,7,4.825263977050781
65,316,8,4.821966171264648
65,170,9,4.811737537384033
65,272,10,4.790317535400391
66,313,1,5.1912431716918945
66,12,2,4.921932697296143
66,172,3,4.912899971008301
66,79,4,4.839485168457031
66,22,5,4.825650215148926
66,496,6,4.772200584411621
66,265,7,4.719414710998535
66,487,8,4.682419776916504
66,963,9,4.667114734649658
66,173,10,4.636797904968262
67,736,1,5.15060567855835
67,12,2,5.0857133865356445
67,735,3,5.048961162567139
67,169,4,5.018196105957031
67,1449,5,4.9066877365112305
67,22,6,4.892182350158691
67,963,7,4.870265960693359
67,317,8,4.860269546508789
67,427,9,4.853357791900635
67,223,10,4.852517127990723
68,172,1,5.211336135864258
68,344,2,5.067106246948242
68,124,3,5.064488410949707
68,316,4,5.029361724853516
68,478,5,4.965603828430176
68,660,6,4.961991310119629
68,174,7,4.889529228210449
68,52,8,4.867082595825195
68,1129,9,4.865278720855713
68,60,10,4.8503193855285645
69,189,1,5.259632110595703
69,483,2,5.1629719734191895
69,272,3,4.827754497528076
69,963,4,4.827723503112793
69,269,5,4.822463035583496
69,132,6,4.80265474319458
69,135,7,4.794633865356445
69,514,8,4.779293060302734
69,170,9,4.77922248840332
69,651,10,4.746899604797363
70,156,1,4.898733139038086
70,124,2,4.764394283294678
70,134,3,4.748304843902588
70,480,4,4.642299652099609
70,12,5,4.623234748840332
70,98,6,4.621077537536621
70,127,7,4.593940734863281
70,603,8,4.559432029724121
70,114,9,4.4595947265625
70,520,10,4.4419379234313965
71,316,1,4.760645389556885
71,483,2,4.751718521118164
71,318,3,4.560330867767334
71,813,4,4.531508922576904
71,1449,5,4.528681755065918
71,340,6,4.528403282165527
71,134,7,4.514255046844482
71,607,8,4.390302658081055
71,525,9,4.353443622589111
71,1019,10,4.3460211753845215
72,272,1,5.138998508453369
72,661,2,4.956165313720703
72,22,3,4.899526119232178
72,178,4,4.843103885650635
72,856,5,4.82316255569458
72,648,6,4.803192138671875
72,216,7,4.792189598083496
72,1203,8,4.7695794105529785
72,143,9,4.763566970825195
72,485,10,4.747626781463623
73,302,1,5.100698471069336
73,55,2,4.973829746246338
73,919,3,4.915138244628906
73,408,4,4.892139434814453
73,497,5,4.826962471008301
73,315,6,4.785917282104492
73,238,7,4.762157440185547
73,185,8,4.749412536621094
73,603,9,4.747988700866699
73,285,10,4.742946147918701
74,316,1,4.78972053527832
74,603,2,4.783714771270752
74,48,3,4.759329319000244
74,496,4,4.748969078063965
74,427,5,4.714615345001221
74,211,6,4.684671401977539
74,408,7,4.634840965270996
74,647,8,4.584361553192139
74,479,9,4.581169605255127
74,357,10,4.570201396942139
75,514,1,5.180838108062744
75,855,2,5.133238315582275
75,114,3,5.092865943908691
75,497,4,5.0602192878723145
75,647,5,5.0391411781311035
75,52,6,4.984766006469727
75,657,7,4.956725120544434
75,169,8,4.940652370452881
75,176,9,4.858459949493408
75,1097,10,4.8527302742004395
77,169,1,4.983577251434326
77,408,2,4.83238410949707
77,694,3,4.740750789642334
77,12,4,4.676246166229248
77,520,5,4.631516456604004
77,114,6,4.618413925170898
77,190,7,4.605299472808838
77,513,8,4.5999836921691895
77,318,9,4.513433933258057
77,489,10,4.487606048583984
78,174,1,4.259000301361084
78,11,2,4.246174335479736
78,963,3,4.2440080642700195
78,694,4,4.202613353729248
78,515,5,4.18844747543335
78,251,6,4.180863380432129
78,1019,7,4.178811550140381
78,114,8,4.166991233825684
78,707,9,4.160640239715576
78,485,10,4.137857913970947
79,9,1,5.153173923492432
79,408,2,4.950722694396973
79,98,3,4.941966533660889
79,357,4,4.9247870445251465
79,64,5,4.910306453704834
79,718,6,4.852055072784424
79,276,7,4.828702926635742
79,11,8,4.785179138183594
79,213,9,4.650989055633545
79,48,10,4.649378299713135
80,272,1,4.935351371765137
80,69,2,4.675876617431641
80,12,3,4.569193363189697
80,89,4,4.529864311218262
80,223,5,4.496092319488525
80,129,6,4.442039489746094
80,190,7,4.366755962371826
80,313,8,4.335835933685303
80,170,9,4.322275161743164
80,936,10,4.297080039978027
81,357,1,4.715407371520996
81,521,2,4.651566505432129
81,316,3,4.618575096130371
81,96,4,4.602203369140625
81,59,5,4.466200351715088
81,211,6,4.449368000030518
81,174,7,4.364370346069336
81,318,8,4.345834255218506
81,633,9,4.32479190826416
81,42,10,4.3085479736328125
83,1449,1,4.899876594543457
83,313,2,4.8617939949035645
83,189,3,4.850821495056152
83,513,4,4.805966377258301
83,173,5,4.80181884765625
83,511,6,4.796178817749023
83,1512,7,4.765963554382324
83,419,8,4.745754718780518
83,197,9,4.744929790496826
83,697,10,4.744865894317627
84,603,1,4.917178630828857
84,50,2,4.883346080780029
84,1449,3,4.758423328399658
84,8,4,4.752724647521973
84,654,5,4.750969409942627
84,963,6,4.716391563415527
84,169,7,4.673331260681152
84,242,8,4.6702752113342285
84,262,9,4.656453609466553
84,750,10,4.640180587768555
85,316,1,4.655473232269287
85,302,2,4.6021037101745605
85,506,3,4.48037052154541
85,675,4,4.469180107116699
85,285,5,4.381565093994141
85,60,6,4.37224817276001
85,1005,7,4.368454456329346
85,606,8,4.361493110656738
85,1368,9,4.3578619956970215
85,694,10,4.332203388214111
86,531,1,4.638616561889648
86,483,2,4.606410503387451
86,318,3,4.480075836181641
86,191,4,4.381805419921875
86,515,5,4.366305351257324
86,611,6,4.317351818084717
86,316,7,4.309677600860596
86,134,8,4.305334091186523
86,100,9,4.269103050231934
86,9,10,4.266913414001465
87,378,1,5.378168106079102
87,496,2,5.1854448318481445
87,285,3,5.121562480926514
87,215,4,5.085613250732422
87,512,5,5.005836486816406
87,28,6,5.001906394958496
87,527,7,4.9790825843811035
87,516,8,4.967552185058594
87,603,9,4.927079677581787
87,811,10,4.915834903717041
88,114,1,4.433015823364258
88,923,2,4.429028511047363
88,603,3,4.394273281097412
88,316,4,4.355259418487549
88,251,5,4.307789325714111
88,48,6,4.299526214599609
88,23,7,4.279381275177002
88,659,8,4.278491497039795
88,1449,9,4.259281635284424
88,657,10,4.245589256286621
89,11,1,5.7245635986328125
89,175,2,5.452312469482422
89,187,3,5.441038131713867
89,61,4,5.379264831542969
89,513,5,5.3524041175842285
89,813,6,5.288028240203857
89,60,7,5.242701053619385
89,22,8,5.241553783416748
89,28,9,5.218167304992676
89,109,10,5.210257530212402
90,169,1,5.45230770111084
90,469,2,5.412376403808594
90,93,3,5.248721122741699
90,484,4,5.169025421142578
90,633,5,5.135809421539307
90,530,6,5.096871376037598
90,1070,7,5.090981960296631
90,344,8,5.019110202789307
90,315,9,4.97761344909668
90,1368,10,4.962019443511963
91,173,1,5.461420059204102
91,250,2,5.0199384689331055
91,189,3,4.982867240905762
91,1039,4,4.977263450622559
91,525,5,4.955705642700195
91,233,6,4.920760631561279
91,144,7,4.914156436920166
91,116,8,4.855935096740723
91,198,9,4.84955358505249
91,526,10,4.836925983428955
92,512,1,4.950449466705322
92,484,2,4.8453521728515625
92,192,3,4.648242950439453
92,652,4,4.557398796081543
92,30,5,4.554244518280029
92,603,6,4.500293731689453
92,23,7,4.441587448120117
92,614,8,4.440173625946045
92,1405,9,4.433200836181641
92,923,10,4.429516792297363
93,603,1,5.069992542266846
93,100,2,5.051138877868652
93,483,3,4.9742751121521
93,313,4,4.887439250946045
93,316,5,4.877526760101318
93,318,6,4.877194881439209
93,191,7,4.8180670738220215
93,258,8,4.7456374168396
93,199,9,4.737138748168945
93,209,10,4.703855991363525
94,427,1,5.321627616882324
94,169,2,5.196805477142334
94,558,3,5.133902549743652
94,269,4,5.101781845092773
94,178,5,5.035126209259033
94,408,6,5.0248541831970215
94,199,7,5.02181339263916
94,124,8,5.004502773284912
94,482,9,5.0040788650512695
94,513,10,4.951024055480957
95,169,1,5.150444984436035
95,189,2,5.047284126281738
95,1039,3,4.899081230163574
95,430,4,4.8552985191345215
95,732,5,4.725072860717773
95,633,6,4.7113165855407715
95,1098,7,4.609550952911377
95,408,8,4.604279041290283
95,709,9,4.557063102722168
95,114,10,4.549394130706787
96,316,1,5.227059364318848
96,185,2,5.1144585609436035
96,313,3,5.066380023956299
96,496,4,5.042567729949951
96,1101,5,5.018440246582031
96,1142,6,5.014065265655518
96,297,7,4.9926018714904785
96,523,8,4.983841419219971
96,100,9,4.938880443572998
96,568,10,4.932410717010498
97,663,1,5.70876932144165
97,521,2,5.158186912536621
97,56,3,4.9206461906433105
97,480,4,4.83636474609375
97,969,5,4.798760890960693
97,203,6,4.773626804351807
97,443,7,4.773144245147705
97,180,8,4.771170139312744
97,12,9,4.7548980712890625
97,1449,10,4.717262268066406
98,170,1,4.798724174499512
98,285,2,4.747278213500977
98,513,3,4.6732258796691895
98,1103,4,4.589206218719482
98,611,5,4.5874433517456055
98,213,6,4.5707550048828125
98,223,7,4.545929908752441
98,98,8,4.540320873260498
98,660,9,4.513440132141113
98,169,10,4.513312339782715
99,318,1,5.746230602264404
99,520,2,5.077811241149902
99,195,3,4.916722297668457
99,302,4,4.908405780792236
99,165,5,4.894148826599121
99,496,6,4.838085651397705
99,357,7,4.810984134674072
99,408,8,4.761713981628418
99,190,9,4.761626243591309
99,65,10,4.7339677810668945
100,15,1,4.672418594360352
100,318,2,4.446722030639648
100,96,3,4.396892070770264
100,22,4,4.294083595275879
100,172,5,4.256044387817383
100,272,6,4.1402974128723145
100,483,7,4.138822555541992
100,845,8,4.116348743438721
100,1103,9,4.093117713928223
100,326,10,4.0811357498168945
101,97,1,4.0999627113342285
101,98,2,4.0433855056762695
101,64,3,3.997669219970703
101,496,4,3.9870667457580566
101,1449,5,3.981832981109619
101,483,6,3.9786345958709717
101,22,7,3.9748904705047607
101,963,8,3.9670803546905518
101,215,9,3.9530107975006104
101,174,10,3.9476287364959717
103,208,1,4.93331241607666
103,8,2,4.90335750579834
103,1449,3,4.794582843780518
103,100,4,4.771615028381348
103,651,5,4.766134262084961
103,136,6,4.745174407958984
103,357,7,4.697302341461182
103,344,8,4.68222713470459
103,190,9,4.680922031402588
103,923,10,4.665870189666748
104,483,1,4.542812824249268
104,22,2,4.4413862228393555
104,487,3,4.35872745513916
104,173,4,4.29810905456543
104,960,5,4.203907012939453
104,12,6,4.178790092468262
104,98,7,4.172914028167725
104,165,8,4.1517229080200195
104,189,9,4.148699760437012
104,922,10,4.113173484802246
105,318,1,5.247722148895264
105,50,2,4.967621803283691
105,178,3,4.946107387542725
105,603,4,4.914441108703613
105,172,5,4.9105916023254395
105,64,6,4.89037561416626
105,357,7,4.8841633796691895
105,525,8,4.812369346618652
105,427,9,4.809893608093262
105,223,10,4.801300525665283
106,132,1,4.822177886962891
106,98,2,4.721424102783203
106,496,3,4.717368125915527
106,79,4,4.676645278930664
106,513,5,4.65532922744751
106,520,6,4.633476257324219
106,479,7,4.622448444366455
106,178,8,4.574240207672119
106,169,9,4.561258792877197
106,50,10,4.5606513023376465
107,9,1,4.883565902709961
107,23,2,4.828499794006348
107,171,3,4.723784923553467
107,169,4,4.623788356781006
107,657,5,4.606904983520508
107,114,6,4.60464334487915
107,1021,7,4.580539703369141
107,178,8,4.529584884643555
107,56,9,4.510616302490234
107,425,10,4.500522613525391
108,190,1,5.412710666656494
108,213,2,5.085029125213623
108,514,3,5.037109851837158
108,251,4,4.839919567108154
108,318,5,4.808255195617676
108,483,6,4.783727645874023
108,320,7,4.7834014892578125
108,59,8,4.764346122741699
108,705,9,4.744637966156006
108,659,10,4.738327980041504
109,313,1,5.223725318908691
109,297,2,4.767221450805664
109,316,3,4.497668266296387
109,300,4,4.483763694763184
109,126,5,4.4777398109436035
109,73,6,4.471602916717529
109,500,7,4.445000648498535
109,99,8,4.434119701385498
109,129,9,4.426918029785156
109,596,10,4.40706729888916
110,531,1,4.650586128234863
110,316,2,4.590689659118652
110,510,3,4.500026702880859
110,57,4,4.4637579917907715
110,1101,5,4.4053874015808105
110,483,6,4.3939666748046875
110,603,7,4.313601493835449
110,427,8,4.308305263519287
110,753,9,4.295512676239014
110,136,10,4.265252113342285
111,169,1,4.939725875854492
111,50,2,4.928098678588867
111,512,3,4.87017822265625
111,408,4,4.843868255615234
111,179,5,4.8325958251953125
111,114,6,4.7224297523498535
111,174,7,4.703210830688477
111,483,8,4.680914878845215
111,357,9,4.635915756225586
111,318,10,4.63134765625
112,423,1,4.911234378814697
112,196,2,4.8658857345581055
112,316,3,4.845635414123535
112,133,4,4.8236589431762695
112,96,5,4.8092851638793945
112,513,6,4.784678936004639
112,176,7,4.777228832244873
112,1396,8,4.7741923332214355
112,515,9,4.770683288574219
112,241,10,4.763330459594727
113,173,1,4.982725143432617
113,181,2,4.919249057769775
113,172,3,4.892917156219482
113,23,4,4.776824951171875
113,169,5,4.736298084259033
113,512,6,4.6880340576171875
113,527,7,4.663477420806885
113,131,8,4.652680397033691
113,408,9,4.638698577880859
113,647,10,4.567863464355469
114,50,1,4.91560173034668
114,511,2,4.795624732971191
114,156,3,4.665338516235352
114,194,4,4.633818626403809
114,963,5,4.506590366363525
114,169,6,4.502834320068359
114,408,7,4.472573280334473
114,171,8,4.398143768310547
114,510,9,4.36144495010376
114,174,10,4.358480930328369
115,179,1,5.616657733917236
115,408,2,5.2761125564575195
115,474,3,5.113499164581299
115,316,4,5.1050519943237305
115,96,5,5.0369181632995605
115,175,6,4.993748188018799
115,1098,7,4.926754474639893
115,10,8,4.8983473777771
115,382,9,4.897521495819092
115,195,10,4.848830223083496
116,528,1,4.540389060974121
116,69,2,4.349068641662598
116,945,3,4.268261909484863
116,656,4,4.1923017501831055
116,134,5,4.182871341705322
116,60,6,4.178518295288086
116,514,7,4.176087379455566
116,198,8,4.171523094177246
116,651,9,4.170156478881836
116,182,10,4.139199256896973
117,170,1,5.442201614379883
117,511,2,5.306189060211182
117,64,3,5.260569095611572
117,531,4,5.207047462463379
117,45,5,5.185819149017334
117,186,6,5.18111515045166
117,114,7,5.150393962860107
117,169,8,5.141918659210205
117,269,9,5.13327693939209
117,357,10,5.132951259613037
118,178,1,5.452830791473389
118,12,2,5.382397174835205
118,478,3,5.378115653991699
118,1449,4,5.287727355957031
118,150,5,5.283156394958496
118,187,6,5.248071670532227
118,613,7,5.240871429443359
118,64,8,5.228737831115723
118,429,9,5.209566116333008
118,963,10,5.203814506530762
119,657,1,5.496321678161621
119,513,2,5.354109764099121
119,98,3,5.322051048278809
119,183,4,5.304369926452637
119,423,5,5.2816996574401855
119,1449,6,5.279367446899414
119,603,7,5.2755937576293945
119,169,8,5.245790481567383
119,191,9,5.217808723449707
119,251,10,5.148945331573486
120,1449,1,4.892144203186035
120,427,2,4.849445343017578
120,100,3,4.844597339630127
120,525,4,4.819736480712891
120,513,5,4.810415744781494
120,603,6,4.789565563201904
120,178,7,4.770196914672852
120,408,8,4.7520551681518555
120,656,9,4.748524188995361
120,134,10,4.738616466522217
121,191,1,5.014225959777832
121,510,2,4.815927982330322
121,178,3,4.777770042419434
121,134,4,4.6846818923950195
121,511,5,4.673364639282227
121,1142,6,4.60282039642334
121,344,7,4.590938568115234
121,659,8,4.541676998138428
121,93,9,4.529905319213867
121,483,10,4.516697406768799
122,507,1,5.473424911499023
122,514,2,5.180627822875977
122,641,3,5.065912246704102
122,654,4,5.052342891693115
122,60,5,4.967913627624512
122,59,6,4.956315994262695
122,1512,7,4.952263832092285
122,705,8,4.907940864562988
122,276,9,4.874145030975342
122,936,10,4.858982086181641
123,654,1,5.080020427703857
123,661,2,4.906035423278809
123,131,3,4.900232315063477
123,209,4,4.895394802093506
123,224,5,4.833436965942383
123,408,6,4.814457893371582
123,414,7,4.806860446929932
123,603,8,4.753884315490723
123,659,9,4.7393999099731445
123,316,10,4.726383209228516
124,246,1,4.244243621826172
124,89,2,4.204648494720459
124,87,3,4.1021881103515625
124,425,4,4.071132183074951
124,100,5,4.0585713386535645
124,1098,6,4.013024806976318
124,272,7,3.9976558685302734
124,12,8,3.974153757095337
124,1019,9,3.962442636489868
124,709,10,3.9466917514801025
125,121,1,5.274702548980713
125,328,2,4.990303039550781
125,227,3,4.9737935066223145
125,228,4,4.875234603881836
125,735,5,4.849637031555176
125,1039,6,4.834197044372559
125,966,7,4.819143295288086
125,89,8,4.807219505310059
125,265,9,4.801279544830322
125,129,10,4.7965006828308105
126,238,1,5.204058647155762
126,173,2,4.796039581298828
126,12,3,4.6953301429748535
126,205,4,4.650607109069824
126,165,5,4.577519416809082
126,7,6,4.53402853012085
126,496,7,4.528232574462891
126,96,8,4.496828556060791
126,114,9,4.4889607429504395
126,475,10,4.4804511070251465
127,50,1,5.08242654800415
127,12,2,5.051490306854248
127,211,3,4.968684196472168
127,208,4,4.905945301055908
127,568,5,4.8870415687561035
127,429,6,4.865120887756348
127,427,7,4.853890419006348
127,432,8,4.841513633728027
127,66,9,4.829289436340332
127,119,10,4.782504081726074
128,659,1,5.150976181030273
128,318,2,5.146183967590332
128,607,3,5.098662853240967
128,269,4,4.927911758422852
128,313,5,4.847325801849365
128,792,6,4.846120834350586
128,47,7,4.839295387268066
128,12,8,4.819187164306641
128,61,9,4.779929161071777
128,657,10,4.75569486618042
130,191,1,5.2666449546813965
130,48,2,5.224732398986816
130,916,3,5.153164863586426
130,136,4,5.122739315032959
130,178,5,5.112196922302246
130,607,6,5.083720684051514
130,603,7,5.079710006713867
130,963,8,5.060600280761719
130,1153,9,5.042654991149902
130,663,10,5.041811943054199
131,357,1,4.9546027183532715
131,603,2,4.619988918304443
131,657,3,4.6116533279418945
131,655,4,4.532918930053711
131,479,5,4.518244743347168
131,272,6,4.4908671379089355
131,661,7,4.487565040588379
131,208,8,4.463643550872803
131,236,9,4.454009532928467
131,684,10,4.396323204040527
132,316,1,4.367745399475098
132,482,2,4.245715618133545
132,435,3,4.236311912536621
132,661,4,4.197052001953125
132,603,5,4.186074256896973
132,430,6,4.183366298675537
132,169,7,4.176394462585449
132,170,8,4.133266448974609
132,483,9,4.128348350524902
132,48,10,4.087789535522461
133,511,1,4.648638725280762
133,178,2,4.460654258728027
133,169,3,4.449642181396484
133,513,4,4.362921237945557
133,98,5,4.360220909118652
133,1098,6,4.354580879211426
133,171,7,4.329983234405518
133,427,8,4.325435638427734
133,657,9,4.318413257598877
133,408,10,4.313600540161133
134,164,1,4.7312798500061035
134,753,2,4.630073547363281
134,735,3,4.558578968048096
134,28,4,4.531890869140625
134,484,5,4.439868927001953
134,153,6,4.413517475128174
134,523,7,4.410140514373779
134,88,8,4.389289855957031
134,61,9,4.343781471252441
134,316,10,4.343778133392334
135,165,1,4.901166915893555
135,515,2,4.852983474731445
135,10,3,4.750804901123047
135,316,4,4.670483589172363
135,199,5,4.661076545715332
135,513,6,4.641754150390625
135,736,7,4.600112438201904
135,357,8,4.5706682205200195
135,11,9,4.56913423538208
135,958,10,4.534262657165527
136,135,1,5.257876396179199
136,530,2,5.0943684577941895
136,510,3,5.071425914764404
136,478,4,5.047206401824951
136,1449,5,5.025761127471924
136,654,6,5.010257720947266
136,511,7,5.00861930847168
136,171,8,5.001396656036377
136,963,9,4.991646766662598
136,474,10,4.989866256713867
137,922,1,5.77221155166626
137,12,2,5.641489505767822
137,525,3,5.538272857666016
137,478,4,5.512431621551514
137,1269,5,5.475261688232422
137,223,6,5.408480167388916
137,430,7,5.3958234786987305
137,434,8,5.384296417236328
137,657,9,5.368713855743408
137,603,10,5.364722728729248
138,178,1,5.109859943389893
138,466,2,4.919610977172852
138,265,3,4.859017372131348
138,1194,4,4.831570148468018
138,199,5,4.809047698974609
138,856,6,4.72090482711792
138,510,7,4.704302787780762
138,648,8,4.695226669311523
138,177,9,4.688004016876221
138,474,10,4.679118633270264
139,143,1,4.7524003982543945
139,514,2,4.739678382873535
139,603,3,4.721816539764404
139,1021,4,4.720775127410889
139,178,5,4.670641899108887
139,513,6,4.608558654785156
139,60,7,4.603772163391113
139,641,8,4.60268497467041
139,134,9,4.599913120269775
139,318,10,4.582892417907715
140,483,1,4.78993558883667
140,12,2,4.721268177032471
140,251,3,4.706798553466797
140,183,4,4.672047138214111
140,86,5,4.667359352111816
140,1194,6,4.660639762878418
140,59,7,4.650937080383301
140,496,8,4.639734268188477
140,1449,9,4.639141082763672
140,223,10,4.589252948760986
141,143,1,5.162822246551514
141,300,2,5.127220153808594
141,178,3,5.047658443450928
141,190,4,4.904138565063477
141,385,5,4.892289161682129
141,241,6,4.868743896484375
141,79,7,4.83967399597168
141,270,8,4.834654808044434
141,318,9,4.823636054992676
141,28,10,4.780763149261475
142,50,1,5.089357376098633
142,23,2,4.966096878051758
142,357,3,4.92650842666626
142,1449,4,4.823644638061523
142,187,5,4.747901439666748
142,172,6,4.720767021179199
142,56,7,4.718865871429443
142,427,8,4.697835922241211
142,963,9,4.682710647583008
142,603,10,4.653628349304199
143,496,1,4.85543155670166
143,96,2,4.794041633605957
143,515,3,4.785770893096924
143,657,4,4.72537088394165
143,178,5,4.700623512268066
143,79,6,4.693676471710205
143,165,7,4.664322376251221
143,97,8,4.61616849899292
143,183,9,4.613024711608887
143,318,10,4.591865539550781
144,430,1,5.077216148376465
144,496,2,4.97291374206543
144,483,3,4.7956671714782715
144,856,4,4.747489929199219
144,156,5,4.736109733581543
144,199,6,4.729389190673828
144,77,7,4.7135772705078125
144,45,8,4.699550628662109
144,498,9,4.6695709228515625
144,272,10,4.641904354095459
145,19,1,5.430553913116455
145,484,2,5.028398036956787
145,496,3,4.99835205078125
145,184,4,4.973354816436768
145,520,5,4.963245391845703
145,169,6,4.943831443786621
145,180,7,4.930332660675049
145,513,8,4.912666320800781
145,1021,9,4.910932540893555
145,1019,10,4.906360149383545
146,89,1,4.769128322601318
146,114,2,4.648717880249023
146,180,3,4.638696670532227
146,514,4,4.597976207733154
146,654,5,4.560163974761963
146,196,6,4.557685375213623
146,479,7,4.545263290405273
146,603,8,4.54218053817749
146,525,9,4.542109966278076
146,656,10,4.510051250457764
147,531,1,5.090307712554932
147,96,2,5.083278656005859
147,12,3,5.0267486572265625
147,603,4,5.01628303527832
147,272,5,4.999663352966309
147,173,6,4.964332103729248
147,22,7,4.889668941497803
147,963,8,4.876788139343262
147,178,9,4.865638256072998
147,165,10,4.863370418548584
148,12,1,5.197385787963867
148,181,2,5.071601867675781
148,248,3,4.997403144836426
148,478,4,4.9821319580078125
148,53,5,4.972332954406738
148,127,6,4.924623966217041
148,530,7,4.878293514251709
148,475,8,4.8689165115356445
148,48,9,4.868438720703125
148,92,10,4.847043037414551
150,173,1,5.2595319747924805
150,172,2,5.077958583831787
150,1449,3,4.936072826385498
150,316,4,4.920048236846924
150,483,5,4.858947277069092
150,169,6,4.8550705909729
150,357,7,4.85275936126709
150,285,8,4.818115711212158
150,98,9,4.814822196960449
150,318,10,4.765666961669922
151,963,1,5.22066068649292
151,515,2,5.181650638580322
151,45,3,5.1238627433776855
151,99,4,5.117036819458008
151,59,5,5.038946151733398
151,479,6,4.9500041007995605
151,55,7,4.881192684173584
151,1084,8,4.877183437347412
151,1405,9,4.859351634979248
151,1073,10,4.82269287109375
152,313,1,5.820904731750488
152,170,2,5.545712471008301
152,318,3,5.386055946350098
152,126,4,5.384832382202148
152,300,5,5.358409404754639
152,936,6,5.311766147613525
152,88,7,5.307721138000488
152,87,8,5.304124355316162
152,28,9,5.295878887176514
152,417,10,5.250411033630371
153,12,1,4.714149475097656
153,302,2,4.630042552947998
153,603,3,4.587997913360596
153,408,4,4.576035499572754
153,654,5,4.559412002563477
153,483,6,4.506114959716797
153,318,7,4.469942092895508
153,657,8,4.457652568817139
153,272,9,4.451173782348633
153,285,10,4.399878025054932
154,56,1,4.930896759033203
154,195,2,4.897379398345947
154,513,3,4.756065845489502
154,178,4,4.66668176651001
154,520,5,4.5885748863220215
154,176,6,4.5841593742370605
154,603,7,4.552529335021973
154,318,8,4.506494045257568
154,180,9,4.501213550567627
154,55,10,4.484378814697266
155,318,1,4.227249622344971
155,513,2,4.201535224914551
155,483,3,4.17230224609375
155,8,4,4.161423683166504
155,1449,5,4.144164562225342
155,427,6,4.132108688354492
155,480,7,4.118107795715332
155,515,8,4.086997032165527
155,285,9,4.080480098724365
155,211,10,4.071813583374023
156,185,1,4.660815238952637
156,511,2,4.567131519317627
156,177,3,4.521032333374023
156,513,4,4.518709182739258
156,661,5,4.515745639801025
156,427,6,4.502373218536377
156,482,7,4.4986186027526855
156,603,8,4.490965843200684
156,474,9,4.455383777618408
156,707,10,4.4123430252075195
157,156,1,5.607961654663086
157,98,2,5.466804504394531
157,357,3,5.460621356964111
157,480,4,5.330036163330078
157,531,5,5.289152145385742
157,496,6,5.264368534088135
157,114,7,5.1768622398376465
157,523,8,5.141690254211426
157,483,9,5.13957405090332
157,1449,10,5.120030879974365
158,318,1,5.409396648406982
158,48,2,5.196340560913086
158,735,3,5.1535444259643555
158,924,4,5.136634826660156
158,23,5,5.083563327789307
158,180,6,4.958705425262451
158,474,7,4.906855583190918
158,59,8,4.903799533843994
158,469,9,4.8859357833862305
158,644,10,4.870028495788574
159,641,1,5.50172233581543
159,199,2,5.388823509216309
159,87,3,5.368520259857178
159,612,4,5.341569900512695
159,152,5,5.33090877532959
159,813,6,5.291001796722412
159,236,7,5.2652363777160645
159,515,8,5.229024410247803
159,12,9,5.182439804077148
159,211,10,5.178494453430176
160,144,1,5.384092807769775
160,98,2,5.030820369720459
160,344,3,4.971575736999512
160,963,4,4.930478096008301
160,498,5,4.8978776931762695
160,203,6,4.891542434692383
160,316,7,4.891081809997559
160,854,8,4.84950590133667
160,357,9,4.829750061035156
160,198,10,4.8006086349487305
162,199,1,5.016402244567871
162,316,2,4.998215198516846
162,276,3,4.970921516418457
162,313,4,4.946436405181885
162,603,5,4.891602039337158
162,60,6,4.831007480621338
162,302,7,4.818160533905029
162,285,8,4.805532932281494
162,275,9,4.801988124847412
162,644,10,4.800390243530273
163,483,1,4.6082658767700195
163,318,2,4.379003047943115
163,195,3,4.3114423751831055
163,60,4,4.299921989440918
163,523,5,4.297396659851074
163,515,6,4.27231502532959
163,513,7,4.2614216804504395
163,315,8,4.232865333557129
163,174,9,4.221416473388672
163,119,10,4.221011638641357
164,183,1,5.1781415939331055
164,385,2,5.132369041442871
164,1449,3,5.119106292724609
164,628,4,5.118636608123779
164,525,5,5.087329864501953
164,64,6,5.083098411560059
164,922,7,5.078920841217041
164,1098,8,5.066705226898193
164,408,9,5.044137954711914
164,318,10,5.035625457763672
165,191,1,5.042012691497803
165,357,2,4.872899055480957
165,513,3,4.785060882568359
165,316,4,4.778530120849609
165,427,5,4.750204563140869
165,199,6,4.732570648193359
165,512,7,4.728390693664551
165,1021,8,4.716104984283447
165,194,9,4.714377403259277
165,523,10,4.714236736297607
166,483,1,4.295650005340576
166,165,2,4.290365219116211
166,50,3,4.289300441741943
166,657,4,4.264050483703613
166,265,5,4.261407852172852
166,12,6,4.236424922943115
166,963,7,4.230129718780518
166,515,8,4.219809055328369
166,98,9,4.214675426483154
166,603,10,4.20649528503418
167,4,1,4.827851295471191
167,197,2,4.797082424163818
167,165,3,4.755847930908203
167,223,4,4.687441349029541
167,124,5,4.672496318817139
167,224,6,4.64013671875
167,531,7,4.601128578186035
167,378,8,4.5804667472839355
167,408,9,4.556570053100586
167,154,10,4.5520806312561035
168,144,1,5.104376792907715
168,186,2,5.049764633178711
168,98,3,5.0157880783081055
168,169,4,4.953559875488281
168,79,5,4.950022220611572
168,265,6,4.949594497680664
168,202,7,4.8221025466918945
168,302,8,4.8097028732299805
168,194,9,4.777317523956299
168,511,10,4.754220962524414
169,528,1,5.001260757446289
169,114,2,4.901158332824707
169,173,3,4.883202075958252
169,169,4,4.88046932220459
169,64,5,4.8681745529174805
169,1039,6,4.867789268493652
169,22,7,4.8431501388549805
169,187,8,4.838260650634766
169,125,9,4.837879180908203
169,265,10,4.802398681640625
170,498,1,5.457728862762451
170,496,2,5.44718599319458
170,520,3,5.431514739990234
170,133,4,5.428971290588379
170,59,5,5.40286111831665
170,174,6,5.3498430252075195
170,657,7,5.314749717712402
170,936,8,5.298245429992676
170,519,9,5.269683837890625
170,604,10,5.245267868041992
171,199,1,4.388435363769531
171,513,2,4.3862457275390625
171,50,3,4.348376274108887
171,169,4,4.344408988952637
171,183,5,4.301661491394043
171,483,6,4.25213098526001
171,173,7,4.243440628051758
171,64,8,4.197160243988037
171,98,9,4.1932783126831055
171,12,10,4.16396427154541
172,98,1,4.323088645935059
172,258,2,4.239622592926025
172,8,3,4.172159194946289
172,12,4,4.1181111335754395
172,531,5,4.082091331481934
172,510,6,4.081963062286377
172,318,7,4.075235366821289
172,191,8,4.0627970695495605
172,100,9,4.046780586242676
172,64,10,4.027256011962891
173,344,1,5.407040119171143
173,408,2,5.387560844421387
173,169,3,5.378320217132568
173,318,4,5.325904369354248
173,524,5,5.287088394165039
173,483,6,5.252134799957275
173,647,7,5.244486331939697
173,603,8,5.238602638244629
173,513,9,5.220345973968506
173,958,10,5.210127830505371
174,47,1,5.490800380706787
174,316,2,5.4833760261535645
174,357,3,5.475646495819092
174,180,4,5.336824417114258
174,96,5,5.297255516052246
174,114,6,5.29704475402832
174,207,7,5.226499557495117
174,549,8,5.223731517791748
174,863,9,5.222894668579102
174,170,10,5.198843002319336
175,181,1,5.010210037231445
175,496,2,4.966032981872559
175,22,3,4.815825462341309
175,174,4,4.752353191375732
175,69,5,4.734661102294922
175,318,6,4.708399295806885
175,173,7,4.5612335205078125
175,168,8,4.521951675415039
175,12,9,4.479577541351318
175,490,10,4.436553478240967
176,603,1,5.172025680541992
176,479,2,5.075227737426758
176,185,3,4.9831013679504395
176,357,4,4.900094985961914
176,171,5,4.868018627166748
176,865,6,4.818591117858887
176,657,7,4.818552017211914
176,136,8,4.798675537109375
176,178,9,4.789887428283691
176,496,10,4.767584323883057
177,483,1,4.979065895080566
177,1142,2,4.948249816894531
177,192,3,4.926506042480469
177,92,4,4.695376396179199
177,647,5,4.676719665527344
177,474,6,4.663339614868164
177,661,7,4.658916473388672
177,180,8,4.648863315582275
177,414,9,4.640392780303955
177,157,10,4.60454797744751
178,302,1,4.806826114654541
178,660,2,4.798007011413574
178,205,3,4.770880699157715
178,190,4,4.72990608215332
178,515,5,4.638005256652832
178,1137,6,4.6309332847595215
178,657,7,4.618283271789551
178,633,8,4.615727424621582
178,1098,9,4.60106086730957
178,487,10,4.578619956970215
179,657,1,4.934741020202637
179,660,2,4.9075026512146
179,525,3,4.694122314453125
179,251,4,4.687706470489502
179,1269,5,4.6779656410217285
179,904,6,4.661871433258057
179,494,7,4.634658336639404
179,344,8,4.616960525512695
179,633,9,4.606832981109619
179,963,10,4.582909107208252
180,530,1,5.303653717041016
180,64,2,5.217898845672607
180,515,3,5.138565540313721
180,958,4,5.085639953613281
180,89,5,5.072751522064209
180,273,6,5.0705156326293945
180,1142,7,4.958510875701904
180,317,8,4.927434921264648
180,169,9,4.896556854248047
180,727,10,4.867855072021484
181,313,1,3.7579102516174316
181,318,2,3.292464017868042
181,210,3,3.2428903579711914
181,392,4,3.011847972869873
181,496,5,2.97878360748291
181,310,6,2.9643068313598633
181,515,7,2.9638829231262207
181,208,8,2.955409049987793
181,1269,9,2.929347515106201
181,265,10,2.8957104682922363
182,174,1,4.99525785446167
182,603,2,4.937783241271973
182,496,3,4.903653144836426
182,963,4,4.859748840332031
182,427,5,4.8307085037231445
182,64,6,4.775735378265381
182,483,7,4.752068042755127
182,210,8,4.706481456756592
182,313,9,4.7037272453308105
182,98,10,4.7032599449157715
183,483,1,4.626290798187256
183,524,2,4.528099060058594
183,647,3,4.521331787109375
183,507,4,4.448583126068115
183,709,5,4.375093460083008
183,1512,6,4.3669304847717285
183,753,7,4.349105358123779
183,657,8,4.310973644256592
183,922,9,4.302149772644043
183,923,10,4.292776584625244
184,513,1,4.788022041320801
184,306,2,4.670429229736328
184,48,3,4.6591901779174805
184,242,4,4.655500411987305
184,83,5,4.623998641967773
184,209,6,4.587461471557617
184,408,7,4.5316572189331055
184,315,8,4.5225138664245605
184,904,9,4.518096923828125
184,518,10,4.508781433105469
185,603,1,5.142306804656982
185,963,2,4.853698253631592
185,507,3,4.786585330963135
185,615,4,4.71235466003418
185,272,5,4.69649076461792
185,482,6,4.694353103637695
185,516,7,4.675866603851318
185,513,8,4.665869235992432
185,168,9,4.661281585693359
185,216,10,4.645445823669434
186,480,1,5.412323474884033
186,357,2,5.297285079956055
186,210,3,5.276247978210449
186,69,4,5.129272937774658
186,496,5,5.107043266296387
186,659,6,5.098506927490234
186,211,7,5.05844259262085
186,185,8,5.056943893432617
186,513,9,5.045252799987793
186,178,10,4.999835014343262
187,318,1,5.492366313934326
187,1137,2,4.905654430389404
187,179,3,4.853909015655518
187,313,4,4.847382068634033
187,98,5,4.845303058624268
187,531,6,4.825525283813477
187,151,7,4.804662227630615
187,718,8,4.802977561950684
187,589,9,4.7847900390625
187,499,10,4.710994720458984
188,451,1,4.951979637145996
188,313,2,4.901536464691162
188,603,3,4.86258602142334
188,272,4,4.827731132507324
188,30,5,4.825962543487549
188,12,6,4.786005973815918
188,662,7,4.780622482299805
188,298,8,4.767120838165283
188,480,9,4.75907564163208
188,129,10,4.702099323272705
189,709,1,5.186183452606201
189,169,2,5.131480693817139
189,1142,3,5.0399580001831055
189,150,4,5.015692710876465
189,340,5,4.996953010559082
189,205,6,4.990517616271973
189,408,7,4.980169773101807
189,526,8,4.938218593597412
189,97,9,4.907219409942627
189,1021,10,4.8905863761901855
190,190,1,4.922216415405273
190,182,2,4.842833518981934
190,50,3,4.842657089233398
190,22,4,4.838703155517578
190,64,5,4.817646026611328
190,12,6,4.807178974151611
190,694,7,4.721610069274902
190,1137,8,4.698156356811523
190,275,9,4.668889045715332
190,265,10,4.663340091705322
191,316,1,4.575361251831055
191,515,2,4.564355850219727
191,318,3,4.508251190185547
191,98,4,4.500191688537598
191,165,5,4.476434707641602
191,176,6,4.449057102203369
191,813,7,4.4451470375061035
191,169,8,4.4202446937561035
191,174,9,4.402207851409912
191,357,10,4.391615390777588
192,318,1,5.1681718826293945
192,169,2,5.09406852722168
192,89,3,4.747282028198242
192,315,4,4.707798480987549
192,513,5,4.700410842895508
192,520,6,4.658631324768066
192,357,7,4.650683879852295
192,408,8,4.645771503448486
192,114,9,4.616835117340088
192,479,10,4.608064651489258
193,165,1,4.818915367126465
193,648,2,4.742211818695068
193,133,3,4.735503673553467
193,344,4,4.733450412750244
193,1194,5,4.7255964279174805
193,659,6,4.7229533195495605
193,189,7,4.719208240509033
193,59,8,4.687411308288574
193,515,9,4.661867141723633
193,178,10,4.64105224609375
194,919,1,4.747939109802246
194,475,2,4.356487274169922
194,156,3,4.3352155685424805
194,65,4,4.2309489250183105
194,169,5,4.212630748748779
194,531,6,4.175636291503906
194,114,7,4.120207786560059
194,963,8,4.102604389190674
194,258,9,4.073588848114014
194,512,10,4.063000679016113
195,196,1,4.9117512702941895
195,483,2,4.903153896331787
195,9,3,4.9015278816223145
195,659,4,4.81374454498291
195,792,5,4.749457836151123
195,64,6,4.7307024002075195
195,357,7,4.704801082611084
195,22,8,4.694380760192871
195,318,9,4.691616058349609
195,531,10,4.644083023071289
196,466,1,4.893847942352295
196,512,2,4.803647994995117
196,200,3,4.67850399017334
196,56,4,4.677855491638184
196,582,5,4.574676513671875
196,316,6,4.569040298461914
196,527,7,4.5524678230285645
196,187,8,4.481890678405762
196,661,9,4.4740214347839355
196,603,10,4.464266300201416
197,178,1,5.051623344421387
197,520,2,4.943187713623047
197,423,3,4.886821746826172
197,498,4,4.8704705238342285
197,491,5,4.8279595375061035
197,168,6,4.807397365570068
197,144,7,4.758630275726318
197,77,8,4.7354936599731445
197,185,9,4.696202278137207
197,28,10,4.6389994621276855
198,919,1,4.818693161010742
198,778,2,4.5413641929626465
198,513,3,4.500150680541992
198,315,4,4.422908306121826
198,134,5,4.4142961502075195
198,190,6,4.361612796783447
198,479,7,4.3406267166137695
198,641,8,4.330079555511475
198,483,9,4.32731819152832
198,209,10,4.288502216339111
199,603,1,4.6358442306518555
199,654,2,4.46221399307251
199,474,3,4.4072771072387695
199,169,4,4.371554851531982
199,180,5,4.322116851806641
199,48,6,4.285404682159424
199,114,7,4.263242244720459
199,190,8,4.256627082824707
199,64,9,4.246789932250977
199,213,10,4.243185043334961
200,275,1,5.342527389526367
200,480,2,5.311129570007324
200,655,3,5.248048782348633
200,268,4,5.169543266296387
200,487,5,5.155847549438477
200,293,6,5.074427604675293
200,332,7,5.07110595703125
200,97,8,5.064215183258057
200,603,9,5.060832977294922
200,963,10,5.042287826538086
201,474,1,4.40118932723999
201,496,2,4.358376979827881
201,487,3,4.336872577667236
201,498,4,4.295162677764893
201,1396,5,4.245338439941406
201,298,6,4.2170329093933105
201,91,7,4.124922752380371
201,316,8,4.094409465789795
201,813,9,4.084283351898193
201,305,10,4.081939697265625
202,12,1,4.360551834106445
202,655,2,4.193408489227295
202,483,3,4.178831577301025
202,56,4,4.115883827209473
202,963,5,4.115756988525391
202,1142,6,4.071470260620117
202,1449,7,4.04962682723999
202,238,8,4.030326843261719
202,313,9,4.026686668395996
202,98,10,3.9970126152038574
203,22,1,4.957082748413086
203,318,2,4.904491424560547
203,172,3,4.875521659851074
203,969,4,4.802173614501953
203,50,5,4.674628257751465
203,234,6,4.628364562988281
203,173,7,4.610476970672607
203,28,8,4.602835655212402
203,87,9,4.559877872467041
203,357,10,4.551658630371094
204,647,1,5.041471481323242
204,483,2,4.971350193023682
204,185,3,4.734522819519043
204,238,4,4.4850053787231445
204,344,5,4.391547203063965
204,320,6,4.3858113288879395
204,513,7,4.37978458404541
204,14,8,4.363048553466797
204,1021,9,4.356576442718506
204,306,10,4.346531391143799
205,199,1,4.3474602699279785
205,50,2,4.300684928894043
205,513,3,4.287050247192383
205,173,4,4.285440921783447
205,168,5,4.1787285804748535
205,285,6,4.150127410888672
205,654,7,4.147706985473633
205,641,8,4.126699924468994
205,60,9,4.1066131591796875
205,276,10,4.098386287689209
206,56,1,4.359476089477539
206,1142,2,4.26054048538208
206,357,3,4.172448635101318
206,318,4,4.1383442878723145
206,514,5,4.068259239196777
206,173,6,4.016481876373291
206,127,7,3.953923225402832
206,119,8,3.909930944442749
206,168,9,3.9066946506500244
206,209,10,3.8979671001434326
207,313,1,4.595854759216309
207,169,2,4.502652168273926
207,606,3,4.484881401062012
207,114,4,4.440702438354492
207,316,5,4.403792858123779
207,603,6,4.383706569671631
207,408,7,4.308091163635254
207,315,8,4.2031378746032715
207,479,9,4.19545841217041
207,482,10,4.183078289031982
208,588,1,5.112760543823242
208,496,2,4.969618797302246
208,136,3,4.698244571685791
208,692,4,4.68286657333374
208,513,5,4.6268839836120605
208,71,6,4.598041534423828
208,520,7,4.550623893737793
208,28,8,4.542577743530273
208,510,9,4.5231499671936035
208,603,10,4.521309852600098
209,313,1,4.960997104644775
209,173,2,4.801751613616943
209,169,3,4.729117393493652
209,216,4,4.670740127563477
209,194,5,4.630333423614502
209,483,6,4.6063642501831055
209,168,7,4.600515842437744
209,1142,8,4.595080852508545
209,484,9,4.570843696594238
209,480,10,4.56826639175415
210,169,1,5.2835774421691895
210,478,2,5.139899253845215
210,170,3,5.098672866821289
210,1142,4,5.089962959289551
210,20,5,5.084167957305908
210,515,6,5.0137200355529785
210,603,7,4.996507167816162
210,493,8,4.981163024902344
210,52,9,4.974132061004639
210,318,10,4.952093601226807
211,194,1,4.611194610595703
211,515,2,4.610415458679199
211,285,3,4.473273277282715
211,50,4,4.467610836029053
211,8,5,4.446060657501221
211,178,6,4.434047222137451
211,12,7,4.309383392333984
211,187,8,4.276094436645508
211,604,9,4.275595188140869
211,136,10,4.262347221374512
212,177,1,4.814513683319092
212,272,2,4.805920600891113
212,190,3,4.703131198883057
212,1233,4,4.662466526031494
212,204,5,4.6375651359558105
212,318,6,4.628355026245117
212,753,7,4.594711780548096
212,12,8,4.594192028045654
212,963,9,4.560091495513916
212,119,10,4.550926208496094
213,963,1,5.137521743774414
213,89,2,5.012005805969238
213,302,3,5.010358810424805
213,96,4,5.004974365234375
213,531,5,5.002830982208252
213,744,6,4.971513271331787
213,1101,7,4.940886974334717
213,331,8,4.937233924865723
213,651,9,4.841348171234131
213,313,10,4.830775260925293
214,520,1,4.869048595428467
214,318,2,4.802623271942139
214,633,3,4.6275529861450195
214,205,4,4.5990729331970215
214,1449,5,4.595896244049072
214,193,6,4.503483772277832
214,194,7,4.4966864585876465
214,59,8,4.438336372375488
214,515,9,4.432261943817139
214,523,10,4.4152398109436035
215,657,1,4.718856334686279
215,199,2,4.6671013832092285
215,1021,3,4.659045219421387
215,513,4,4.643771171569824
215,185,5,4.626947402954102
215,173,6,4.594967365264893
215,60,7,4.549111366271973
215,492,8,4.506513595581055
215,119,9,4.505687236785889
215,178,10,4.4787750244140625
216,180,1,4.997666835784912
216,924,2,4.969437599182129
216,640,3,4.9597625732421875
216,190,4,4.877841472625732
216,92,5,4.791491508483887
216,484,6,4.77338981628418
216,203,7,4.727054595947266
216,317,8,4.725833415985107
216,1159,9,4.72020959854126
216,1137,10,4.713561058044434
217,150,1,5.086061000823975
217,298,2,5.05610466003418
217,180,3,5.039763450622559
217,188,4,4.797228813171387
217,707,5,4.730520248413086
217,12,6,4.720386505126953
217,604,7,4.68967866897583
217,197,8,4.675973892211914
217,346,9,4.562657356262207
217,98,10,4.520864486694336
218,344,1,4.825760364532471
218,1449,2,4.511704444885254
218,483,3,4.487118244171143
218,1070,4,4.4610443115234375
218,57,5,4.44404411315918
218,285,6,4.3812665939331055
218,203,7,4.37310266494751
218,223,8,4.354276657104492
218,178,9,4.352084636688232
218,650,10,4.346756935119629
219,408,1,5.395570278167725
219,199,2,5.349000453948975
219,223,3,5.2914228439331055
219,191,4,5.259887218475342
219,169,5,5.178656578063965
219,611,6,5.102989196777344
219,512,7,5.088125228881836
219,238,8,5.0837907791137695
219,603,9,5.061233043670654
219,478,10,5.044005393981934
220,64,1,5.415915489196777
220,318,2,5.234990119934082
220,127,3,5.154401779174805
220,133,4,5.117452621459961
220,48,5,5.014293670654297
220,603,6,4.995665550231934
220,50,7,4.978789806365967
220,143,8,4.950937271118164
220,478,9,4.9455976486206055
220,136,10,4.941380977630615
221,357,1,4.9325852394104
221,652,2,4.653209686279297
221,203,3,4.647751808166504
221,529,4,4.630832672119141
221,13,5,4.594784259796143
221,9,6,4.590063571929932
221,1021,7,4.576657772064209
221,169,8,4.575177192687988
221,316,9,4.5712571144104
221,195,10,4.561298370361328
222,203,1,5.077918529510498
222,963,2,4.945182800292969
222,1159,3,4.815340995788574
222,272,4,4.763993263244629
222,190,5,4.7447638511657715
222,207,6,4.655895233154297
222,114,7,4.636729717254639
222,165,8,4.544579982757568
222,251,9,4.540900230407715
222,170,10,4.499723434448242
223,79,1,5.024988174438477
223,378,2,4.667601585388184
223,710,3,4.59888219833374
223,684,4,4.584710597991943
223,526,5,4.540090560913086
223,6,6,4.537127494812012
223,483,7,4.502166748046875
223,612,8,4.495320796966553
223,496,9,4.483827114105225
223,588,10,4.467410087585449
224,71,1,4.51243782043457
224,64,2,4.47529935836792
224,588,3,4.427517890930176
224,1,4,4.409360408782959
224,483,5,4.398532867431641
224,515,6,4.262811183929443
224,657,7,4.261657238006592
224,936,8,4.2401299476623535
224,496,9,4.164919853210449
224,176,10,4.160999774932861
225,182,1,5.100250720977783
225,521,2,4.994117736816406
225,963,3,4.977570056915283
225,357,4,4.93583345413208
225,251,5,4.9253716468811035
225,272,6,4.907477855682373
225,483,7,4.8868937492370605
225,316,8,4.869051456451416
225,1449,9,4.8666558265686035
225,50,10,4.862379550933838
226,114,1,5.040374279022217
226,246,2,4.835177421569824
226,50,3,4.727992057800293
226,429,4,4.706081867218018
226,172,5,4.650317192077637
226,963,6,4.619993209838867
226,223,7,4.575661659240723
226,22,8,4.5457892417907715
226,357,9,4.533574104309082
226,196,10,4.523874759674072
227,190,1,4.8253021240234375
227,524,2,4.7710371017456055
227,91,3,4.768558502197266
227,275,4,4.76788330078125
227,515,5,4.743799209594727
227,169,6,4.720420837402344
227,89,7,4.700052738189697
227,408,8,4.662021636962891
227,165,9,4.645472049713135
227,963,10,4.644810199737549
228,318,1,4.737941741943359
228,64,2,4.692513942718506
228,603,3,4.655160903930664
228,523,4,4.627510070800781
228,408,5,4.588482856750488
228,191,6,4.471390724182129
228,181,7,4.445533752441406
228,203,8,4.438024044036865
228,652,9,4.4371161460876465
228,69,10,4.428990364074707
229,519,1,3.7221245765686035
229,199,2,3.6698431968688965
229,474,3,3.627295970916748
229,178,4,3.5822982788085938
229,480,5,3.5583910942077637
229,657,6,3.5580761432647705
229,484,7,3.5537796020507812
229,318,8,3.5533411502838135
229,136,9,3.527395486831665
229,496,10,3.5248522758483887
230,133,1,5.223022937774658
230,318,2,5.034253120422363
230,313,3,4.8666181564331055
230,1449,4,4.8456902503967285
230,837,5,4.835205078125
230,655,6,4.833138942718506
230,169,7,4.796607494354248
230,326,8,4.789222717285156
230,692,9,4.765941619873047
230,1512,10,4.736620903015137
231,318,1,4.441147327423096
231,100,2,4.38306999206543
231,165,3,4.309919357299805
231,183,4,4.279092311859131
231,1449,5,4.259893417358398
231,483,6,4.2343878746032715
231,174,7,4.207505226135254
231,479,8,4.206413269042969
231,89,9,4.198986530303955
231,173,10,4.197789192199707
232,792,1,4.948693752288818
232,116,2,4.819395542144775
232,33,3,4.815502166748047
232,657,4,4.755413055419922
232,156,5,4.7428975105285645
232,171,6,4.7277021408081055
232,12,7,4.714884281158447
232,285,8,4.6778059005737305
232,316,9,4.642660617828369
232,135,10,4.620701789855957
233,513,1,5.14452600479126
233,493,2,5.1403703689575195
233,272,3,5.079200744628906
233,887,4,5.071525573730469
233,657,5,5.022331714630127
233,496,6,5.014066696166992
233,165,7,5.0047526359558105
233,656,8,4.962612152099609
233,58,9,4.957233428955078
233,641,10,4.931600093841553
234,1193,1,4.175319671630859
234,297,2,4.157068729400635
234,736,3,4.053727149963379
234,1194,4,4.030750751495361
234,1367,5,4.021528244018555
234,1142,6,4.001005172729492
234,408,7,3.9893062114715576
234,514,8,3.9839224815368652
234,922,9,3.925318956375122
234,1512,10,3.9100472927093506
235,136,1,4.9812469482421875
235,60,2,4.894113540649414
235,59,3,4.858039855957031
235,89,4,4.76424503326416
235,432,5,4.751800537109375
235,484,6,4.725212097167969
235,132,7,4.693810939788818
235,178,8,4.669914245605469
235,482,9,4.658843040466309
235,514,10,4.646261692047119
236,12,1,4.930085182189941
236,11,2,4.912904739379883
236,302,3,4.898552894592285
236,660,4,4.8798627853393555
236,23,5,4.671918869018555
236,268,6,4.64640998840332
236,187,7,4.583786964416504
236,654,8,4.562805652618408
236,201,9,4.528183937072754
236,246,10,4.489961624145508
237,603,1,4.791479110717773
237,512,2,4.764299392700195
237,165,3,4.758191108703613
237,488,4,4.68927526473999
237,750,5,4.650118827819824
237,530,6,4.6286821365356445
237,137,7,4.5959062576293945
237,963,8,4.5849289894104
237,480,9,4.5735063552856445
237,302,10,4.563784122467041
238,318,1,4.625984191894531
238,603,2,4.521331310272217
238,185,3,4.492481231689453
238,64,4,4.46968936920166
238,203,5,4.448136329650879
238,48,6,4.42620849609375
238,1449,7,4.419614315032959
238,316,8,4.419375896453857
238,923,9,4.415071487426758
238,59,10,4.409029006958008
239,616,1,5.409847736358643
239,211,2,5.339024543762207
239,131,3,5.333358287811279
239,537,4,5.320998191833496
239,653,5,5.2519989013671875
239,515,6,5.173492431640625
239,697,7,5.163057327270508
239,521,8,5.157741546630859
239,1251,9,5.153113842010498
239,480,10,5.151673793792725
240,515,1,5.3801116943359375
240,408,2,5.336410045623779
240,474,3,5.303171157836914
240,179,4,5.281609535217285
240,19,5,5.1873250007629395
240,170,6,5.129091739654541
240,169,7,5.12580680847168
240,318,8,5.115058898925781
240,285,9,5.098389625549316
240,603,10,5.086377143859863
241,48,1,4.844890594482422
241,285,2,4.652224540710449
241,132,3,4.568998336791992
241,498,4,4.514967918395996
241,483,5,4.50180721282959
241,423,6,4.484874725341797
241,192,7,4.483908653259277
241,318,8,4.469577789306641
241,134,9,4.451897621154785
241,223,10,4.4210052490234375
242,318,1,4.60044002532959
242,1449,2,4.552947998046875
242,344,3,4.535515308380127
242,652,4,4.505284309387207
242,1021,5,4.4988908767700195
242,191,6,4.466559886932373
242,178,7,4.452784061431885
242,153,8,4.432855606079102
242,9,9,4.4310832023620605
242,427,10,4.423360824584961
243,198,1,4.731881618499756
243,169,2,4.686602592468262
243,408,3,4.54189395904541
243,64,4,4.471485614776611
243,856,5,4.446386814117432
243,603,6,4.408904075622559
243,1449,7,4.404587745666504
243,709,8,4.37247371673584
243,89,9,4.339356899261475
243,191,10,4.337177276611328
244,531,1,5.166963577270508
244,483,2,5.118229866027832
244,242,3,5.1101393699646
244,134,4,5.046625137329102
244,236,5,5.035726547241211
244,582,6,4.963179111480713
244,45,7,4.959458351135254
244,262,8,4.949023723602295
244,518,9,4.91975736618042
244,251,10,4.918888092041016
245,12,1,4.571998119354248
245,190,2,4.3560404777526855
245,652,3,4.294713973999023
245,1137,4,4.244248390197754
245,98,5,4.221775531768799
245,603,6,4.213872909545898
245,64,7,4.199065685272217
245,100,8,4.186738014221191
245,156,9,4.16832160949707
245,89,10,4.159193515777588
246,709,1,4.857043266296387
246,381,2,4.849676609039307
246,511,3,4.8296895027160645
246,91,4,4.811326026916504
246,408,5,4.796273231506348
246,209,6,4.763332366943359
246,515,7,4.741410732269287
246,1137,8,4.6685686111450195
246,485,9,4.652482986450195
246,718,10,4.630707263946533
247,12,1,4.558481216430664
247,657,2,4.5558061599731445
247,50,3,4.5106940269470215
247,483,4,4.460241317749023
247,408,5,4.449821472167969
247,173,6,4.414103031158447
247,1021,7,4.39487886428833
247,1194,8,4.387566089630127
247,223,9,4.385162353515625
247,1449,10,4.357903957366943
248,42,1,5.2151198387146
248,357,2,4.928612232208252
248,83,3,4.8753180503845215
248,529,4,4.694072723388672
248,12,5,4.624049663543701
248,318,6,4.580682754516602
248,1019,7,4.544249057769775
248,199,8,4.479455947875977
248,813,9,4.431695461273193
248,134,10,4.426087379455566
249,48,1,5.3056440353393555
249,60,2,5.2547478675842285
249,474,3,5.202510356903076
249,59,4,5.160490036010742
249,190,5,5.137645721435547
249,315,6,5.110852241516113
249,632,7,5.069485187530518
249,165,8,5.060249328613281
249,1449,9,5.040408134460449
249,180,10,5.0172319412231445
250,199,1,5.414838790893555
250,483,2,5.237619876861572
250,513,3,5.068530559539795
250,922,4,5.0450239181518555
250,528,5,5.014965057373047
250,511,6,4.966363430023193
250,1166,7,4.966015815734863
250,515,8,4.96274471282959
250,694,9,4.957710266113281
250,1101,10,4.952671527862549
251,423,1,5.145663261413574
251,603,2,5.130309104919434
251,234,3,5.088212013244629
251,197,4,5.056321144104004
251,127,5,5.055939197540283
251,134,6,4.973189353942871
251,318,7,4.941184997558594
251,180,8,4.910160064697266
251,498,9,4.898129463195801
251,48,10,4.868746280670166
252,483,1,5.267730712890625
252,12,2,5.135924816131592
252,318,3,5.099498271942139
252,176,4,5.088144779205322
252,603,5,5.0490264892578125
252,190,6,4.98515510559082
252,479,7,4.943810939788818
252,480,8,4.903610706329346
252,607,9,4.890445232391357
252,1021,10,4.88239049911499
253,178,1,5.458765029907227
253,423,2,5.368642807006836
253,479,3,5.211302757263184
253,191,4,5.160627365112305
253,189,5,5.077181339263916
253,136,6,5.0651044845581055
253,429,7,5.0405473709106445
253,60,8,5.0323920249938965
253,28,9,5.032207489013672
253,657,10,5.019083499908447
254,22,1,4.781191825866699
254,79,2,4.5517449378967285
254,866,3,4.385261535644531
254,482,4,4.197139739990234
254,566,5,4.191474914550781
254,193,6,4.105933666229248
254,483,7,4.0757575035095215
254,187,8,4.052318096160889
254,479,9,4.044620037078857
254,528,10,4.038597106933594
255,302,1,4.822216033935547
255,357,2,4.686555862426758
255,64,3,4.681703567504883
255,762,4,4.655641555786133
255,127,5,4.642570972442627
255,318,6,4.638711929321289
255,170,7,4.631796836853027
255,276,8,4.5890092849731445
255,427,9,4.579953193664551
255,237,10,4.5589776039123535
256,114,1,5.441235065460205
256,318,2,5.413578987121582
256,189,3,5.26712703704834
256,639,4,5.172285079956055
256,33,5,5.133947849273682
256,515,6,5.122735977172852
256,498,7,5.110679626464844
256,520,8,5.101720809936523
256,525,9,5.0926642417907715
256,165,10,5.067189693450928
257,179,1,4.937221050262451
257,318,2,4.901228427886963
257,8,3,4.848556041717529
257,357,4,4.737860679626465
257,958,5,4.734713554382324
257,316,6,4.733577728271484
257,320,7,4.700244426727295
257,1021,8,4.691684246063232
257,209,9,4.684594631195068
257,315,10,4.683257102966309
258,318,1,5.0432000160217285
258,483,2,4.949508190155029
258,513,3,4.842369556427002
258,1194,4,4.813681125640869
258,514,5,4.785293102264404
258,133,6,4.775582313537598
258,515,7,4.68704891204834
258,345,8,4.680067539215088
258,190,9,4.675289154052734
258,60,10,4.639278888702393
259,89,1,5.251127243041992
259,42,2,5.226861000061035
259,1449,3,4.954452991485596
259,603,4,4.896995544433594
259,663,5,4.893986701965332
259,694,6,4.883457660675049
259,525,7,4.8707499504089355
259,344,8,4.851845741271973
259,60,9,4.834064960479736
259,612,10,4.82478141784668
260,187,1,4.532201290130615
260,22,2,4.467183589935303
260,531,3,4.453538417816162
260,318,4,4.4143500328063965
260,204,5,4.410544395446777
260,64,6,4.382884502410889
260,525,7,4.37812614440918
260,316,8,4.3705549240112305
260,198,9,4.353641986846924
260,604,10,4.329648017883301
261,318,1,5.609508037567139
261,657,2,5.432011604309082
261,603,3,5.378307819366455
261,483,4,5.371585845947266
261,223,5,5.370438575744629
261,313,6,5.349804878234863
261,11,7,5.248864650726318
261,659,8,5.247219085693359
261,527,9,5.234892845153809
261,644,10,5.227391242980957
262,8,1,4.602519512176514
262,12,2,4.549599647521973
262,483,3,4.43372917175293
262,514,4,4.295975685119629
262,1449,5,4.283259868621826
262,127,6,4.265610694885254
262,606,7,4.259058952331543
262,408,8,4.246812343597412
262,753,9,4.236834526062012
262,654,10,4.192330837249756
263,286,1,4.9979352951049805
263,191,2,4.931642055511475
263,493,3,4.862659454345703
263,513,4,4.74929666519165
263,187,5,4.742115497589111
263,936,6,4.728109836578369
263,14,7,4.723918914794922
263,718,8,4.717328071594238
263,478,9,4.633597373962402
263,966,10,4.629228115081787
264,50,1,5.672975063323975
264,657,2,5.560322284698486
264,187,3,5.397831916809082
264,427,4,5.378403663635254
264,423,5,5.3108320236206055
264,705,6,5.307082176208496
264,270,7,5.260015487670898
264,91,8,5.236858367919922
264,922,9,5.206784725189209
264,487,10,5.196949481964111
265,22,1,5.125125885009766
265,12,2,5.02564001083374
265,1137,3,4.684512138366699
265,82,4,4.629283905029297
265,71,5,4.573029518127441
265,136,6,4.544498920440674
265,521,7,4.5072174072265625
265,520,8,4.5031023025512695
265,190,9,4.499519348144531
265,496,10,4.4898552894592285
266,318,1,4.746655464172363
266,22,2,4.393402576446533
266,1,3,4.340951919555664
266,174,4,4.241260051727295
266,641,5,4.200051307678223
266,604,6,4.190865993499756
266,87,7,4.1568803787231445
266,97,8,4.120303153991699
266,190,9,4.101137161254883
266,963,10,4.0913262367248535
267,511,1,5.565587520599365
267,408,2,5.369805812835693
267,1073,3,5.305609226226807
267,269,4,5.23382043838501
267,694,5,5.146024227142334
267,357,6,5.133073806762695
267,474,7,5.101817607879639
267,513,8,5.082795143127441
267,178,9,5.026320934295654
267,1021,10,5.017728805541992
268,515,1,4.829488277435303
268,64,2,4.686532497406006
268,647,3,4.667457580566406
268,320,4,4.539383888244629
268,847,5,4.536827564239502
268,190,6,4.532750129699707
268,709,7,4.511239528656006
268,318,8,4.386415958404541
268,150,9,4.355356216430664
268,1021,10,4.351299285888672
269,1021,1,4.934675216674805
269,199,2,4.6380205154418945
269,480,3,4.503915786743164
269,32,4,4.355072021484375
269,56,5,4.332352638244629
269,201,6,4.325642108917236
269,558,7,4.298410415649414
269,311,8,4.266039848327637
269,14,9,4.247581481933594
269,475,10,4.241490364074707
270,180,1,5.734837055206299
270,127,2,5.732232093811035
270,1017,3,5.717085838317871
270,588,4,5.693334102630615
270,525,5,5.636651992797852
270,1039,6,5.6021928787231445
270,12,7,5.587848663330078
270,498,8,5.5783257484436035
270,606,9,5.569958209991455
270,23,10,5.544508934020996
271,484,1,4.725147724151611
271,483,2,4.685326099395752
271,1073,3,4.53874397277832
271,604,4,4.536645412445068
271,189,5,4.48166036605835
271,606,6,4.44813346862793
271,513,7,4.380660533905029
271,153,8,4.364303112030029
271,1137,9,4.361948013305664
271,519,10,4.278257846832275
272,197,1,5.301026344299316
272,427,2,5.153065204620361
272,480,3,5.102862358093262
272,515,4,5.0382771492004395
272,185,5,4.983513355255127
272,285,6,4.977990627288818
272,488,7,4.9685444831848145
272,59,8,4.9113874435424805
272,131,9,4.8943586349487305
272,513,10,4.89097785949707
273,513,1,4.300375461578369
273,169,2,4.259261608123779
273,408,3,4.239365100860596
273,12,4,4.1953582763671875
273,1142,5,4.182267189025879
273,483,6,4.177177906036377
273,603,7,4.11390495300293
273,302,8,4.103766918182373
273,1449,9,4.102830410003662
273,190,10,4.063892364501953
274,12,1,5.570214748382568
274,408,2,5.550930976867676
274,302,3,5.484740257263184
274,61,4,5.399548530578613
274,169,5,5.38095760345459
274,922,6,5.240471839904785
274,318,7,5.229654788970947
274,316,8,5.216865062713623
274,661,9,5.2098774909973145
274,124,10,5.200723648071289
275,79,1,4.179407596588135
275,427,2,4.115328788757324
275,603,3,4.107422828674316
275,124,4,4.031947612762451
275,480,5,4.029797554016113
275,119,6,3.9979310035705566
275,136,7,3.9966835975646973
275,513,8,3.9823832511901855
275,313,9,3.969736099243164
275,318,10,3.9470486640930176
276,134,1,5.046805381774902
276,963,2,4.963545799255371
276,190,3,4.888728618621826
276,114,4,4.726237773895264
276,116,5,4.636321067810059
276,178,6,4.631495952606201
276,527,7,4.628390312194824
276,177,8,4.620569705963135
276,286,9,4.616960525512695
276,641,10,4.608846187591553
277,316,1,4.536133289337158
277,210,2,4.528284549713135
277,56,3,4.478008270263672
277,272,4,4.432156085968018
277,385,5,4.373714923858643
277,12,6,4.358670711517334
277,64,7,4.320751667022705
277,753,8,4.279132843017578
277,692,9,4.259537220001221
277,208,10,4.25894832611084
278,28,1,4.872398853302002
278,515,2,4.771529674530029
278,487,3,4.7242350578308105
278,603,4,4.668837547302246
278,963,5,4.635856628417969
278,531,6,4.6307268142700195
278,64,7,4.589438438415527
278,169,8,4.5843329429626465
278,272,9,4.5751872062683105
278,483,10,4.570771217346191
279,657,1,4.97214412689209
279,610,2,4.8966522216796875
279,1405,3,4.769423007965088
279,474,4,4.7169294357299805
279,171,5,4.688330173492432
279,694,6,4.656248569488525
279,315,7,4.608750343322754
279,179,8,4.5898118019104
279,512,9,4.558453559875488
279,1449,10,4.538801193237305
280,1137,1,5.0170512199401855
280,344,2,4.924828052520752
280,190,3,4.889585494995117
280,1269,4,4.836944580078125
280,494,5,4.823042392730713
280,42,6,4.799874305725098
280,429,7,4.793392658233643
280,434,8,4.7853288650512695
280,707,9,4.775312423706055
280,408,10,4.771380424499512
281,190,1,4.5215229988098145
281,60,2,4.387723445892334
281,42,3,4.332579612731934
281,11,4,4.256032943725586
281,56,5,4.242684364318848
281,657,6,4.201600074768066
281,475,7,4.168851852416992
281,178,8,4.164906978607178
281,513,9,4.147729873657227
281,634,10,4.142010688781738
282,318,1,5.297403335571289
282,173,2,5.123106479644775
282,50,3,4.967792987823486
282,223,4,4.902249813079834
282,520,5,4.861125469207764
282,64,6,4.838343620300293
282,169,7,4.834023475646973
282,12,8,4.792437553405762
282,100,9,4.753061294555664
282,183,10,4.742828845977783
283,166,1,5.395195960998535
283,42,2,5.386468887329102
283,654,3,5.245886325836182
283,524,4,5.1262898445129395
283,603,5,5.123954772949219
283,165,6,5.113222122192383
283,1098,7,5.104214668273926
283,408,8,5.104074954986572
283,657,9,5.084872245788574
283,425,10,5.075130462646484
284,14,1,5.001801490783691
284,318,2,4.818955898284912
284,89,3,4.791334629058838
284,9,4,4.762524604797363
284,246,5,4.755854606628418
284,515,6,4.6467061042785645
284,521,7,4.634281158447266
284,357,8,4.6296281814575195
284,1449,9,4.621395587921143
284,251,10,4.591085910797119
285,483,1,5.263384819030762
285,132,2,5.20362663269043
285,496,3,5.112368106842041
285,50,4,5.064769268035889
285,657,5,5.008183479309082
285,515,6,4.933724880218506
285,185,7,4.898022651672363
285,603,8,4.894737243652344
285,1021,9,4.868869304656982
285,423,10,4.856210708618164
286,134,1,5.225380897521973
286,753,2,5.208009719848633
286,904,3,5.103222370147705
286,705,4,5.075465202331543
286,136,5,5.070599555969238
286,1203,6,5.066854953765869
286,434,7,5.051599025726318
286,606,8,5.035384654998779
286,124,9,4.9827141761779785
286,496,10,4.936471939086914
287,512,1,5.395820617675781
287,207,2,5.287537097930908
287,523,3,5.162669658660889
287,1449,4,5.072216987609863
287,318,5,5.043332099914551
287,408,6,5.0269551277160645
287,169,7,5.022058486938477
287,603,8,5.020516395568848
287,59,9,5.017910957336426
287,856,10,5.004913330078125
288,150,1,5.228884220123291
288,603,2,4.92194938659668
288,1021,3,4.845632553100586
288,519,4,4.824339389801025
288,1137,5,4.796035289764404
288,57,6,4.7943196296691895
288,302,7,4.790248870849609
288,131,8,4.780007362365723
288,1642,9,4.73951530456543
288,71,10,4.725196361541748
289,483,1,4.428434371948242
289,251,2,4.349388599395752
289,12,3,4.337296485900879
289,1449,4,4.337039947509766
289,313,5,4.225238800048828
289,527,6,4.20706033706665
289,285,7,4.1786041259765625
289,603,8,4.174375057220459
289,657,9,4.12099552154541
289,484,10,4.120301246643066
290,313,1,4.470447063446045
290,963,2,4.413205146789551
290,173,3,4.406363010406494
290,165,4,4.332876682281494
290,67,5,4.297576427459717
290,603,6,4.270475387573242
290,936,7,4.236410140991211
290,12,8,4.233678817749023
290,333,9,4.2333245277404785
290,96,10,4.231576919555664
291,318,1,5.444072723388672
291,316,2,5.108636856079102
291,651,3,5.096352577209473
291,357,4,5.065906524658203
291,251,5,5.058063983917236
291,431,6,5.0142035484313965
291,313,7,5.0057172775268555
291,258,8,4.94421911239624
291,248,9,4.9306230545043945
291,132,10,4.9196953773498535
292,191,1,5.416473865509033
292,318,2,5.251102924346924
292,313,3,5.160255432128906
292,59,4,5.100105285644531
292,192,5,5.068904399871826
292,694,6,5.06005334854126
292,185,7,5.051763534545898
292,526,8,5.013390064239502
292,1007,9,4.994280815124512
292,187,10,4.991819858551025
294,176,1,5.2223591804504395
294,190,2,5.110042095184326
294,318,3,5.040761470794678
294,60,4,5.017928123474121
294,132,5,4.958752632141113
294,496,6,4.914454936981201
294,498,7,4.907899856567383
294,12,8,4.892722129821777
294,22,9,4.884939193725586
294,603,10,4.863244533538818
295,315,1,5.357193946838379
295,514,2,5.338541030883789
295,114,3,5.327652931213379
295,486,4,5.327053546905518
295,507,5,5.246927738189697
295,904,6,5.211479663848877
295,922,7,5.207036972045898
295,963,8,5.182247638702393
295,207,9,5.164676666259766
295,611,10,5.131185054779053
296,511,1,5.6248579025268555
296,491,2,5.413086414337158
296,604,3,5.299832344055176
296,209,4,5.279168128967285
296,114,5,5.202322006225586
296,603,6,5.168117523193359
296,530,7,5.138530731201172
296,205,8,5.119271755218506
296,478,9,5.100815296173096
296,232,10,5.096301555633545
297,531,1,4.8333353996276855
297,707,2,4.78842830657959
297,493,3,4.769258499145508
297,169,4,4.71416711807251
297,189,5,4.683017730712891
297,516,6,4.675111770629883
297,126,7,4.627631664276123
297,963,8,4.590030193328857
297,1536,9,4.531251907348633
297,659,10,4.469302654266357
298,42,1,5.16457462310791
298,515,2,5.095471382141113
298,64,3,5.049089431762695
298,136,4,4.954567909240723
298,519,5,4.940762996673584
298,198,6,4.889760971069336
298,513,7,4.856391906738281
298,531,8,4.79123067855835
298,313,9,4.7466936111450195
298,48,10,4.746225357055664
299,316,1,4.480859279632568
299,64,2,4.449874401092529
299,524,3,4.4419450759887695
299,1449,4,4.434194087982178
299,1203,5,4.42363166809082
299,694,6,4.3966569900512695
299,735,7,4.392746925354004
299,74,8,4.392446994781494
299,966,9,4.3855791091918945
299,430,10,4.382854461669922
300,174,1,5.097610950469971
300,963,2,5.008702754974365
300,178,3,4.99222469329834
300,169,4,4.909296035766602
300,191,5,4.836874008178711
300,520,6,4.8183674812316895
300,22,7,4.79990291595459
300,603,8,4.790816307067871
300,496,9,4.7819318771362305
300,50,10,4.779935836791992
301,313,1,5.435802459716797
301,302,2,5.091456890106201
301,1137,3,5.010826110839844
301,257,4,4.771230220794678
301,736,5,4.760393142700195
301,787,6,4.703517913818359
301,1158,7,4.690263748168945
301,301,8,4.685206413269043
301,307,9,4.640643119812012
301,246,10,4.580808639526367
302,185,1,4.2665863037109375
302,318,2,4.075250148773193
302,527,3,4.000290393829346
302,963,4,3.985635995864868
302,483,5,3.9719772338867188
302,520,6,3.9483635425567627
302,60,7,3.9268479347229004
302,216,8,3.8754823207855225
302,1005,9,3.869245767593384
302,12,10,3.867875576019287
303,196,1,5.716875076293945
303,478,2,5.301142692565918
303,205,3,5.172885417938232
303,718,4,5.137392044067383
303,178,5,5.113912582397461
303,246,6,5.092157363891602
303,489,7,5.068809986114502
303,1143,8,5.065031051635742
303,213,9,5.01161003112793
303,659,10,4.991479873657227
304,22,1,4.297915935516357
304,12,2,4.265846252441406
304,655,3,4.231288909912109
304,173,4,4.209259986877441
304,1007,5,4.105389595031738
304,98,6,4.093197345733643
304,657,7,4.055766582489014
304,735,8,4.052925109863281
304,223,9,4.038139343261719
304,922,10,4.037734508514404
305,114,1,4.694681644439697
305,344,2,4.564276695251465
305,57,3,4.472315311431885
305,1103,4,4.4589524269104
305,124,5,4.419032573699951
305,316,6,4.41263484954834
305,132,7,4.3851094245910645
305,603,8,4.272177696228027
305,958,9,4.2716474533081055
305,657,10,4.262763023376465
306,483,1,5.307556629180908
306,478,2,5.23975133895874
306,496,3,5.083073616027832
306,196,4,5.070373058319092
306,657,5,5.065171718597412
306,963,6,5.023177623748779
306,603,7,4.988368988037109
306,475,8,4.948713302612305
306,736,9,4.9070234298706055
306,12,10,4.898937702178955
307,647,1,4.98856782913208
307,190,2,4.985712051391602
307,1137,3,4.984649658203125
307,12,4,4.941835403442383
307,251,5,4.8146867752075195
307,127,6,4.790218830108643
307,584,7,4.746131896972656
307,116,8,4.730770587921143
307,709,9,4.721818923950195
307,98,10,4.71933650970459
308,478,1,4.95241641998291
308,1142,2,4.7555694580078125
308,1203,3,4.685164928436279
308,1012,4,4.618283748626709
308,316,5,4.582368850708008
308,268,6,4.582089900970459
308,963,7,4.541986465454102
308,1623,8,4.531708240509033
308,636,9,4.481478691101074
308,258,10,4.477768421173096
309,173,1,4.607461452484131
309,659,2,4.422154903411865
309,285,3,4.3857879638671875
309,210,4,4.384136199951172
309,611,5,4.376404762268066
309,168,6,4.362496852874756
309,208,7,4.317387580871582
309,1193,8,4.276210784912109
309,12,9,4.275210380554199
309,603,10,4.24314022064209
310,963,1,5.183779239654541
310,285,2,5.029857158660889
310,613,3,4.99818229675293
310,478,4,4.974226474761963
310,511,5,4.973262786865234
310,483,6,4.945662975311279
310,12,7,4.9244914054870605
310,50,8,4.879763603210449
310,190,9,4.874848365783691
310,174,10,4.859955310821533
311,408,1,4.934272766113281
311,742,2,4.826891899108887
311,169,3,4.724925994873047
311,513,4,4.6379194259643555
311,405,5,4.624368667602539
311,237,6,4.606213092803955
311,297,7,4.598713397979736
311,272,8,4.5954742431640625
311,153,9,4.583985328674316
311,144,10,4.552888870239258
312,9,1,5.619386672973633
312,650,2,5.586787223815918
312,45,3,5.528160572052002
312,515,4,5.489124298095703
312,242,5,5.2649827003479
312,212,6,5.218238830566406
312,923,7,5.203114032745361
312,302,8,5.1977643966674805
312,966,9,5.184786796569824
312,707,10,5.147971153259277
313,513,1,4.9745001792907715
313,528,2,4.86675500869751
313,462,3,4.82840633392334
313,60,4,4.700805187225342
313,1449,5,4.6731414794921875
313,273,6,4.666154861450195
313,302,7,4.617040634155273
313,285,8,4.555304527282715
313,656,9,4.552682876586914
313,165,10,4.542855739593506
314,272,1,5.5867838859558105
314,651,2,5.248422145843506
314,690,3,5.212457656860352
314,333,4,5.168292999267578
314,465,5,5.1280717849731445
314,190,6,5.125690937042236
314,178,7,5.116939544677734
314,1512,8,5.092997074127197
314,44,9,5.088932037353516
314,98,10,5.053698539733887
315,124,1,5.172336578369141
315,408,2,4.972363471984863
315,45,3,4.9627251625061035
315,512,4,4.949188232421875
315,197,5,4.937424659729004
315,963,6,4.9096999168396
315,483,7,4.899424076080322
315,315,8,4.841928482055664
315,131,9,4.761849403381348
315,1103,10,4.758500576019287
316,272,1,5.10846471786499
316,116,2,4.702051162719727
316,19,3,4.688938617706299
316,514,4,4.688861846923828
316,214,5,4.367905616760254
316,1524,6,4.357388019561768
316,414,7,4.343752861022949
316,119,8,4.323043346405029
316,315,9,4.293916702270508
316,114,10,4.26007604598999
317,48,1,4.868956089019775
317,190,2,4.757894515991211
317,12,3,4.7549920082092285
317,483,4,4.748959064483643
317,211,5,4.729950428009033
317,408,6,4.685989856719971
317,89,7,4.681296348571777
317,515,8,4.660515785217285
317,175,9,4.630129814147949
317,169,10,4.60173225402832
318,568,1,5.409853935241699
318,425,2,5.171141624450684
318,153,3,5.113734722137451
318,513,4,5.060260772705078
318,603,5,5.002742767333984
318,97,6,4.999007701873779
318,431,7,4.92557430267334
318,1073,8,4.909426212310791
318,71,9,4.897214412689209
318,652,10,4.8906660079956055
319,484,1,4.850578784942627
319,169,2,4.741615295410156
319,344,3,4.719272613525391
319,1449,4,4.712965965270996
319,12,5,4.70163631439209
319,89,6,4.684024333953857
319,190,7,4.679322242736816
319,515,8,4.6683502197265625
319,520,9,4.664227485656738
319,208,10,4.655740737915039
320,272,1,5.139235973358154
320,302,2,5.12069034576416
320,12,3,5.099669456481934
320,313,4,5.086207389831543
320,168,5,5.006606578826904
320,60,6,5.0040788650512695
320,214,7,4.957729339599609
320,603,8,4.947261810302734
320,87,9,4.9293212890625
320,144,10,4.905386447906494
321,98,1,4.8803391456604
321,427,2,4.760594844818115
321,179,3,4.732551574707031
321,408,4,4.642289161682129
321,520,5,4.56375789642334
321,963,6,4.549645900726318
321,193,7,4.493447303771973
321,488,8,4.477300643920898
321,482,9,4.429196834564209
321,506,10,4.396574974060059
322,285,1,5.1368818283081055
322,603,2,5.128194808959961
322,474,3,4.771810531616211
322,100,4,4.745577812194824
322,357,5,4.744140625
322,963,6,4.7366533279418945
322,661,7,4.727702617645264
322,132,8,4.723414897918701
322,50,9,4.691370010375977
322,423,10,4.6580305099487305
323,357,1,5.023244380950928
323,603,2,4.998262405395508
323,427,3,4.95033073425293
323,480,4,4.671727657318115
323,135,5,4.554095268249512
323,64,6,4.531024932861328
323,169,7,4.494740962982178
323,12,8,4.484974384307861
323,285,9,4.472912311553955
323,191,10,4.46749210357666
324,588,1,5.73960018157959
324,344,2,5.636520862579346
324,853,3,5.494500637054443
324,205,4,5.409565448760986
324,367,5,5.348255157470703
324,963,6,5.318071365356445
324,316,7,5.305792808532715
324,251,8,5.301074981689453
324,1449,9,5.277250289916992
324,7,10,5.269441604614258
325,59,1,4.972578048706055
325,488,2,4.813330173492432
325,603,3,4.668431282043457
325,922,4,4.631742000579834
325,519,5,4.614593505859375
325,61,6,4.612797737121582
325,178,7,4.473404884338379
325,513,8,4.452297687530518
325,462,9,4.403924465179443
325,1449,10,4.398323059082031
326,692,1,4.951095104217529
326,190,2,4.575623512268066
326,742,3,4.561485767364502
326,922,4,4.531888961791992
326,274,5,4.40761661529541
326,506,6,4.377849102020264
326,736,7,4.340346813201904
326,245,8,4.295577049255371
326,344,9,4.292041778564453
326,863,10,4.267266273498535
327,483,1,4.739461898803711
327,132,2,4.449419021606445
327,1126,3,4.42853307723999
327,657,4,4.399145126342773
327,443,5,4.351432800292969
327,19,6,4.325320720672607
327,378,7,4.320789813995361
327,97,8,4.307505130767822
327,607,9,4.26722526550293
327,707,10,4.265329837799072
328,958,1,4.766005992889404
328,59,2,4.739181041717529
328,527,3,4.670762062072754
328,434,4,4.668947219848633
328,156,5,4.631026744842529
328,735,6,4.599122047424316
328,190,7,4.559944152832031
328,171,8,4.538226127624512
328,137,9,4.519445419311523
328,493,10,4.5093841552734375
329,89,1,4.5999755859375
329,1194,2,4.581292152404785
329,531,3,4.579959869384766
329,603,4,4.548079013824463
329,1449,5,4.527987003326416
329,863,6,4.509489059448242
329,694,7,4.456820487976074
329,14,8,4.4563140869140625
329,654,9,4.430438041687012
329,134,10,4.42933988571167
330,176,1,5.615708827972412
330,1021,2,5.5832037925720215
330,222,3,5.5125627517700195
330,173,4,5.4457855224609375
330,170,5,5.42676305770874
330,662,6,5.422972679138184
330,48,7,5.415865898132324
330,483,8,5.409204483032227
330,12,9,5.373137474060059
330,613,10,5.373058795928955
331,12,1,4.524953365325928
331,276,2,4.454696178436279
331,285,3,4.381125450134277
331,659,4,4.336294651031494
331,272,5,4.3349456787109375
331,156,6,4.304349899291992
331,315,7,4.2822699546813965
331,316,8,4.2446370124816895
331,531,9,4.184176445007324
331,661,10,4.163023948669434
332,268,1,5.830026149749756
332,318,2,5.401914119720459
332,132,3,5.329014301300049
332,185,4,5.260078430175781
332,187,5,5.222796440124512
332,498,6,5.2009172439575195
332,527,7,5.195295333862305
332,203,8,5.191351890563965
332,343,9,5.168065071105957
332,169,10,5.140900135040283
333,1159,1,4.775702476501465
333,190,2,4.621381759643555
333,344,3,4.607574939727783
333,275,4,4.604466915130615
333,10,5,4.5833635330200195
333,172,6,4.575766563415527
333,735,7,4.559327602386475
333,1269,8,4.558306694030762
333,251,9,4.554658889770508
333,318,10,4.553572654724121
334,45,1,4.772268772125244
334,654,2,4.745183944702148
334,603,3,4.661809921264648
334,735,4,4.582999229431152
334,646,5,4.581664085388184
334,480,6,4.521145820617676
334,199,7,4.510790824890137
334,513,8,4.5029072761535645
334,48,9,4.501010894775391
334,963,10,4.498808860778809
335,179,1,4.916131496429443
335,344,2,4.748435020446777
335,483,3,4.652878284454346
335,496,4,4.63437557220459
335,60,5,4.6239423751831055
335,205,6,4.524668216705322
335,434,7,4.520071983337402
335,513,8,4.516551494598389
335,528,9,4.516255855560303
335,189,10,4.482013702392578
336,172,1,5.42307710647583
336,169,2,4.8078389167785645
336,12,3,4.774763107299805
336,963,4,4.687195301055908
336,408,5,4.654349327087402
336,22,6,4.63991117477417
336,205,7,4.637670993804932
336,487,8,4.633270263671875
336,150,9,4.628146648406982
336,64,10,4.619089126586914
337,98,1,5.082770824432373
337,496,2,4.999451160430908
337,313,3,4.756606101989746
337,484,4,4.685648441314697
337,89,5,4.639962673187256
337,178,6,4.639405727386475
337,165,7,4.634356498718262
337,378,8,4.631262302398682
337,1449,9,4.608105659484863
337,136,10,4.6022796630859375
338,165,1,5.042868137359619
338,238,2,5.015547275543213
338,199,3,4.9678263664245605
338,603,4,4.93820858001709
338,1103,5,4.89721155166626
338,153,6,4.881165981292725
338,98,7,4.8698015213012695
338,19,8,4.827078342437744
338,428,9,4.826901435852051
338,647,10,4.770906925201416
339,919,1,5.530769348144531
339,1021,2,5.211961269378662
339,604,3,5.194662094116211
339,813,4,5.192339897155762
339,519,5,5.183141708374023
339,1142,6,5.154116630554199
339,529,7,5.0346221923828125
339,48,8,5.012934684753418
339,507,9,5.003579616546631
339,923,10,4.98586368560791
340,657,1,5.367840766906738
340,64,2,5.258851528167725
340,603,3,5.133108139038086
340,1021,4,5.129312038421631
340,178,5,5.00555419921875
340,318,6,4.940976619720459
340,496,7,4.9137163162231445
340,98,8,4.881765365600586
340,607,9,4.872926712036133
340,504,10,4.849529266357422
341,64,1,5.430968761444092
341,173,2,5.291098117828369
341,647,3,5.2858195304870605
341,483,4,5.285531044006348
341,170,5,5.12620210647583
341,285,6,5.0994696617126465
341,168,7,5.0854902267456055
341,694,8,5.079529285430908
341,514,9,5.067035675048828
341,513,10,5.063340663909912
342,180,1,4.995581150054932
342,494,2,4.922693252563477
342,707,3,4.839301586151123
342,213,4,4.834049224853516
342,610,5,4.675379276275635
342,83,6,4.623507499694824
342,853,7,4.60563850402832
342,629,8,4.593166351318359
342,242,9,4.5491251945495605
342,201,10,4.543899059295654
343,251,1,5.356050968170166
343,513,2,5.209558486938477
343,521,3,5.20207405090332
343,511,4,5.1696391105651855
343,136,5,5.132338523864746
343,60,6,5.121819496154785
343,516,7,5.094577789306641
343,165,8,5.089012145996094
343,262,9,5.04545259475708
343,647,10,5.038202285766602
344,56,1,5.05649471282959
344,475,2,5.0338592529296875
344,187,3,4.969041347503662
344,168,4,4.965084075927734
344,221,5,4.861686706542969
344,480,6,4.832109451293945
344,653,7,4.802340030670166
344,654,8,4.786992073059082
344,515,9,4.786318302154541
344,134,10,4.760677337646484
345,493,1,5.052880764007568
345,408,2,5.040831565856934
345,213,3,4.998724460601807
345,648,4,4.916499614715576
345,483,5,4.8569416999816895
345,603,6,4.8363542556762695
345,474,7,4.82703971862793
345,657,8,4.810093879699707
345,189,9,4.793646812438965
345,694,10,4.784506320953369
346,478,1,4.821235179901123
346,126,2,4.779880523681641
346,1017,3,4.565650939941406
346,641,4,4.54428768157959
346,223,5,4.5364251136779785
346,302,6,4.502684116363525
346,1405,7,4.492971420288086
346,32,8,4.478182792663574
346,902,9,4.446474075317383
346,487,10,4.411443710327148
347,478,1,5.221076965332031
347,1005,2,5.152649879455566
347,504,3,5.107716083526611
347,603,4,5.064151287078857
347,92,5,5.016363620758057
347,228,6,4.9759135246276855
347,1449,7,4.957127571105957
347,651,8,4.93140172958374
347,196,9,4.838531970977783
347,658,10,4.833639144897461
348,28,1,5.150493144989014
348,96,2,5.116855621337891
348,181,3,5.10875129699707
348,483,4,5.003844261169434
348,210,5,4.996389389038086
348,172,6,4.938972473144531
348,318,7,4.863205432891846
348,22,8,4.85648250579834
348,50,9,4.851598739624023
348,208,10,4.83102560043335
349,56,1,4.855144023895264
349,134,2,4.833583354949951
349,474,3,4.735788345336914
349,190,4,4.675060272216797
349,1512,5,4.65847110748291
349,315,6,4.63618278503418
349,135,7,4.609071254730225
349,1449,8,4.598012924194336
349,382,9,4.562412738800049
349,408,10,4.509982585906982
350,197,1,5.327919960021973
350,357,2,5.148094177246094
350,496,3,5.117518424987793
350,484,4,5.104380130767822
350,179,5,5.048670768737793
350,474,6,5.03718376159668
350,483,7,5.011279106140137
350,134,8,5.009953498840332
350,199,9,4.9867634773254395
350,528,10,4.98330545425415
351,64,1,5.4678120613098145
351,603,2,5.374070644378662
351,12,3,5.294129848480225
351,735,4,5.272568702697754
351,87,5,5.22447395324707
351,223,6,5.19730281829834
351,79,7,5.195991039276123
351,172,8,5.1177978515625
351,177,9,5.1116743087768555
351,83,10,5.105717658996582
352,316,1,4.980012893676758
352,197,2,4.890595436096191
352,1142,3,4.874502658843994
352,185,4,4.868674278259277
352,675,5,4.8683061599731445
352,22,6,4.863094806671143
352,157,7,4.861246109008789
352,661,8,4.783536434173584
352,484,9,4.760955333709717
352,211,10,4.740689754486084
353,98,1,4.536905765533447
353,475,2,4.531514644622803
353,318,3,4.522820472717285
353,483,4,4.355334281921387
353,173,5,4.308985233306885
353,165,6,4.266941070556641
353,64,7,4.254734516143799
353,211,8,4.2483134269714355
353,133,9,4.2475786209106445
353,659,10,4.2386016845703125
354,408,1,4.868980884552002
354,647,2,4.7839741706848145
354,1536,3,4.657865047454834
354,923,4,4.6530046463012695
354,646,5,4.652816295623779
354,963,6,4.616632461547852
354,654,7,4.612056255340576
354,1103,8,4.604508876800537
354,921,9,4.593001365661621
354,1193,10,4.5918660163879395
355,525,1,5.456374645233154
355,603,2,5.353507995605469
355,178,3,5.271388053894043
355,521,4,5.226409912109375
355,189,5,5.171987056732178
355,169,6,5.160067558288574
355,657,7,5.159631729125977
355,71,8,5.153992652893066
355,198,9,5.149346351623535
355,963,10,5.14865255355835
356,480,1,4.906022071838379
356,479,2,4.808039665222168
356,483,3,4.7735114097595215
356,28,4,4.742826461791992
356,735,5,4.736660957336426
356,64,6,4.705254554748535
356,484,7,4.687814712524414
356,165,8,4.6840643882751465
356,427,9,4.6485514640808105
356,963,10,4.645009517669678
357,316,1,5.7778706550598145
357,313,2,5.6977996826171875
357,483,3,5.478451728820801
357,310,4,5.4188618659973145
357,305,5,5.409306049346924
357,427,6,5.4091572761535645
357,654,7,5.37835168838501
357,187,8,5.37674617767334
357,792,9,5.372434616088867
357,856,10,5.364844799041748
358,483,1,5.022243022918701
358,1449,2,4.90618371963501
358,318,3,4.849904537200928
358,190,4,4.802536964416504
358,923,5,4.714509963989258
358,432,6,4.713736534118652
358,320,7,4.694040775299072
358,178,8,4.689837455749512
358,100,9,4.66201114654541
358,223,10,4.6601409912109375
359,318,1,5.1102423667907715
359,1449,2,4.952466011047363
359,173,3,4.927786827087402
359,134,4,4.852712631225586
359,48,5,4.843831539154053
359,172,6,4.774753093719482
359,178,7,4.773472309112549
359,525,8,4.771936893463135
359,251,9,4.703801155090332
359,190,10,4.692243576049805
360,318,1,5.146827220916748
360,427,2,5.102019309997559
360,276,3,5.036016464233398
360,23,4,4.822705268859863
360,659,5,4.816279411315918
360,48,6,4.688050746917725
360,923,7,4.677167892456055
360,603,8,4.660803318023682
360,178,9,4.651343822479248
360,660,10,4.6152825355529785
361,134,1,5.194414138793945
361,318,2,5.037286281585693
361,48,3,4.977226257324219
361,313,4,4.812824726104736
361,45,5,4.803770542144775
361,656,6,4.780972003936768
361,269,7,4.741604804992676
361,483,8,4.740755081176758
361,923,9,4.664328575134277
361,199,10,4.651788234710693
362,427,1,5.097658634185791
362,515,2,5.037511348724365
362,922,3,5.022522926330566
362,190,4,5.005412578582764
362,12,5,4.971580982208252
362,657,6,4.942200660705566
362,169,7,4.941056251525879
362,200,8,4.921173095703125
362,178,9,4.917093276977539
362,520,10,4.904568672180176
363,647,1,4.806809425354004
363,659,2,4.733070373535156
363,175,3,4.6724138259887695
363,64,4,4.645517349243164
363,318,5,4.477316379547119
363,615,6,4.469100475311279
363,963,7,4.448397636413574
363,475,8,4.440791130065918
363,57,9,4.431466102600098
363,246,10,4.424378871917725
364,318,1,5.0333991050720215
364,203,2,4.774372577667236
364,56,3,4.741147041320801
364,134,4,4.732747554779053
364,12,5,4.690585613250732
364,272,6,4.687466621398926
364,1449,7,4.685598850250244
364,316,8,4.665899276733398
364,483,9,4.6583757400512695
364,190,10,4.647180080413818
365,179,1,4.861875534057617
365,114,2,4.820865154266357
365,201,3,4.749259948730469
365,346,4,4.749250411987305
365,474,5,4.736633777618408
365,246,6,4.6995768547058105
365,318,7,4.631148338317871
365,707,8,4.612244606018066
365,183,9,4.601665496826172
365,7,10,4.569998741149902
366,531,1,5.44087553024292
366,499,2,5.390738487243652
366,475,3,5.323811054229736
366,189,4,5.3189263343811035
366,272,5,5.252532482147217
366,513,6,5.223329067230225
366,427,7,5.2052388191223145
366,1405,8,5.193445682525635
366,709,9,5.188982963562012
366,511,10,5.16599702835083
367,318,1,5.470355033874512
367,515,2,5.449295997619629
367,657,3,5.4228386878967285
367,408,4,5.389069080352783
367,313,5,5.3676886558532715
367,603,6,5.3080925941467285
367,64,7,5.241217613220215
367,205,8,5.236711025238037
367,648,9,5.2227911949157715
367,174,10,5.215259075164795
368,169,1,4.8005852699279785
368,269,2,4.7162885665893555
368,187,3,4.692956447601318
368,191,4,4.63770055770874
368,430,5,4.613983154296875
368,8,6,4.578389644622803
368,1021,7,4.567071437835693
368,48,8,4.566525459289551
368,709,9,4.527621746063232
368,178,10,4.505928039550781
369,318,1,4.767656326293945
369,408,2,4.587371826171875
369,12,3,4.58138370513916
369,523,4,4.5622758865356445
369,1449,5,4.530300617218018
369,114,6,4.515622615814209
369,316,7,4.514843940734863
369,603,8,4.508217811584473
369,191,9,4.500511169433594
369,223,10,4.499675273895264
370,318,1,4.477938652038574
370,519,2,4.31040096282959
370,69,3,4.298466682434082
370,531,4,4.282317161560059
370,530,5,4.263996601104736
370,133,6,4.25709867477417
370,488,7,4.2555155754089355
370,241,8,4.2519636154174805
370,1194,9,4.236203670501709
370,202,10,4.227649688720703
371,318,1,5.360477924346924
371,191,2,4.894055366516113
371,190,3,4.882054805755615
371,313,4,4.83355188369751
371,651,5,4.727043151855469
371,498,6,4.674809455871582
371,493,7,4.644646167755127
371,203,8,4.631606101989746
371,56,9,4.601508617401123
371,71,10,4.562506675720215
372,515,1,5.517152309417725
372,487,2,5.388925075531006
372,357,3,5.384705543518066
372,8,4,5.378488540649414
372,50,5,5.363759994506836
372,318,6,5.362119674682617
372,427,7,5.357845306396484
372,192,8,5.351300239562988
372,484,9,5.313501358032227
372,480,10,5.300734996795654
373,408,1,4.97953462600708
373,486,2,4.828909873962402
373,484,3,4.773858070373535
373,1194,4,4.747049331665039
373,119,5,4.7144646644592285
373,251,6,4.68064546585083
373,753,7,4.664964199066162
373,1098,8,4.640695095062256
373,270,9,4.621694564819336
373,221,10,4.614365577697754
374,191,1,4.959019184112549
374,435,2,4.710042953491211
374,603,3,4.6725687980651855
374,83,4,4.664697170257568
374,645,5,4.633604526519775
374,213,6,4.581838607788086
374,300,7,4.574254989624023
374,945,8,4.568729877471924
374,187,9,4.556061267852783
374,553,10,4.545671463012695
375,50,1,5.065035820007324
375,190,2,4.801133632659912
375,100,3,4.7626633644104
375,647,4,4.759002208709717
375,172,5,4.737278938293457
375,496,6,4.7255096435546875
375,285,7,4.720412731170654
375,651,8,4.717105388641357
375,12,9,4.715362548828125
375,134,10,4.694528579711914
376,480,1,4.531923770904541
376,313,2,4.4907941818237305
376,515,3,4.4705491065979
376,12,4,4.403388500213623
376,483,5,4.396356582641602
376,963,6,4.345184326171875
376,1194,7,4.328554630279541
376,923,8,4.3237810134887695
376,174,9,4.311963081359863
376,427,10,4.300534248352051
377,318,1,5.25589656829834
377,64,2,5.114748001098633
377,12,3,4.9972944259643555
377,736,4,4.847135066986084
377,651,5,4.845765590667725
377,427,6,4.823001384735107
377,100,7,4.764599323272705
377,484,8,4.7021613121032715
377,496,9,4.688979625701904
377,50,10,4.647536277770996
378,657,1,4.78599739074707
378,114,2,4.743837356567383
378,487,3,4.7244648933410645
378,357,4,4.711313247680664
378,483,5,4.690681457519531
378,613,6,4.638243675231934
378,427,7,4.582089424133301
378,478,8,4.573590278625488
378,1449,9,4.570382118225098
378,603,10,4.56594181060791
379,499,1,4.994925022125244
379,657,2,4.973592281341553
379,302,3,4.971926689147949
379,223,4,4.964600563049316
379,180,5,4.950716972351074
379,315,6,4.9349589347839355
379,919,7,4.92214298248291
379,182,8,4.906314849853516
379,632,9,4.888435363769531
379,1021,10,4.869575023651123
381,515,1,5.320843696594238
381,357,2,5.17086124420166
381,408,3,5.061192512512207
381,425,4,4.999886989593506
381,169,5,4.904539108276367
381,251,6,4.898395538330078
381,183,7,4.858327388763428
381,223,8,4.85382080078125
381,1449,9,4.79736852645874
381,56,10,4.796475887298584
382,661,1,4.352923393249512
382,611,2,4.28706693649292
382,657,3,4.1176347732543945
382,60,4,4.07037878036499
382,634,5,4.062550067901611
382,603,6,4.050510883331299
382,525,7,4.019318580627441
382,11,8,3.9825053215026855
382,12,9,3.9802350997924805
382,1019,10,3.9795117378234863
383,408,1,5.6035614013671875
383,344,2,5.401856899261475
383,187,3,5.365007400512695
383,56,4,5.345767974853516
383,1449,5,5.313323974609375
383,285,6,5.285961627960205
383,168,7,5.2487945556640625
383,653,8,5.243252277374268
383,512,9,5.222544193267822
383,527,10,5.222348690032959
384,515,1,5.014852046966553
384,427,2,4.899316310882568
384,1449,3,4.866859436035156
384,64,4,4.859382152557373
384,357,5,4.85773229598999
384,483,6,4.850875377655029
384,318,7,4.849182605743408
384,169,8,4.816267490386963
384,480,9,4.805795669555664
384,181,10,4.802029132843018
385,652,1,5.070923805236816
385,923,2,4.693869590759277
385,1203,3,4.555352687835693
385,381,4,4.542200088500977
385,474,5,4.535229206085205
385,789,6,4.5155229568481445
385,223,7,4.454408168792725
385,311,8,4.417865753173828
385,19,9,4.397213935852051
385,856,10,4.39054012298584
386,496,1,4.744026184082031
386,169,2,4.669825077056885
386,1194,3,4.6493306159973145
386,528,4,4.641862392425537
386,603,5,4.608923435211182
386,302,6,4.589827060699463
386,483,7,4.580359935760498
386,211,8,4.5682291984558105
386,656,9,4.563828945159912
386,315,10,4.546143054962158
387,1142,1,5.174978256225586
387,169,2,5.103765487670898
387,12,3,5.091108322143555
387,137,4,4.95677375793457
387,408,5,4.801458358764648
387,242,6,4.644580841064453
387,478,7,4.571047782897949
387,275,8,4.549497604370117
387,487,9,4.488369941711426
387,346,10,4.450401306152344
388,22,1,5.66690731048584
388,64,2,5.639936923980713
388,181,3,5.19598913192749
388,28,4,5.194009304046631
388,408,5,5.160429954528809
388,515,6,5.130669593811035
388,12,7,5.088773250579834
388,419,8,5.085432052612305
388,88,9,5.066927433013916
388,204,10,5.059829235076904
389,313,1,5.1355767250061035
389,119,2,4.969497203826904
389,242,3,4.965102195739746
389,1142,4,4.953794479370117
389,528,5,4.947085380554199
389,32,6,4.938497543334961
389,292,7,4.93337345123291
389,606,8,4.916656970977783
389,515,9,4.890160083770752
389,129,10,4.868655204772949
390,1449,1,5.1229071617126465
390,45,2,5.000914096832275
390,474,3,5.000369548797607
390,50,4,4.997629642486572
390,251,5,4.984893321990967
390,408,6,4.934835910797119
390,124,7,4.931488990783691
390,1005,8,4.92396354675293
390,483,9,4.899373531341553
390,694,10,4.886301517486572
391,170,1,4.945307731628418
391,178,2,4.888896465301514
391,285,3,4.838348865509033
391,654,4,4.825620651245117
391,514,5,4.810449600219727
391,199,6,4.702962875366211
391,641,7,4.633058547973633
391,302,8,4.629007339477539
391,135,9,4.517669677734375
391,151,10,4.4845991134643555
392,483,1,5.6135711669921875
392,479,2,5.590230941772461
392,709,3,5.34151554107666
392,1203,4,5.234831809997559
392,513,5,5.210106372833252
392,462,6,5.165597438812256
392,238,7,5.116520881652832
392,474,8,5.103349685668945
392,736,9,5.091789245605469
392,484,10,5.081423282623291
393,178,1,4.695028781890869
393,1512,2,4.662231922149658
393,607,3,4.611752033233643
393,344,4,4.5468034744262695
393,753,5,4.539113998413086
393,1449,6,4.493436336517334
393,506,7,4.490597248077393
393,60,8,4.417436599731445
393,502,9,4.370323181152344
393,664,10,4.364747047424316
394,408,1,5.300559997558594
394,1129,2,5.270879745483398
394,11,3,5.221609115600586
394,963,4,5.1515960693359375
394,427,5,5.1371684074401855
394,64,6,5.133368968963623
394,187,7,5.033802032470703
394,185,8,5.001115322113037
394,251,9,4.944553375244141
394,318,10,4.9388957023620605
395,11,1,5.205789089202881
395,169,2,5.1041412353515625
395,1021,3,5.085635662078857
395,171,4,5.0847320556640625
395,919,5,5.069299221038818
395,135,6,5.066596984863281
395,357,7,5.0658183097839355
395,1142,8,5.056103706359863
395,408,9,5.04189920425415
395,963,10,5.03902006149292
396,483,1,4.645290851593018
396,1021,2,4.600994110107422
396,234,3,4.581474304199219
396,169,4,4.569940090179443
396,513,5,4.560011863708496
396,753,6,4.5554914474487305
396,28,7,4.526589393615723
396,96,8,4.49488639831543
396,657,9,4.48657751083374
396,174,10,4.470701694488525
397,514,1,5.266909599304199
397,168,2,5.125580310821533
397,180,3,5.124789237976074
397,408,4,5.114303112030029
397,185,5,5.087290287017822
397,654,6,5.051808834075928
397,1142,7,5.015358924865723
397,488,8,4.918039798736572
397,1,9,4.905980587005615
397,603,10,4.822567939758301
398,210,1,4.925568103790283
398,515,2,4.838827133178711
398,709,3,4.834724426269531
398,313,4,4.767104148864746
398,165,5,4.749199390411377
398,507,6,4.744088172912598
398,22,7,4.687530517578125
398,487,8,4.677603244781494
398,513,9,4.644078731536865
398,638,10,4.505928039550781
400,318,1,4.994297504425049
400,127,2,4.790647029876709
400,50,3,4.75465202331543
400,1449,4,4.731451034545898
400,64,5,4.711343288421631
400,56,6,4.694911956787109
400,603,7,4.689424991607666
400,169,8,4.641589164733887
400,408,9,4.6276726722717285
400,251,10,4.612750053405762
401,258,1,4.519177436828613
401,313,2,4.509146213531494
401,633,3,4.337430000305176
401,238,4,4.321133136749268
401,393,5,4.13810396194458
401,165,6,4.120636463165283
401,213,7,4.099392414093018
401,549,8,4.074705600738525
401,421,9,4.04677677154541
401,644,10,4.0139594078063965
402,272,1,5.093342304229736
402,98,2,5.037327766418457
402,83,3,4.876314163208008
402,205,4,4.834700584411621
402,187,5,4.788174152374268
402,603,6,4.746715545654297
402,86,7,4.723821640014648
402,209,8,4.720707893371582
402,707,9,4.71190071105957
402,531,10,4.704100608825684
403,313,1,5.625388145446777
403,126,2,5.051185607910156
403,98,3,5.041999816894531
403,484,4,5.035734176635742
403,173,5,4.985054016113281
403,59,6,4.970809459686279
403,483,7,4.944998264312744
403,475,8,4.940532207489014
403,496,9,4.909036636352539
403,516,10,4.893300533294678
404,207,1,4.793450355529785
404,174,2,4.5584259033203125
404,208,3,4.550654411315918
404,97,4,4.455435276031494
404,657,5,4.44441032409668
404,315,6,4.441138744354248
404,191,7,4.430191516876221
404,963,8,4.425119400024414
404,178,9,4.416592597961426
404,165,10,4.416202545166016
406,474,1,5.847824573516846
406,347,2,4.988719940185547
406,92,3,4.874539852142334
406,171,4,4.766416072845459
406,111,5,4.719870567321777
406,480,6,4.573394298553467
406,644,7,4.567115783691406
406,82,8,4.564019203186035
406,646,9,4.511127948760986
406,1012,10,4.507999420166016
407,511,1,4.91865348815918
407,136,2,4.826121807098389
407,318,3,4.6648969650268555
407,165,4,4.6202216148376465
407,206,5,4.597925662994385
407,178,6,4.586178779602051
407,114,7,4.561145782470703
407,124,8,4.545188903808594
407,919,9,4.540139198303223
407,923,10,4.523813247680664
408,285,1,4.735343933105469
408,657,2,4.609511375427246
408,604,3,4.588357448577881
408,208,4,4.565697193145752
408,513,5,4.510933876037598
408,515,6,4.510349273681641
408,134,7,4.508520126342773
408,127,8,4.496210098266602
408,213,9,4.480255126953125
408,1194,10,4.478677272796631
409,272,1,4.822198867797852
409,641,2,4.725703716278076
409,508,3,4.68477725982666
409,131,4,4.677180767059326
409,1266,5,4.66658878326416
409,408,6,4.661234378814697
409,52,7,4.6537909507751465
409,269,8,4.624790191650391
409,518,9,4.624783039093018
409,492,10,4.591248035430908
410,174,1,4.139655113220215
410,12,2,4.1119771003723145
410,408,3,4.0743279457092285
410,603,4,4.072670936584473
410,64,5,4.070431232452393
410,89,6,4.009284973144531
410,22,7,3.9792065620422363
410,114,8,3.9723010063171387
410,313,9,3.94779372215271
410,478,10,3.908552646636963
411,1021,1,4.813838481903076
411,199,2,4.754286289215088
411,173,3,4.750634670257568
411,166,4,4.713440418243408
411,511,5,4.622873306274414
411,178,6,4.611967086791992
411,81,7,4.579744815826416
411,1142,8,4.552446365356445
411,91,9,4.536088466644287
411,318,10,4.510614395141602
412,272,1,4.807652950286865
412,513,2,4.800859451293945
412,100,3,4.720577239990234
412,98,4,4.705014705657959
412,603,5,4.691226482391357
412,511,6,4.681881904602051
412,191,7,4.619115352630615
412,204,8,4.59868860244751
412,69,9,4.577175140380859
412,251,10,4.555726528167725
413,213,1,4.742430210113525
413,228,2,4.663963317871094
413,511,3,4.581143856048584
413,98,4,4.559773921966553
413,52,5,4.548141002655029
413,496,6,4.519965171813965
413,1194,7,4.515317916870117
413,189,8,4.506031036376953
413,119,9,4.461510181427002
413,99,10,4.451583385467529
414,12,1,5.474626064300537
414,190,2,5.345767021179199
414,114,3,5.335392951965332
414,657,4,5.222238540649414
414,223,5,5.201733112335205
414,478,6,5.176051139831543
414,525,7,5.175919532775879
414,208,8,5.10230016708374
414,50,9,5.10214376449585
414,169,10,5.092268943786621
415,12,1,5.158675670623779
415,174,2,5.074606418609619
415,60,3,4.979989528656006
415,515,4,4.978078365325928
415,64,5,4.956926345825195
415,1019,6,4.93425989151001
415,408,7,4.869524002075195
415,1449,8,4.869428634643555
415,210,9,4.855638027191162
415,134,10,4.807311058044434
416,214,1,5.260379791259766
416,313,2,4.926579475402832
416,192,3,4.8278398513793945
416,479,4,4.7982048988342285
416,272,5,4.701112747192383
416,429,6,4.608799934387207
416,521,7,4.6026201248168945
416,1134,8,4.557555198669434
416,604,9,4.542877197265625
416,483,10,4.51321268081665
417,318,1,4.851253986358643
417,272,2,4.770411491394043
417,750,3,4.709339141845703
417,192,4,4.6838579177856445
417,316,5,4.666233062744141
417,213,6,4.665071487426758
417,10,7,4.569843292236328
417,633,8,4.5644426345825195
417,753,9,4.5517449378967285
417,320,10,4.5308427810668945
418,28,1,4.490292549133301
418,156,2,4.411106586456299
418,588,3,4.381929397583008
418,313,4,4.295212745666504
418,483,5,4.224020004272461
418,23,6,4.192663192749023
418,655,7,4.186827659606934
418,194,8,4.167329788208008
418,429,9,4.163595676422119
418,173,10,4.1447978019714355
419,12,1,5.256269454956055
419,603,2,5.027414798736572
419,963,3,5.0253190994262695
419,483,4,4.994920253753662
419,98,5,4.974332809448242
419,318,6,4.967988014221191
419,114,7,4.890719413757324
419,151,8,4.876010417938232
419,60,9,4.873301029205322
419,176,10,4.850573539733887
420,12,1,4.836484909057617
420,194,2,4.797603130340576
420,136,3,4.7960591316223145
420,318,4,4.788369178771973
420,483,5,4.7716217041015625
420,185,6,4.730896949768066
420,60,7,4.707240581512451
420,506,8,4.692900657653809
420,59,9,4.6838579177856445
420,498,10,4.676187992095947
421,228,1,4.93284273147583
421,203,2,4.8126373291015625
421,190,3,4.808226108551025
421,428,4,4.678547382354736
421,694,5,4.654935836791992
421,1449,6,4.652787685394287
421,663,7,4.650989532470703
421,136,8,4.614401817321777
421,479,9,4.603026866912842
421,1142,10,4.580400466918945
422,318,1,5.005500793457031
422,64,2,4.951312065124512
422,432,3,4.89963960647583
422,192,4,4.701457977294922
422,65,5,4.6621198654174805
422,193,6,4.654043674468994
422,508,7,4.593092918395996
422,61,8,4.582360744476318
422,344,9,4.568240165710449
422,169,10,4.532562732696533
423,513,1,5.0136260986328125
423,285,2,4.872316360473633
423,194,3,4.791159629821777
423,223,4,4.766956329345703
423,518,5,4.700134754180908
423,178,6,4.695180892944336
423,660,7,4.692387104034424
423,318,8,4.691877841949463
423,515,9,4.682926177978516
423,1137,10,4.659751892089844
424,531,1,5.265326499938965
424,509,2,5.13137674331665
424,524,3,5.116018772125244
424,736,4,4.994199275970459
424,483,5,4.8937835693359375
424,886,6,4.878914833068848
424,164,7,4.874734878540039
424,628,8,4.834995746612549
424,753,9,4.796289920806885
424,313,10,4.7956624031066895
425,42,1,4.771908760070801
425,150,2,4.603436470031738
425,612,3,4.442378997802734
425,166,4,4.440088272094727
425,168,5,4.312500953674316
425,530,6,4.300685882568359
425,169,7,4.298669338226318
425,603,8,4.268395900726318
425,511,9,4.233870506286621
425,276,10,4.230345726013184
426,202,1,4.8540754318237305
426,170,2,4.726967811584473
426,1021,3,4.719563007354736
426,165,4,4.707308769226074
426,45,5,4.609677314758301
426,611,6,4.56581449508667
426,127,7,4.561556816101074
426,497,8,4.554338455200195
426,479,9,4.520599842071533
426,498,10,4.4789204597473145
427,483,1,5.4842634201049805
427,56,2,5.31101131439209
427,1021,3,5.175220966339111
427,709,4,5.080892562866211
427,15,5,5.071806907653809
427,134,6,5.044055461883545
427,223,7,5.038793087005615
427,294,8,5.036474227905273
427,515,9,5.0185651779174805
427,28,10,5.012670993804932
428,199,1,5.316775321960449
428,318,2,5.311757564544678
428,165,3,5.306631088256836
428,64,4,5.304990768432617
428,478,5,5.2877936363220215
428,22,6,5.234926700592041
428,659,7,5.224715709686279
428,429,8,5.208386421203613
428,223,9,5.197944164276123
428,1449,10,5.175216197967529
429,205,1,4.880069732666016
429,302,2,4.696911334991455
429,515,3,4.668430328369141
429,61,4,4.597668170928955
429,169,5,4.591243267059326
429,513,6,4.572326183319092
429,272,7,4.496049404144287
429,144,8,4.452924728393555
429,408,9,4.409364700317383
429,854,10,4.40761661529541
430,223,1,4.785822868347168
430,652,2,4.739707946777344
430,357,3,4.707266807556152
430,603,4,4.5816850662231445
430,114,5,4.580961227416992
430,346,6,4.449347496032715
430,89,7,4.448142051696777
430,208,8,4.364334583282471
430,479,9,4.354773044586182
430,408,10,4.354644298553467
431,603,1,4.604992866516113
431,963,2,4.5604424476623535
431,606,3,4.544948101043701
431,483,4,4.508214473724365
431,513,5,4.5028977394104
431,656,6,4.492284774780273
431,98,7,4.476579189300537
431,1449,8,4.428375720977783
431,165,9,4.417328834533691
431,528,10,4.408656120300293
432,272,1,5.152218341827393
432,316,2,4.984192848205566
432,133,3,4.95721960067749
432,86,4,4.911187171936035
432,496,5,4.875694751739502
432,515,6,4.796879768371582
432,648,7,4.766980171203613
432,526,8,4.73110294342041
432,1405,9,4.724309921264648
432,194,10,4.7217535972595215
433,168,1,5.082232475280762
433,127,2,4.9863080978393555
433,408,3,4.9641008377075195
433,514,4,4.811756610870361
433,12,5,4.76081657409668
433,515,6,4.755309581756592
433,496,7,4.7520222663879395
433,647,8,4.733275890350342
433,50,9,4.728726387023926
433,20,10,4.714667320251465
434,603,1,5.248024940490723
434,265,2,5.07353401184082
434,50,3,4.796320915222168
434,208,4,4.788300514221191
434,215,5,4.754582405090332
434,98,6,4.742116928100586
434,498,7,4.741994857788086
434,144,8,4.700436115264893
434,97,9,4.686174392700195
434,202,10,4.677252769470215
435,316,1,4.988603591918945
435,150,2,4.972531795501709
435,521,3,4.758513450622559
435,529,4,4.74596643447876
435,246,5,4.740057945251465
435,257,6,4.725706100463867
435,1019,7,4.705534934997559
435,531,8,4.661735534667969
435,114,9,4.645995616912842
435,166,10,4.641427040100098
436,207,1,5.1286749839782715
436,479,2,5.099668979644775
436,69,3,4.999611854553223
436,709,4,4.982414245605469
436,57,5,4.981659412384033
436,489,6,4.925294399261475
436,246,7,4.896831035614014
436,315,8,4.88564920425415
436,652,9,4.868438720703125
436,1137,10,4.839746952056885
437,242,1,5.3026251792907715
437,269,2,5.09186315536499
437,302,3,4.942742824554443
437,408,4,4.864199638366699
437,317,5,4.84802770614624
437,9,6,4.844615459442139
437,427,7,4.788984298706055
437,494,8,4.784687042236328
437,285,9,4.776532173156738
437,506,10,4.735116958618164
438,520,1,5.023585319519043
438,174,2,5.005352973937988
438,922,3,5.004730701446533
438,165,4,4.999783039093018
438,657,5,4.996100902557373
438,479,6,4.977717876434326
438,199,7,4.966671943664551
438,194,8,4.943946838378906
438,178,9,4.941230773925781
438,169,10,4.895985126495361
439,134,1,4.8067755699157715
439,12,2,4.766889572143555
439,516,3,4.701390266418457
439,478,4,4.691062927246094
439,483,5,4.668985843658447
439,136,6,4.6444525718688965
439,753,7,4.617093086242676
439,654,8,4.615795135498047
439,923,9,4.581286430358887
439,251,10,4.5812788009643555
440,178,1,5.7678351402282715
440,137,2,5.703625679016113
440,135,3,5.699136734008789
440,169,4,5.561366081237793
440,200,5,5.556807041168213
440,919,6,5.487936019897461
440,89,7,5.474607944488525
440,168,8,5.4272990226745605
440,1142,9,5.424155235290527
440,525,10,5.394836902618408
441,513,1,4.4321770668029785
441,478,2,4.373831272125244
441,750,3,4.311601161956787
441,1449,4,4.2687859535217285
441,169,5,4.261064529418945
441,483,6,4.247496604919434
441,86,7,4.231056213378906
441,199,8,4.224992752075195
441,172,9,4.200320243835449
441,272,10,4.197812080383301
442,50,1,4.683043479919434
442,1142,2,4.682668209075928
442,183,3,4.681152820587158
442,647,4,4.658870220184326
442,199,5,4.517307281494141
442,513,6,4.485952377319336
442,474,7,4.453358173370361
442,408,8,4.448928356170654
442,57,9,4.423605918884277
442,173,10,4.370488166809082
443,64,1,5.533425331115723
443,12,2,5.121740341186523
443,1449,3,5.063117980957031
443,169,4,5.013498306274414
443,603,5,4.995238780975342
443,191,6,4.959954738616943
443,223,7,4.92410135269165
443,178,8,4.902333736419678
443,963,9,4.902238368988037
443,510,10,4.900273323059082
444,165,1,5.052185535430908
444,196,2,4.980717182159424
444,170,3,4.905361175537109
444,470,4,4.850752353668213
444,963,5,4.848575592041016
444,949,6,4.844867706298828
444,172,7,4.8310394287109375
444,463,8,4.824236869812012
444,483,9,4.808542251586914
444,42,10,4.792028427124023
445,191,1,3.4854226112365723
445,427,2,3.4295084476470947
445,513,3,3.289297342300415
445,515,4,3.2823686599731445
445,483,5,3.2781195640563965
445,498,6,3.2760839462280273
445,318,7,3.2665069103240967
445,153,8,3.262491226196289
445,134,9,3.2611711025238037
445,1203,10,3.246953248977661
446,302,1,4.359347343444824
446,199,2,4.322317600250244
446,12,3,4.289383888244629
446,654,4,4.178228378295898
446,657,5,4.162874698638916
446,516,6,4.13506555557251
446,178,7,4.1284918785095215
446,223,8,4.113771438598633
446,484,9,4.096773624420166
446,208,10,4.072328567504883
447,172,1,5.051650524139404
447,23,2,4.931521415710449
447,480,3,4.767005920410156
447,48,4,4.718530654907227
447,521,5,4.714691162109375
447,455,6,4.66984748840332
447,651,7,4.647970676422119
447,1449,8,4.6442461013793945
447,313,9,4.640444755554199
447,95,10,4.633885860443115
448,479,1,4.831845760345459
448,514,2,4.717144012451172
448,317,3,4.5684332847595215
448,603,4,4.565663814544678
448,173,5,4.553211688995361
448,408,6,4.537858009338379
448,663,7,4.53552770614624
448,657,8,4.48452091217041
448,98,9,4.483290672302246
448,64,10,4.44782018661499
449,23,1,5.199574947357178
449,474,2,5.040744781494141
449,56,3,4.881120204925537
449,357,4,4.740208625793457
449,238,5,4.71405029296875
449,408,6,4.691555023193359
449,531,7,4.645544052124023
449,45,8,4.620128631591797
449,209,9,4.616082668304443
449,12,10,4.576560020446777
450,210,1,5.074396133422852
450,189,2,4.994415283203125
450,285,3,4.980400562286377
450,515,4,4.887496471405029
450,45,5,4.845688819885254
450,922,6,4.803552150726318
450,1063,7,4.75834321975708
450,963,8,4.711214065551758
450,531,9,4.6876220703125
450,408,10,4.674601078033447
452,511,1,4.6737446784973145
452,313,2,4.564040660858154
452,192,3,4.417694568634033
452,750,4,4.415949821472168
452,189,5,4.376309871673584
452,14,6,4.369818687438965
452,484,7,4.25119161605835
452,157,8,4.211939334869385
452,402,9,4.185198783874512
452,183,10,4.16348934173584
454,466,1,4.12816858291626
454,287,2,4.127640247344971
454,512,3,4.048529148101807
454,515,4,4.022568225860596
454,1160,5,3.9983317852020264
454,787,6,3.960568428039551
454,1159,7,3.9569196701049805
454,283,8,3.900294303894043
454,178,9,3.8921926021575928
454,408,10,3.8722736835479736
455,134,1,4.830244064331055
455,480,2,4.720903396606445
455,285,3,4.714129447937012
455,316,4,4.663463592529297
455,1103,5,4.6589765548706055
455,478,6,4.643404006958008
455,661,7,4.636456489562988
455,1449,8,4.632938861846924
455,1512,9,4.631422996520996
455,427,10,4.628498077392578
456,318,1,4.905425548553467
456,10,2,4.903294563293457
456,89,3,4.846778392791748
456,527,4,4.76885986328125
456,408,5,4.67868709564209
456,1137,6,4.538045406341553
456,48,7,4.5279693603515625
456,1405,8,4.523106098175049
456,694,9,4.519532203674316
456,429,10,4.488820552825928
457,209,1,5.455031871795654
457,484,2,5.339489459991455
457,480,3,5.184159278869629
457,427,4,5.121130466461182
457,408,5,5.089413166046143
457,963,6,5.086780071258545
457,487,7,5.082983016967773
457,515,8,5.070986747741699
457,187,9,5.052988052368164
457,165,10,5.043935298919678
458,1449,1,5.062849998474121
458,320,2,4.917170524597168
458,47,3,4.805242538452148
458,185,4,4.782741546630859
458,205,5,4.758109092712402
458,505,6,4.755868911743164
458,507,7,4.687159061431885
458,89,8,4.6628241539001465
458,470,9,4.638689994812012
458,168,10,4.630948066711426
459,204,1,5.034017562866211
459,82,2,4.890501976013184
459,174,3,4.758940696716309
459,133,4,4.754325866699219
459,512,5,4.7432026863098145
459,270,6,4.738365650177002
459,143,7,4.725722312927246
459,963,8,4.697559356689453
459,923,9,4.6902570724487305
459,429,10,4.6609015464782715
460,172,1,4.337625503540039
460,750,2,4.310415744781494
460,863,3,4.29202127456665
460,659,4,4.268921852111816
460,316,5,4.261896133422852
460,133,6,4.246720314025879
460,694,7,4.2446393966674805
460,654,8,4.18961238861084
460,185,9,4.179593563079834
460,318,10,4.174325942993164
461,12,1,4.425737380981445
461,318,2,4.340681552886963
461,190,3,4.204914569854736
461,709,4,4.162064552307129
461,657,5,4.136608123779297
461,922,6,4.091837406158447
461,165,7,4.067028999328613
461,114,8,4.0662407875061035
461,1449,9,4.023063659667969
461,144,10,3.991910934448242
462,515,1,5.403600215911865
462,496,2,5.351907253265381
462,603,3,5.334636688232422
462,223,4,5.29050350189209
462,318,5,5.2380452156066895
462,316,6,5.209261417388916
462,127,7,5.185502052307129
462,189,8,5.168768405914307
462,87,9,5.143918991088867
462,1137,10,5.118767738342285
463,207,1,4.968169689178467
463,357,2,4.865139007568359
463,480,3,4.843284606933594
463,318,4,4.794769763946533
463,174,5,4.767706871032715
463,191,6,4.753714561462402
463,427,7,4.740402698516846
463,963,8,4.738758087158203
463,315,9,4.730451583862305
463,408,10,4.727351665496826
464,223,1,5.082027435302734
464,427,2,5.0734076499938965
464,1449,3,5.06265115737915
464,211,4,5.038820266723633
464,173,5,5.002814292907715
464,170,6,4.9805731773376465
464,603,7,4.9681525230407715
464,425,8,4.965005397796631
464,197,9,4.956027507781982
464,168,10,4.95199728012085
466,513,1,5.217896938323975
466,132,2,5.069948196411133
466,238,3,5.011521816253662
466,59,4,4.9029998779296875
466,199,5,4.880064010620117
466,659,6,4.879201412200928
466,203,7,4.875335216522217
466,318,8,4.861550331115723
466,285,9,4.85288667678833
466,526,10,4.839151382446289
467,187,1,4.966581344604492
467,182,2,4.928897857666016
467,135,3,4.882753372192383
467,134,4,4.830802917480469
467,179,5,4.821232318878174
467,654,6,4.7902607917785645
467,23,7,4.752022743225098
467,56,8,4.694289207458496
467,514,9,4.6692304611206055
467,60,10,4.613332748413086
468,178,1,5.193262577056885
468,197,2,5.030658721923828
468,169,3,4.987979412078857
468,136,4,4.967441082000732
468,1203,5,4.944390773773193
468,131,6,4.941874027252197
468,423,7,4.93262243270874
468,478,8,4.906720161437988
468,480,9,4.883335113525391
468,4,10,4.881425857543945
469,48,1,5.594020843505859
469,480,2,4.917506217956543
469,904,3,4.895092964172363
469,603,4,4.893862247467041
469,23,5,4.873641490936279
469,479,6,4.866156101226807
469,175,7,4.859374046325684
469,178,8,4.840977191925049
469,1021,9,4.818525791168213
469,285,10,4.801863193511963
470,496,1,4.895363807678223
470,318,2,4.888737678527832
470,208,3,4.860770225524902
470,199,4,4.833166122436523
470,196,5,4.656370639801025
470,302,6,4.574560642242432
470,1159,7,4.565042018890381
470,427,8,4.549343109130859
470,216,9,4.538926601409912
470,603,10,4.533955097198486
471,22,1,4.9083757400512695
471,651,2,4.686329364776611
471,313,3,4.674801826477051
471,318,4,4.671072006225586
471,204,5,4.651520252227783
471,317,6,4.453643798828125
471,234,7,4.450052261352539
471,493,8,4.423793315887451
471,64,9,4.394546031951904
471,97,10,4.389219760894775
472,12,1,6.121158123016357
472,60,2,5.694886207580566
472,87,3,5.458639621734619
472,134,4,5.436553001403809
472,1558,5,5.352355480194092
472,614,6,5.343529224395752
472,124,7,5.282588005065918
472,641,8,5.270111083984375
472,510,9,5.253021240234375
472,1098,10,5.233806133270264
473,483,1,5.2101640701293945
473,64,2,5.033680438995361
473,187,3,4.837536334991455
473,958,4,4.804635524749756
473,357,5,4.764577388763428
473,318,6,4.753788471221924
473,56,7,4.733160018920898
473,531,8,4.731173515319824
473,529,9,4.729610919952393
473,963,10,4.710962772369385
474,272,1,5.056224822998047
474,512,2,5.0194172859191895
474,268,3,5.018735408782959
474,223,4,4.985570430755615
474,169,5,4.969034671783447
474,156,6,4.9685378074646
474,718,7,4.949057579040527
474,228,8,4.930196285247803
474,246,9,4.8570756912231445
474,19,10,4.838778018951416
475,530,1,4.220297813415527
475,511,2,4.186492443084717
475,194,3,4.179210186004639
475,483,4,4.130573272705078
475,42,5,4.112295150756836
475,178,6,4.105414867401123
475,525,7,4.087630271911621
475,199,8,4.060837745666504
475,513,9,4.057529926300049
475,657,10,4.034361362457275
476,919,1,4.640435695648193
476,50,2,4.634402751922607
476,64,3,4.571971893310547
476,195,4,4.560678005218506
476,285,5,4.5304789543151855
476,531,6,4.508220195770264
476,237,7,4.499940395355225
476,176,8,4.4947333335876465
476,496,9,4.4869608879089355
476,22,10,4.474262237548828
477,318,1,5.526410102844238
477,178,2,5.328552722930908
477,114,3,5.307268142700195
477,515,4,5.294618606567383
477,1449,5,5.2733964920043945
477,313,6,5.222873687744141
477,958,7,5.209963798522949
477,205,8,5.200883865356445
477,963,9,5.200733661651611
477,478,10,5.198969841003418
478,205,1,5.26353645324707
478,262,2,5.170349597930908
478,14,3,5.048558235168457
478,498,4,4.979272842407227
478,190,5,4.945359706878662
478,251,6,4.913183689117432
478,344,7,4.907785415649414
478,60,8,4.886293411254883
478,191,9,4.859926223754883
478,657,10,4.826650142669678
479,735,1,4.962752342224121
479,12,2,4.814379692077637
479,191,3,4.766528129577637
479,124,4,4.733920574188232
479,512,5,4.707747936248779
479,919,6,4.672279357910156
479,462,7,4.656918048858643
479,59,8,4.656110763549805
479,316,9,4.650713920593262
479,64,10,4.648695468902588
480,199,1,4.56871223449707
480,19,2,4.41959285736084
480,170,3,4.417266845703125
480,205,4,4.327557563781738
480,189,5,4.319046974182129
480,525,6,4.318387031555176
480,408,7,4.316034317016602
480,520,8,4.302911281585693
480,660,9,4.256826400756836
480,89,10,4.243581295013428
481,656,1,4.989428520202637
481,1512,2,4.9655890464782715
481,513,3,4.93516206741333
481,936,4,4.92359733581543
481,483,5,4.901508331298828
481,119,6,4.89066219329834
481,511,7,4.8784661293029785
481,478,8,4.863714694976807
481,519,9,4.818844795227051
481,482,10,4.808435440063477
482,22,1,4.949388027191162
482,12,2,4.902388572692871
482,603,3,4.837421417236328
482,28,4,4.823676586151123
482,195,5,4.817498207092285
482,483,6,4.785093784332275
482,498,7,4.723947525024414
482,318,8,4.721435546875
482,753,9,4.707786560058594
482,520,10,4.682576656341553
483,174,1,4.424820423126221
483,172,2,4.421036720275879
483,28,3,4.327239513397217
483,408,4,4.317660331726074
483,193,5,4.312658309936523
483,659,6,4.308816909790039
483,493,7,4.299653053283691
483,694,8,4.270489692687988
483,136,9,4.263914108276367
483,190,10,4.259415626525879
484,190,1,5.190581321716309
484,511,2,5.106806755065918
484,192,3,5.02845573425293
484,99,4,5.007909297943115
484,8,5,4.9933929443359375
484,514,6,4.987081050872803
484,936,7,4.98532772064209
484,515,8,4.9617204666137695
484,466,9,4.92690372467041
484,165,10,4.924540996551514
485,169,1,4.979650974273682
485,654,2,4.95094108581543
485,170,3,4.935256004333496
485,408,4,4.864123344421387
485,611,5,4.819413185119629
485,194,6,4.691760540008545
485,165,7,4.608333110809326
485,641,8,4.604577541351318
485,166,9,4.593966007232666
485,484,10,4.5081281661987305
486,357,1,5.066946983337402
486,48,2,4.9815778732299805
486,427,3,4.893558502197266
486,134,4,4.869929313659668
486,480,5,4.764894485473633
486,482,6,4.631396293640137
486,172,7,4.6281962394714355
486,318,8,4.602084159851074
486,474,9,4.592869281768799
486,528,10,4.589282512664795
487,510,1,5.474852561950684
487,511,2,5.2270708084106445
487,707,3,5.202742576599121
487,523,4,5.077877998352051
487,1039,5,4.9843034744262695
487,187,6,4.971512317657471
487,168,7,4.968506813049316
487,208,8,4.955020427703857
487,516,9,4.95025110244751
487,302,10,4.934832572937012
488,88,1,4.36454963684082
488,313,2,4.346653461456299
488,837,3,4.244316577911377
488,194,4,4.2054595947265625
488,657,5,4.159601211547852
488,530,6,4.151510238647461
488,222,7,4.149531841278076
488,51,8,4.130753040313721
488,226,9,4.126121520996094
488,12,10,4.113788604736328
489,357,1,5.648233890533447
489,96,2,5.59842586517334
489,129,3,5.564257621765137
489,223,4,5.544094085693359
489,181,5,5.443535804748535
489,172,6,5.393370628356934
489,200,7,5.383088111877441
489,132,8,5.322325706481934
489,588,9,5.2562642097473145
489,79,10,5.248288631439209
490,23,1,4.073505878448486
490,12,2,4.038352012634277
490,654,3,3.875898838043213
490,480,4,3.869267225265503
490,134,5,3.8688507080078125
490,198,6,3.828580856323242
490,462,7,3.786606788635254
490,175,8,3.7660434246063232
490,60,9,3.7580273151397705
490,479,10,3.701885461807251
491,652,1,4.873668670654297
491,603,2,4.745087146759033
491,96,3,4.677247047424316
491,117,4,4.664597511291504
491,963,5,4.619752883911133
491,176,6,4.569252014160156
491,223,7,4.485363483428955
491,498,8,4.481657028198242
491,203,9,4.45883846282959
491,64,10,4.446062088012695
492,258,1,4.28648567199707
492,12,2,3.995121955871582
492,408,3,3.973971366882324
492,8,4,3.945706367492676
492,170,5,3.9349751472473145
492,357,6,3.933492422103882
492,208,7,3.9126522541046143
492,611,8,3.8690497875213623
492,187,9,3.8578224182128906
492,318,10,3.8429126739501953
493,93,1,5.267941951751709
493,408,2,5.240567684173584
493,346,3,5.101543426513672
493,660,4,5.066897869110107
493,223,5,5.046536445617676
493,692,6,4.938030242919922
493,302,7,4.926211833953857
493,318,8,4.848565101623535
493,498,9,4.845170974731445
493,916,10,4.8310747146606445
494,298,1,5.255344867706299
494,22,2,5.208098411560059
494,12,3,5.197080612182617
494,285,4,5.1743669509887695
494,318,5,5.12537956237793
494,189,6,4.922850608825684
494,169,7,4.883450031280518
494,275,8,4.852667331695557
494,56,9,4.824251174926758
494,223,10,4.811214447021484
495,427,1,5.246068000793457
495,651,2,5.110481262207031
495,313,3,5.075386047363281
495,661,4,5.0454583168029785
495,955,5,5.023324012756348
495,31,6,5.008151054382324
495,117,7,4.971193313598633
495,134,8,4.954717636108398
495,205,9,4.942030429840088
495,508,10,4.93777322769165
496,316,1,4.866809844970703
496,48,2,4.646451950073242
496,455,3,4.42115592956543
496,201,4,4.369544982910156
496,645,5,4.252983093261719
496,1073,6,4.249521732330322
496,302,7,4.244223594665527
496,257,8,4.242116928100586
496,114,9,4.2163777351379395
496,272,10,4.215157508850098
497,116,1,4.8567609786987305
497,483,2,4.719799518585205
497,357,3,4.694969654083252
497,64,4,4.575657844543457
497,521,5,4.532181739807129
497,316,6,4.501836776733398
497,523,7,4.462075233459473
497,157,8,4.416820526123047
497,530,9,4.408640384674072
497,663,10,4.4026618003845215
498,200,1,4.2681450843811035
498,408,2,4.190481662750244
498,746,3,4.18648624420166
498,1449,4,4.169023036956787
498,835,5,4.122945785522461
498,661,6,4.114503383636475
498,178,7,4.068354606628418
498,863,8,4.058485507965088
498,199,9,4.0529985427856445
498,285,10,4.049402236938477
499,42,1,5.117929458618164
499,19,2,4.977419376373291
499,526,3,4.954804420471191
499,116,4,4.875082492828369
499,1103,5,4.85178804397583
499,190,6,4.840047836303711
499,315,7,4.825593948364258
499,936,8,4.816783428192139
499,713,9,4.7760467529296875
499,316,10,4.772976875305176
500,187,1,4.934876441955566
500,856,2,4.929867744445801
500,1449,3,4.907434463500977
500,12,4,4.860813617706299
500,675,5,4.81348991394043
500,298,6,4.771617412567139
500,656,7,4.677529335021973
500,657,8,4.636290550231934
500,316,9,4.629751682281494
500,612,10,4.622071266174316
501,48,1,5.044286727905273
501,285,2,4.967848300933838
501,513,3,4.931219577789307
501,171,4,4.927547931671143
501,511,5,4.919848918914795
501,175,6,4.913224220275879
501,474,7,4.87448787689209
501,169,8,4.865222454071045
501,170,9,4.856790542602539
501,64,10,4.837589740753174
502,174,1,5.050889492034912
502,474,2,4.987911224365234
502,50,3,4.972099304199219
502,318,4,4.964419841766357
502,496,5,4.933142185211182
502,483,6,4.908347129821777
502,315,7,4.820986270904541
502,199,8,4.81930685043335
502,56,9,4.8180832862854
502,197,10,4.816214084625244
503,515,1,5.5387468338012695
503,302,2,5.410887241363525
503,483,3,5.359373569488525
503,528,4,5.278369426727295
503,257,5,5.203040599822998
503,169,6,5.196658134460449
503,478,7,5.194864273071289
503,265,8,5.115581512451172
503,520,9,5.092336654663086
503,425,10,5.074163436889648
504,603,1,5.096837043762207
504,272,2,5.088184356689453
504,313,3,5.035688400268555
504,57,4,5.007122993469238
504,659,5,4.963675498962402
504,427,6,4.827308177947998
504,64,7,4.8156232833862305
504,492,8,4.8054704666137695
504,429,9,4.748178482055664
504,515,10,4.741451263427734
505,242,1,4.746536731719971
505,513,2,4.696530342102051
505,750,3,4.685721397399902
505,648,4,4.670035362243652
505,470,5,4.617197036743164
505,275,6,4.599638938903809
505,484,7,4.5734663009643555
505,520,8,4.558631896972656
505,165,9,4.552961826324463
505,318,10,4.455779075622559
506,265,1,4.925149917602539
506,298,2,4.854122161865234
506,178,3,4.745462417602539
506,83,4,4.7438554763793945
506,117,5,4.721201419830322
506,613,6,4.699097633361816
506,1512,7,4.688497543334961
506,513,8,4.654036998748779
506,498,9,4.632203578948975
506,1449,10,4.628974914550781
507,515,1,5.9376959800720215
507,318,2,5.847606658935547
507,496,3,5.814881324768066
507,165,4,5.699647426605225
507,513,5,5.692947864532471
507,144,6,5.68123722076416
507,588,7,5.654275417327881
507,211,8,5.592165470123291
507,205,9,5.589529037475586
507,129,10,5.562650203704834
508,292,1,5.032604217529297
508,285,2,5.028892517089844
508,474,3,4.964714527130127
508,199,4,4.941559791564941
508,408,5,4.855510711669922
508,558,6,4.819085597991943
508,169,7,4.795236587524414
508,170,8,4.765965461730957
508,1142,9,4.765844821929932
508,64,10,4.723919868469238
509,234,1,4.094795227050781
509,318,2,3.9905343055725098
509,174,3,3.9864859580993652
509,357,4,3.9689183235168457
509,50,5,3.961361885070801
509,1007,6,3.9264748096466064
509,660,7,3.9166183471679688
509,12,8,3.915466070175171
509,223,9,3.8746323585510254
509,195,10,3.8730216026306152
510,498,1,4.634711742401123
510,511,2,4.618955612182617
510,12,3,4.560140132904053
510,173,4,4.556328773498535
510,483,5,4.551670551300049
510,216,6,4.5220417976379395
510,88,7,4.493157386779785
510,22,8,4.442251205444336
510,64,9,4.4239630699157715
510,408,10,4.400219917297363
511,603,1,5.392540454864502
511,127,2,5.379953384399414
511,483,3,5.329970836639404
511,474,4,5.279510974884033
511,488,5,5.240040302276611
511,185,6,5.216444969177246
511,192,7,5.205090522766113
511,48,8,5.199549198150635
511,498,9,5.189133644104004
511,478,10,5.1881103515625
512,48,1,4.6818108558654785
512,50,2,4.675668716430664
512,513,3,4.567163467407227
512,315,4,4.549327850341797
512,205,5,4.548366546630859
512,958,6,4.517296314239502
512,172,7,4.516529560089111
512,408,8,4.5045905113220215
512,478,9,4.48776912689209
512,199,10,4.46677303314209
513,22,1,4.896977424621582
513,173,2,4.783459186553955
513,195,3,4.730637550354004
513,79,4,4.7286834716796875
513,183,5,4.6920485496521
513,313,6,4.691093921661377
513,285,7,4.674309253692627
513,1449,8,4.660757541656494
513,12,9,4.6572265625
513,174,10,4.652736186981201
514,963,1,5.290511608123779
514,603,2,4.901571750640869
514,248,3,4.793209552764893
514,657,4,4.785940170288086
514,482,5,4.76882791519165
514,478,6,4.767315864562988
514,223,7,4.740891456604004
514,1449,8,4.725407123565674
514,56,9,4.720103740692139
514,270,10,4.717084884643555
516,318,1,5.220251560211182
516,169,2,5.113752841949463
516,98,3,5.089457988739014
516,170,4,5.088806629180908
516,603,5,5.084002494812012
516,357,6,5.079340934753418
516,511,7,5.068027496337891
516,513,8,5.066954135894775
516,520,9,5.066932678222656
516,189,10,5.052426338195801
517,12,1,4.403484344482422
517,474,2,4.222854137420654
517,520,3,4.204026699066162
517,408,4,4.146173477172852
517,173,5,4.10478401184082
517,285,6,4.047976016998291
517,525,7,4.034481525421143
517,190,8,3.9957756996154785
517,192,9,3.9785919189453125
517,64,10,3.9758949279785156
518,173,1,5.470479965209961
518,750,2,5.25754451751709
518,316,3,5.128767490386963
518,936,4,5.061527252197266
518,186,5,4.991020679473877
518,483,6,4.980756759643555
518,169,7,4.936537265777588
518,12,8,4.935888290405273
518,166,9,4.935015678405762
518,257,10,4.885384559631348
519,498,1,5.76505184173584
519,511,2,5.6995954513549805
519,124,3,5.625694274902344
519,474,4,5.462148189544678
519,180,5,5.378314971923828
519,705,6,5.36628532409668
519,234,7,5.352564334869385
519,995,8,5.335475921630859
519,657,9,5.327305793762207
519,519,10,5.3244805335998535
520,100,1,5.121339797973633
520,483,2,5.096742153167725
520,134,3,5.079974174499512
520,190,4,5.071889877319336
520,178,5,5.0420451164245605
520,661,6,5.007185935974121
520,203,7,4.996201038360596
520,513,8,4.987630844116211
520,641,9,4.967777729034424
520,172,10,4.961654186248779
521,64,1,4.383552074432373
521,55,2,4.363430023193359
521,194,3,4.210529327392578
521,603,4,4.191464900970459
521,116,5,4.172215461730957
521,272,6,4.130000591278076
521,320,7,4.116721153259277
521,190,8,4.111578464508057
521,963,9,4.101602554321289
521,1019,10,4.0845842361450195
522,56,1,5.406052589416504
522,156,2,5.338247776031494
522,661,3,4.9315361976623535
522,194,4,4.845604419708252
522,1449,5,4.770963191986084
522,23,6,4.739856719970703
522,197,7,4.7242512702941895
522,963,8,4.720257759094238
522,137,9,4.696974754333496
522,432,10,4.672616958618164
524,316,1,4.933979511260986
524,315,2,4.889322757720947
524,515,3,4.734147548675537
524,1211,4,4.655971050262451
524,357,5,4.587246894836426
524,543,6,4.582719326019287
524,1194,7,4.581001281738281
524,589,8,4.547399520874023
524,1269,9,4.545219421386719
524,813,10,4.5135178565979
525,318,1,4.519746780395508
525,1101,2,4.470080375671387
525,735,3,4.352911949157715
525,316,4,4.285005569458008
525,98,5,4.280178070068359
525,483,6,4.239848613739014
525,169,7,4.149216651916504
525,357,8,4.145108222961426
525,1269,9,4.139676094055176
525,313,10,4.112499237060547
526,603,1,4.7844438552856445
526,474,2,4.587277889251709
526,48,3,4.549740791320801
526,582,4,4.508025169372559
526,98,5,4.5023393630981445
526,318,6,4.49626350402832
526,515,7,4.482828140258789
526,531,8,4.445248126983643
526,19,9,4.434233665466309
526,132,10,4.401620864868164
527,61,1,4.926449775695801
527,408,2,4.757174491882324
527,269,3,4.658533096313477
527,346,4,4.625209808349609
527,270,5,4.614164352416992
527,178,6,4.59230899810791
527,960,7,4.591889381408691
527,23,8,4.5847272872924805
527,136,9,4.553953170776367
527,199,10,4.553463459014893
528,497,1,5.156852722167969
528,176,2,5.099035739898682
528,265,3,4.972260475158691
528,520,4,4.930946350097656
528,189,5,4.885056495666504
528,12,6,4.784038066864014
528,710,7,4.76104736328125
528,1194,8,4.759369850158691
528,183,9,4.736056327819824
528,221,10,4.679811954498291
529,89,1,5.1677141189575195
529,12,2,5.043992042541504
529,500,3,4.944764614105225
529,64,4,4.918238162994385
529,246,5,4.888858318328857
529,316,6,4.878299236297607
529,654,7,4.854928016662598
529,478,8,4.853649616241455
529,516,9,4.844350337982178
529,603,10,4.83223295211792
530,603,1,5.193881511688232
530,479,2,4.830811023712158
530,515,3,4.82796573638916
530,1449,4,4.825971603393555
530,963,5,4.782883167266846
530,114,6,4.728572845458984
530,83,7,4.713238716125488
530,79,8,4.696670055389404
530,514,9,4.667823791503906
530,1194,10,4.640848636627197
531,611,1,4.890241622924805
531,313,2,4.848098278045654
531,64,3,4.821835517883301
531,923,4,4.790413856506348
531,8,5,4.7759785652160645
531,531,6,4.772908687591553
531,262,7,4.742824077606201
531,511,8,4.733345031738281
531,45,9,4.717833518981934
531,607,10,4.717459678649902
532,64,1,5.405330181121826
532,423,2,5.282135963439941
532,208,3,5.238018989562988
532,651,4,5.220628261566162
532,69,5,5.158581256866455
532,484,6,5.129324436187744
532,963,7,5.028321743011475
532,318,8,5.024345397949219
532,50,9,5.0018110275268555
532,189,10,4.956984043121338
533,736,1,4.697139739990234
533,189,2,4.486051559448242
533,482,3,4.3788228034973145
533,199,4,4.377079963684082
533,512,5,4.364860534667969
533,300,6,4.363137245178223
533,936,7,4.36252498626709
533,79,8,4.342287063598633
533,51,9,4.283904075622559
533,429,10,4.270571708679199
534,531,1,5.580127716064453
534,316,2,5.563621520996094
534,195,3,5.486178874969482
534,198,4,5.406187057495117
534,135,5,5.3896636962890625
534,431,6,5.389225959777832
534,64,7,5.374643325805664
534,42,8,5.352388381958008
534,525,9,5.327584266662598
534,210,10,5.312709808349609
535,482,1,5.007328987121582
535,705,2,4.924965858459473
535,175,3,4.826747417449951
535,242,4,4.794240474700928
535,208,5,4.7639994621276855
535,285,6,4.693347930908203
535,169,7,4.671435356140137
535,91,8,4.640646457672119
535,262,9,4.630061626434326
535,588,10,4.62396240234375
536,251,1,4.951822280883789
536,613,2,4.932059288024902
536,1194,3,4.821374416351318
536,1449,4,4.81522798538208
536,1643,5,4.7964253425598145
536,922,6,4.77459716796875
536,513,7,4.765509605407715
536,207,8,4.760415077209473
536,963,9,4.758698463439941
536,196,10,4.717623233795166
537,408,1,4.437415599822998
537,813,2,4.191435813903809
537,856,3,4.039568901062012
537,435,4,3.918519973754883
537,8,5,3.899045944213867
537,1368,6,3.8416152000427246
537,9,7,3.8303043842315674
537,1405,8,3.8053479194641113
537,169,9,3.8026604652404785
537,246,10,3.7506303787231445
538,185,1,4.651566028594971
538,136,2,4.5851664543151855
538,178,3,4.555416584014893
538,474,4,4.516193389892578
538,484,5,4.491098880767822
538,480,6,4.429166793823242
538,707,7,4.4243974685668945
538,479,8,4.382837772369385
538,1021,9,4.368732452392578
538,180,10,4.36199951171875
539,190,1,5.375136852264404
539,514,2,5.170875072479248
539,513,3,5.090131759643555
539,318,4,5.016002655029297
539,246,5,5.009134292602539
539,709,6,4.987306594848633
539,746,7,4.985267639160156
539,654,8,4.957394123077393
539,100,9,4.947275638580322
539,488,10,4.921555995941162
540,484,1,5.0922322273254395
540,1039,2,5.0372314453125
540,191,3,5.006319999694824
540,318,4,4.999533176422119
540,315,5,4.985462665557861
540,178,6,4.93473482131958
540,169,7,4.91508674621582
540,64,8,4.795093536376953
540,134,9,4.7947797775268555
540,173,10,4.788246154785156
541,1194,1,5.2666521072387695
541,198,2,5.1385955810546875
541,208,3,5.037879943847656
541,89,4,4.973087787628174
541,200,5,4.933746337890625
541,292,6,4.896085262298584
541,178,7,4.891999244689941
541,694,8,4.865441799163818
541,114,9,4.8635783195495605
541,313,10,4.854896068572998
542,185,1,4.993834495544434
542,98,2,4.610777378082275
542,1449,3,4.575680255889893
542,178,4,4.533937454223633
542,199,5,4.487705707550049
542,492,6,4.486103057861328
542,223,7,4.484752178192139
542,527,8,4.455696105957031
542,504,9,4.440531253814697
542,1512,10,4.439887523651123
543,127,1,4.672283172607422
543,298,2,4.610507965087891
543,48,3,4.412471294403076
543,1449,4,4.409554958343506
543,641,5,4.388027667999268
543,316,6,4.387393951416016
543,435,7,4.37916898727417
543,483,8,4.364840507507324
543,203,9,4.336014747619629
543,276,10,4.333635330200195
544,480,1,4.71779727935791
544,603,2,4.566175937652588
544,479,3,4.510006427764893
544,172,4,4.495075225830078
544,694,5,4.467813968658447
544,318,6,4.458553791046143
544,482,7,4.457221031188965
544,178,8,4.417762756347656
544,50,9,4.366613388061523
544,483,10,4.352121829986572
545,313,1,4.949530124664307
545,483,2,4.848676681518555
545,471,3,4.784277439117432
545,133,4,4.7826032638549805
545,1103,5,4.721370697021484
545,607,6,4.66373872756958
545,1021,7,4.627294540405273
545,528,8,4.577498435974121
545,488,9,4.560455322265625
545,1019,10,4.559197902679443
546,173,1,5.562095642089844
546,199,2,5.5270466804504395
546,194,3,5.434439659118652
546,922,4,5.252338409423828
546,434,5,5.202085494995117
546,507,6,5.1405181884765625
546,528,7,5.103723526000977
546,705,8,5.095800399780273
546,1269,9,5.078187465667725
546,133,10,5.060194492340088
547,483,1,5.0594024658203125
547,479,2,4.897268772125244
547,134,3,4.883264541625977
547,12,4,4.879116535186768
547,272,5,4.870018005371094
547,100,6,4.8494744300842285
547,318,7,4.814368724822998
547,603,8,4.798251628875732
547,197,9,4.782436370849609
547,480,10,4.755283832550049
548,520,1,5.646479606628418
548,144,2,5.5100321769714355
548,173,3,5.503237724304199
548,174,4,5.365666389465332
548,165,5,5.274150371551514
548,88,6,5.200153827667236
548,96,7,5.161526203155518
548,228,8,5.141141414642334
548,238,9,5.128604888916016
548,1039,10,5.127853870391846
549,8,1,5.16458797454834
549,205,2,5.062364101409912
549,174,3,5.037724494934082
549,190,4,4.97391939163208
549,408,5,4.928606986999512
549,169,6,4.890773296356201
549,168,7,4.847390174865723
549,651,8,4.808225631713867
549,318,9,4.709691047668457
549,83,10,4.69108247756958
551,633,1,5.384747505187988
551,1512,2,5.369363307952881
551,443,3,5.266976356506348
551,1449,4,5.196399211883545
551,48,5,5.183483123779297
551,320,6,5.129243850708008
551,435,7,5.0535478591918945
551,517,8,5.04847526550293
551,483,9,5.041855812072754
551,207,10,5.016780376434326
552,64,1,4.542143821716309
552,12,2,4.359974384307861
552,753,3,4.268515586853027
552,223,4,4.2677435874938965
552,8,5,4.266408920288086
552,136,6,4.243785858154297
552,210,7,4.214749336242676
552,1449,8,4.209573268890381
552,313,9,4.205394268035889
552,114,10,4.203751564025879
553,12,1,5.107386589050293
553,425,2,5.012533187866211
553,856,3,4.998679161071777
553,512,4,4.981537342071533
553,317,5,4.97068977355957
553,137,6,4.969971179962158
553,616,7,4.8996124267578125
553,192,8,4.848273277282715
553,223,9,4.8264336585998535
553,613,10,4.820886611938477
554,513,1,4.7575531005859375
554,178,2,4.568711757659912
554,185,3,4.4805474281311035
554,134,4,4.461743354797363
554,496,5,4.400172233581543
554,515,6,4.388680458068848
554,210,7,4.377949237823486
554,750,8,4.352517604827881
554,165,9,4.3153276443481445
554,1449,10,4.308074474334717
555,736,1,5.430905342102051
555,963,2,5.4008684158325195
555,137,3,5.389653205871582
555,483,4,5.376343250274658
555,178,5,5.369744300842285
555,14,6,5.29421329498291
555,23,7,5.287862777709961
555,863,8,5.250054359436035
555,1021,9,5.230649471282959
555,64,10,5.224582672119141
556,357,1,5.495136260986328
556,100,2,5.205568313598633
556,136,3,5.064483165740967
556,661,4,5.043345928192139
556,192,5,5.018276214599609
556,187,6,5.014402866363525
556,14,7,5.00221586227417
556,603,8,4.995018482208252
556,511,9,4.958865165710449
556,124,10,4.947664737701416
557,344,1,5.019456386566162
557,169,2,4.981444358825684
557,175,3,4.970769882202148
557,64,4,4.949544429779053
557,242,5,4.910184860229492
557,60,6,4.90651798248291
557,98,7,4.900032043457031
557,958,8,4.850829601287842
557,276,9,4.76481819152832
557,520,10,4.753756999969482
558,318,1,4.563532829284668
558,496,2,4.550946235656738
558,64,3,4.5200629234313965
558,483,4,4.46352481842041
558,427,5,4.436441898345947
558,480,6,4.4159393310546875
558,285,7,4.412445545196533
558,178,8,4.3901591300964355
558,313,9,4.3837385177612305
558,134,10,4.352869510650635
559,488,1,4.930237770080566
559,434,2,4.872702598571777
559,178,3,4.781334400177002
559,493,4,4.746671199798584
559,134,5,4.739243030548096
559,603,6,4.694000244140625
559,480,7,4.683038711547852
559,1103,8,4.668341636657715
559,656,9,4.6406378746032715
559,483,10,4.62686014175415
561,1194,1,4.434190273284912
561,408,2,4.427328109741211
561,1558,3,4.2665324211120605
561,414,4,4.252039909362793
561,694,5,4.224128723144531
561,134,6,4.210997581481934
561,653,7,4.176581382751465
561,853,8,4.165777206420898
561,1368,9,4.138676166534424
561,647,10,4.0825114250183105
562,219,1,5.14886999130249
562,513,2,4.845432758331299
562,136,3,4.830162048339844
562,496,4,4.828218460083008
562,59,5,4.749852180480957
562,8,6,4.638263702392578
562,179,7,4.594671726226807
562,276,8,4.56984806060791
562,60,9,4.50144100189209
562,22,10,4.490147590637207
563,316,1,5.622342109680176
563,603,2,5.269052028656006
563,318,3,5.160131454467773
563,186,4,5.110401153564453
563,1137,5,5.063558101654053
563,408,6,5.0047926902771
563,50,7,4.9997968673706055
563,48,8,4.975501537322998
563,251,9,4.947471618652344
563,466,10,4.9435882568359375
564,136,1,4.427141189575195
564,208,2,4.339153289794922
564,189,3,4.272495269775391
564,513,4,4.200653553009033
564,187,5,4.187550067901611
564,423,6,4.158962249755859
564,923,7,4.158162593841553
564,169,8,4.1486496925354
564,194,9,4.1471357345581055
564,496,10,4.141378879547119
565,12,1,5.482272148132324
565,657,2,5.198910236358643
565,344,3,5.148862838745117
565,180,4,5.099937438964844
565,298,5,5.099255561828613
565,96,6,5.0871782302856445
565,42,7,5.086495399475098
565,48,8,5.086215019226074
565,515,9,5.080916404724121
565,606,10,5.0580549240112305
566,9,1,5.1736741065979
566,276,2,5.109541416168213
566,488,3,5.025599479675293
566,514,4,4.942445755004883
566,507,5,4.922194957733154
566,603,6,4.903905868530273
566,209,7,4.870335102081299
566,180,8,4.764120101928711
566,1449,9,4.73823356628418
566,197,10,4.723841667175293
567,1512,1,5.253251552581787
567,180,2,5.11937952041626
567,778,3,5.114467620849609
567,694,4,4.968684196472168
567,488,5,4.940639019012451
567,753,6,4.886704921722412
567,116,7,4.843411445617676
567,1500,8,4.790531158447266
567,1070,9,4.782367706298828
567,1449,10,4.754068374633789
568,272,1,4.790687084197998
568,1142,2,4.557937145233154
568,83,3,4.481752872467041
568,69,4,4.392763137817383
568,71,5,4.336763381958008
568,170,6,4.331981658935547
568,166,7,4.29257869720459
568,481,8,4.292420864105225
568,172,9,4.26475715637207
568,414,10,4.230250835418701
569,318,1,5.071718215942383
569,513,2,5.025335788726807
569,285,3,4.905711650848389
569,408,4,4.903356075286865
569,61,5,4.897181987762451
569,153,6,4.882791042327881
569,213,7,4.850416660308838
569,194,8,4.84815788269043
569,134,9,4.828996658325195
569,527,10,4.802830696105957
570,524,1,4.9942803382873535
570,89,2,4.935873985290527
570,603,3,4.885087013244629
570,936,4,4.834682464599609
570,1021,5,4.8313775062561035
570,98,6,4.781235694885254
570,963,7,4.733956813812256
570,275,8,4.712039947509766
570,1512,9,4.6813201904296875
570,60,10,4.657130718231201
571,603,1,4.394466400146484
571,12,2,4.372387886047363
571,408,3,4.291208267211914
571,134,4,4.257089138031006
571,480,5,4.232850074768066
571,221,6,4.211771011352539
571,479,7,4.17832612991333
571,427,8,4.087985515594482
571,515,9,4.083548545837402
571,59,10,4.057898044586182
572,169,1,5.037420749664307
572,525,2,4.864551544189453
572,178,3,4.842823028564453
572,530,4,4.81607723236084
572,191,5,4.796606063842773
572,194,6,4.789356708526611
572,64,7,4.7883477210998535
572,511,8,4.764273166656494
572,709,9,4.762807369232178
572,318,10,4.761512756347656
573,318,1,4.737265110015869
573,483,2,4.651832103729248
573,272,3,4.600912570953369
573,313,4,4.527473449707031
573,1449,5,4.502302169799805
573,316,6,4.496066570281982
573,136,7,4.470889091491699
573,168,8,4.446994304656982
573,484,9,4.437523365020752
573,196,10,4.424851417541504
574,216,1,5.018274307250977
574,64,2,4.958286762237549
574,136,3,4.934774875640869
574,132,4,4.801450729370117
574,963,5,4.786849498748779
574,657,6,4.75202751159668
574,8,7,4.739107131958008
574,124,8,4.719732761383057
574,100,9,4.706353664398193
574,45,10,4.69781494140625
575,190,1,4.55558967590332
575,165,2,4.429159641265869
575,189,3,4.254411220550537
575,166,4,4.228571891784668
575,19,5,4.199134349822998
575,48,6,4.184667587280273
575,425,7,4.1669135093688965
575,1137,8,4.146984577178955
575,57,9,4.106054782867432
575,114,10,4.095046043395996
576,203,1,5.038302421569824
576,179,2,4.886431694030762
576,474,3,4.832159042358398
576,357,4,4.8272786140441895
576,475,5,4.777407646179199
576,69,6,4.775169849395752
576,12,7,4.7466139793396
576,195,8,4.724125862121582
576,1449,9,4.712015628814697
576,202,10,4.710438251495361
577,525,1,4.990067958831787
577,531,2,4.8534722328186035
577,274,3,4.806789398193359
577,966,4,4.792867660522461
577,523,5,4.756124496459961
577,1160,6,4.755061626434326
577,462,7,4.750245094299316
577,513,8,4.7429704666137695
577,958,9,4.74151611328125
577,661,10,4.73711633682251
578,318,1,4.815522193908691
578,1019,2,4.635937213897705
578,694,3,4.624645709991455
578,127,4,4.592808723449707
578,131,5,4.560647964477539
578,185,6,4.558665752410889
578,963,7,4.521694183349609
578,958,8,4.507326602935791
578,83,9,4.500734806060791
578,316,10,4.498510837554932
579,12,1,4.744954586029053
579,657,2,4.6184258460998535
579,223,3,4.54936408996582
579,172,4,4.349595069885254
579,176,5,4.329519748687744
579,190,6,4.314539909362793
579,64,7,4.312226295471191
579,132,8,4.274749279022217
579,60,9,4.274303436279297
579,1021,10,4.259352684020996
580,318,1,5.313933849334717
580,315,2,5.252429485321045
580,194,3,5.244865417480469
580,316,4,5.239730358123779
580,467,5,5.189163684844971
580,64,6,5.167688369750977
580,603,7,5.132166385650635
580,186,8,5.1278557777404785
580,14,9,5.073766708374023
580,344,10,4.962719917297363
581,203,1,4.904769420623779
581,134,2,4.7946600914001465
581,603,3,4.78140926361084
581,479,4,4.728731155395508
581,191,5,4.684554100036621
581,165,6,4.68325662612915
581,127,7,4.643276691436768
581,428,8,4.639008045196533
581,510,9,4.637890815734863
581,659,10,4.636712074279785
582,209,1,5.320882797241211
582,179,2,4.997910976409912
582,165,3,4.945247173309326
582,408,4,4.935697555541992
582,169,5,4.918403625488281
582,1103,6,4.864461898803711
582,484,7,4.835741996765137
582,168,8,4.812962055206299
582,134,9,4.774794101715088
582,357,10,4.761527061462402
583,1449,1,4.997354984283447
583,302,2,4.960605621337891
583,963,3,4.954835891723633
583,707,4,4.954317569732666
583,98,5,4.947713375091553
583,516,6,4.942803382873535
583,318,7,4.923704624176025
583,656,8,4.9019856452941895
583,12,9,4.898786544799805
583,223,10,4.897364139556885
584,64,1,5.126959800720215
584,483,2,5.081559181213379
584,525,3,4.881736755371094
584,178,4,4.871348857879639
584,12,5,4.838682651519775
584,48,6,4.812489032745361
584,513,7,4.795315742492676
584,531,8,4.7881622314453125
584,357,9,4.784685134887695
584,1021,10,4.7701544761657715
585,515,1,5.3104143142700195
585,161,2,5.180959224700928
585,1098,3,4.775437355041504
585,169,4,4.734127998352051
585,652,5,4.711088180541992
585,1268,6,4.667503833770752
585,1194,7,4.610908031463623
585,208,8,4.555108547210693
585,178,9,4.550880432128906
585,753,10,4.548985004425049
586,169,1,5.037442207336426
586,133,2,4.9236297607421875
586,302,3,4.849377632141113
586,515,4,4.770615577697754
586,528,5,4.728908538818359
586,316,6,4.597845077514648
586,62,7,4.595395088195801
586,305,8,4.584804058074951
586,916,9,4.536344528198242
586,212,10,4.5109782218933105
588,191,1,5.096293926239014
588,425,2,5.075847148895264
588,709,3,5.065922737121582
588,486,4,4.871647357940674
588,612,5,4.848918914794922
588,515,6,4.817536354064941
588,250,7,4.789480209350586
588,963,8,4.7540507316589355
588,59,9,4.754022121429443
588,223,10,4.751103401184082
589,496,1,5.413050651550293
589,378,2,5.403645038604736
589,292,3,5.101243019104004
589,470,4,5.036165237426758
589,12,5,5.034843921661377
589,22,6,4.864021301269531
589,28,7,4.853443145751953
589,99,8,4.852823257446289
589,603,9,4.779181480407715
589,151,10,4.778762340545654
590,172,1,4.9621500968933105
590,199,2,4.900247573852539
590,4,3,4.879578590393066
590,1137,4,4.874489784240723
590,179,5,4.85982608795166
590,192,6,4.841910362243652
590,428,7,4.82303524017334
590,659,8,4.822580337524414
590,1021,9,4.760817050933838
590,194,10,4.7297258377075195
591,315,1,4.884927272796631
591,515,2,4.86409854888916
591,213,3,4.7415056228637695
591,98,4,4.710726737976074
591,320,5,4.599298000335693
591,60,6,4.588444709777832
591,197,7,4.574234485626221
591,408,8,4.548640251159668
591,59,9,4.54380989074707
591,124,10,4.467253684997559
592,83,1,5.344308853149414
592,498,2,5.1819305419921875
592,515,3,5.106611251831055
592,45,4,5.0597028732299805
592,661,5,5.043458938598633
592,179,6,4.961981773376465
592,200,7,4.920315742492676
592,524,8,4.871947288513184
592,1449,9,4.866703510284424
592,499,10,4.8598480224609375
593,64,1,5.047701358795166
593,170,2,5.047578811645508
593,385,3,4.917732238769531
593,835,4,4.890938758850098
593,1159,5,4.864366054534912
593,95,6,4.765814304351807
593,223,7,4.760463237762451
593,315,8,4.707579135894775
593,516,9,4.6992411613464355
593,481,10,4.640360355377197
594,1449,1,4.532195091247559
594,136,2,4.44541072845459
594,60,3,4.37709379196167
594,98,4,4.372562885284424
594,114,5,4.33889102935791
594,408,6,4.3291449546813965
594,223,7,4.328108787536621
594,178,8,4.3179144859313965
594,64,9,4.2998175621032715
594,12,10,4.291296482086182
595,357,1,5.294485569000244
595,172,2,5.123416900634766
595,603,3,4.991223335266113
595,425,4,4.809225082397461
595,56,5,4.801265716552734
595,316,6,4.75803279876709
595,479,7,4.757219314575195
595,269,8,4.747281551361084
595,169,9,4.735432147979736
595,170,10,4.725201606750488
596,603,1,4.989342212677002
596,64,2,4.858058929443359
596,657,3,4.814905166625977
596,963,4,4.762850761413574
596,318,5,4.723165035247803
596,480,6,4.701817512512207
596,427,7,4.679778575897217
596,12,8,4.668509006500244
596,408,9,4.6674394607543945
596,132,10,4.641486644744873
597,99,1,5.435916423797607
597,83,2,5.352203845977783
597,173,3,5.30064582824707
597,12,4,5.011260032653809
597,496,5,4.984728813171387
597,195,6,4.937050819396973
597,239,7,4.929410457611084
597,151,8,4.75531530380249
597,603,9,4.7505669593811035
597,614,10,4.734638690948486
598,64,1,4.480350494384766
598,191,2,4.327456474304199
598,12,3,4.288004398345947
598,192,4,4.267017364501953
598,515,5,4.202919006347656
598,127,6,4.201359272003174
598,470,7,4.18101692199707
598,134,8,4.170992851257324
598,510,9,4.169425010681152
598,513,10,4.162775993347168
599,515,1,5.509142875671387
599,172,2,5.452066421508789
599,357,3,5.425046443939209
599,520,4,5.383664131164551
599,516,5,5.379276752471924
599,527,6,5.3740997314453125
599,114,7,5.364173412322998
599,318,8,5.316858768463135
599,478,9,5.257323741912842
599,45,10,5.2562055587768555
600,318,1,5.217711448669434
600,185,2,5.194758892059326
600,302,3,5.131834030151367
600,98,4,5.113187789916992
600,357,5,5.099352836608887
600,64,6,5.089914798736572
600,12,7,5.015610694885254
600,429,8,5.011967658996582
600,525,9,4.99962854385376
600,203,10,4.998401641845703
601,209,1,4.713885307312012
601,268,2,4.5882463455200195
601,179,3,4.57826042175293
601,480,4,4.568722724914551
601,90,5,4.565423965454102
601,169,6,4.49902868270874
601,919,7,4.444823265075684
601,10,8,4.351047515869141
601,79,9,4.223707675933838
601,246,10,4.222939968109131
602,191,1,4.90416145324707
602,963,2,4.875297546386719
602,603,3,4.869943141937256
602,510,4,4.867099761962891
602,753,5,4.837038040161133
602,482,6,4.786251068115234
602,483,7,4.774054050445557
602,1,8,4.7016096115112305
602,22,9,4.691200256347656
602,97,10,4.684271812438965
603,705,1,5.273614406585693
603,654,2,5.047023296356201
603,603,3,5.034134864807129
603,735,4,5.029728412628174
603,64,5,5.026945114135742
603,1159,6,5.021773338317871
603,23,7,5.004831790924072
603,481,8,4.996773719787598
603,318,9,4.987037658691406
603,427,10,4.9622087478637695
604,124,1,4.7694268226623535
604,519,2,4.495204925537109
604,313,3,4.4170002937316895
604,435,4,4.397319316864014
604,178,5,4.339534759521484
604,654,6,4.322213172912598
604,408,7,4.3005828857421875
604,603,8,4.29973840713501
604,169,9,4.294840335845947
604,173,10,4.293590545654297
605,510,1,5.324101448059082
605,430,2,5.313284397125244
605,511,3,5.215742111206055
605,661,4,5.184206962585449
605,1021,5,5.071768760681152
605,272,6,4.987163543701172
605,515,7,4.968598365783691
605,59,8,4.966548919677734
605,492,9,4.944610595703125
605,498,10,4.941159725189209
606,357,1,5.431979656219482
606,750,2,5.117493152618408
606,318,3,4.949283123016357
606,513,4,4.930620193481445
606,269,5,4.912243366241455
606,143,6,4.903685092926025
606,1007,7,4.892217636108398
606,958,8,4.840373992919922
606,52,9,4.7865986824035645
606,189,10,4.749019622802734
607,1449,1,4.685165882110596
607,514,2,4.6185712814331055
607,479,3,4.592042446136475
607,923,4,4.591022968292236
607,408,5,4.58577299118042
607,525,6,4.560505390167236
607,1194,7,4.555397987365723
607,136,8,4.55042839050293
607,114,9,4.514446258544922
607,12,10,4.512444019317627
608,14,1,4.663748741149902
608,114,2,4.63104248046875
608,153,3,4.626004695892334
608,12,4,4.544903755187988
608,521,5,4.540997505187988
608,408,6,4.516989231109619
608,451,7,4.516059875488281
608,192,8,4.503525257110596
608,170,9,4.501700401306152
608,1449,10,4.474725246429443
609,357,1,5.039214611053467
609,427,2,4.791526794433594
609,197,3,4.7616376876831055
609,603,4,4.746370792388916
609,238,5,4.554677963256836
609,479,6,4.532613754272461
609,162,7,4.525211811065674
609,317,8,4.520348072052002
609,512,9,4.512975692749023
609,511,10,4.495872497558594
610,603,1,4.967225074768066
610,515,2,4.766449451446533
610,529,3,4.627647399902344
610,813,4,4.624973297119141
610,198,5,4.544315338134766
610,479,6,4.522158622741699
610,490,7,4.495189666748047
610,511,8,4.492307662963867
610,513,9,4.486012935638428
610,543,10,4.477553367614746
611,357,1,5.496616363525391
611,238,2,5.028768539428711
611,50,3,4.954004764556885
611,474,4,4.8921661376953125
611,114,5,4.869356632232666
611,169,6,4.846629619598389
611,246,7,4.7887372970581055
611,100,8,4.786904811859131
611,12,9,4.759217739105225
611,171,10,4.7230634689331055
612,185,1,4.998659133911133
612,480,2,4.994676113128662
612,488,3,4.89915657043457
612,165,4,4.851761817932129
612,169,5,4.753293514251709
612,963,6,4.730050086975098
612,603,7,4.711825370788574
612,1269,8,4.701934337615967
612,709,9,4.67363166809082
612,132,10,4.661475658416748
613,190,1,4.7510786056518555
613,750,2,4.72278356552124
613,513,3,4.6896071434021
613,98,4,4.666315078735352
613,481,5,4.649377822875977
613,180,6,4.5970659255981445
613,516,7,4.593461990356445
613,641,8,4.590235710144043
613,30,9,4.586860656738281
613,531,10,4.577103614807129
614,313,1,4.693035125732422
614,603,2,4.623382091522217
614,427,3,4.6086273193359375
614,136,4,4.43903112411499
614,82,5,4.428402900695801
614,480,6,4.405411720275879
614,178,7,4.404575347900391
614,519,8,4.338947296142578
614,498,9,4.324516773223877
614,531,10,4.3128437995910645
615,513,1,5.173327445983887
615,285,2,5.104743003845215
615,603,3,5.081943988800049
615,173,4,5.03084659576416
615,50,5,5.023995876312256
615,185,6,5.021122932434082
615,709,7,4.969439506530762
615,52,8,4.881365776062012
615,515,9,4.871480941772461
615,45,10,4.846399784088135
616,318,1,4.8708672523498535
616,515,2,4.798470497131348
616,603,3,4.7488250732421875
616,192,4,4.677691459655762
616,190,5,4.6562724113464355
616,178,6,4.6190924644470215
616,100,7,4.609384536743164
616,217,8,4.607699394226074
616,191,9,4.602174758911133
616,30,10,4.600338459014893
617,191,1,4.473703384399414
617,209,2,4.3523268699646
617,654,3,4.34542989730835
617,223,4,4.172057151794434
617,425,5,4.126416206359863
617,1011,6,4.0757832527160645
617,616,7,4.042801380157471
617,276,8,4.04016637802124
617,525,9,4.033468723297119
617,856,10,4.025775909423828
618,603,1,4.5289154052734375
618,523,2,4.432798862457275
618,357,3,4.408139705657959
618,511,4,4.39037561416626
618,189,5,4.368924617767334
618,480,6,4.343740940093994
618,515,7,4.342848777770996
618,1643,8,4.3316168785095215
618,316,9,4.296433448791504
618,1142,10,4.276528835296631
619,270,1,4.93712854385376
619,180,2,4.846573829650879
619,480,3,4.7483930587768555
619,8,4,4.731202602386475
619,762,5,4.727277755737305
619,265,6,4.7097554206848145
619,177,7,4.655569553375244
619,318,8,4.630580425262451
619,98,9,4.610440254211426
619,210,10,4.606521129608154
620,86,1,5.273186683654785
620,483,2,5.107000827789307
620,936,3,5.0371294021606445
620,1405,4,4.914087772369385
620,1240,5,4.908542633056641
620,693,6,4.874067306518555
620,285,7,4.829989433288574
620,428,8,4.8146467208862305
620,12,9,4.805370807647705
620,753,10,4.788066864013672
621,736,1,5.089781761169434
621,272,2,5.0498857498168945
621,64,3,5.044718265533447
621,12,4,5.041176795959473
621,127,5,5.003005027770996
621,318,6,4.981166839599609
621,302,7,4.961260795593262
621,195,8,4.936319828033447
621,1103,9,4.889797687530518
621,492,10,4.813493251800537
623,50,1,4.784697532653809
623,172,2,4.652662754058838
623,270,3,4.497917652130127
623,77,4,4.450639724731445
623,511,5,4.406300067901611
623,427,6,4.354896068572998
623,527,7,4.334560394287109
623,22,8,4.308894157409668
623,174,9,4.295666694641113
623,61,10,4.249351978302002
624,315,1,4.907400608062744
624,213,2,4.904426574707031
624,12,3,4.898355960845947
624,134,4,4.802364826202393
624,223,5,4.7748918533325195
624,207,6,4.759052276611328
624,183,7,4.7457170486450195
624,515,8,4.743991374969482
624,357,9,4.717322826385498
624,1512,10,4.713918685913086
625,28,1,4.520122528076172
625,12,2,4.4469099044799805
625,194,3,4.319312572479248
625,963,4,4.308760643005371
625,1449,5,4.292657375335693
625,64,6,4.269606113433838
625,56,7,4.243314743041992
625,345,8,4.2302446365356445
625,92,9,4.202795028686523
625,513,10,4.184073448181152
626,318,1,4.460574150085449
626,183,2,4.382640838623047
626,190,3,4.297483921051025
626,246,4,4.276811122894287
626,357,5,4.201227188110352
626,98,6,4.199215888977051
626,507,7,4.121850490570068
626,89,8,4.097415924072266
626,86,9,4.089444160461426
626,197,10,4.054914951324463
627,168,1,5.220989227294922
627,408,2,5.059140682220459
627,589,3,5.001504898071289
627,185,4,4.854589939117432
627,190,5,4.835366725921631
627,116,6,4.699012279510498
627,675,7,4.6134257316589355
627,134,8,4.576360702514648
627,856,9,4.538179397583008
627,707,10,4.533311367034912
628,408,1,5.924336910247803
628,515,2,5.819859504699707
628,357,3,5.710270404815674
628,165,4,5.694958686828613
628,285,5,5.683348178863525
628,114,6,5.653193950653076
628,527,7,5.649136066436768
628,315,8,5.6465935707092285
628,657,9,5.633767604827881
628,50,10,5.621854782104492
629,285,1,5.445655345916748
629,129,2,5.281463623046875
629,963,3,5.132140159606934
629,466,4,5.120840549468994
629,654,5,5.029463768005371
629,496,6,5.013311862945557
629,223,7,4.997425556182861
629,221,8,4.991413116455078
629,921,9,4.849071979522705
629,126,10,4.837683200836182
630,97,1,4.92604923248291
630,1028,2,4.810822486877441
630,48,3,4.7901506423950195
630,87,4,4.726783275604248
630,190,5,4.726085186004639
630,657,6,4.714544296264648
630,313,7,4.71408224105835
630,271,8,4.692510604858398
630,89,9,4.67850923538208
630,707,10,4.649643898010254
631,168,1,4.292701244354248
631,318,2,4.266397953033447
631,169,3,4.263298988342285
631,603,4,4.24939489364624
631,963,5,4.245080947875977
631,211,6,4.24111270904541
631,496,7,4.204184055328369
631,285,8,4.199632167816162
631,50,9,4.191856861114502
631,8,10,4.1890177726745605
632,187,1,4.654787063598633
632,50,2,4.638372421264648
632,48,3,4.632740497589111
632,520,4,4.615113258361816
632,654,5,4.565165042877197
632,170,6,4.543581485748291
632,705,7,4.533514499664307
632,178,8,4.52710485458374
632,661,9,4.514362812042236
632,480,10,4.460171222686768
633,272,1,4.354413032531738
633,515,2,4.313112735748291
633,1194,3,4.264384746551514
633,181,4,4.194743633270264
633,173,5,4.182714939117432
633,265,6,4.181203842163086
633,520,7,4.143383979797363
633,178,8,4.143155574798584
633,568,9,4.103217124938965
633,896,10,4.093936443328857
634,11,1,4.4454240798950195
634,48,2,4.417572975158691
634,178,3,4.38254976272583
634,64,4,4.366268634796143
634,272,5,4.360773086547852
634,96,6,4.326359748840332
634,750,7,4.306159019470215
634,169,8,4.287768363952637
634,611,9,4.266678333282471
634,31,10,4.2549967765808105
635,433,1,5.109929084777832
635,56,2,5.000650405883789
635,47,3,4.97418737411499
635,23,4,4.9134345054626465
635,127,5,4.855683326721191
635,203,6,4.847309112548828
635,169,7,4.836002349853516
635,173,8,4.816300868988037
635,318,9,4.814970970153809
635,498,10,4.784076690673828
636,316,1,5.011266708374023
636,1137,2,4.899944305419922
636,963,3,4.848580360412598
636,1449,4,4.834831237792969
636,515,5,4.818267345428467
636,408,6,4.810999393463135
636,603,7,4.796185493469238
636,320,8,4.7940216064453125
636,114,9,4.791679382324219
636,203,10,4.784327507019043
637,603,1,4.462822914123535
637,64,2,4.365015983581543
637,61,3,4.179931640625
637,22,4,4.139949798583984
637,648,5,4.0655741691589355
637,174,6,4.064078330993652
637,265,7,4.059094429016113
637,511,8,4.049912452697754
637,191,9,4.015353202819824
637,12,10,3.9971134662628174
638,173,1,5.043603420257568
638,318,2,4.979876518249512
638,313,3,4.649686813354492
638,165,4,4.523801326751709
638,274,5,4.522500038146973
638,169,6,4.374424457550049
638,520,7,4.355932235717773
638,12,8,4.319639682769775
638,275,9,4.318820953369141
638,936,10,4.267788887023926
639,515,1,4.590816974639893
639,169,2,4.012420177459717
639,1512,3,3.998809337615967
639,89,4,3.9704880714416504
639,1449,5,3.9539635181427
639,134,6,3.9526124000549316
639,136,7,3.9508438110351562
639,521,8,3.937814712524414
639,520,9,3.9361228942871094
639,606,10,3.9272677898406982
640,603,1,5.597755432128906
640,191,2,5.463785171508789
640,478,3,5.445157527923584
640,127,4,5.314557075500488
640,190,5,5.310196876525879
640,178,6,5.256743907928467
640,187,7,5.253293514251709
640,331,8,5.238891124725342
640,408,9,5.206752300262451
640,718,10,5.2066802978515625
641,60,1,5.219516754150391
641,190,2,4.857685565948486
641,178,3,4.818985462188721
641,656,4,4.6717424392700195
641,276,5,4.668522357940674
641,428,6,4.6660614013671875
641,42,7,4.648698806762695
641,603,8,4.555626392364502
641,863,9,4.555461406707764
641,64,10,4.5399017333984375
642,721,1,5.370869159698486
642,215,2,5.276050090789795
642,478,3,5.226465702056885
642,641,4,5.051882266998291
642,863,5,5.006787300109863
642,750,6,4.971828937530518
642,904,7,4.96804141998291
642,488,8,4.904616355895996
642,603,9,4.888824462890625
642,676,10,4.874493598937988
643,285,1,4.793846130371094
643,180,2,4.789510726928711
643,191,3,4.722265720367432
643,192,4,4.667268753051758
643,347,5,4.637450218200684
643,1021,6,4.615743160247803
643,175,7,4.6064677238464355
643,657,8,4.5960798263549805
643,694,9,4.593357563018799
643,654,10,4.589944839477539
644,79,1,5.299053192138672
644,1194,2,5.276670932769775
644,482,3,5.199399471282959
644,211,4,5.147502422332764
644,753,5,5.146743297576904
644,133,6,5.138280868530273
644,191,7,5.094169616699219
644,22,8,5.055880546569824
644,87,9,5.037037372589111
644,199,10,5.028383255004883
645,511,1,5.106480598449707
645,178,2,5.0433549880981445
645,127,3,4.750840663909912
645,408,4,4.747904300689697
645,750,5,4.682694435119629
645,661,6,4.638901710510254
645,1368,7,4.623876094818115
645,505,8,4.602361679077148
645,285,9,4.577122688293457
645,302,10,4.53501033782959
647,657,1,4.986711502075195
647,180,2,4.9776153564453125
647,603,3,4.930441379547119
647,484,4,4.926494121551514
647,513,5,4.909960746765137
647,223,6,4.890181541442871
647,1137,7,4.849935531616211
647,199,8,4.847947597503662
647,313,9,4.826673984527588
647,98,10,4.816241264343262
648,132,1,4.874922275543213
648,198,2,4.8583269119262695
648,12,3,4.84860372543335
648,735,4,4.729629039764404
648,313,5,4.72471809387207
648,632,6,4.690552711486816
648,1019,7,4.582189083099365
648,697,8,4.525277614593506
648,963,9,4.517502307891846
648,270,10,4.4970855712890625
649,513,1,4.884185791015625
649,316,2,4.773272514343262
649,523,3,4.766354084014893
649,98,4,4.734584331512451
649,603,5,4.731453895568848
649,199,6,4.7266154289245605
649,156,7,4.705517768859863
649,483,8,4.696519374847412
649,1137,9,4.6827545166015625
649,707,10,4.681221008300781
650,607,1,4.584573745727539
650,1449,2,4.287642478942871
650,165,3,4.276616096496582
650,178,4,4.238931655883789
650,513,5,4.179359436035156
650,408,6,4.148505210876465
650,169,7,4.079880237579346
650,896,8,4.079714298248291
650,318,9,4.072978496551514
650,836,10,4.059830188751221
651,318,1,4.579211235046387
651,654,2,4.530001163482666
651,357,3,4.482951641082764
651,169,4,4.349438190460205
651,408,5,4.3442535400390625
651,262,6,4.308623313903809
651,520,7,4.259596824645996
651,513,8,4.250670909881592
651,205,9,4.236446380615234
651,61,10,4.2318949699401855
652,56,1,4.493957042694092
652,408,2,4.425264358520508
652,654,3,4.415524959564209
652,1021,4,4.383179664611816
652,12,5,4.334725856781006
652,479,6,4.325796604156494
652,64,7,4.287208557128906
652,203,8,4.211513996124268
652,514,9,4.206340312957764
652,856,10,4.202942848205566
653,661,1,4.775825500488281
653,272,2,4.438045024871826
653,168,3,4.299933910369873
653,641,4,4.246613025665283
653,1142,5,4.115658760070801
653,408,6,4.08272647857666
653,12,7,4.082475662231445
653,805,8,4.040170669555664
653,615,9,4.026074409484863
653,327,10,3.99592661857605
654,133,1,4.92549991607666
654,419,2,4.800551891326904
654,427,3,4.7576069831848145
654,64,4,4.7429304122924805
654,73,5,4.719927787780762
654,378,6,4.6897406578063965
654,710,7,4.607538223266602
654,193,8,4.605008602142334
654,96,9,4.59320592880249
654,732,10,4.5677080154418945
655,853,1,4.420660972595215
655,922,2,4.116744518280029
655,83,3,4.024916648864746
655,496,4,3.947036027908325
655,1449,5,3.932129383087158
655,506,6,3.9305930137634277
655,613,7,3.870966911315918
655,854,8,3.8666248321533203
655,432,9,3.863253116607666
655,499,10,3.846255302429199
656,657,1,4.489029407501221
656,136,2,4.399723052978516
656,12,3,4.376424312591553
656,496,4,4.201736927032471
656,963,5,4.142928123474121
656,208,6,4.128072261810303
656,922,7,4.102100849151611
656,210,8,4.022830009460449
656,178,9,4.009105682373047
656,1449,10,4.005834102630615
657,478,1,4.635867595672607
657,496,2,4.533681392669678
657,963,3,4.485044479370117
657,603,4,4.478504180908203
657,272,5,4.401497840881348
657,150,6,4.372760772705078
657,482,7,4.371562957763672
657,514,8,4.369232654571533
657,196,9,4.334396839141846
657,60,10,4.293932914733887
658,56,1,5.121136665344238
658,205,2,4.660764694213867
658,357,3,4.59027624130249
658,134,4,4.518539905548096
658,474,5,4.486118793487549
658,187,6,4.47094202041626
658,513,7,4.464107513427734
658,483,8,4.462671756744385
658,293,9,4.427648067474365
658,661,10,4.418691158294678
659,87,1,5.14412784576416
659,22,2,4.859338760375977
659,651,3,4.6341986656188965
659,480,4,4.5814642906188965
659,270,5,4.544404029846191
659,966,6,4.544281005859375
659,198,7,4.539867401123047
659,458,8,4.478630065917969
659,119,9,4.464534759521484
659,923,10,4.458575248718262
660,963,1,4.428675651550293
660,116,2,4.252024173736572
660,10,3,4.108379364013672
660,19,4,4.083953857421875
660,919,5,4.080416202545166
660,1159,6,4.073669910430908
660,1367,7,4.03111457824707
660,1098,8,4.022183895111084
660,12,9,3.9939558506011963
660,60,10,3.9847588539123535
661,22,1,4.998913764953613
661,483,2,4.921472549438477
661,1142,3,4.727995872497559
661,513,4,4.724705696105957
661,487,5,4.723907947540283
661,482,6,4.715965270996094
661,82,7,4.711374282836914
661,511,8,4.711248874664307
661,520,9,4.675180435180664
661,431,10,4.671162128448486
662,408,1,4.568421363830566
662,64,2,4.50926399230957
662,513,3,4.368753910064697
662,186,4,4.346795558929443
662,136,5,4.325104713439941
662,515,6,4.32265567779541
662,655,7,4.319491863250732
662,525,8,4.316473007202148
662,317,9,4.283767223358154
662,316,10,4.282709121704102
663,357,1,4.762383460998535
663,657,2,4.7206807136535645
663,427,3,4.712917804718018
663,178,4,4.6610107421875
663,651,5,4.618427753448486
663,22,6,4.618048191070557
663,144,7,4.600021839141846
663,526,8,4.588157653808594
663,496,9,4.58333683013916
663,165,10,4.551578998565674
664,497,1,4.830918788909912
664,647,2,4.785798072814941
664,474,3,4.7533860206604
664,48,4,4.7479634284973145
664,23,5,4.6183953285217285
664,134,6,4.549785137176514
664,114,7,4.510258197784424
664,1021,8,4.5079169273376465
664,1643,9,4.489105224609375
664,408,10,4.4730634689331055
665,64,1,5.041230201721191
665,101,2,4.792783737182617
665,904,3,4.771806240081787
665,694,4,4.7439422607421875
665,178,5,4.705471038818359
665,1098,6,4.6734185218811035
665,603,7,4.644556522369385
665,513,8,4.6376166343688965
665,166,9,4.62445068359375
665,171,10,4.623303413391113
666,246,1,5.092918872833252
666,675,2,4.965666770935059
666,408,3,4.816463470458984
666,1512,4,4.658181667327881
666,589,5,4.573375701904297
666,8,6,4.552045822143555
666,316,7,4.481245517730713
666,320,8,4.468469142913818
666,1449,9,4.467505931854248
666,190,10,4.4517083168029785
667,14,1,5.095040321350098
667,511,2,5.0142364501953125
667,56,3,4.966789245605469
667,200,4,4.959279537200928
667,151,5,4.947565078735352
667,746,6,4.92050313949585
667,127,7,4.90772008895874
667,958,8,4.8317341804504395
667,515,9,4.800848007202148
667,189,10,4.779541492462158
668,22,1,5.000661373138428
668,657,2,4.810245990753174
668,204,3,4.791038513183594
668,191,4,4.776763916015625
668,199,5,4.752176761627197
668,484,6,4.729892730712891
668,185,7,4.728920936584473
668,180,8,4.71351432800293
668,318,9,4.701821804046631
668,216,10,4.68339729309082
669,93,1,5.012633323669434
669,709,2,4.908208847045898
669,607,3,4.860831260681152
669,209,4,4.682135105133057
669,490,5,4.5228271484375
669,136,6,4.506916046142578
669,1021,7,4.479800701141357
669,606,8,4.432423114776611
669,443,9,4.411017417907715
669,514,10,4.408041954040527
670,478,1,5.2974042892456055
670,210,2,5.163783073425293
670,241,3,4.947508335113525
670,173,4,4.8436431884765625
670,178,5,4.78950309753418
670,48,6,4.766513347625732
670,313,7,4.731466770172119
670,100,8,4.715839385986328
670,285,9,4.663279056549072
670,517,10,4.63439416885376
671,143,1,5.119001865386963
671,318,2,5.053380012512207
671,502,3,4.94940185546875
671,255,4,4.926032066345215
671,208,5,4.725830554962158
671,660,6,4.704216003417969
671,923,7,4.6669697761535645
671,178,8,4.606744289398193
671,520,9,4.588455677032471
671,463,10,4.5845255851745605
672,427,1,4.48280143737793
672,169,2,4.466830253601074
672,408,3,4.418740272521973
672,168,4,4.398146629333496
672,1194,5,4.362827301025391
672,518,6,4.348319053649902
672,652,7,4.321695804595947
672,697,8,4.315680980682373
672,64,9,4.296666145324707
672,919,10,4.292126655578613
673,496,1,5.589555740356445
673,513,2,5.163851261138916
673,427,3,4.9171929359436035
673,615,4,4.872585296630859
673,483,5,4.861472129821777
673,515,6,4.84631872177124
673,603,7,4.82228422164917
673,196,8,4.7998785972595215
673,86,9,4.779245376586914
673,493,10,4.772390365600586
674,603,1,5.065514087677002
674,56,2,4.9037184715271
674,64,3,4.885947227478027
674,205,4,4.806825637817383
674,272,5,4.746452331542969
674,174,6,4.731714248657227
674,96,7,4.715084075927734
674,512,8,4.685641288757324
674,496,9,4.675706386566162
674,479,10,4.672972679138184
675,483,1,5.371204853057861
675,64,2,5.076703071594238
675,98,3,5.0262837409973145
675,127,4,4.9966888427734375
675,134,5,4.969318389892578
675,170,6,4.9568610191345215
675,187,7,4.954139709472656
675,651,8,4.943203926086426
675,59,9,4.940725326538086
675,60,10,4.908650875091553
676,199,1,4.861310005187988
676,69,2,4.6477484703063965
676,12,3,4.5924506187438965
676,675,4,4.559368133544922
676,513,5,4.49952507019043
676,684,6,4.4842939376831055
676,161,7,4.43449592590332
676,408,8,4.433204174041748
676,1103,9,4.409073829650879
676,116,10,4.407310962677002
677,12,1,5.430663108825684
677,191,2,5.361867904663086
677,157,3,5.349869728088379
677,96,4,5.2818708419799805
677,87,5,5.257547378540039
677,22,6,5.174105644226074
677,1269,7,5.16710901260376
677,588,8,5.15036678314209
677,1019,9,5.101083278656006
677,265,10,5.0866780281066895
678,169,1,4.460396766662598
678,498,2,4.453976154327393
678,69,3,4.439427375793457
678,203,4,4.3878936767578125
678,272,5,4.378920555114746
678,316,6,4.2696967124938965
678,916,7,4.258935451507568
678,223,8,4.245110511779785
678,89,9,4.237329483032227
678,302,10,4.236528396606445
679,12,1,5.142683982849121
679,248,2,5.045821666717529
679,1137,3,4.939859390258789
679,694,4,4.868059158325195
679,114,5,4.805015563964844
679,166,6,4.77323055267334
679,199,7,4.751232147216797
679,127,8,4.746644973754883
679,89,9,4.726484298706055
679,134,10,4.723521709442139
680,173,1,4.94630765914917
680,48,2,4.909742832183838
680,12,3,4.904038906097412
680,114,4,4.81697940826416
680,172,5,4.80397367477417
680,647,6,4.798747539520264
680,315,7,4.60783576965332
680,963,8,4.607633113861084
680,652,9,4.6072998046875
680,1449,10,4.584184169769287
681,496,1,5.055494785308838
681,483,2,4.9004364013671875
681,318,3,4.661509990692139
681,513,4,4.5933003425598145
681,69,5,4.501741886138916
681,434,6,4.4206342697143555
681,262,7,4.401522636413574
681,498,8,4.389752388000488
681,137,9,4.35984468460083
681,60,10,4.354949951171875
682,1142,1,4.71660041809082
682,198,2,4.518047332763672
682,1,3,4.44883918762207
682,606,4,4.40018367767334
682,483,5,4.398010730743408
682,99,6,4.38633394241333
682,479,7,4.3330793380737305
682,174,8,4.320403099060059
682,199,9,4.308281421661377
682,511,10,4.301483154296875
683,175,1,4.699085235595703
683,171,2,4.6804585456848145
683,657,3,4.5733795166015625
683,474,4,4.563714504241943
683,483,5,4.5518670082092285
683,48,6,4.436261177062988
683,285,7,4.433554172515869
683,134,8,4.404980182647705
683,504,9,4.4020490646362305
683,194,10,4.389458656311035
684,615,1,5.124691486358643
684,513,2,5.009358882904053
684,285,3,4.8668212890625
684,134,4,4.8556623458862305
684,654,5,4.779196739196777
684,746,6,4.7611165046691895
684,303,7,4.6904144287109375
684,166,8,4.658750534057617
684,604,9,4.641100883483887
684,519,10,4.639756202697754
686,661,1,5.5869269371032715
686,512,2,5.385684967041016
686,59,3,5.377621173858643
686,483,4,5.369561195373535
686,285,5,5.25248908996582
686,525,6,5.218296051025391
686,519,7,5.187896251678467
686,23,8,5.141182899475098
686,1449,9,5.137466907501221
686,705,10,5.135031700134277
687,173,1,5.12267541885376
687,64,2,4.792471885681152
687,318,3,4.725384712219238
687,408,4,4.722630500793457
687,165,5,4.704489707946777
687,100,6,4.642638206481934
687,144,7,4.628368377685547
687,199,8,4.624317646026611
687,520,9,4.605511665344238
687,191,10,4.6044158935546875
688,483,1,5.8686065673828125
688,498,2,5.688374996185303
688,318,3,5.626847743988037
688,191,4,5.59287691116333
688,64,5,5.581794261932373
688,515,6,5.556432247161865
688,187,7,5.555272102355957
688,132,8,5.551766872406006
688,22,9,5.545549392700195
688,603,10,5.528134822845459
689,173,1,5.192219257354736
689,313,2,4.99821662902832
689,12,3,4.993697643280029
689,318,4,4.986964225769043
689,223,5,4.953733444213867
689,272,6,4.95145320892334
689,813,7,4.93243932723999
689,79,8,4.927773475646973
689,1449,9,4.829190254211426
689,50,10,4.816829681396484
690,603,1,4.927728652954102
690,313,2,4.835898399353027
690,856,3,4.616211414337158
690,165,4,4.5746002197265625
690,513,5,4.5663628578186035
690,320,6,4.525984764099121
690,531,7,4.472339153289795
690,169,8,4.417577743530273
690,427,9,4.382559776306152
690,117,10,4.263274669647217
691,427,1,4.995243549346924
691,318,2,4.970387935638428
691,272,3,4.96295166015625
691,19,4,4.931873798370361
691,170,5,4.856174945831299
691,269,6,4.851311683654785
691,12,7,4.7895307540893555
691,483,8,4.785644054412842
691,204,9,4.780559539794922
691,174,10,4.777119159698486
692,275,1,4.427096843719482
692,15,2,4.327310562133789
692,61,3,4.302332401275635
692,513,4,4.273804187774658
692,169,5,4.152156352996826
692,520,6,4.112225532531738
692,191,7,4.101485252380371
692,515,8,4.098819255828857
692,462,9,4.097245216369629
692,60,10,4.085861682891846
693,73,1,4.55488395690918
693,24,2,4.519150733947754
693,519,3,4.352631092071533
693,316,4,4.340921878814697
693,272,5,4.299322128295898
693,475,6,4.252845764160156
693,624,7,4.204690933227539
693,474,8,4.1920671463012695
693,525,9,4.185398101806641
693,202,10,4.1728668212890625
694,428,1,5.241574764251709
694,216,2,4.9892473220825195
694,478,3,4.886404514312744
694,513,4,4.869880676269531
694,963,5,4.849528789520264
694,936,6,4.833082675933838
694,136,7,4.829488754272461
694,750,8,4.824702262878418
694,190,9,4.819747447967529
694,746,10,4.789402961730957
695,169,1,4.9581427574157715
695,199,2,4.912579536437988
695,1021,3,4.90292501449585
695,344,4,4.867403030395508
695,42,5,4.810325622558594
695,483,6,4.806639194488525
695,518,7,4.761908054351807
695,205,8,4.754979133605957
695,14,9,4.7496657371521
695,513,10,4.737417221069336
696,408,1,5.226171970367432
696,514,2,4.983138084411621
696,242,3,4.751067161560059
696,114,4,4.723773002624512
696,654,5,4.71112060546875
696,958,6,4.64517068862915
696,285,7,4.586287975311279
696,603,8,4.5697922706604
696,169,9,4.560920715332031
696,223,10,4.533452987670898
697,410,1,5.411900043487549
697,318,2,5.219352722167969
697,68,3,5.161019325256348
697,1137,4,5.030730247497559
697,114,5,5.005582332611084
697,176,6,4.980288505554199
697,251,7,4.961331844329834
697,320,8,4.958971977233887
697,182,9,4.943161964416504
697,524,10,4.927332878112793
699,603,1,4.795144081115723
699,963,2,4.551620006561279
699,192,3,4.451630115509033
699,958,4,4.2892889976501465
699,198,5,4.275982856750488
699,631,6,4.274746417999268
699,753,7,4.262005805969238
699,392,8,4.231058597564697
699,47,9,4.201571464538574
699,1194,10,4.1914591789245605
700,318,1,4.679295063018799
700,12,2,4.449310302734375
700,191,3,4.3989949226379395
700,285,4,4.3965559005737305
700,607,5,4.346548557281494
700,657,6,4.335683822631836
700,603,7,4.328498363494873
700,904,8,4.308043956756592
700,483,9,4.23158597946167
700,172,10,4.224478721618652
701,603,1,5.134634971618652
701,408,2,5.096274375915527
701,513,3,5.084649562835693
701,511,4,5.074760913848877
701,178,5,5.055171966552734
701,98,6,4.970008373260498
701,199,7,4.960710525512695
701,483,8,4.9549174308776855
701,19,9,4.935699939727783
701,661,10,4.934174537658691
702,64,1,4.094335556030273
702,318,2,4.041781902313232
702,173,3,3.9341237545013428
702,285,4,3.9244914054870605
702,12,5,3.905317544937134
702,427,6,3.885040283203125
702,50,7,3.883424758911133
702,603,8,3.876323938369751
702,272,9,3.7519140243530273
702,492,10,3.7474167346954346
703,302,1,5.160299301147461
703,187,2,5.024435997009277
703,98,3,5.008380889892578
703,172,4,4.883455276489258
703,69,5,4.818373680114746
703,511,6,4.805191516876221
703,357,7,4.775083541870117
703,466,8,4.756201267242432
703,515,9,4.7559428215026855
703,651,10,4.751626968383789
704,168,1,5.197087287902832
704,427,2,4.9479570388793945
704,525,3,4.926351547241211
704,474,4,4.884654521942139
704,589,5,4.797761917114258
704,195,6,4.741916656494141
704,408,7,4.672520637512207
704,483,8,4.669750690460205
704,513,9,4.604548931121826
704,1021,10,4.60377311706543
705,591,1,5.096677780151367
705,313,2,4.970342636108398
705,516,3,4.969359397888184
705,270,4,4.916200637817383
705,272,5,4.838973045349121
705,310,6,4.8249897956848145
705,1193,7,4.780683994293213
705,292,8,4.744406223297119
705,1137,9,4.691025733947754
705,60,10,4.689346790313721
706,172,1,4.598459243774414
706,169,2,4.505962371826172
706,96,3,4.500907897949219
706,64,4,4.457022666931152
706,318,5,4.430148124694824
706,511,6,4.422231674194336
706,191,7,4.397599697113037
706,48,8,4.392042636871338
706,302,9,4.386442184448242
706,199,10,4.374753475189209
707,33,1,4.819977760314941
707,48,2,4.696341514587402
707,315,3,4.670589923858643
707,656,4,4.660218238830566
707,209,5,4.651637554168701
707,344,6,4.644424915313721
707,114,7,4.607548236846924
707,246,8,4.601273059844971
707,1193,9,4.592123031616211
707,340,10,4.562073707580566
708,735,1,5.223303318023682
708,88,2,5.058110237121582
708,98,3,5.013542652130127
708,432,4,4.98653507232666
708,427,5,4.974836826324463
708,64,6,4.972825527191162
708,357,7,4.956490516662598
708,202,8,4.924251556396484
708,22,9,4.905442237854004
708,174,10,4.772168159484863
709,169,1,5.321642875671387
709,8,2,4.984674453735352
709,269,3,4.869970798492432
709,527,4,4.798402786254883
709,945,5,4.71957540512085
709,612,6,4.71599817276001
709,208,7,4.648299217224121
709,199,8,4.640753269195557
709,292,9,4.635261535644531
709,185,10,4.610779762268066
710,8,1,4.730374813079834
710,191,2,4.676081657409668
710,408,3,4.621835708618164
710,515,4,4.521533966064453
710,60,5,4.506119728088379
710,529,6,4.46668815612793
710,1449,7,4.447649955749512
710,484,8,4.38946533203125
710,205,9,4.377117156982422
710,169,10,4.361144065856934
711,531,1,5.365662097930908
711,9,2,5.054722785949707
711,482,3,5.015440464019775
711,14,4,4.929418563842773
711,493,5,4.866222381591797
711,1449,6,4.860787868499756
711,208,7,4.832929611206055
711,302,8,4.829177379608154
711,207,9,4.818714141845703
711,165,10,4.814440727233887
712,117,1,5.581659317016602
712,126,2,5.3735504150390625
712,257,3,5.247045993804932
712,125,4,5.10007381439209
712,111,5,4.9563164710998535
712,316,6,4.939554691314697
712,285,7,4.918612480163574
712,318,8,4.9015703201293945
712,735,9,4.814279079437256
712,282,10,4.790830135345459
713,474,1,4.126959323883057
713,174,2,4.097790718078613
713,427,3,4.071619510650635
713,178,4,4.050847053527832
713,1449,5,4.032610893249512
713,408,6,3.998645305633545
713,963,7,3.989657402038574
713,98,8,3.966712713241577
713,694,9,3.895650863647461
713,657,10,3.8941633701324463
714,172,1,4.64022159576416
714,12,2,4.423994064331055
714,169,3,4.308958053588867
714,1449,4,4.272124290466309
714,22,5,4.268709659576416
714,189,6,4.219461917877197
714,173,7,4.209841728210449
714,429,8,4.159775257110596
714,114,9,4.157641887664795
714,483,10,4.155707359313965
715,357,1,5.033140182495117
715,127,2,5.001518726348877
715,199,3,4.917422771453857
715,483,4,4.861658096313477
715,313,5,4.826404094696045
715,515,6,4.786162376403809
715,498,7,4.7642903327941895
715,507,8,4.736987113952637
715,302,9,4.667272567749023
715,513,10,4.663255214691162
716,408,1,5.115772247314453
716,169,2,5.030679702758789
716,582,3,5.000644683837891
716,170,4,4.968684196472168
716,236,5,4.914979934692383
716,9,6,4.900768756866455
716,736,7,4.8839030265808105
716,1449,8,4.883342742919922
716,1194,9,4.859351634979248
716,306,10,4.851672172546387
717,216,1,5.685297012329102
717,166,2,5.425719261169434
717,77,3,5.257237434387207
717,645,4,5.1780548095703125
717,526,5,5.144169330596924
717,478,6,5.130023002624512
717,657,7,5.109133243560791
717,178,8,5.106168746948242
717,628,9,5.090229034423828
717,114,10,5.057416915893555
718,178,1,5.162375450134277
718,657,2,5.157668113708496
718,22,3,5.153722763061523
718,64,4,5.133383274078369
718,69,5,5.102816581726074
718,651,6,5.087839126586914
718,318,7,5.023463726043701
718,216,8,5.021204471588135
718,79,9,4.979876518249512
718,98,10,4.978968143463135
719,100,1,4.881699085235596
719,165,2,4.454718589782715
719,12,3,4.407700538635254
719,735,4,4.336552143096924
719,1039,5,4.3307576179504395
719,272,6,4.272964000701904
719,525,7,4.266539096832275
719,203,8,4.205453395843506
719,170,9,4.198348045349121
719,484,10,4.132929801940918
720,513,1,5.013307094573975
720,408,2,4.857996463775635
720,432,3,4.855048179626465
720,474,4,4.832785606384277
720,1449,5,4.826564788818359
720,525,6,4.777483940124512
720,357,7,4.762326717376709
720,1021,8,4.7565460205078125
720,694,9,4.707087993621826
720,504,10,4.6929707527160645
721,96,1,5.089482307434082
721,210,2,4.976454257965088
721,95,3,4.777424335479736
721,144,4,4.708134174346924
721,963,5,4.6954216957092285
721,515,6,4.690216064453125
721,121,7,4.645913600921631
721,651,8,4.613799095153809
721,1159,9,4.609807014465332
721,313,10,4.605228424072266
722,408,1,5.48091459274292
722,114,2,5.162768840789795
722,357,3,5.143754959106445
722,603,4,5.078653812408447
722,173,5,5.062023639678955
722,23,6,5.041502952575684
722,169,7,5.037906646728516
722,654,8,4.979312896728516
722,12,9,4.963268280029297
722,153,10,4.928409576416016
723,12,1,4.8762922286987305
723,1019,2,4.507457256317139
723,408,3,4.507122993469238
723,56,4,4.4850664138793945
723,187,5,4.483684062957764
723,603,6,4.469937801361084
723,198,7,4.468266010284424
723,98,8,4.460626602172852
723,1449,9,4.45686149597168
723,661,10,4.448389053344727
725,641,1,4.61536979675293
725,1449,2,4.540175914764404
725,199,3,4.53677225112915
725,12,4,4.532142162322998
725,478,5,4.5247344970703125
725,169,6,4.5114545822143555
725,172,7,4.493002414703369
725,83,8,4.463713645935059
725,493,9,4.453132629394531
725,1268,10,4.43567419052124
726,172,1,4.9956583976745605
726,50,2,4.823943614959717
726,496,3,4.621623992919922
726,178,4,4.6201701164245605
726,313,5,4.61156702041626
726,429,6,4.58333158493042
726,223,7,4.546868324279785
726,98,8,4.527446269989014
726,963,9,4.526218891143799
726,531,10,4.504227638244629
727,750,1,4.6526079177856445
727,166,2,4.6303629875183105
727,190,3,4.5343732833862305
727,963,4,4.493582248687744
727,64,5,4.483448505401611
727,60,6,4.469455718994141
727,753,7,4.460504055023193
727,487,8,4.416591644287109
727,603,9,4.368302822113037
727,216,10,4.363592624664307
728,515,1,5.020841598510742
728,169,2,4.750720977783203
728,208,3,4.738438606262207
728,12,4,4.692312717437744
728,318,5,4.669025897979736
728,191,6,4.661769866943359
728,98,7,4.602839469909668
728,64,8,4.578888893127441
728,483,9,4.5727858543396
728,205,10,4.571932315826416
729,174,1,4.021900653839111
729,478,2,3.977342367172241
729,50,3,3.8868749141693115
729,603,4,3.8529293537139893
729,479,5,3.808422088623047
729,265,6,3.7727901935577393
729,136,7,3.753131628036499
729,466,8,3.7481110095977783
729,121,9,3.744745969772339
729,963,10,3.7361550331115723
730,56,1,4.90104341506958
730,1142,2,4.541023254394531
730,64,3,4.506633758544922
730,124,4,4.49293327331543
730,127,5,4.48676872253418
730,272,6,4.43986701965332
730,178,7,4.290537357330322
730,313,8,4.289793014526367
730,285,9,4.271756649017334
730,357,10,4.2636494636535645
731,173,1,5.144668102264404
731,318,2,5.0485076904296875
731,863,3,4.925369739532471
731,423,4,4.912543296813965
731,255,5,4.901893138885498
731,83,6,4.8576273918151855
731,692,7,4.760821342468262
731,70,8,4.713189125061035
731,172,9,4.669064521789551
731,234,10,4.661224842071533
732,963,1,5.297008991241455
732,178,2,5.208225727081299
732,285,3,5.166734218597412
732,89,4,5.134206771850586
732,527,5,5.132199764251709
732,14,6,5.12463903427124
732,511,7,5.114290237426758
732,483,8,5.109261989593506
732,694,9,5.104673862457275
732,64,10,5.056393623352051
734,133,1,4.679806709289551
734,660,2,4.515865325927734
734,659,3,4.464147090911865
734,178,4,4.461946487426758
734,1137,5,4.4443230628967285
734,690,6,4.412446975708008
734,718,7,4.401238441467285
734,148,8,4.372425079345703
734,520,9,4.356540679931641
734,251,10,4.340934753417969
735,12,1,4.863134384155273
735,8,2,4.753111839294434
735,64,3,4.7421722412109375
735,644,4,4.65341854095459
735,137,5,4.612574577331543
735,223,6,4.584840297698975
735,511,7,4.567104816436768
735,190,8,4.560844421386719
735,1203,9,4.5569353103637695
735,203,10,4.52830171585083
736,483,1,4.2231316566467285
736,484,2,4.0112152099609375
736,524,3,3.982994556427002
736,657,4,3.96921706199646
736,187,5,3.966972827911377
736,56,6,3.9598069190979004
736,611,7,3.93697452545166
736,60,8,3.932821273803711
736,318,9,3.9272255897521973
736,127,10,3.925161361694336
737,483,1,4.7356719970703125
737,530,2,4.675004005432129
737,511,3,4.638612747192383
737,519,4,4.570230007171631
737,127,5,4.567042350769043
737,488,6,4.5428972244262695
737,23,7,4.532535076141357
737,1449,8,4.483441352844238
737,199,9,4.459409236907959
737,192,10,4.456357955932617
738,480,1,4.49299430847168
738,513,2,4.46442174911499
738,483,3,4.4248552322387695
738,1021,4,4.394736289978027
738,479,5,4.335611343383789
738,647,6,4.324216842651367
738,515,7,4.2751593589782715
738,127,8,4.2416839599609375
738,187,9,4.240374565124512
738,654,10,4.233347415924072
739,258,1,5.16048002243042
739,1098,2,5.095168113708496
739,223,3,4.74307918548584
739,520,4,4.703724384307861
739,530,5,4.624499320983887
739,741,6,4.610857009887695
739,1039,7,4.559048175811768
739,165,8,4.525855541229248
739,207,9,4.512479782104492
739,114,10,4.511435031890869
740,98,1,4.468140125274658
740,48,2,4.398231029510498
740,12,3,4.340706825256348
740,515,4,4.305858135223389
740,64,5,4.283008575439453
740,223,6,4.268172740936279
740,483,7,4.254685401916504
740,22,8,4.191080570220947
740,56,9,4.174495697021484
740,174,10,4.16232442855835
741,302,1,5.307835578918457
741,408,2,5.033054351806641
741,100,3,5.011946201324463
741,60,4,5.006673336029053
741,154,5,4.897026538848877
741,169,6,4.857612609863281
741,344,7,4.832458972930908
741,511,8,4.814126014709473
741,136,9,4.81095027923584
741,93,10,4.8013153076171875
742,100,1,4.9879984855651855
742,661,2,4.7683515548706055
742,223,3,4.744086265563965
742,187,4,4.704161643981934
742,316,5,4.6891350746154785
742,528,6,4.687061309814453
742,603,7,4.681882858276367
742,344,8,4.677108287811279
742,272,9,4.655545711517334
742,98,10,4.646117210388184
743,408,1,5.209372520446777
743,190,2,4.966590881347656
743,169,3,4.930611610412598
743,100,4,4.903241157531738
743,654,5,4.85809850692749
743,50,6,4.803166389465332
743,114,7,4.765572547912598
743,641,8,4.7629876136779785
743,603,9,4.751234531402588
743,511,10,4.746330261230469
744,12,1,4.66611385345459
744,285,2,4.5745720863342285
744,114,3,4.526708126068115
744,315,4,4.487109184265137
744,173,5,4.482430458068848
744,529,6,4.4547505378723145
744,207,7,4.448393821716309
744,408,8,4.4213972091674805
744,693,9,4.416109085083008
744,45,10,4.373147487640381
745,223,1,4.349672317504883
745,178,2,4.232180595397949
745,208,3,4.120691776275635
745,57,4,4.082571029663086
745,242,5,4.042190074920654
745,295,6,4.0017595291137695
745,1449,7,3.9630892276763916
745,525,8,3.9594390392303467
745,1098,9,3.9026341438293457
745,963,10,3.889939069747925
746,318,1,4.821708679199219
746,191,2,4.810977458953857
746,963,3,4.749751567840576
746,648,4,4.647699356079102
746,199,5,4.6298441886901855
746,1039,6,4.623546123504639
746,143,7,4.613317012786865
746,173,8,4.568552494049072
746,427,9,4.563810348510742
746,313,10,4.545873641967773
747,191,1,5.516079902648926
747,306,2,5.230707168579102
747,657,3,5.091492652893066
747,513,4,5.047822952270508
747,1368,5,4.980863571166992
747,484,6,4.931202411651611
747,1154,7,4.918118000030518
747,1218,8,4.877829074859619
747,52,9,4.868751525878906
747,81,10,4.866413593292236
748,190,1,4.837778091430664
748,520,2,4.831236362457275
748,433,3,4.549577236175537
748,223,4,4.482299327850342
748,430,5,4.435306072235107
748,178,6,4.429839611053467
748,434,7,4.417004585266113
748,491,8,4.414704322814941
748,513,9,4.412768840789795
748,694,10,4.396428108215332
749,513,1,4.860548496246338
749,945,2,4.795897006988525
749,492,3,4.75624942779541
749,519,4,4.7156500816345215
749,694,5,4.695741653442383
749,119,6,4.642008304595947
749,285,7,4.6270575523376465
749,165,8,4.617445945739746
749,59,9,4.616372108459473
749,641,10,4.613404273986816
750,736,1,4.940094470977783
750,318,2,4.9058637619018555
750,272,3,4.832772254943848
750,12,4,4.692925930023193
750,1449,5,4.672366142272949
750,50,6,4.640798091888428
750,963,7,4.566701889038086
750,192,8,4.563188076019287
750,285,9,4.56032657623291
750,427,10,4.545898914337158
751,515,1,4.869731426239014
751,694,2,4.817955493927002
751,1160,3,4.780313014984131
751,863,4,4.722594738006592
751,199,5,4.675215244293213
751,492,6,4.660735130310059
751,22,7,4.6506853103637695
751,1039,8,4.637760162353516
751,604,9,4.6330790519714355
751,166,10,4.587512493133545
752,12,1,4.86672830581665
752,50,2,4.702954292297363
752,42,3,4.500779151916504
752,318,4,4.429047584533691
752,150,5,4.413235187530518
752,432,6,4.406731605529785
752,22,7,4.388799667358398
752,172,8,4.347150802612305
752,195,9,4.31210994720459
752,475,10,4.261386871337891
753,496,1,4.758688449859619
753,1,2,4.743964672088623
753,136,3,4.689283847808838
753,506,4,4.680476188659668
753,64,5,4.677309989929199
753,493,6,4.639999866485596
753,960,7,4.638038158416748
753,88,8,4.617929935455322
753,499,9,4.546590805053711
753,644,10,4.5349297523498535
754,168,1,4.799027919769287
754,98,2,4.549258232116699
754,169,3,4.495378494262695
754,189,4,4.479416370391846
754,174,5,4.447931289672852
754,511,6,4.392674446105957
754,963,7,4.384274959564209
754,45,8,4.370096683502197
754,50,9,4.356744766235352
754,302,10,4.342529296875
755,196,1,5.137971878051758
755,89,2,4.867252349853516
755,190,3,4.804636478424072
755,478,4,4.786314964294434
755,45,5,4.784976959228516
755,694,6,4.775445938110352
755,64,7,4.7684736251831055
755,357,8,4.702587604522705
755,515,9,4.675258159637451
755,1159,10,4.6710004806518555
756,190,1,4.585256099700928
756,48,2,4.466437339782715
756,286,3,4.32357120513916
756,223,4,4.130695343017578
756,59,5,4.087405204772949
756,316,6,4.082564353942871
756,1643,7,4.077871799468994
756,660,8,4.07191801071167
756,344,9,4.0607686042785645
756,221,10,4.0515360832214355
757,315,1,4.83624792098999
757,165,2,4.73170804977417
757,318,3,4.672765254974365
757,408,4,4.628862380981445
757,709,5,4.6166181564331055
757,520,6,4.588873386383057
757,1449,7,4.566583156585693
757,1268,8,4.562752723693848
757,480,9,4.54923152923584
757,357,10,4.512167453765869
758,318,1,5.62933349609375
758,190,2,5.50387716293335
758,429,3,5.440820693969727
758,97,4,5.430852890014648
758,10,5,5.214391708374023
758,178,6,5.199010372161865
758,1,7,5.086095333099365
758,523,8,5.039762020111084
758,157,9,5.032798767089844
758,923,10,5.032670974731445
759,483,1,5.120395183563232
759,318,2,5.115509033203125
759,316,3,5.114681243896484
759,430,4,5.098076343536377
759,498,5,5.008492469787598
759,50,6,4.960276126861572
759,313,7,4.937129020690918
759,15,8,4.93595552444458
759,1449,9,4.87895393371582
759,282,10,4.873475551605225
760,1449,1,4.472853183746338
760,1512,2,4.4516730308532715
760,116,3,4.440053939819336
760,493,4,4.393063545227051
760,514,5,4.3912858963012695
760,478,6,4.387519359588623
760,414,7,4.387286186218262
760,64,8,4.315768241882324
760,847,9,4.253333568572998
760,408,10,4.249860763549805
761,432,1,4.6615309715271
761,64,2,4.586138725280762
761,168,3,4.546455383300781
761,173,4,4.516724586486816
761,28,5,4.500738143920898
761,318,6,4.4850311279296875
761,657,7,4.370371341705322
761,223,8,4.341792106628418
761,922,9,4.31655740737915
761,1449,10,4.265266418457031
762,50,1,5.069615364074707
762,124,2,4.904450416564941
762,1,3,4.88690185546875
762,171,4,4.8298211097717285
762,513,5,4.792187690734863
762,174,6,4.720257759094238
762,168,7,4.7006096839904785
762,151,8,4.700084209442139
762,132,9,4.684319496154785
762,45,10,4.675576210021973
763,64,1,5.061851978302002
763,525,2,5.00167989730835
763,512,3,4.977372169494629
763,484,4,4.931233882904053
763,199,5,4.888119220733643
763,661,6,4.776255130767822
763,611,7,4.771085262298584
763,180,8,4.763820648193359
763,923,9,4.730226039886475
763,169,10,4.7086615562438965
764,481,1,5.028219223022461
764,513,2,4.782228946685791
764,313,3,4.741505146026611
764,483,4,4.718769073486328
764,8,5,4.656116008758545
764,498,6,4.650585174560547
764,603,7,4.636119842529297
764,230,8,4.62783145904541
764,189,9,4.608057975769043
764,170,10,4.585176944732666
765,1021,1,4.966477870941162
765,512,2,4.902745246887207
765,318,3,4.869156837463379
765,603,4,4.820387363433838
765,285,5,4.802670001983643
765,607,6,4.80071496963501
765,223,7,4.790875434875488
765,659,8,4.788844108581543
765,514,9,4.782779216766357
765,1137,10,4.753681182861328
766,169,1,4.6829681396484375
766,531,2,4.393801212310791
766,56,3,4.3524088859558105
766,515,4,4.338038444519043
766,1005,5,4.308339595794678
766,190,6,4.293201446533203
766,1193,7,4.235475063323975
766,114,8,4.2349395751953125
766,922,9,4.218083381652832
766,1449,10,4.201500415802002
767,285,1,5.205099105834961
767,318,2,5.169238090515137
767,511,3,5.124018669128418
767,496,4,5.07407808303833
767,603,5,5.057398796081543
767,488,6,5.049433708190918
767,512,7,5.044979572296143
767,64,8,5.042588710784912
767,165,9,5.03488302230835
767,313,10,5.0236945152282715
768,69,1,4.5664873123168945
768,96,2,4.538698196411133
768,48,3,4.527585029602051
768,97,4,4.467536926269531
768,318,5,4.393251895904541
768,963,6,4.345629692077637
768,190,7,4.343321800231934
768,22,8,4.2993645668029785
768,223,9,4.275332450866699
768,129,10,4.269242286682129
769,50,1,4.787973880767822
769,98,2,4.659679889678955
769,483,3,4.606642246246338
769,133,4,4.569690704345703
769,514,5,4.522400379180908
769,530,6,4.508871078491211
769,478,7,4.4740142822265625
769,519,8,4.461416721343994
769,285,9,4.454993724822998
769,357,10,4.435301303863525
770,633,1,5.537991523742676
770,318,2,5.496613502502441
770,923,3,5.331396102905273
770,9,4,5.321258544921875
770,316,5,5.3167405128479
770,856,6,5.269923686981201
770,603,7,5.259127140045166
770,1449,8,5.245976448059082
770,83,9,5.233462810516357
770,963,10,5.207280158996582
771,527,1,5.040101051330566
771,1098,2,4.929745674133301
771,515,3,4.900370121002197
771,143,4,4.8589701652526855
771,483,5,4.817987442016602
771,1101,6,4.785268783569336
771,631,7,4.781119346618652
771,57,8,4.769202709197998
771,285,9,4.744154453277588
771,513,10,4.72520637512207
772,513,1,5.451528072357178
772,178,2,5.430017471313477
772,199,3,5.287781715393066
772,603,4,5.284073352813721
772,1512,5,5.258788585662842
772,50,6,5.255727291107178
772,318,7,5.251453399658203
772,169,8,5.24748420715332
772,527,9,5.242771148681641
772,136,10,5.218029975891113
773,199,1,5.462327003479004
773,661,2,5.285682678222656
773,135,3,5.075565338134766
773,654,4,5.066390037536621
773,647,5,5.063656330108643
773,483,6,4.91892147064209
773,513,7,4.914797782897949
773,59,8,4.8970489501953125
773,1103,9,4.876691818237305
773,615,10,4.873247146606445
775,659,1,4.72300910949707
775,179,2,4.692545413970947
775,98,3,4.674448490142822
775,496,4,4.6655097007751465
775,169,5,4.643625259399414
775,483,6,4.627799034118652
775,285,7,4.588405609130859
775,153,8,4.576114177703857
775,963,9,4.57467794418335
775,958,10,4.552385330200195
776,1142,1,5.367295742034912
776,428,2,5.256221294403076
776,56,3,5.1334123611450195
776,12,4,5.087796688079834
776,172,5,5.0538153648376465
776,936,6,5.039392471313477
776,268,7,4.857392311096191
776,52,8,4.837127208709717
776,306,9,4.800203323364258
776,190,10,4.795321464538574
777,1449,1,5.135320663452148
777,28,2,5.02542781829834
777,663,3,5.014776229858398
777,174,4,4.957453727722168
777,753,5,4.929685115814209
777,211,6,4.928142547607422
777,612,7,4.871705532073975
777,133,8,4.869197845458984
777,172,9,4.846846103668213
777,125,10,4.839715003967285
778,199,1,4.942416667938232
778,12,2,4.744829177856445
778,59,3,4.720947742462158
778,134,4,4.658661842346191
778,525,5,4.641050815582275
778,187,6,4.5507097244262695
778,526,7,4.532743453979492
778,185,8,4.515543460845947
778,432,9,4.4877448081970215
778,657,10,4.479159832000732
779,169,1,5.1700568199157715
779,8,2,4.9698100090026855
779,315,3,4.957870006561279
779,527,4,4.947659492492676
779,316,5,4.944782257080078
779,172,6,4.904008388519287
779,191,7,4.879779815673828
779,153,8,4.8782124519348145
779,513,9,4.870978355407715
779,647,10,4.855433464050293
780,69,1,5.279934883117676
780,194,2,5.062856674194336
780,64,3,5.001701354980469
780,88,4,4.950921535491943
780,318,5,4.755732536315918
780,215,6,4.7169694900512695
780,483,7,4.713144302368164
780,197,8,4.700578689575195
780,161,9,4.697782516479492
780,181,10,4.636884689331055
781,922,1,4.783718109130859
781,479,2,4.664212226867676
781,199,3,4.610495090484619
781,657,4,4.578185558319092
781,209,5,4.553244590759277
781,170,6,4.5229010581970215
781,513,7,4.520225524902344
781,135,8,4.512081146240234
781,357,9,4.50734806060791
781,165,10,4.4949445724487305
783,603,1,5.058828353881836
783,1449,2,4.911842346191406
783,427,3,4.816341876983643
783,272,4,4.80792760848999
783,480,5,4.78041934967041
783,488,6,4.771551132202148
783,654,7,4.760436058044434
783,483,8,4.719308853149414
783,515,9,4.6869306564331055
783,1194,10,4.6858015060424805
784,64,1,5.110342979431152
784,22,2,4.997287750244141
784,187,3,4.9722137451171875
784,318,4,4.940393447875977
784,79,5,4.867248058319092
784,192,6,4.863536834716797
784,183,7,4.842958450317383
784,191,8,4.83869743347168
784,735,9,4.8363165855407715
784,429,10,4.82352876663208
785,173,1,4.714749813079834
785,603,2,4.584051132202148
785,114,3,4.473660469055176
785,517,4,4.445150375366211
785,272,5,4.44235897064209
785,313,6,4.385772705078125
785,318,7,4.377548694610596
785,357,8,4.347629070281982
785,1159,9,4.306813716888428
785,657,10,4.258975982666016
786,169,1,5.184449672698975
786,114,2,4.87580680847168
786,64,3,4.734234809875488
786,69,4,4.727536678314209
786,527,5,4.703991889953613
786,1449,6,4.698330402374268
786,482,7,4.696728229522705
786,11,8,4.6631879806518555
786,56,9,4.657564163208008
786,193,10,4.652858734130859
787,210,1,4.579935073852539
787,61,2,4.562201023101807
787,228,3,4.510075092315674
787,500,4,4.481175899505615
787,136,5,4.480938911437988
787,526,6,4.472345352172852
787,191,7,4.454527378082275
787,1019,8,4.439823627471924
787,174,9,4.41412353515625
787,408,10,4.4100847244262695
788,660,1,4.757518291473389
788,59,2,4.658194065093994
788,191,3,4.632992744445801
788,1367,4,4.580041408538818
788,165,5,4.554035186767578
788,958,6,4.530285358428955
788,421,7,4.484896659851074
788,916,8,4.475731372833252
788,189,9,4.473430156707764
788,936,10,4.466182708740234
789,174,1,4.975867748260498
789,136,2,4.899066925048828
789,208,3,4.892046928405762
789,169,4,4.890258312225342
789,187,5,4.885159969329834
789,657,6,4.855680465698242
789,528,7,4.807212829589844
789,173,8,4.798069000244141
789,211,9,4.759798049926758
789,496,10,4.734349250793457
790,12,1,4.866209506988525
790,189,2,4.621224403381348
790,1449,3,4.618344306945801
790,318,4,4.603604316711426
790,520,5,4.589649677276611
790,603,6,4.5135817527771
790,357,7,4.490385055541992
790,651,8,4.472246170043945
790,1194,9,4.466782569885254
790,498,10,4.440348148345947
791,124,1,4.907683849334717
791,923,2,4.776952743530273
791,134,3,4.750237941741943
791,136,4,4.722525119781494
791,223,5,4.716306686401367
791,427,6,4.7085280418396
791,12,7,4.6624908447265625
791,634,8,4.661127090454102
791,479,9,4.654493808746338
791,520,10,4.631840229034424
792,64,1,4.671146392822266
792,192,2,4.6067681312561035
792,12,3,4.542787551879883
792,511,4,4.476283073425293
792,194,5,4.429736137390137
792,429,6,4.335434436798096
792,633,7,4.324590682983398
792,483,8,4.31400203704834
792,285,9,4.255552291870117
792,694,10,4.227165222167969
793,12,1,4.866751194000244
793,318,2,4.85398530960083
793,64,3,4.8042893409729
793,174,4,4.762747287750244
793,172,5,4.7493133544921875
793,173,6,4.683822154998779
793,223,7,4.663991451263428
793,185,8,4.6263580322265625
793,429,9,4.605915069580078
793,192,10,4.55144739151001
794,408,1,5.247250080108643
794,302,2,5.219684600830078
794,180,3,5.170629501342773
794,479,4,5.138678550720215
794,661,5,5.112671375274658
794,483,6,5.1111907958984375
794,197,7,5.095598220825195
794,511,8,5.094239234924316
794,169,9,5.094130992889404
794,172,10,5.0742411613464355
795,408,1,4.818576812744141
795,647,2,4.628807544708252
795,1019,3,4.572872161865234
795,1073,4,4.500840187072754
795,1449,5,4.463592052459717
795,709,6,4.443573474884033
795,507,7,4.424313068389893
795,114,8,4.420144081115723
795,853,9,4.379690170288086
795,1193,10,4.364040374755859
796,868,1,4.9639668464660645
796,208,2,4.712196350097656
796,1449,3,4.675111770629883
796,528,4,4.630005836486816
796,223,5,4.628108978271484
796,91,6,4.55936861038208
796,710,7,4.502589225769043
796,207,8,4.490233421325684
796,74,9,4.481956481933594
796,99,10,4.470997333526611
797,285,1,4.391396999359131
797,185,2,4.164777755737305
797,50,3,4.151864528656006
797,178,4,4.1193132400512695
797,603,5,4.110667705535889
797,191,6,4.085306167602539
797,513,7,4.0375471115112305
797,60,8,4.034846782684326
797,98,9,4.0295820236206055
797,483,10,4.02927303314209
798,316,1,4.915862560272217
798,512,2,4.825697898864746
798,936,3,4.771487236022949
798,1050,4,4.644227981567383
798,455,5,4.63424015045166
798,430,6,4.634041786193848
798,10,7,4.596384525299072
798,735,8,4.59389591217041
798,313,9,4.581707954406738
798,1159,10,4.538120746612549
799,185,1,4.947989463806152
799,318,2,4.926760196685791
799,127,3,4.890111446380615
799,114,4,4.878057479858398
799,659,5,4.8643083572387695
799,357,6,4.853925704956055
799,603,7,4.8253936767578125
799,474,8,4.808409690856934
799,427,9,4.760643005371094
799,1449,10,4.752841949462891
800,318,1,4.568184852600098
800,48,2,4.4406352043151855
800,79,3,4.402620792388916
800,963,4,4.397651672363281
800,520,5,4.375874996185303
800,114,6,4.372281551361084
800,603,7,4.36974573135376
800,190,8,4.3559136390686035
800,408,9,4.341715335845947
800,177,10,4.331771373748779
801,318,1,6.051268100738525
801,272,2,5.52238655090332
801,22,3,5.50927209854126
801,496,4,5.499942779541016
801,87,5,5.465065002441406
801,50,6,5.456440448760986
801,1019,7,5.300279140472412
801,173,8,5.279740810394287
801,210,9,5.257411956787109
801,735,10,5.256684303283691
802,96,1,4.873659610748291
802,150,2,4.828845977783203
802,136,3,4.814957618713379
802,169,4,4.757308006286621
802,178,5,4.743685245513916
802,50,6,4.64625883102417
802,316,7,4.632023811340332
802,87,8,4.630924224853516
802,521,9,4.570184707641602
802,22,10,4.551263809204102
803,48,1,5.225960731506348
803,251,2,4.978898048400879
803,408,3,4.954423427581787
803,170,4,4.894250392913818
803,272,5,4.820106506347656
803,427,6,4.800626754760742
803,178,7,4.792197227478027
803,603,8,4.78901481628418
803,463,9,4.760763168334961
803,631,10,4.736976146697998
804,178,1,4.952300548553467
804,430,2,4.947958946228027
804,521,3,4.940926551818848
804,253,4,4.872434139251709
804,958,5,4.866929054260254
804,45,6,4.8482666015625
804,1449,7,4.845926761627197
804,114,8,4.8392486572265625
804,165,9,4.818622589111328
804,1019,10,4.802897930145264
805,302,1,5.564364433288574
805,201,2,5.150748252868652
805,178,3,5.124622821807861
805,408,4,5.115037441253662
805,1021,5,4.9775261878967285
805,474,6,4.926237106323242
805,134,7,4.921661376953125
805,1194,8,4.839299201965332
805,896,9,4.832464218139648
805,613,10,4.794451713562012
806,474,1,5.612187385559082
806,173,2,4.869499683380127
806,520,3,4.799992561340332
806,641,4,4.7522993087768555
806,1142,5,4.750361919403076
806,528,6,4.682751655578613
806,48,7,4.63417911529541
806,487,8,4.629952907562256
806,515,9,4.601616382598877
806,513,10,4.601171493530273
807,1449,1,5.004385948181152
807,686,2,4.974030494689941
807,98,3,4.966458797454834
807,692,4,4.917396068572998
807,1101,5,4.892740249633789
807,513,6,4.883286476135254
807,966,7,4.855147361755371
807,178,8,4.842774391174316
807,434,9,4.808138370513916
807,631,10,4.8028740882873535
808,168,1,4.8713531494140625
808,483,2,4.719422340393066
808,272,3,4.6280364990234375
808,513,4,4.603730201721191
808,603,5,4.600775718688965
808,963,6,4.573842525482178
808,318,7,4.544946670532227
808,1449,8,4.543354511260986
808,209,9,4.531898498535156
808,190,10,4.530640125274658
809,64,1,4.978775978088379
809,483,2,4.932426452636719
809,357,3,4.908775806427002
809,474,4,4.856387138366699
809,408,5,4.83404016494751
809,178,6,4.8336381912231445
809,603,7,4.805522441864014
809,513,8,4.803133964538574
809,525,9,4.800051212310791
809,484,10,4.785769939422607
810,191,1,5.346862316131592
810,483,2,5.343531131744385
810,513,3,5.313898086547852
810,178,4,5.3127923011779785
810,511,5,5.305860996246338
810,194,6,5.271890640258789
810,137,7,5.240458011627197
810,1449,8,5.227738380432129
810,1021,9,5.202308177947998
810,316,10,5.179681777954102
811,190,1,5.379614353179932
811,191,2,5.348273277282715
811,169,3,5.20624303817749
811,98,4,5.156224250793457
811,183,5,5.102099895477295
811,64,6,5.083497524261475
811,515,7,5.078798294067383
811,963,8,5.041054725646973
811,318,9,5.0380330085754395
811,603,10,5.033346652984619
812,603,1,4.865726947784424
812,83,2,4.795219898223877
812,963,3,4.717899322509766
812,1449,4,4.678845405578613
812,272,5,4.544207572937012
812,1512,6,4.495337009429932
812,657,7,4.486424922943115
812,694,8,4.472692489624023
812,316,9,4.47142219543457
812,429,10,4.449745178222656
813,203,1,5.247633457183838
813,190,2,4.891274452209473
813,514,3,4.816065788269043
813,12,4,4.788910865783691
813,316,5,4.771229267120361
813,302,6,4.729187965393066
813,640,7,4.659655570983887
813,181,8,4.617291450500488
813,180,9,4.5690388679504395
813,853,10,4.522435188293457
814,50,1,4.199899673461914
814,12,2,4.113925457000732
814,483,3,4.090803146362305
814,172,4,4.043814659118652
814,135,5,4.040125370025635
814,318,6,4.000153064727783
814,272,7,3.975121021270752
814,313,8,3.9721992015838623
814,651,9,3.9506311416625977
814,484,10,3.9487953186035156
815,208,1,5.142195701599121
815,223,2,5.0879316329956055
815,129,3,4.970132827758789
815,210,4,4.959560394287109
815,178,5,4.937472343444824
815,169,6,4.894301414489746
815,52,7,4.892892837524414
815,211,8,4.803095817565918
815,638,9,4.793339252471924
815,429,10,4.745680809020996
816,191,1,5.218877792358398
816,178,2,5.211175441741943
816,1449,3,5.106081485748291
816,318,4,5.0570783615112305
816,515,5,5.013265132904053
816,169,6,5.003705024719238
816,60,7,4.972151279449463
816,209,8,4.954928874969482
816,12,9,4.9447340965271
816,963,10,4.938897609710693
817,97,1,4.852255821228027
817,603,2,4.847261428833008
817,180,3,4.654353141784668
817,177,4,4.649925231933594
817,480,5,4.630616188049316
817,12,6,4.622994899749756
817,198,7,4.622447967529297
817,19,8,4.612695217132568
817,98,9,4.567594051361084
817,707,10,4.563860893249512
818,513,1,4.978606224060059
818,318,2,4.75480842590332
818,483,3,4.740445613861084
818,98,4,4.734652996063232
818,1021,5,4.724559783935547
818,479,6,4.712856292724609
818,64,7,4.699464321136475
818,511,8,4.678706645965576
818,408,9,4.676314353942871
818,169,10,4.662095546722412
819,603,1,5.363293647766113
819,1194,2,5.198241710662842
819,127,3,5.17026948928833
819,79,4,5.167905807495117
819,179,5,5.152045726776123
819,48,6,5.128380298614502
819,12,7,5.122037410736084
819,1269,8,5.063740253448486
819,272,9,5.059957504272461
819,318,10,5.0313720703125
820,603,1,4.816657066345215
820,268,2,4.645143508911133
820,246,3,4.639433860778809
820,1449,4,4.618483066558838
820,127,5,4.577974319458008
820,318,6,4.568748950958252
820,1203,7,4.557039260864258
820,483,8,4.5002031326293945
820,156,9,4.46917200088501
820,746,10,4.459281921386719
821,515,1,5.377735614776611
821,172,2,5.2502007484436035
821,419,3,5.2257184982299805
821,50,4,5.21437406539917
821,513,5,5.0831170082092285
821,694,6,5.050229072570801
821,134,7,5.007900238037109
821,132,8,5.004246711730957
821,143,9,4.985198497772217
821,136,10,4.98010778427124
822,173,1,4.860019207000732
822,208,2,4.383923530578613
822,186,3,4.376312255859375
822,318,4,4.37166166305542
822,657,5,4.303255558013916
822,963,6,4.284000873565674
822,520,7,4.275780200958252
822,187,8,4.270092964172363
822,190,9,4.257835865020752
822,114,10,4.252615928649902
823,203,1,5.266855716705322
823,527,2,5.242161273956299
823,199,3,5.150567054748535
823,213,4,5.080843925476074
823,482,5,5.012864589691162
823,357,6,5.008001327514648
823,208,7,4.912064075469971
823,603,8,4.882546901702881
823,661,9,4.859628200531006
823,430,10,4.858464241027832
824,173,1,4.590222358703613
824,60,2,4.5327043533325195
824,603,3,4.448286533355713
824,178,4,4.398189067840576
824,429,5,4.352384567260742
824,963,6,4.351930618286133
824,496,7,4.337989807128906
824,238,8,4.334705352783203
824,1159,9,4.322693347930908
824,657,10,4.309700012207031
825,96,1,5.217645168304443
825,641,2,5.133771896362305
825,89,3,5.006248474121094
825,750,4,4.972937107086182
825,56,5,4.972804069519043
825,603,6,4.922774791717529
825,87,7,4.897595405578613
825,228,8,4.862200736999512
825,300,9,4.845731258392334
825,684,10,4.820744514465332
826,64,1,5.1257219314575195
826,531,2,4.924238204956055
826,1142,3,4.898343086242676
826,603,4,4.894916534423828
826,173,5,4.89279842376709
826,238,6,4.8648552894592285
826,156,7,4.837467193603516
826,492,8,4.825082302093506
826,144,9,4.802792072296143
826,958,10,4.73960018157959
827,482,1,4.528047561645508
827,170,2,4.493036270141602
827,478,3,4.467050552368164
827,210,4,4.452296257019043
827,60,5,4.443159103393555
827,169,6,4.417133331298828
827,657,7,4.411738395690918
827,483,8,4.390839099884033
827,178,9,4.365955352783203
827,173,10,4.364888668060303
828,408,1,4.437744140625
828,519,2,4.414244651794434
828,22,3,4.387908458709717
828,603,4,4.323568344116211
828,238,5,4.287999629974365
828,205,6,4.242810249328613
828,209,7,4.219261169433594
828,196,8,4.201860427856445
828,515,9,4.188997268676758
828,690,10,4.177109718322754
829,302,1,4.84433126449585
829,483,2,4.811234474182129
829,127,3,4.748486042022705
829,12,4,4.714702129364014
829,50,5,4.676741123199463
829,114,6,4.543554782867432
829,69,7,4.50556755065918
829,98,8,4.503744125366211
829,408,9,4.459656238555908
829,520,10,4.450586318969727
830,318,1,4.9566969871521
830,530,2,4.895358085632324
830,603,3,4.865880012512207
830,519,4,4.814780235290527
830,659,5,4.795246124267578
830,275,6,4.705313205718994
830,114,7,4.692020893096924
830,483,8,4.672115802764893
830,272,9,4.639774322509766
830,963,10,4.605399131774902
831,480,1,4.800461769104004
831,753,2,4.7676615715026855
831,98,3,4.733251094818115
831,963,4,4.711195468902588
831,423,5,4.676952362060547
831,79,6,4.619510173797607
831,489,7,4.616649627685547
831,607,8,4.572175979614258
831,641,9,4.5690436363220215
831,487,10,4.549338340759277
832,211,1,4.6139068603515625
832,194,2,4.586153984069824
832,178,3,4.567791938781738
832,60,4,4.525746822357178
832,262,5,4.466312885284424
832,963,6,4.462092399597168
832,513,7,4.4582438468933105
832,100,8,4.456238746643066
832,50,9,4.455256462097168
832,169,10,4.455081939697266
833,525,1,4.776339054107666
833,528,2,4.730873107910156
833,588,3,4.480708122253418
833,285,4,4.460212230682373
833,661,5,4.455501556396484
833,707,6,4.4110236167907715
833,212,7,4.3955078125
833,697,8,4.394129753112793
833,425,9,4.3651509284973145
833,1449,10,4.315503120422363
834,64,1,5.247701168060303
834,603,2,5.101635932922363
834,427,3,5.056115627288818
834,285,4,5.046549320220947
834,530,5,4.998985290527344
834,357,6,4.97764253616333
834,98,7,4.963225364685059
834,186,8,4.932106018066406
834,208,9,4.890233039855957
834,174,10,4.885463714599609
835,531,1,5.175212860107422
835,316,2,5.08791971206665
835,236,3,5.036078929901123
835,272,4,5.0000691413879395
835,515,5,4.9813737869262695
835,165,6,4.978480339050293
835,963,7,4.976840496063232
835,603,8,4.96159029006958
835,958,9,4.952045440673828
835,425,10,4.944185256958008
836,127,1,5.008462905883789
836,169,2,4.7500529289245605
836,207,3,4.715720176696777
836,427,4,4.711925506591797
836,178,5,4.6780171394348145
836,223,6,4.646804332733154
836,114,7,4.636068820953369
836,64,8,4.629202365875244
836,482,9,4.6261796951293945
836,315,10,4.615126609802246
837,515,1,5.115165710449219
837,520,2,4.826486110687256
837,318,3,4.739222526550293
837,1159,4,4.725702285766602
837,124,5,4.701682090759277
837,45,6,4.666327953338623
837,482,7,4.650882720947266
837,197,8,4.648976802825928
837,479,9,4.644298553466797
837,513,10,4.643704414367676
838,515,1,5.28538179397583
838,316,2,5.09028434753418
838,485,3,4.98760986328125
838,69,4,4.985840320587158
838,205,5,4.961353778839111
838,179,6,4.77377986907959
838,483,7,4.715020656585693
838,493,8,4.703186511993408
838,202,9,4.6518988609313965
838,186,10,4.6460700035095215
839,56,1,5.206764221191406
839,357,2,4.9879374504089355
839,603,3,4.8992533683776855
839,172,4,4.799992561340332
839,114,5,4.7131571769714355
839,64,6,4.689248561859131
839,480,7,4.640618324279785
839,176,8,4.5912251472473145
839,223,9,4.575275421142578
839,180,10,4.556919097900391
840,318,1,5.442009925842285
840,408,2,5.218525409698486
840,177,3,5.142885684967041
840,1449,4,5.059539794921875
840,178,5,4.938610076904297
840,922,6,4.90777587890625
840,293,7,4.902786731719971
840,47,8,4.8877482414245605
840,320,9,4.819090843200684
840,1020,10,4.777890205383301
841,169,1,4.9777092933654785
841,603,2,4.930107593536377
841,174,3,4.9057817459106445
841,611,4,4.904209613800049
841,50,5,4.839870452880859
841,480,6,4.81856632232666
841,185,7,4.815361499786377
841,79,8,4.791416645050049
841,515,9,4.790245532989502
841,484,10,4.784220218658447
842,48,1,5.381051063537598
842,654,2,4.883939743041992
842,97,3,4.88069486618042
842,170,4,4.828410625457764
842,56,5,4.705966949462891
842,483,6,4.702086448669434
842,174,7,4.695827484130859
842,896,8,4.643786430358887
842,187,9,4.640211582183838
842,511,10,4.638637542724609
843,190,1,4.3943963050842285
843,343,2,4.038337230682373
843,8,3,3.9542171955108643
843,853,4,3.936936855316162
843,246,5,3.9339544773101807
843,316,6,3.861021041870117
843,114,7,3.8593335151672363
843,408,8,3.8427157402038574
843,156,9,3.8101646900177
843,694,10,3.7842912673950195
844,603,1,4.515013217926025
844,408,2,4.374673843383789
844,208,3,4.336827278137207
844,83,4,4.308479309082031
844,963,5,4.299214839935303
844,64,6,4.2986159324646
844,478,7,4.282273769378662
844,213,8,4.251436710357666
844,221,9,4.223879814147949
844,190,10,4.169682025909424
845,12,1,4.028901100158691
845,64,2,4.0042033195495605
845,318,3,3.963728666305542
845,659,4,3.9271717071533203
845,185,5,3.8824334144592285
845,136,6,3.8727269172668457
845,307,7,3.8522167205810547
845,275,8,3.8506381511688232
845,657,9,3.8425843715667725
845,223,10,3.8343193531036377
846,169,1,5.609806060791016
846,162,2,5.061683654785156
846,156,3,5.025668144226074
846,750,4,5.010114669799805
846,408,5,4.979471206665039
846,963,6,4.8834052085876465
846,292,7,4.878931999206543
846,707,8,4.804535865783691
846,53,9,4.7774658203125
846,320,10,4.761671543121338
847,515,1,4.806349277496338
847,64,2,4.590869903564453
847,57,3,4.544830799102783
847,313,4,4.33018684387207
847,87,5,4.209038257598877
847,302,6,4.185552597045898
847,513,7,4.170685768127441
847,88,8,4.164502143859863
847,79,9,4.159323692321777
847,272,10,4.153573036193848
848,1,1,5.827004432678223
848,408,2,5.437789440155029
848,709,3,5.2712626457214355
848,124,4,5.198304176330566
848,227,5,5.1602702140808105
848,632,6,5.130999565124512
848,493,7,5.115962028503418
848,611,8,5.086277484893799
848,963,9,5.085139274597168
848,302,10,4.998891830444336
849,12,1,5.321534633636475
849,64,2,5.229382514953613
849,318,3,5.226147174835205
849,483,4,5.201767921447754
849,316,5,5.187502861022949
849,190,6,5.171983242034912
849,268,7,5.1431498527526855
849,1269,8,5.131959915161133
849,111,9,5.127655982971191
849,498,10,5.122007369995117
850,313,1,5.721774101257324
850,143,2,5.361971855163574
850,178,3,5.235477447509766
850,272,4,5.126401901245117
850,87,5,5.078680992126465
850,787,6,4.96160364151001
850,148,7,4.896055698394775
850,64,8,4.887728691101074
850,502,9,4.884725570678711
850,735,10,4.84885311126709
851,96,1,5.523015975952148
851,357,2,5.104766368865967
851,69,3,5.072135925292969
851,205,4,4.981781482696533
851,257,5,4.803552627563477
851,134,6,4.799637317657471
851,195,7,4.784148693084717
851,603,8,4.7760009765625
851,178,9,4.741438865661621
851,203,10,4.740122318267822
852,430,1,4.922706127166748
852,89,2,4.867618560791016
852,603,3,4.854427337646484
852,64,4,4.797778129577637
852,483,5,4.785993576049805
852,12,6,4.728050708770752
852,484,7,4.7128424644470215
852,1021,8,4.669517517089844
852,285,9,4.650030136108398
852,615,10,4.6380109786987305
853,423,1,4.642688274383545
853,498,2,4.4634108543396
853,496,3,4.450671195983887
853,603,4,4.445801734924316
853,525,5,4.424008369445801
853,922,6,4.408465385437012
853,132,7,4.386110305786133
853,50,8,4.353933811187744
853,515,9,4.330781936645508
853,127,10,4.330525875091553
854,169,1,4.8572235107421875
854,178,2,4.6713151931762695
854,588,3,4.562946796417236
854,91,4,4.459568023681641
854,98,5,4.423321723937988
854,114,6,4.359323501586914
854,9,7,4.34022331237793
854,813,8,4.325051307678223
854,657,9,4.300236701965332
854,56,10,4.275503635406494
855,526,1,4.417222499847412
855,98,2,4.311159133911133
855,64,3,4.259142875671387
855,174,4,4.2495927810668945
855,199,5,4.2407941818237305
855,22,6,4.231735706329346
855,483,7,4.18703031539917
855,316,8,4.158994674682617
855,132,9,4.1238932609558105
855,265,10,4.085556507110596
856,89,1,5.055473804473877
856,963,2,5.032947540283203
856,12,3,5.010266304016113
856,408,4,4.985864639282227
856,22,5,4.969715118408203
856,173,6,4.9693756103515625
856,114,7,4.921645641326904
856,169,8,4.857780933380127
856,174,9,4.797326564788818
856,479,10,4.79185676574707
857,735,1,4.686212062835693
857,97,2,4.66480827331543
857,213,3,4.662806510925293
857,98,4,4.623464107513428
857,318,5,4.596398830413818
857,1,6,4.594817638397217
857,251,7,4.543332099914551
857,190,8,4.541982173919678
857,48,9,4.497865200042725
857,169,10,4.429189682006836
858,603,1,4.969125747680664
858,50,2,4.9019293785095215
858,423,3,4.828658580780029
858,183,4,4.780869007110596
858,318,5,4.753201484680176
858,528,6,4.702394485473633
858,127,7,4.700826644897461
858,496,8,4.686391830444336
858,515,9,4.667873382568359
858,223,10,4.633364200592041
859,180,1,5.469764232635498
859,357,2,5.258434772491455
859,707,3,5.163193225860596
859,203,4,5.145695686340332
859,174,5,5.105517864227295
859,195,6,5.100732326507568
859,302,7,5.009045600891113
859,64,8,4.978566646575928
859,134,9,4.978442668914795
859,176,10,4.947656631469727
860,192,1,4.688860893249512
860,318,2,4.649462699890137
860,190,3,4.58924674987793
860,762,4,4.542952060699463
860,12,5,4.513493061065674
860,59,6,4.509072780609131
860,98,7,4.476381778717041
860,408,8,4.457564830780029
860,124,9,4.431679725646973
860,603,10,4.370704650878906
861,515,1,5.1206183433532715
861,172,2,5.095039367675781
861,114,3,5.067155361175537
861,478,4,5.019486427307129
861,588,5,4.979991436004639
861,98,6,4.979523181915283
861,190,7,4.977505207061768
861,134,8,4.961143493652344
861,181,9,4.9540557861328125
861,212,10,4.920777320861816
862,156,1,5.536962509155273
862,190,2,5.5253729820251465
862,425,3,5.439245700836182
862,203,4,5.434928894042969
862,268,5,5.328185558319092
862,1021,6,5.321321964263916
862,588,7,5.319164752960205
862,1449,8,5.3043646812438965
862,1149,9,5.303262233734131
862,298,10,5.299243450164795
863,357,1,5.269752502441406
863,735,2,5.1897759437561035
863,203,3,5.0194172859191895
863,64,4,4.939502239227295
863,114,5,4.909120082855225
863,318,6,4.847788333892822
863,223,7,4.820091724395752
863,209,8,4.763008117675781
863,128,9,4.754607200622559
863,443,10,4.603143692016602
864,515,1,5.28939962387085
864,313,2,5.191003322601318
864,199,3,5.156844139099121
864,205,4,5.152144908905029
864,528,5,5.0448150634765625
864,302,6,4.967519760131836
864,246,7,4.948518753051758
864,187,8,4.946369647979736
864,156,9,4.943701267242432
864,1039,10,4.928868770599365
865,654,1,4.708333969116211
865,652,2,4.516417503356934
865,201,3,4.515858173370361
865,318,4,4.421135902404785
865,93,5,4.395354747772217
865,59,6,4.359594821929932
865,514,7,4.333465099334717
865,170,8,4.323268890380859
865,197,9,4.316260814666748
865,963,10,4.3118743896484375
866,483,1,3.591599702835083
866,515,2,3.5743308067321777
866,98,3,3.5715298652648926
866,462,4,3.552347421646118
866,135,5,3.550882339477539
866,513,6,3.5507733821868896
866,276,7,3.540601968765259
866,171,8,3.5140700340270996
866,657,9,3.4938716888427734
866,474,10,3.4869866371154785
867,269,1,5.606268882751465
867,173,2,5.46634578704834
867,207,3,5.367069244384766
867,285,4,5.155618667602539
867,1449,5,5.136946678161621
867,408,6,5.126402854919434
867,694,7,5.114752769470215
867,169,8,5.106786727905273
867,863,9,5.102065086364746
867,248,10,5.0717363357543945
868,519,1,4.912438869476318
868,250,2,4.654679775238037
868,514,3,4.651407241821289
868,647,4,4.627575397491455
868,511,5,4.544405460357666
868,462,6,4.527083396911621
868,789,7,4.4271745681762695
868,205,8,4.382279872894287
868,963,9,4.371878623962402
868,479,10,4.365060329437256
869,56,1,4.262075901031494
869,156,2,4.121708869934082
869,603,3,4.109791278839111
869,1021,4,4.050729274749756
869,187,5,3.8687217235565186
869,100,6,3.8537118434906006
869,98,7,3.8221404552459717
869,182,8,3.81685733795166
869,191,9,3.8107290267944336
869,193,10,3.801689863204956
870,100,1,4.864180088043213
870,192,2,4.750734806060791
870,408,3,4.558194160461426
870,93,4,4.511442184448242
870,169,5,4.46226167678833
870,221,6,4.447369575500488
870,187,7,4.4302473068237305
870,1142,8,4.4142656326293945
870,275,9,4.407283782958984
870,423,10,4.38363790512085
871,208,1,5.142241477966309
871,204,2,4.946994304656982
871,132,3,4.701138973236084
871,1039,4,4.701065540313721
871,73,5,4.665556907653809
871,949,6,4.632912635803223
871,234,7,4.627603530883789
871,568,8,4.606208801269531
871,1,9,4.593066215515137
871,496,10,4.56675386428833
872,496,1,4.79573917388916
872,208,2,4.6634955406188965
872,95,3,4.651339530944824
872,302,4,4.6341705322265625
872,174,5,4.629486083984375
872,318,6,4.602672100067139
872,96,7,4.53419828414917
872,378,8,4.50079345703125
872,170,9,4.484174728393555
872,958,10,4.479238986968994
873,64,1,5.0086164474487305
873,12,2,4.976981163024902
873,208,3,4.747861862182617
873,199,4,4.7445068359375
873,87,5,4.683391094207764
873,1101,6,4.6744208335876465
873,316,7,4.627309799194336
873,510,8,4.624767780303955
873,165,9,4.611992359161377
873,69,10,4.5530853271484375
874,89,1,4.545619487762451
874,511,2,4.543441295623779
874,357,3,4.533058166503906
874,528,4,4.527914047241211
874,178,5,4.487359046936035
874,50,6,4.468600273132324
874,474,7,4.466668605804443
874,169,8,4.465238571166992
874,190,9,4.449235439300537
874,344,10,4.425647735595703
875,203,1,5.040202617645264
875,56,2,5.035572528839111
875,285,3,5.018705368041992
875,100,4,4.978818416595459
875,199,5,4.964596748352051
875,475,6,4.956948757171631
875,238,7,4.945587635040283
875,60,8,4.9429612159729
875,318,9,4.907731533050537
875,1142,10,4.906651496887207
876,483,1,4.896522045135498
876,408,2,4.816880226135254
876,12,3,4.745715618133545
876,173,4,4.6876301765441895
876,512,5,4.683707237243652
876,709,6,4.613945007324219
876,223,7,4.611717224121094
876,963,8,4.60967493057251
876,64,9,4.597233295440674
876,285,10,4.571165561676025
877,482,1,5.071507453918457
877,1007,2,5.064599990844727
877,174,3,5.010612964630127
877,132,4,4.97914457321167
877,513,5,4.964594841003418
877,697,6,4.956793785095215
877,12,7,4.947042942047119
877,8,8,4.925998210906982
877,661,9,4.861927032470703
877,483,10,4.804290771484375
878,1021,1,4.836052417755127
878,169,2,4.796552658081055
878,340,3,4.748725891113281
878,315,4,4.660573959350586
878,408,5,4.638610363006592
878,430,6,4.62904167175293
878,483,7,4.62522029876709
878,257,8,4.598052978515625
878,211,9,4.594461441040039
878,320,10,4.472773551940918
879,496,1,4.885868072509766
879,174,2,4.693209171295166
879,170,3,4.627957344055176
879,963,4,4.615811347961426
879,64,5,4.582976818084717
879,603,6,4.576054573059082
879,478,7,4.570228576660156
879,197,8,4.485798358917236
879,315,9,4.478579998016357
879,208,10,4.47776985168457
880,114,1,4.820437431335449
880,223,2,4.809196472167969
880,183,3,4.790674209594727
880,531,4,4.7447075843811035
880,515,5,4.741621017456055
880,199,6,4.738471508026123
880,198,7,4.7181396484375
880,303,8,4.706017971038818
880,169,9,4.68674898147583
880,496,10,4.676669120788574
881,12,1,4.928210735321045
881,56,2,4.91628360748291
881,273,3,4.834342002868652
881,272,4,4.790925025939941
881,774,5,4.769339561462402
881,510,6,4.6821393966674805
881,1019,7,4.6728057861328125
881,1449,8,4.642569065093994
881,684,9,4.5901265144348145
881,1368,10,4.585443496704102
882,513,1,5.3602094650268555
882,483,2,5.30570125579834
882,480,3,5.228875637054443
882,484,4,5.180948734283447
882,506,5,5.151118278503418
882,182,6,5.1317572593688965
882,227,7,5.091704368591309
882,705,8,5.073278427124023
882,318,9,5.024781227111816
882,736,10,4.986340522766113
883,483,1,5.262333869934082
883,520,2,5.017728805541992
883,169,3,4.974893093109131
883,408,4,4.948490619659424
883,525,5,4.914705753326416
883,133,6,4.881702423095703
883,150,7,4.8706159591674805
883,273,8,4.845459938049316
883,171,9,4.844705104827881
883,1449,10,4.833734035491943
884,272,1,4.852252006530762
884,435,2,4.64201545715332
884,493,3,4.634530067443848
884,531,4,4.599109649658203
884,603,5,4.57852029800415
884,169,6,4.5591959953308105
884,518,7,4.558497905731201
884,474,8,4.469623565673828
884,246,9,4.426504135131836
884,408,10,4.423576354980469
885,178,1,4.988039493560791
885,64,2,4.815924167633057
885,170,3,4.5943803787231445
885,190,4,4.52623176574707
885,515,5,4.455580711364746
885,657,6,4.336919784545898
885,166,7,4.334640979766846
885,504,8,4.3091325759887695
885,513,9,4.270516395568848
885,705,10,4.220653533935547
886,317,1,4.627070426940918
886,694,2,4.624172210693359
886,185,3,4.565258979797363
886,272,4,4.521123886108398
886,136,5,4.512994766235352
886,641,6,4.462625980377197
886,298,7,4.430690765380859
886,199,8,4.430058002471924
886,651,9,4.4294209480285645
886,190,10,4.419574737548828
887,11,1,5.703972339630127
887,1073,2,5.265152931213379
887,1021,3,5.203248023986816
887,736,4,5.158231258392334
887,175,5,5.1065850257873535
887,173,6,5.083892345428467
887,480,7,5.040043830871582
887,963,8,4.9946608543396
887,272,9,4.983662128448486
887,483,10,4.969588279724121
888,134,1,5.06173038482666
888,64,2,5.060952186584473
888,318,3,4.990124225616455
888,515,4,4.945724964141846
888,357,5,4.9239935874938965
888,48,6,4.911259174346924
888,178,7,4.902764797210693
888,169,8,4.895074367523193
888,483,9,4.865345001220703
888,187,10,4.861213684082031
889,143,1,4.705597400665283
889,529,2,4.524717330932617
889,963,3,4.502294540405273
889,114,4,4.3587799072265625
889,176,5,4.306821346282959
889,1019,6,4.291055202484131
889,613,7,4.278326511383057
889,131,8,4.277576446533203
889,487,9,4.273410797119141
889,343,10,4.232277870178223
890,48,1,5.150341987609863
890,197,2,5.1216816902160645
890,64,3,5.1090617179870605
890,124,4,5.0069260597229
890,887,5,4.939082622528076
890,525,6,4.886828422546387
890,1126,7,4.875903606414795
890,285,8,4.8689446449279785
890,488,9,4.8629021644592285
890,705,10,4.848677158355713
891,178,1,5.284558296203613
891,603,2,5.236065864562988
891,191,3,5.207841873168945
891,70,4,5.2056989669799805
891,479,5,5.2034783363342285
891,651,6,5.193746566772461
891,190,7,5.128242015838623
891,515,8,5.110138893127441
891,735,9,5.105175018310547
891,923,10,5.0732831954956055
892,508,1,5.196208477020264
892,509,2,5.181934356689453
892,1142,3,5.179163932800293
892,199,4,5.158147811889648
892,750,5,5.1346116065979
892,185,6,5.101174831390381
892,675,7,5.085988998413086
892,60,8,5.082248210906982
892,13,9,5.065723419189453
892,165,10,5.0647430419921875
893,133,1,4.8416428565979
893,515,2,4.808666229248047
893,504,3,4.745700836181641
893,98,4,4.705784797668457
893,513,5,4.631191253662109
893,313,6,4.6039557456970215
893,165,7,4.555692195892334
893,204,8,4.552669525146484
893,318,9,4.54652214050293
893,169,10,4.545897006988525
894,603,1,4.968127727508545
894,344,2,4.8779520988464355
894,136,3,4.8630690574646
894,203,4,4.817215919494629
894,427,5,4.789089202880859
894,191,6,4.774654388427734
894,856,7,4.764992713928223
894,178,8,4.754164218902588
894,64,9,4.742747783660889
894,1512,10,4.724611282348633
895,183,1,4.689172744750977
895,1449,2,4.683779716491699
895,169,3,4.678830623626709
895,191,4,4.6036834716796875
895,483,5,4.603285312652588
895,318,6,4.585343360900879
895,651,7,4.5756096839904785
895,1039,8,4.556090354919434
895,524,9,4.553545951843262
895,936,10,4.511463165283203
896,178,1,4.933100700378418
896,633,2,4.456361770629883
896,174,3,4.421900749206543
896,519,4,4.409707069396973
896,1039,5,4.342700004577637
896,1007,6,4.311933994293213
896,904,7,4.307644844055176
896,177,8,4.2744951248168945
896,205,9,4.235074520111084
896,176,10,4.20021915435791
897,558,1,5.242609024047852
897,287,2,5.161473751068115
897,513,3,5.157614707946777
897,924,4,5.131171703338623
897,129,5,4.992673873901367
897,316,6,4.987533092498779
897,150,7,4.950631141662598
897,178,8,4.893377304077148
897,242,9,4.890668869018555
897,275,10,4.846926689147949
898,60,1,4.860400199890137
898,513,2,4.691518306732178
898,483,3,4.6116414070129395
898,134,4,4.608366966247559
898,191,5,4.547223091125488
898,427,6,4.528501510620117
898,661,7,4.5276384353637695
898,657,8,4.52622127532959
898,480,9,4.525683403015137
898,484,10,4.5203022956848145
899,251,1,4.740528106689453
899,429,2,4.72671365737915
899,887,3,4.664948463439941
899,511,4,4.660884380340576
899,313,5,4.645532131195068
899,136,6,4.582095623016357
899,285,7,4.557232856750488
899,211,8,4.541569709777832
899,432,9,4.494472026824951
899,210,10,4.483859062194824
900,172,1,3.887622833251953
900,50,2,3.8661396503448486
900,223,3,3.8469629287719727
900,178,4,3.8324341773986816
900,204,5,3.6984894275665283
900,963,6,3.6636698246002197
900,313,7,3.6081557273864746
900,12,8,3.5998446941375732
900,191,9,3.597040891647339
900,316,10,3.573928117752075
901,520,1,5.112451553344727
901,707,2,4.958481788635254
901,694,3,4.956272125244141
901,480,4,4.950525760650635
901,641,5,4.871710777282715
901,525,6,4.861244201660156
901,483,7,4.837179660797119
901,418,8,4.800863265991211
901,51,9,4.800464153289795
901,659,10,4.797061920166016
902,408,1,4.34993314743042
902,427,2,4.3464555740356445
902,922,3,4.212113380432129
902,165,4,4.170397758483887
902,22,5,4.113377571105957
902,132,6,4.095094680786133
902,174,7,4.083014011383057
902,136,8,4.059231281280518
902,496,9,4.0589165687561035
902,487,10,4.056017875671387
903,427,1,5.0677170753479
903,285,2,4.845710277557373
903,922,3,4.785574436187744
903,132,4,4.737643718719482
903,631,5,4.663946151733398
903,423,6,4.651777744293213
903,137,7,4.637937545776367
903,178,8,4.6376214027404785
903,313,9,4.629688739776611
903,527,10,4.614708423614502
904,313,1,5.182500839233398
904,242,2,5.030295372009277
904,132,3,5.010677814483643
904,318,4,4.944970607757568
904,1194,5,4.909907817840576
904,531,6,4.894380569458008
904,813,7,4.889150142669678
904,8,8,4.863089084625244
904,98,9,4.851016998291016
904,515,10,4.84036111831665
905,178,1,4.648818016052246
905,707,2,4.609147548675537
905,513,3,4.585517406463623
905,515,4,4.545116424560547
905,480,5,4.500822067260742
905,963,6,4.495877265930176
905,853,7,4.440982341766357
905,1194,8,4.397170543670654
905,318,9,4.391381740570068
905,657,10,4.391327857971191
906,64,1,4.908935546875
906,187,2,4.873380661010742
906,318,3,4.7884674072265625
906,654,4,4.704827785491943
906,181,5,4.696842670440674
906,316,6,4.687684535980225
906,251,7,4.6860880851745605
906,191,8,4.6800103187561035
906,213,9,4.640363693237305
906,208,10,4.617406845092773
907,333,1,6.063137054443359
907,603,2,5.893601894378662
907,313,3,5.865481853485107
907,492,4,5.802354335784912
907,963,5,5.54787015914917
907,297,6,5.46121883392334
907,273,7,5.414831638336182
907,588,8,5.368753910064697
907,604,9,5.360159397125244
907,641,10,5.34932279586792
908,9,1,4.489981651306152
908,506,2,4.387273788452148
908,211,3,4.37239408493042
908,499,4,4.340267181396484
908,178,5,4.325685024261475
908,132,6,4.320204734802246
908,659,7,4.290861129760742
908,1643,8,4.278475761413574
908,513,9,4.264561653137207
908,651,10,4.258419990539551
909,1449,1,5.567684173583984
909,169,2,5.39557409286499
909,320,3,5.355526924133301
909,183,4,5.353425979614258
909,483,5,5.315741062164307
909,515,6,5.312637805938721
909,12,7,5.288213729858398
909,156,8,5.286788463592529
909,179,9,5.2843546867370605
909,192,10,5.264095783233643
910,496,1,4.854831218719482
910,474,2,4.564127445220947
910,479,3,4.51503324508667
910,97,4,4.460766315460205
910,169,5,4.457985877990723
910,196,6,4.419471263885498
910,515,7,4.377349853515625
910,657,8,4.361205577850342
910,707,9,4.353347301483154
910,150,10,4.350986003875732
911,258,1,5.209418296813965
911,477,2,5.076613903045654
911,746,3,4.8888139724731445
911,718,4,4.80490255355835
911,1098,5,4.775071620941162
911,10,6,4.76273250579834
911,176,7,4.757269859313965
911,656,8,4.674981594085693
911,20,9,4.674220561981201
911,169,10,4.665478706359863
912,515,1,4.878557205200195
912,208,2,4.533777236938477
912,98,3,4.48651123046875
912,513,4,4.458926677703857
912,198,5,4.4346818923950195
912,199,6,4.413530349731445
912,42,7,4.41032075881958
912,114,8,4.390488624572754
912,196,9,4.374657154083252
912,178,10,4.3670573234558105
913,487,1,4.681084632873535
913,515,2,4.61613655090332
913,196,3,4.507372856140137
913,48,4,4.4883832931518555
913,119,5,4.484508514404297
913,315,6,4.4192304611206055
913,1142,7,4.3842597007751465
913,694,8,4.365785121917725
913,514,9,4.324390888214111
913,520,10,4.304109573364258
914,199,1,4.813481330871582
914,50,2,4.639523506164551
914,528,3,4.637537002563477
914,172,4,4.586512088775635
914,511,5,4.569558143615723
914,169,6,4.533743381500244
914,1019,7,4.483981609344482
914,513,8,4.483382701873779
914,510,9,4.466438293457031
914,136,10,4.4365363121032715
915,603,1,4.50624942779541
915,169,2,4.317780017852783
915,205,3,4.25718879699707
915,178,4,4.233760833740234
915,285,5,4.217691421508789
915,357,6,4.160504341125488
915,408,7,4.140703201293945
915,64,8,4.137165546417236
915,50,9,4.09679651260376
915,515,10,4.087502956390381
916,169,1,4.884929180145264
916,694,2,4.738131523132324
916,528,3,4.734095573425293
916,963,4,4.668006420135498
916,478,5,4.655858039855957
916,644,6,4.537513732910156
916,127,7,4.495528697967529
916,856,8,4.478484630584717
916,1142,9,4.46807861328125
916,199,10,4.414368152618408
917,603,1,4.670139789581299
917,357,2,4.441026210784912
917,318,3,4.413879871368408
917,127,4,4.356200695037842
917,197,5,4.301351547241211
917,514,6,4.297182559967041
917,56,7,4.223872184753418
917,963,8,4.219357490539551
917,64,9,4.210098743438721
917,23,10,4.196021556854248
918,854,1,4.7411208152771
918,515,2,4.558136940002441
918,300,3,4.514835357666016
918,936,4,4.5011796951293945
918,12,5,4.464338302612305
918,10,6,4.43631649017334
918,547,7,4.412842750549316
918,57,8,4.36496639251709
918,178,9,4.358723163604736
918,904,10,4.317507266998291
919,584,1,4.97545051574707
919,872,2,4.7807793617248535
919,71,3,4.76018762588501
919,902,4,4.62408447265625
919,402,5,4.594250679016113
919,316,6,4.558884143829346
919,924,7,4.535264015197754
919,1405,8,4.498230934143066
919,213,9,4.486802577972412
919,606,10,4.456770896911621
920,50,1,4.876550674438477
920,169,2,4.778893947601318
920,165,3,4.567481994628906
920,174,4,4.551648139953613
920,963,5,4.50006628036499
920,198,6,4.482938766479492
920,136,7,4.4634623527526855
920,172,8,4.458719730377197
920,482,9,4.451456069946289
920,12,10,4.444252967834473
921,735,1,4.511103630065918
921,483,2,4.487637519836426
921,939,3,4.477065563201904
921,318,4,4.458233833312988
921,705,5,4.419583320617676
921,114,6,4.412776470184326
921,753,7,4.3425068855285645
921,429,8,4.33388090133667
921,316,9,4.2762579917907715
921,1218,10,4.245582103729248
922,652,1,4.860836029052734
922,513,2,4.8354902267456055
922,1021,3,4.797677993774414
922,194,4,4.775620937347412
922,483,5,4.772767066955566
922,303,6,4.745125770568848
922,511,7,4.741973876953125
922,19,8,4.672646522521973
922,178,9,4.6509809494018555
922,171,10,4.645928382873535
923,127,1,5.6223649978637695
923,603,2,5.570375442504883
923,12,3,5.5061469078063965
923,64,4,5.437126159667969
923,272,5,5.376921653747559
923,1449,6,5.362819671630859
923,657,7,5.36005163192749
923,528,8,5.315835952758789
923,180,9,5.308995723724365
923,513,10,5.2955474853515625
924,513,1,4.942680358886719
924,194,2,4.782196521759033
924,525,3,4.772579669952393
924,498,4,4.7090277671813965
924,1021,5,4.68032169342041
924,483,6,4.616191864013672
924,657,7,4.563207626342773
924,604,8,4.529590606689453
924,237,9,4.509522438049316
924,1039,10,4.50036096572876
925,64,1,4.828220844268799
925,318,2,4.774092674255371
925,298,3,4.705395221710205
925,12,4,4.6451520919799805
925,189,5,4.601162910461426
925,603,6,4.571519374847412
925,963,7,4.570775508880615
925,71,8,4.460332870483398
925,197,9,4.4549150466918945
925,125,10,4.427036285400391
926,515,1,4.799309253692627
926,42,2,4.638614654541016
926,178,3,4.608513355255127
926,318,4,4.595649719238281
926,513,5,4.591785907745361
926,1137,6,4.550957679748535
926,483,7,4.550452709197998
926,89,8,4.547269821166992
926,1449,9,4.544204235076904
926,474,10,4.541296482086182
927,12,1,5.388326644897461
927,313,2,5.3371381759643555
927,272,3,5.101526260375977
927,45,4,5.070037841796875
927,753,5,4.962368011474609
927,64,6,4.923125267028809
927,316,7,4.922176361083984
927,652,8,4.885565757751465
927,1019,9,4.8611555099487305
927,114,10,4.842991352081299
928,178,1,5.774844646453857
928,427,2,5.659148693084717
928,478,3,5.573598384857178
928,1194,4,5.51540470123291
928,1449,5,5.497382640838623
928,207,6,5.484024524688721
928,79,7,5.431000709533691
928,209,8,5.425671577453613
928,210,9,5.418642997741699
928,922,10,5.393855094909668
929,357,1,4.7737274169921875
929,1449,2,4.7354888916015625
929,197,3,4.601495265960693
929,671,4,4.541753768920898
929,56,5,4.505784511566162
929,316,6,4.490074157714844
929,200,7,4.460404396057129
929,178,8,4.439966201782227
929,208,9,4.421060085296631
929,663,10,4.395597457885742
930,1512,1,4.567816257476807
930,513,2,4.542397499084473
930,272,3,4.521180152893066
930,345,4,4.5091352462768555
930,628,5,4.4580559730529785
930,478,6,4.392513275146484
930,526,7,4.362232685089111
930,511,8,4.345076084136963
930,98,9,4.339545249938965
930,136,10,4.335078716278076
931,86,1,5.066119194030762
931,11,2,4.838139533996582
931,427,3,4.678104400634766
931,496,4,4.576615810394287
931,1194,5,4.549243450164795
931,357,6,4.504652500152588
931,191,7,4.485354900360107
931,318,8,4.462635517120361
931,165,9,4.461671352386475
931,513,10,4.446473121643066
932,694,1,5.051975727081299
932,344,2,5.035658359527588
932,50,3,5.004347801208496
932,8,4,4.992502212524414
932,707,5,4.985713005065918
932,923,6,4.972873687744141
932,60,7,4.892309188842773
932,1406,8,4.863401412963867
932,316,9,4.822023868560791
932,302,10,4.8212127685546875
934,125,1,5.162367820739746
934,778,2,4.97396183013916
934,272,3,4.948814392089844
934,479,4,4.923027038574219
934,91,5,4.811154365539551
934,1005,6,4.804643154144287
934,528,7,4.7926177978515625
934,430,8,4.79202938079834
934,896,9,4.760219097137451
934,87,10,4.727054119110107
935,190,1,5.279040813446045
935,750,2,4.923223972320557
935,12,3,4.883871078491211
935,22,4,4.827893257141113
935,520,5,4.824564456939697
935,1194,6,4.7963547706604
935,707,7,4.767579555511475
935,98,8,4.748110294342041
935,318,9,4.734588623046875
935,753,10,4.730683326721191
936,179,1,5.2714762687683105
936,657,2,5.240969657897949
936,603,3,5.205679416656494
936,197,4,5.168342113494873
936,408,5,5.144397735595703
936,262,6,5.119956016540527
936,306,7,5.0742645263671875
936,428,8,5.061379432678223
936,479,9,5.035744667053223
936,483,10,5.024345397949219
937,315,1,4.729694366455078
937,582,2,4.712348937988281
937,427,3,4.600315093994141
937,318,4,4.5549540519714355
937,657,5,4.536077976226807
937,513,6,4.518261432647705
937,223,7,4.5129899978637695
937,133,8,4.509520530700684
937,165,9,4.487194538116455
937,483,10,4.46250057220459
938,501,1,5.242891311645508
938,484,2,5.132692813873291
938,185,3,5.048362731933594
938,12,4,5.047415733337402
938,427,5,4.975353240966797
938,632,6,4.973341941833496
938,187,7,4.951932430267334
938,194,8,4.912687301635742
938,183,9,4.910310745239258
938,96,10,4.895503997802734
939,199,1,5.936104774475098
939,496,2,5.633664608001709
939,318,3,5.581528186798096
939,513,4,5.574902534484863
939,661,5,5.573891639709473
939,750,6,5.570207118988037
939,313,7,5.51753044128418
939,176,8,5.452109336853027
939,262,9,5.375229358673096
939,310,10,5.3608808517456055
940,210,1,4.7883620262146
940,211,2,4.633756160736084
940,517,3,4.598826885223389
940,753,4,4.550451755523682
940,603,5,4.465384483337402
940,169,6,4.458060264587402
940,197,7,4.455945014953613
940,1449,8,4.435511112213135
940,923,9,4.380758285522461
940,489,10,4.358424663543701
941,1449,1,4.914889335632324
941,963,2,4.862227439880371
941,515,3,4.838849067687988
941,427,4,4.807858943939209
941,64,5,4.806756496429443
941,285,6,4.793337821960449
941,483,7,4.777354717254639
941,174,8,4.772787570953369
941,520,9,4.767453670501709
941,513,10,4.746193885803223
942,129,1,5.210422515869141
942,1449,2,5.084221363067627
942,432,3,5.050955772399902
942,588,4,5.042150497436523
942,133,5,4.991722106933594
942,1010,6,4.94558048248291
942,1021,7,4.920907020568848
942,483,8,4.913456439971924
942,11,9,4.906401634216309
942,223,10,4.898399353027344
943,250,1,5.219850540161133
943,276,2,4.887503147125244
943,515,3,4.8331990242004395
943,1039,4,4.80372428894043
943,530,5,4.798800945281982
943,478,6,4.759984970092773
943,144,7,4.759430885314941
943,1137,8,4.7398457527160645
943,868,9,4.725864410400391
943,60,10,4.694947242736816
