user_id,item_id,rank,pred_rating
1,302,1,5.3057684898376465
1,1084,2,4.147456169128418
1,963,3,4.90543270111084
1,601,4,4.265718936920166
1,652,5,4.680458068847656
1,708,6,4.000768184661865
1,380,7,3.9345593452453613
1,435,8,4.5816826820373535
1,615,9,4.342461585998535
1,1450,10,4.255571365356445
2,588,1,4.490489959716797
2,488,2,4.451228618621826
2,1629,3,3.78957462310791
2,837,4,4.173160552978516
2,1155,5,3.782365083694458
2,229,6,3.862722635269165
2,484,7,4.1464385986328125
2,466,8,4.288254261016846
2,1154,9,3.7678263187408447
2,492,10,3.9667272567749023
3,136,1,3.886078357696533
3,520,2,3.2318027019500732
3,48,3,3.7586476802825928
3,1456,4,3.1610918045043945
3,1,5,3.4430925846099854
3,86,6,3.4284024238586426
3,178,7,3.573732852935791
3,177,8,3.559927463531494
3,603,9,3.0579416751861572
3,153,10,3.3739075660705566
4,519,1,5.39070463180542
4,474,2,4.8750433921813965
4,1137,3,5.053653717041016
4,83,4,4.932234287261963
4,99,5,4.649820327758789
4,657,6,5.214172840118408
4,607,7,4.601036071777344
4,431,8,4.59860897064209
4,493,9,5.116515159606934
4,132,10,5.094683647155762
5,511,1,4.721686840057373
5,1386,2,3.815293788909912
5,621,3,3.8991501331329346
5,474,4,4.55888557434082
5,1401,5,3.9764084815979004
5,205,6,4.409233570098877
5,502,7,4.3680572509765625
5,357,8,4.356835842132568
5,701,9,3.722240686416626
5,1073,10,4.275597095489502
6,1268,1,4.067955493927002
6,647,2,4.5145063400268555
6,916,3,3.5666446685791016
6,150,4,4.283130645751953
6,1367,5,3.8754496574401855
6,835,6,4.239404201507568
6,1067,7,3.6899852752685547
6,694,8,4.1665520668029785
6,501,9,3.6030921936035156
6,854,10,3.8439881801605225
7,347,1,5.228699684143066
7,1293,2,4.206363201141357
7,169,3,5.087761402130127
7,445,4,4.880406856536865
7,500,5,4.5825114250183105
7,185,6,4.871572971343994
7,1400,7,4.3941731452941895
7,119,8,4.503652572631836
7,1657,9,4.130032062530518
7,114,10,4.387986183166504
8,644,1,4.607833385467529
8,132,2,4.592113971710205
8,64,3,4.898769855499268
8,419,4,4.073187351226807
8,201,5,4.066198825836182
8,1081,6,4.134476661682129
8,265,7,4.713494777679443
8,23,8,4.673712253570557
8,137,9,4.610916614532471
8,919,10,4.435129165649414
9,1523,1,3.8667728900909424
9,513,2,4.506333351135254
9,430,3,4.125602722167969
9,603,4,4.484246253967285
9,1203,5,4.203205585479736
9,1019,6,4.378060817718506
9,19,7,4.032491683959961
9,1073,8,4.316406726837158
9,922,9,4.017287254333496
9,1021,10,4.288166046142578
10,1064,1,4.365129470825195
10,132,2,4.919808387756348
10,1137,3,4.327370643615723
10,89,4,4.318119049072266
10,1084,5,4.314225673675537
10,1159,6,4.669033527374268
10,152,7,4.126070499420166
10,425,8,4.3013410568237305
10,614,9,4.295695781707764
10,1198,10,4.112114906311035
11,189,1,4.855263710021973
11,638,2,4.338274955749512
11,884,3,3.8887410163879395
11,1293,4,4.32809591293335
11,485,5,4.170639991760254
11,172,6,4.581220626831055
11,479,7,4.516883850097656
11,1159,8,4.116274833679199
11,1098,9,4.412381172180176
11,207,10,4.366580009460449
12,1,1,5.268036365509033
12,483,2,5.101217746734619
12,1121,3,4.6021809577941895
12,230,4,4.09223747253418
12,1594,5,4.556865692138672
12,500,6,4.708378791809082
12,1529,7,4.194699764251709
12,787,8,4.192159175872803
12,455,9,4.330166816711426
12,685,10,4.517322063446045
13,1251,1,3.5791738033294678
13,136,2,4.458226680755615
13,55,3,3.641231060028076
13,1531,4,3.7063488960266113
13,1022,5,4.259736061096191
13,1560,6,3.4362382888793945
13,1468,7,3.903256893157959
13,408,8,4.143553256988525
13,466,9,3.885965585708618
13,495,10,3.607022762298584
14,646,1,4.6204376220703125
14,144,2,4.0127434730529785
14,1449,3,5.009116172790527
14,1394,4,4.045874118804932
14,1220,5,4.415280342102051
14,228,6,4.414264678955078
14,657,7,4.494102478027344
14,420,8,4.393035888671875
14,1367,9,4.477026462554932
14,1101,10,4.4706220626831055
15,189,1,4.604997158050537
15,510,2,4.065716743469238
15,835,3,3.8722124099731445
15,318,4,4.355714321136475
15,436,5,3.5416955947875977
15,134,6,3.787654161453247
15,589,7,3.9833686351776123
15,11,8,3.6873550415039062
15,2,9,3.680673360824585
15,631,10,3.911562919616699
16,520,1,5.408869743347168
16,211,2,4.8101887702941895
16,1529,3,4.2785444259643555
16,1019,4,4.686751365661621
16,177,5,5.158311367034912
16,222,6,4.58518123626709
16,510,7,4.985561370849609
16,1064,8,4.561122417449951
16,1617,9,4.725015640258789
16,443,10,4.326230049133301
17,655,1,3.7277867794036865
17,251,2,4.352444171905518
17,657,3,3.968346118927002
17,694,4,3.806375026702881
17,127,5,4.190692901611328
17,1143,6,3.7012081146240234
17,183,7,3.5620274543762207
17,644,8,3.5090394020080566
17,432,9,3.768946886062622
17,79,10,4.0112690925598145
18,1608,1,3.7538187503814697
18,114,2,4.491243362426758
18,96,3,3.8829455375671387
18,653,4,4.29006290435791
18,1097,5,3.8812386989593506
18,1305,6,3.87332820892334
18,1020,7,4.261556625366211
18,1573,8,3.772217273712158
18,1629,9,4.059228897094727
18,316,10,4.415716648101807
19,633,1,4.044434070587158
19,511,2,4.4563517570495605
19,474,3,4.437225341796875
19,175,4,4.423274040222168
19,661,5,4.2188310623168945
19,154,6,3.8146774768829346
19,516,7,4.191475868225098
19,1406,8,3.800804615020752
19,200,9,4.286985397338867
19,483,10,4.252536773681641
20,114,1,4.055475234985352
20,969,2,3.629033088684082
20,478,3,4.296701431274414
20,31,4,4.015573024749756
20,656,5,4.2478413581848145
20,283,6,4.16646146774292
20,922,7,4.164184093475342
20,1019,8,3.7599551677703857
20,459,9,3.5391087532043457
20,1512,10,3.9452309608459473
21,631,1,3.882781505584717
21,187,2,5.110052585601807
21,515,3,4.898309230804443
21,513,4,3.629807710647583
21,1039,5,4.339940071105957
21,156,6,4.314101219177246
21,1269,7,3.5644736289978027
21,611,8,3.900397777557373
21,45,9,4.256499767303467
21,484,10,3.6548728942871094
22,150,1,5.398861408233643
22,91,2,3.9306414127349854
22,927,3,3.985611915588379
22,408,4,5.05838680267334
22,192,5,5.034523963928223
22,1604,6,3.805398464202881
22,1573,7,4.10353946685791
22,966,8,3.957179546356201
22,1142,9,4.724280834197998
22,805,10,4.145210266113281
23,12,1,4.899600982666016
23,491,2,4.621305465698242
23,1203,3,4.5858049392700195
23,242,4,4.481488227844238
23,1390,5,3.769934892654419
23,1019,6,4.459782123565674
23,272,7,4.211930751800537
23,1017,8,4.207203388214111
23,525,9,4.0708327293396
23,1142,10,4.181122779846191
24,663,1,5.097956657409668
24,211,2,4.387823104858398
24,199,3,4.960972785949707
24,89,4,4.908148765563965
24,694,5,4.636991500854492
24,1367,6,4.852859973907471
24,958,7,4.570186138153076
24,303,8,4.43717098236084
24,916,9,4.334529399871826
24,115,10,4.237343788146973
25,12,1,4.912093162536621
25,175,2,3.9759140014648438
25,207,3,4.591868877410889
25,174,4,4.574333190917969
25,530,5,4.351357460021973
25,811,6,4.071728229522705
25,1268,7,4.200750350952148
25,747,8,4.065451622009277
25,60,9,4.270098686218262
25,971,10,3.9507381916046143
26,603,1,4.158067226409912
26,608,2,3.3817405700683594
26,511,3,4.022136211395264
26,1389,4,3.4108405113220215
26,1142,5,3.4022903442382812
26,966,6,3.7404510974884033
26,234,7,3.6016151905059814
26,168,8,3.477269411087036
26,705,9,3.8169074058532715
26,187,10,3.814500093460083
27,408,1,4.2473320960998535
27,488,2,3.5716705322265625
27,589,3,3.7516369819641113
27,320,4,3.747959852218628
27,690,5,3.683621406555176
27,174,6,4.014983654022217
27,242,7,3.884521961212158
27,190,8,3.5480966567993164
27,656,9,3.7776401042938232
27,74,10,3.6302363872528076
28,190,1,4.496123313903809
28,192,2,3.8074474334716797
28,82,3,4.2104668617248535
28,124,4,4.404231548309326
28,694,5,4.3802032470703125
28,516,6,3.7973010540008545
28,114,7,4.332809925079346
28,224,8,4.184086322784424
28,811,9,3.788483142852783
28,1019,10,4.058392524719238
29,813,1,4.043443202972412
29,730,2,4.0740509033203125
29,483,3,4.856789588928223
29,190,4,4.329620838165283
29,8,5,4.253748416900635
29,1143,6,4.326257228851318
29,156,7,4.702497482299805
29,173,8,4.431005477905273
29,203,9,4.294186592102051
29,513,10,4.550434589385986
30,318,1,5.09431791305542
30,922,2,3.9998910427093506
30,191,3,4.847083568572998
30,1084,4,3.9610180854797363
30,1302,5,4.103589057922363
30,269,6,4.277832984924316
30,825,7,4.140832424163818
30,175,8,4.261351585388184
30,506,9,4.346686363220215
30,519,10,4.48742151260376
31,173,1,4.881058692932129
31,98,2,4.55897855758667
31,372,3,3.8922829627990723
31,493,4,4.48536491394043
31,205,5,4.488629341125488
31,178,6,4.421379566192627
31,589,7,3.97445011138916
31,501,8,3.819490671157837
31,1623,9,3.958235502243042
31,172,10,3.9513986110687256
32,603,1,4.686890125274658
32,949,2,3.8805551528930664
32,171,3,3.680596113204956
32,134,4,4.225464820861816
32,963,5,4.202775955200195
32,1062,6,3.799264907836914
32,432,7,4.025424003601074
32,498,8,4.015960216522217
32,216,9,4.00095272064209
32,115,10,3.835362672805786
33,98,1,4.729171276092529
33,1131,2,4.20743465423584
33,498,3,4.304172039031982
33,525,4,4.053733825683594
33,22,5,4.444618225097656
33,1450,6,4.0440545082092285
33,236,7,4.179357528686523
33,589,8,3.921417713165283
33,71,9,4.086080551147461
33,1405,10,4.325339317321777
34,479,1,5.115836143493652
34,514,2,4.628344535827637
34,434,3,4.188244819641113
34,30,4,4.1276140213012695
34,1251,5,4.0794267654418945
34,489,6,4.728745460510254
34,1482,7,4.116543292999268
34,404,8,4.167277812957764
34,963,9,4.50629997253418
34,1468,10,4.070459365844727
35,12,1,4.915373802185059
35,465,2,3.8360559940338135
35,182,3,4.294778823852539
35,318,4,4.254321098327637
35,1159,5,4.074451446533203
35,602,6,3.86013126373291
35,657,7,4.404029369354248
35,661,8,4.128885746002197
35,183,9,4.116605758666992
35,172,10,4.324316024780273
36,1268,1,4.210587501525879
36,1203,2,4.154335021972656
36,127,3,4.3785400390625
36,525,4,4.197038650512695
36,197,5,4.56367301940918
36,588,6,4.195628643035889
36,169,7,4.530078411102295
36,56,8,4.50531005859375
36,50,9,4.430667400360107
36,48,10,3.995102643966675
37,318,1,5.027406692504883
37,525,2,4.33199405670166
37,127,3,4.870725631713867
37,1367,4,4.258085250854492
37,171,5,4.7772040367126465
37,274,6,4.156924724578857
37,344,7,4.7094950675964355
37,533,8,4.306966781616211
37,485,9,4.476635932922363
37,201,10,4.3532328605651855
38,1286,1,4.307551860809326
38,333,2,5.352163791656494
38,515,3,5.104783058166504
38,1067,4,4.531914234161377
38,470,5,4.731935977935791
38,100,6,4.89069128036499
38,1531,7,4.508167266845703
38,611,8,5.070832252502441
38,1636,9,4.41514778137207
38,685,10,4.966549396514893
39,194,1,4.0715651512146
39,98,2,4.618914604187012
39,705,3,3.7752416133880615
39,165,4,4.285240650177002
39,443,5,4.045440196990967
39,493,6,4.0053510665893555
39,491,7,3.8934216499328613
39,22,8,3.8013312816619873
39,1278,9,3.6623847484588623
39,945,10,3.7368502616882324
40,432,1,4.601117134094238
40,98,2,4.441887855529785
40,530,3,3.4775094985961914
40,30,4,3.6947219371795654
40,916,5,3.865511894226074
40,705,6,3.7445147037506104
40,445,7,3.5088963508605957
40,274,8,3.6111600399017334
40,855,9,3.9134445190429688
40,1367,10,3.7145888805389404
41,188,1,4.208870887756348
41,178,2,4.548053741455078
41,484,3,4.536362171173096
41,694,4,4.509803771972656
41,923,5,4.1691813468933105
41,813,6,4.126827239990234
41,154,7,4.420175552368164
41,203,8,4.339345455169678
41,177,9,3.984930992126465
41,196,10,3.9125728607177734
42,520,1,5.141758441925049
42,1639,2,3.9170477390289307
42,485,3,4.8527936935424805
42,805,4,3.8505589962005615
42,114,5,4.6688432693481445
42,190,6,4.662916660308838
42,420,7,4.185957908630371
42,492,8,4.27467155456543
42,226,9,3.8683767318725586
42,178,10,4.26753568649292
43,515,1,5.151045322418213
43,621,2,4.043209075927734
43,603,3,4.93811559677124
43,774,4,4.169366836547852
43,288,5,4.640406608581543
43,915,6,4.221473217010498
43,249,7,4.2015814781188965
43,170,8,4.589144229888916
43,543,9,4.193374156951904
43,361,10,4.130878448486328
44,60,1,4.971225738525391
44,119,2,4.07199239730835
44,478,3,3.995668888092041
44,101,4,3.9909701347351074
44,533,5,3.938020706176758
44,661,6,4.170307636260986
44,1462,7,4.520700931549072
44,136,8,4.492438316345215
44,654,9,4.491053581237793
44,1073,10,4.212931156158447
45,1367,1,4.4117865562438965
45,865,2,4.463069915771484
45,793,3,4.409472465515137
45,530,4,4.903916358947754
45,648,5,4.645864963531494
45,172,6,4.801216125488281
45,656,7,4.787098407745361
45,479,8,4.6086273193359375
45,916,9,4.505674839019775
45,741,10,4.168233871459961
46,488,1,4.365140914916992
46,100,2,4.718353748321533
46,863,3,4.404962539672852
46,610,4,3.9451658725738525
46,963,5,4.340060234069824
46,513,6,4.432735919952393
46,1367,7,4.237239837646484
46,611,8,4.595588207244873
46,320,9,4.1391448974609375
46,210,10,4.1366963386535645
47,408,1,5.088602066040039
47,87,2,4.355000019073486
47,200,3,4.346660137176514
47,484,4,4.7890825271606445
47,520,5,4.340374946594238
47,59,6,4.590517997741699
47,1102,7,4.214153289794922
47,267,8,4.241404056549072
47,119,9,4.557187080383301
47,1007,10,4.688416004180908
48,1142,1,4.391266822814941
48,10,2,4.804727554321289
48,1459,3,3.843466281890869
48,694,4,4.633929252624512
48,1097,5,3.7874608039855957
48,12,6,4.4834513664245605
48,69,7,4.272103786468506
48,127,8,4.450503349304199
48,226,9,3.923837184906006
48,1639,10,4.245581150054932
49,1552,1,3.343005657196045
49,470,2,3.54718279838562
49,114,3,4.533689498901367
49,1147,4,3.6041762828826904
49,654,5,4.468204498291016
49,127,6,4.339812278747559
49,1201,7,3.522465944290161
49,340,8,3.304424524307251
49,152,9,4.244391918182373
49,610,10,4.135624408721924
50,64,1,5.348413944244385
50,98,2,5.33778715133667
50,12,3,4.886267185211182
50,153,4,4.675713539123535
50,530,5,4.7558698654174805
50,202,6,4.548114776611328
50,692,7,4.829360008239746
50,430,8,4.646772384643555
50,119,9,4.696723461151123
50,174,10,4.9327616691589355
51,195,1,4.316303253173828
51,169,2,4.313068866729736
51,1142,3,3.9942288398742676
51,850,4,3.7246510982513428
51,1269,5,4.236371040344238
51,1193,6,3.9844982624053955
51,1450,7,3.7545034885406494
51,177,8,4.13108491897583
51,792,9,3.70192813873291
51,538,10,3.823760509490967
52,56,1,5.356321334838867
52,169,2,5.127204418182373
52,521,3,4.617227077484131
52,489,4,4.744041442871094
52,513,5,4.838313102722168
52,1356,6,4.60050630569458
52,474,7,4.977353572845459
52,663,8,4.59586763381958
52,443,9,4.421189308166504
52,1512,10,4.934901714324951
53,1011,1,3.9556524753570557
53,603,2,4.7634196281433105
53,315,3,4.085214138031006
53,134,4,4.383506774902344
53,481,5,3.9305646419525146
53,173,6,4.519819259643555
53,1142,7,4.5177459716796875
53,189,8,4.277283668518066
53,425,9,4.335783958435059
53,661,10,4.415154933929443
54,483,1,5.242012023925781
54,968,2,4.663510322570801
54,195,3,5.018673896789551
54,69,4,4.628905296325684
54,850,5,4.284053325653076
54,673,6,4.2683258056640625
54,1124,7,4.225958347320557
54,1467,8,4.384280204772949
54,484,9,4.571611404418945
54,588,10,4.310447692871094
55,172,1,3.8785295486450195
55,9,2,4.056891918182373
55,515,3,4.341887474060059
55,408,4,4.267039775848389
55,523,5,3.770789623260498
55,969,6,3.662781238555908
55,119,7,3.984313726425171
55,1039,8,4.216676712036133
55,251,9,4.185158729553223
55,511,10,3.5973892211914062
56,12,1,5.035582542419434
56,510,2,4.029926776885986
56,701,3,4.024125576019287
56,1612,4,4.329303741455078
56,123,5,3.983767509460449
56,641,6,4.622824192047119
56,178,7,4.612331390380859
56,1005,8,4.045605182647705
56,524,9,4.105981826782227
56,177,10,4.367778778076172
57,1413,1,3.7940142154693604
57,811,2,4.048261642456055
57,172,3,4.836487770080566
57,648,4,4.096397876739502
57,95,5,4.583699703216553
57,59,6,4.193174839019775
57,1066,7,3.8655807971954346
57,568,8,4.491170883178711
57,1367,9,3.909787654876709
57,1451,10,3.9449052810668945
58,478,1,5.283434867858887
58,484,2,4.557497024536133
58,1390,3,3.9397494792938232
58,164,4,4.485597610473633
58,1191,5,4.03034782409668
58,581,6,4.356188774108887
58,431,7,4.796990871429443
58,1544,8,4.047882556915283
58,746,9,4.199007987976074
58,1203,10,4.576831817626953
59,463,1,5.12709379196167
59,192,2,5.091034889221191
59,502,3,4.406074523925781
59,1500,4,4.4634785652160645
59,445,5,4.663222312927246
59,1154,6,4.353887557983398
59,965,7,4.203421115875244
59,157,8,4.58812141418457
59,811,9,4.310945510864258
59,218,10,4.4324164390563965
60,1449,1,5.046242713928223
60,1467,2,4.395062446594238
60,1459,3,4.247227668762207
60,48,4,4.848472595214844
60,804,5,4.114255905151367
60,1293,6,4.145904541015625
60,1064,7,4.405682563781738
60,1131,8,4.322312831878662
60,293,9,4.1696271896362305
60,636,10,4.258426189422607
61,12,1,4.241710662841797
61,1159,2,4.128689765930176
61,202,3,3.63739013671875
61,500,4,3.6979198455810547
61,645,5,3.57875657081604
61,647,6,3.965047836303711
61,510,7,3.9613475799560547
61,173,8,3.607347249984741
61,519,9,3.806067705154419
61,1462,10,3.746530532836914
62,855,1,3.8242151737213135
62,837,2,4.04218864440918
62,119,3,4.543490886688232
62,1302,4,3.737398147583008
62,889,5,3.6034133434295654
62,169,6,4.448598861694336
62,661,7,4.415834903717041
62,1019,8,4.406145095825195
62,497,9,3.933605909347534
62,1282,10,3.6615419387817383
63,1594,1,3.562584161758423
63,179,2,4.55971097946167
63,615,3,3.9465346336364746
63,520,4,4.061398029327393
63,435,5,3.8118813037872314
63,1449,6,4.338099479675293
63,114,7,4.2474517822265625
63,1098,8,3.6613333225250244
63,192,9,4.013767719268799
63,1211,10,3.966398239135742
64,1500,1,4.249266147613525
64,805,2,4.227394104003906
64,474,3,4.506156921386719
64,216,4,4.486519813537598
64,1629,5,3.68621563911438
64,1639,6,3.732428789138794
64,1367,7,3.7311654090881348
64,622,8,4.142637252807617
64,133,9,4.371160507202148
64,302,10,3.94173264503479
65,740,1,4.321534156799316
65,528,2,4.880963325500488
65,445,3,4.086526870727539
65,404,4,4.0027360916137695
65,527,5,4.137870788574219
65,515,6,4.772248268127441
65,285,7,4.683627128601074
65,489,8,4.255639553070068
65,520,9,4.667234897613525
65,479,10,4.642159938812256
66,313,1,5.1912431716918945
66,12,2,4.921932697296143
66,503,3,3.9528870582580566
66,701,4,4.196537017822266
66,61,5,4.188107967376709
66,1298,6,3.8870365619659424
66,31,7,3.836545944213867
66,210,8,4.5111002922058105
66,482,9,4.021724224090576
66,171,10,4.00456428527832
67,736,1,5.15060567855835
67,210,2,4.532766819000244
67,318,3,4.609991073608398
67,425,4,4.391444683074951
67,922,5,4.48117208480835
67,172,6,4.772120952606201
67,853,7,4.262048721313477
67,478,8,4.711532115936279
67,611,9,4.556623458862305
67,312,10,4.298699378967285
68,705,1,4.396554470062256
68,316,2,5.029361724853516
68,190,3,4.774234771728516
68,143,4,4.50175142288208
68,530,5,4.344494819641113
68,467,6,4.690023422241211
68,114,7,4.452154636383057
68,528,8,4.1177167892456055
68,498,9,4.448487758636475
68,96,10,4.2232818603515625
69,272,1,4.827754497528076
69,694,2,4.470746994018555
69,177,3,4.091841697692871
69,1203,4,4.277079105377197
69,1084,5,4.069297790527344
69,183,6,4.273317813873291
69,428,7,4.248406410217285
69,1269,8,4.504717826843262
69,114,9,4.554598331451416
69,190,10,4.23363733291626
70,156,1,4.898733139038086
70,1386,2,4.031587600708008
70,1550,3,3.9753613471984863
70,520,4,4.4419379234313965
70,705,5,4.410243988037109
70,519,6,4.219963073730469
70,1353,7,3.8446366786956787
70,638,8,4.206496715545654
70,1019,9,4.3509626388549805
70,1022,10,3.8379523754119873
71,484,1,4.190642833709717
71,601,2,3.9532227516174316
71,205,3,3.838150978088379
71,525,4,4.353443622589111
71,127,5,3.9122231006622314
71,268,6,3.991438865661621
71,1218,7,3.9857611656188965
71,792,8,3.7970528602600098
71,615,9,4.058773040771484
71,604,10,4.209457874298096
72,272,1,5.138998508453369
72,178,2,4.843103885650635
72,200,3,4.2119669914245605
72,646,4,4.07790470123291
72,485,5,4.747626781463623
72,604,6,4.4241814613342285
72,1414,7,3.951564311981201
72,1599,8,4.278155326843262
72,657,9,4.539798259735107
72,745,10,4.510210037231445
73,646,1,3.8297431468963623
73,497,2,4.826962471008301
73,177,3,4.3497419357299805
73,463,4,3.901460647583008
73,504,5,4.2185211181640625
73,653,6,4.741588592529297
73,394,7,3.8911778926849365
73,1529,8,3.8066115379333496
73,1367,9,4.448842525482178
73,607,10,4.415173053741455
74,316,1,4.78972053527832
74,134,2,4.524113178253174
74,736,3,4.506237030029297
74,200,4,4.165865421295166
74,488,5,4.230210304260254
74,644,6,4.457568168640137
74,533,7,4.100336074829102
74,186,8,4.148548603057861
74,1021,9,4.424378395080566
74,202,10,4.4232072830200195
75,855,1,5.133238315582275
75,684,2,4.004668712615967
75,654,3,4.083987712860107
75,663,4,4.191086292266846
75,320,5,3.991835355758667
75,14,6,4.269349575042725
75,136,7,4.4695868492126465
75,99,8,4.15523624420166
75,615,9,4.331366062164307
75,519,10,4.648519039154053
77,430,1,4.16042947769165
77,12,2,4.676246166229248
77,533,3,3.8589987754821777
77,898,4,3.84806227684021
77,813,5,3.731454849243164
77,622,6,3.724425792694092
77,1159,7,4.37081241607666
77,837,8,3.7205026149749756
77,480,9,4.336081504821777
77,853,10,4.077755928039551
78,174,1,4.259000301361084
78,694,2,4.202613353729248
78,625,3,3.408334255218506
78,115,4,3.4820351600646973
78,1119,5,3.432276725769043
78,1195,6,3.51037335395813
78,179,7,4.032533645629883
78,194,8,3.8192005157470703
78,318,9,4.001598834991455
78,435,10,3.9770267009735107
79,408,1,4.950722694396973
79,589,2,4.249331474304199
79,611,3,4.153694152832031
79,64,4,4.910306453704834
79,1269,5,4.144625663757324
79,204,6,3.8830199241638184
79,186,7,4.077490329742432
79,968,8,4.129152297973633
79,249,9,4.270976543426514
79,132,10,4.490135669708252
80,272,1,4.935351371765137
80,656,2,3.604214906692505
80,164,3,4.112313270568848
80,1019,4,3.9080119132995605
80,181,5,4.249861717224121
80,533,6,3.8016843795776367
80,1104,7,4.198237419128418
80,1203,8,3.9963157176971436
80,596,9,3.646286725997925
80,432,10,4.127378463745117
81,432,1,3.654090642929077
81,603,2,4.052814483642578
81,525,3,3.812175989151001
81,633,4,4.32479190826416
81,42,5,4.3085479736328125
81,447,6,3.877833366394043
81,8,7,3.9764606952667236
81,524,8,3.791961669921875
81,1594,9,3.945995569229126
81,250,10,3.629354476928711
83,710,1,4.363316535949707
83,513,2,4.805966377258301
83,173,3,4.80181884765625
83,516,4,3.9297523498535156
83,419,5,4.745754718780518
83,531,6,4.573139190673828
83,690,7,4.158864498138428
83,132,8,4.206605911254883
83,1069,9,4.397619724273682
83,230,10,4.5032548904418945
84,1449,1,4.758423328399658
84,143,2,4.284181594848633
84,242,3,4.6702752113342285
84,394,4,4.158547401428223
84,241,5,4.269166469573975
84,48,6,4.264788627624512
84,416,7,4.568539619445801
84,176,8,4.5538506507873535
84,611,9,4.253970146179199
84,505,10,4.086642265319824
85,316,1,4.655473232269287
85,927,2,3.863985300064087
85,285,3,4.381565093994141
85,638,4,4.074419975280762
85,533,5,3.667987108230591
85,1201,6,3.838444232940674
85,463,7,3.9150991439819336
85,156,8,4.016114711761475
85,429,9,4.134790420532227
85,718,10,3.7410664558410645
86,430,1,3.683859348297119
86,1039,2,3.9289584159851074
86,511,3,3.919476270675659
86,514,4,4.160586357116699
86,156,5,3.663656711578369
86,1599,6,3.7488887310028076
86,654,7,4.1168532371521
86,179,8,3.981876850128174
86,673,9,3.5584113597869873
86,813,10,4.062893390655518
87,544,1,4.468746185302734
87,496,2,5.1854448318481445
87,28,3,5.001906394958496
87,205,4,4.865693092346191
87,402,5,4.500011920928955
87,282,6,4.4965128898620605
87,493,7,4.408056735992432
87,538,8,4.280241012573242
87,1431,9,4.222236633300781
87,710,10,4.694275856018066
88,114,1,4.433015823364258
88,251,2,4.307789325714111
88,1073,3,3.6814258098602295
88,318,4,3.927198886871338
88,297,5,3.851928234100342
88,178,6,4.150867938995361
88,75,7,3.627760648727417
88,478,8,3.9053831100463867
88,488,9,3.8871476650238037
88,965,10,3.7229163646698
89,271,1,4.722114086151123
89,1450,2,4.830867290496826
89,232,3,4.826803207397461
89,528,4,4.62770414352417
89,60,5,5.242701053619385
89,109,6,5.210257530212402
89,408,7,4.536065101623535
89,48,8,4.910955429077148
89,633,9,5.076210975646973
89,488,10,4.862700939178467
90,484,1,5.169025421142578
90,329,2,4.391556262969971
90,968,3,4.669595718383789
90,1594,4,4.19277286529541
90,1450,5,4.282851219177246
90,429,6,4.173367500305176
90,504,7,4.597693920135498
90,510,8,4.602763652801514
90,616,9,4.3371429443359375
90,1474,10,4.205532073974609
91,250,1,5.0199384689331055
91,168,2,4.57839298248291
91,774,3,4.037574291229248
91,144,4,4.914156436920166
91,530,5,4.073283672332764
91,960,6,4.789500713348389
91,114,7,4.464523792266846
91,1594,8,4.301587104797363
91,228,9,4.454869747161865
91,320,10,4.614557266235352
92,114,1,4.220979690551758
92,30,2,4.554244518280029
92,968,3,4.205272197723389
92,316,4,4.166449069976807
92,654,5,4.363906383514404
92,394,6,3.7328343391418457
92,337,7,3.9457809925079346
92,1011,8,3.7972798347473145
92,250,9,3.936962366104126
92,645,10,3.712379217147827
93,657,1,4.402286052703857
93,813,2,4.400928974151611
93,694,3,4.300190448760986
93,530,4,4.174665451049805
93,484,5,4.499172687530518
93,493,6,4.592121124267578
93,1064,7,4.080379009246826
93,604,8,4.553429126739502
93,315,9,4.330215930938721
93,671,10,4.0344462394714355
94,968,1,4.101620674133301
94,1268,2,4.641373634338379
94,199,3,5.02181339263916
94,489,4,4.0275349617004395
94,613,5,4.436965465545654
94,922,6,4.431088447570801
94,494,7,4.7983574867248535
94,488,8,4.396700859069824
94,1070,9,4.493014335632324
94,1194,10,4.683446884155273
95,982,1,3.695160150527954
95,521,2,4.181421279907227
95,408,3,4.604279041290283
95,302,4,4.038758277893066
95,320,5,4.534543991088867
95,416,6,3.954876184463501
95,12,7,4.396195888519287
95,1600,8,3.789562702178955
95,297,9,4.005492210388184
95,613,10,4.319223880767822
96,185,1,5.1144585609436035
96,192,2,4.499940872192383
96,465,3,4.068003177642822
96,568,4,4.932410717010498
96,1501,5,4.096609592437744
96,607,6,4.5531487464904785
96,189,7,4.682660102844238
96,210,8,4.122982501983643
96,12,9,4.660891056060791
96,160,10,4.2136125564575195
97,663,1,5.70876932144165
97,434,2,4.216184139251709
97,1011,3,3.8998475074768066
97,896,4,4.314125061035156
97,258,5,4.313887596130371
97,317,6,4.696442127227783
97,1459,7,4.294284820556641
97,300,8,4.262006759643555
97,601,9,4.350508213043213
97,850,10,4.340442180633545
98,513,1,4.6732258796691895
98,46,2,3.8875012397766113
98,611,3,4.5874433517456055
98,143,4,4.184954643249512
98,547,5,4.300711154937744
98,242,6,4.412562847137451
98,511,7,4.379049301147461
98,921,8,3.98862886428833
98,718,9,3.9875757694244385
98,114,10,4.29957914352417
99,318,1,5.746230602264404
99,425,2,4.506298542022705
99,302,3,4.908405780792236
99,408,4,4.761713981628418
99,603,5,4.467034816741943
99,966,6,4.131947040557861
99,836,7,3.948664665222168
99,178,8,4.309594631195068
99,513,9,4.417457103729248
99,57,10,4.600897789001465
100,15,1,4.672418594360352
100,318,2,4.446722030639648
100,470,3,3.6293623447418213
100,521,4,3.7114086151123047
100,487,5,3.571272134780884
100,602,6,3.4014315605163574
100,204,7,3.5043535232543945
100,1439,8,3.5554351806640625
100,177,9,3.60563588142395
100,516,10,3.8827600479125977
101,98,1,4.0433855056762695
101,143,2,3.7146785259246826
101,1114,3,3.350140333175659
101,215,4,3.9530107975006104
101,101,5,3.3392727375030518
101,293,6,3.5478932857513428
101,148,7,3.6496212482452393
101,515,8,3.806156873703003
101,657,9,3.5355587005615234
101,1405,10,3.3197131156921387
103,208,1,4.93331241607666
103,945,2,4.14149284362793
103,651,3,4.766134262084961
103,302,4,4.095920085906982
103,435,5,4.3042402267456055
103,909,6,4.160557270050049
103,427,7,4.5483174324035645
103,474,8,4.418735504150391
103,1594,9,4.3444600105285645
103,524,10,4.2774505615234375
104,22,1,4.4413862228393555
104,173,2,4.29810905456543
104,12,3,4.178790092468262
104,1298,4,3.5038318634033203
104,189,5,4.148699760437012
104,889,6,3.1701314449310303
104,147,7,3.4508228302001953
104,436,8,3.158831834793091
104,515,9,3.9012084007263184
104,835,10,3.6536099910736084
105,318,1,5.247722148895264
105,514,2,4.483341217041016
105,1019,3,4.252918720245361
105,850,4,4.460631370544434
105,136,5,4.549206256866455
105,180,6,4.525941848754883
105,203,7,4.519706726074219
105,520,8,4.518073558807373
105,200,9,4.151941776275635
105,484,10,4.6854987144470215
106,1007,1,4.24884033203125
106,1211,2,4.227845668792725
106,313,3,4.134337902069092
106,434,4,4.528446197509766
106,95,5,3.894439220428467
106,416,6,3.8935492038726807
106,443,7,4.204463958740234
106,1641,8,3.9216463565826416
106,568,9,4.029560089111328
106,198,10,4.411310195922852
107,50,1,4.1742634773254395
107,23,2,4.828499794006348
107,114,3,4.60464334487915
107,612,4,4.06449031829834
107,1500,5,4.284749507904053
107,656,6,4.462430000305176
107,1451,7,3.9357333183288574
107,530,8,4.204821586608887
107,606,9,4.030697345733643
107,525,10,4.204778671264648
108,1153,1,4.171670913696289
108,746,2,4.542659759521484
108,483,3,4.783727645874023
108,183,4,4.389225482940674
108,547,5,4.0742292404174805
108,661,6,4.318673610687256
108,1039,7,4.6705169677734375
108,114,8,4.4835944175720215
108,199,9,4.6445441246032715
108,1064,10,4.222906589508057
109,313,1,5.223725318908691
109,297,2,4.767221450805664
109,736,3,3.765277862548828
109,1142,4,3.9530677795410156
109,528,5,4.358290672302246
109,114,6,3.998810052871704
109,171,7,3.7353506088256836
109,1098,8,3.7888331413269043
109,682,9,4.253997802734375
109,143,10,4.058266639709473
110,531,1,4.650586128234863
110,922,2,3.760435104370117
110,506,3,4.080236434936523
110,271,4,3.8020567893981934
110,603,5,4.313601493835449
110,1167,6,3.941122531890869
110,265,7,4.010403633117676
110,270,8,3.690664052963257
110,530,9,3.8178117275238037
110,32,10,3.97560715675354
111,19,1,4.511572360992432
111,701,2,3.9766664505004883
111,285,3,4.47855806350708
111,1143,4,4.122525691986084
111,493,5,4.591300964355469
111,153,6,4.5852861404418945
111,515,7,4.435244560241699
111,530,8,4.021632194519043
111,921,9,4.215653419494629
111,838,10,3.9811911582946777
112,230,1,4.248993396759033
112,1119,2,4.35266637802124
112,1131,3,4.430382251739502
112,241,4,4.763330459594727
112,520,5,4.726038932800293
112,1101,6,4.4969072341918945
112,1148,7,4.172090530395508
112,248,8,4.59306526184082
112,642,9,4.168471813201904
112,242,10,4.203678131103516
113,173,1,4.982725143432617
113,493,2,4.11171293258667
113,1159,3,3.912811517715454
113,966,4,3.8004074096679688
113,25,5,3.8561348915100098
113,511,6,4.451382637023926
113,701,7,4.049465179443359
113,550,8,4.044000148773193
113,182,9,4.030563831329346
113,1098,10,4.324137210845947
114,50,1,4.91560173034668
114,192,2,4.1258649826049805
114,741,3,3.9007673263549805
114,1064,4,3.7138116359710693
114,1251,5,3.971555709838867
114,75,6,3.6786129474639893
114,297,7,3.7136309146881104
114,694,8,4.252187728881836
114,500,9,3.9151782989501953
114,164,10,3.615091323852539
115,179,1,5.616657733917236
115,1302,2,4.397200584411621
115,207,3,4.203712463378906
115,10,4,4.8983473777771
115,420,5,4.022945880889893
115,702,6,4.176043510437012
115,768,7,4.026909828186035
115,1233,8,4.231459617614746
115,884,9,3.965254783630371
115,694,10,4.579102039337158
116,69,1,4.349068641662598
116,1073,2,3.5276055335998535
116,945,3,4.268261909484863
116,868,4,3.74031400680542
116,360,5,3.5768234729766846
116,196,6,3.5674009323120117
116,48,7,4.0977911949157715
116,1098,8,3.61623215675354
116,99,9,3.351410388946533
116,611,10,3.4090287685394287
117,170,1,5.442201614379883
117,1386,2,4.426842212677002
117,22,3,4.488157272338867
117,313,4,5.115359306335449
117,189,5,5.060920715332031
117,79,6,5.022828578948975
117,813,7,4.47153377532959
117,222,8,4.357807159423828
117,919,9,4.789158821105957
117,603,10,4.78284215927124
118,12,1,5.382397174835205
118,346,2,4.906614303588867
118,429,3,5.209566116333008
118,1166,4,4.524483680725098
118,194,5,5.202197074890137
118,523,6,4.982589244842529
118,813,7,4.9662604331970215
118,483,8,5.083629608154297
118,694,9,5.083590507507324
118,128,10,4.8281779289245605
119,657,1,5.496321678161621
119,295,2,4.588708877563477
119,423,3,5.2816996574401855
119,1070,4,4.71085262298584
119,191,5,5.217808723449707
119,133,6,5.148165225982666
119,71,7,4.559389591217041
119,1159,8,4.506662845611572
119,602,9,4.442337989807129
119,645,10,4.729804039001465
120,435,1,4.6088385581970215
120,513,2,4.810415744781494
120,1594,3,4.132561206817627
120,316,4,4.594082832336426
120,1159,5,4.459117412567139
120,143,6,4.257030010223389
120,601,7,4.202968597412109
120,124,8,4.6627373695373535
120,114,9,4.648307800292969
120,1064,10,4.277698516845703
121,1142,1,4.60282039642334
121,177,2,4.255285739898682
121,52,3,4.508249282836914
121,114,4,3.989485263824463
121,922,5,3.9845223426818848
121,360,6,3.9835896492004395
121,916,7,3.9796533584594727
121,474,8,4.049071311950684
121,45,9,4.308234691619873
121,671,10,4.025142192840576
122,230,1,4.036527633666992
122,631,2,4.788739204406738
122,607,3,4.197196006774902
122,656,4,4.753998756408691
122,589,5,4.542995452880859
122,169,6,4.71956729888916
122,671,7,4.180818557739258
122,1142,8,4.644327163696289
122,494,9,4.482199668884277
122,89,10,4.480132579803467
123,654,1,5.080020427703857
123,661,2,4.906035423278809
123,114,3,4.138838291168213
123,1121,4,4.03619909286499
123,169,5,4.377066135406494
123,92,6,4.029437065124512
123,443,7,3.9642157554626465
123,116,8,4.343225955963135
123,1529,9,4.016928672790527
123,705,10,4.1133036613464355
124,246,1,4.244243621826172
124,89,2,4.204648494720459
124,515,3,3.547703742980957
124,223,4,3.5361053943634033
124,1405,5,3.2120003700256348
124,675,6,3.303760051727295
124,524,7,3.780376434326172
124,511,8,3.780902862548828
124,611,9,3.752143621444702
124,530,10,3.3812732696533203
125,45,1,3.930889844894409
125,185,2,4.273895263671875
125,227,3,4.9737935066223145
125,525,4,4.401486396789551
125,226,5,4.713435173034668
125,589,6,3.913971185684204
125,787,7,4.508437156677246
125,429,8,4.31959342956543
125,850,9,4.191690921783447
125,491,10,4.30417537689209
126,173,1,4.796039581298828
126,483,2,4.22913932800293
126,7,3,4.53402853012085
126,496,4,4.528232574462891
126,307,5,3.982593297958374
126,1098,6,3.64385724067688
126,174,7,4.312876224517822
126,211,8,3.6316351890563965
126,1367,9,3.945655345916748
126,1201,10,3.6937742233276367
127,119,1,4.782504081726074
127,1020,2,4.3916730880737305
127,302,3,4.3914265632629395
127,498,4,4.708010673522949
127,493,5,4.66657829284668
127,223,6,4.654536724090576
127,501,7,4.325934410095215
127,922,8,4.101341724395752
127,603,9,4.4911699295043945
127,532,10,4.089437484741211
128,22,1,4.077686309814453
128,607,2,5.098662853240967
128,694,3,3.9807140827178955
128,1367,4,4.568403720855713
128,257,5,4.555998802185059
128,754,6,4.401667594909668
128,177,7,4.213517189025879
128,1062,8,3.952989101409912
128,1500,9,4.336945056915283
128,241,10,4.200943470001221
130,1405,1,4.626399993896484
130,136,2,5.122739315032959
130,302,3,4.825231075286865
130,1153,4,5.042654991149902
130,193,5,4.397210597991943
130,320,6,4.776329517364502
130,343,7,4.519383430480957
130,1139,8,4.758347511291504
130,1114,9,4.743499279022217
130,624,10,4.638279438018799
131,357,1,4.9546027183532715
131,516,2,3.8515663146972656
131,661,3,4.487565040588379
131,119,4,4.35014533996582
131,340,5,4.340319633483887
131,17,6,4.128293991088867
131,174,7,4.293681621551514
131,602,8,3.969332218170166
131,968,9,3.823063850402832
131,300,10,4.2357048988342285
132,482,1,4.245715618133545
132,435,2,4.236311912536621
132,705,3,3.829606294631958
132,134,4,3.820937156677246
132,48,5,4.087789535522461
132,530,6,3.4926464557647705
132,98,7,4.062738418579102
132,745,8,3.7368698120117188
132,656,9,4.003851890563965
132,1131,10,3.5489375591278076
133,511,1,4.648638725280762
133,701,2,3.841779947280884
133,1098,3,4.354580879211426
133,427,4,4.325435638427734
133,408,5,4.313600540161133
133,634,6,3.8742871284484863
133,474,7,4.205282211303711
133,638,8,3.9075586795806885
133,705,9,4.065903186798096
133,1064,10,4.058259010314941
134,164,1,4.7312798500061035
134,510,2,3.9749293327331543
134,462,3,3.6422646045684814
134,88,4,4.389289855957031
134,1084,5,3.697114944458008
134,611,6,3.865983724594116
134,333,7,4.316227912902832
134,119,8,3.9937217235565186
134,1064,9,3.769439458847046
134,117,10,3.7075984477996826
135,179,1,4.351202011108398
135,515,2,4.852983474731445
135,513,3,4.641754150390625
135,968,4,3.94374418258667
135,57,5,4.495346546173096
135,1211,6,4.130266189575195
135,318,7,4.433465480804443
135,1,8,4.4298930168151855
135,177,9,3.9276177883148193
135,1159,10,4.059781551361084
136,493,1,4.813783645629883
136,1126,2,4.410614013671875
136,963,3,4.991646766662598
136,474,4,4.989866256713867
136,1500,5,4.637397289276123
136,203,6,4.753481388092041
136,20,7,4.976284980773926
136,50,8,4.733985424041748
136,23,9,4.350222587585449
136,498,10,4.71359395980835
137,922,1,5.77221155166626
137,394,2,4.835994243621826
137,1191,3,4.579811096191406
137,200,4,4.693062782287598
137,173,5,5.298079967498779
137,169,6,5.267201900482178
137,1623,7,4.761430740356445
137,195,8,4.7545084953308105
137,91,9,5.138941287994385
137,513,10,4.784289836883545
138,246,1,4.351688861846924
138,1594,2,4.283059120178223
138,524,3,4.4179511070251465
138,510,4,4.704302787780762
138,474,5,4.679118633270264
138,79,6,4.400697708129883
138,656,7,4.273054122924805
138,316,8,4.607804298400879
138,608,9,4.443963050842285
138,432,10,4.370626449584961
139,12,1,4.329869747161865
139,513,2,4.608558654785156
139,504,3,4.402332305908203
139,114,4,4.390233516693115
139,519,5,4.1249284744262695
139,173,6,4.362991809844971
139,71,7,4.287493705749512
139,195,8,4.502355575561523
139,661,9,4.499380588531494
139,125,10,4.266788005828857
140,187,1,3.9218368530273438
140,12,2,4.721268177032471
140,183,3,4.672047138214111
140,45,4,4.322386264801025
140,484,5,4.334794044494629
140,276,6,4.071642875671387
140,223,7,4.589252948760986
140,394,8,3.8727424144744873
140,179,9,4.269272327423096
140,646,10,3.934234619140625
141,478,1,4.147656440734863
141,1007,2,4.341438293457031
141,148,3,4.3331098556518555
141,448,4,4.1291656494140625
141,320,5,4.451637268066406
141,492,6,4.451554298400879
141,185,7,4.232082366943359
141,603,8,4.433846473693848
141,520,9,4.659626007080078
141,265,10,4.161872863769531
142,50,1,5.089357376098633
142,536,2,3.99718976020813
142,923,3,4.248171329498291
142,1142,4,4.605691909790039
142,135,5,4.3694963455200195
142,218,6,4.037525653839111
142,470,7,4.326422691345215
142,153,8,4.17225980758667
142,488,9,3.9810950756073
142,234,10,4.4786248207092285
143,174,1,4.375830173492432
143,1139,2,3.8659510612487793
143,79,3,4.693676471710205
143,267,4,3.86272931098938
143,283,5,4.220789432525635
143,493,6,4.029742240905762
143,487,7,4.497267723083496
143,922,8,4.433047294616699
143,645,9,4.0610504150390625
143,1012,10,4.0535359382629395
144,496,1,4.97291374206543
144,483,2,4.7956671714782715
144,1269,3,4.344087600708008
144,1292,4,3.877647876739502
144,774,5,3.9413909912109375
144,701,6,4.194035530090332
144,166,7,4.3056321144104
144,510,8,4.446547985076904
144,408,9,4.271708965301514
144,1553,10,3.984121799468994
145,520,1,4.963245391845703
145,152,2,4.872497081756592
145,657,3,4.826003551483154
145,547,4,3.9713685512542725
145,71,5,4.273042678833008
145,646,6,4.50706672668457
145,1191,7,4.305105686187744
145,93,8,3.9600374698638916
145,482,9,4.448047637939453
145,427,10,4.657419204711914
146,89,1,4.769128322601318
146,177,2,4.124395370483398
146,196,3,4.557685375213623
146,119,4,4.3053436279296875
146,50,5,4.194591045379639
146,198,6,3.933206558227539
146,60,7,4.467833042144775
146,428,8,4.162857532501221
146,1367,9,3.8947808742523193
146,99,10,3.971036911010742
147,531,1,5.090307712554932
147,945,2,4.475461483001709
147,479,3,4.6473212242126465
147,163,4,4.333705425262451
147,753,5,4.826827049255371
147,423,6,4.606904029846191
147,79,7,4.823066711425781
147,1084,8,4.25950288772583
147,497,9,4.314208984375
147,511,10,4.680304527282715
148,661,1,4.215469837188721
148,53,2,4.972332954406738
148,302,3,4.770108222961426
148,492,4,3.915956735610962
148,156,5,4.420890808105469
148,466,6,4.401859760284424
148,193,7,4.609066009521484
148,1331,8,4.156174659729004
148,1605,9,4.041481971740723
148,389,10,4.150811195373535
150,173,1,5.2595319747924805
150,778,2,4.345848083496094
150,318,3,4.765666961669922
150,1302,4,4.258596420288086
150,114,5,4.756490230560303
150,183,6,4.558850288391113
150,505,7,4.394989490509033
150,611,8,4.675563335418701
150,179,9,4.673478126525879
150,56,10,4.651234149932861
151,248,1,4.625871658325195
151,519,2,4.612303256988525
151,1021,3,4.600362300872803
151,889,4,4.240933418273926
151,71,5,4.39425802230835
151,127,6,4.703866004943848
151,916,7,4.294517517089844
151,1190,8,4.105249881744385
151,589,9,4.364175319671631
151,924,10,4.459049224853516
152,389,1,4.777844429016113
152,419,2,4.964118003845215
152,538,3,4.5513200759887695
152,87,4,5.304124355316162
152,514,5,4.757254123687744
152,1587,6,4.356635093688965
152,408,7,5.173697471618652
152,863,8,4.885395526885986
152,474,9,5.105945587158203
152,566,10,4.698261260986328
153,493,1,4.0906548500061035
153,603,2,4.587997913360596
153,1159,3,3.9376704692840576
153,657,4,4.457652568817139
153,174,5,4.394168376922607
153,1104,6,4.0519022941589355
153,197,7,4.028122901916504
153,945,8,4.017642498016357
153,1293,9,3.72617769241333
153,320,10,3.9438247680664062
154,1,1,3.915769100189209
154,1064,2,3.825144052505493
154,119,3,4.281013488769531
154,514,4,4.2655134201049805
154,228,5,4.465084552764893
154,177,6,4.4617509841918945
154,968,7,4.222670555114746
154,117,8,3.846316337585449
154,524,9,4.0461835861206055
154,275,10,4.091174125671387
155,178,1,3.8666203022003174
155,99,2,3.5704634189605713
155,480,3,4.118107795715332
155,56,4,3.4082448482513428
155,70,5,3.8385725021362305
155,589,6,4.0237717628479
155,466,7,3.8243637084960938
155,1070,8,3.5929811000823975
155,195,9,3.587449073791504
155,52,10,3.877652168273926
156,185,1,4.660815238952637
156,519,2,4.14272928237915
156,432,3,4.127152919769287
156,203,4,4.09475040435791
156,298,5,4.0936479568481445
156,654,6,4.289690017700195
156,611,7,3.9657697677612305
156,179,8,4.203800678253174
156,182,9,3.9544644355773926
156,292,10,3.7147483825683594
157,420,1,4.459282398223877
157,357,2,5.460621356964111
157,97,3,4.363123893737793
157,246,4,4.857712268829346
157,429,5,4.648745536804199
157,513,6,5.091080665588379
157,966,7,4.799198627471924
157,1475,8,4.79777717590332
157,1142,9,4.431690216064453
157,176,10,4.790141582489014
158,1159,1,4.149112701416016
158,48,2,5.196340560913086
158,491,3,4.586054801940918
158,646,4,4.243233680725098
158,772,5,4.132568359375
158,633,6,4.541129112243652
158,288,7,4.240048408508301
158,602,8,4.42212438583374
158,203,9,4.7151899337768555
158,430,10,4.48243522644043
159,641,1,5.50172233581543
159,694,2,4.427425384521484
159,152,3,5.33090877532959
159,114,4,4.665030002593994
159,300,5,5.029824256896973
159,119,6,4.768190860748291
159,520,7,5.005638122558594
159,482,8,4.957553863525391
159,1110,9,4.294709205627441
159,1103,10,4.692491054534912
160,144,1,5.384092807769775
160,344,2,4.971575736999512
160,853,3,4.589166641235352
160,203,4,4.891542434692383
160,480,5,4.698637008666992
160,724,6,4.6693267822265625
160,83,7,4.493656158447266
160,156,8,4.628270149230957
160,99,9,4.011171817779541
160,632,10,4.614533424377441
162,1402,1,4.109800815582275
162,276,2,4.970921516418457
162,516,3,4.175600051879883
162,60,4,4.831007480621338
162,805,5,4.105338096618652
162,644,6,4.800390243530273
162,32,7,4.2955803871154785
162,470,8,4.288527011871338
162,62,9,4.35532283782959
162,488,10,4.404009819030762
163,133,1,4.051149845123291
163,195,2,4.3114423751831055
163,513,3,4.2614216804504395
163,165,4,4.030148506164551
163,484,5,4.022017478942871
163,173,6,4.132999420166016
163,657,7,3.9023935794830322
163,497,8,3.753544569015503
163,1524,9,3.9751760959625244
163,511,10,3.951627492904663
164,445,1,4.389214515686035
164,1449,2,5.119106292724609
164,922,3,5.078920841217041
164,609,4,4.413364887237549
164,488,5,5.033785820007324
164,226,6,4.670759201049805
164,199,7,4.917544364929199
164,95,8,4.449751853942871
164,512,9,4.856541156768799
164,96,10,4.7087812423706055
165,1019,1,4.302042484283447
165,316,2,4.778530120849609
165,1021,3,4.716104984283447
165,694,4,4.448439598083496
165,1429,5,4.113567352294922
165,661,6,4.597709655761719
165,50,7,4.579257488250732
165,493,8,4.18569803237915
165,114,9,4.233476161956787
165,274,10,4.179352283477783
166,216,1,4.003137588500977
166,238,2,3.991481304168701
166,262,3,3.5435404777526855
166,210,4,3.77154803276062
166,1585,5,3.5327632427215576
166,100,6,4.115776538848877
166,1159,7,3.705920696258545
166,69,8,4.093325614929199
166,99,9,3.765611171722412
166,479,10,4.06125020980835
167,197,1,4.797082424163818
167,533,2,3.8042454719543457
167,1022,3,3.8027703762054443
167,141,4,3.801948070526123
167,1367,5,4.151741981506348
167,74,6,3.9350802898406982
167,298,7,3.64483380317688
167,317,8,4.313302040100098
167,826,9,3.579735279083252
167,479,10,4.286826133728027
168,895,1,3.772062063217163
168,762,2,3.886815071105957
168,79,3,4.950022220611572
168,470,4,4.03414249420166
168,194,5,4.777317523956299
168,208,6,3.865947961807251
168,484,7,3.8436546325683594
168,709,8,4.539223670959473
168,993,9,4.530889511108398
168,318,10,4.48138427734375
169,169,1,4.88046932220459
169,200,2,4.373898029327393
169,189,3,4.441056728363037
169,210,4,4.308792591094971
169,1623,5,4.287109375
169,955,6,4.12809944152832
169,966,7,4.401102066040039
169,176,8,4.193801403045654
169,39,9,4.11612606048584
169,1167,10,4.524310111999512
170,657,1,5.314749717712402
170,936,2,5.298245429992676
170,519,3,5.269683837890625
170,538,4,4.605466842651367
170,8,5,4.975836277008057
170,527,6,4.971688270568848
170,513,7,5.1241984367370605
170,1459,8,4.626424312591553
170,709,9,4.7195353507995605
170,922,10,4.850397109985352
171,50,1,4.348376274108887
171,169,2,4.344408988952637
171,12,3,4.16396427154541
171,1142,4,3.9462058544158936
171,470,5,3.507132053375244
171,651,6,3.6894378662109375
171,180,7,3.731233835220337
171,152,8,3.5579514503479004
171,493,9,3.7821459770202637
171,966,10,3.851123571395874
172,675,1,3.4924001693725586
172,12,2,4.1181111335754395
172,530,3,3.670624256134033
172,470,4,3.352081298828125
172,543,5,3.398362159729004
172,659,6,3.9983129501342773
172,513,7,3.976012945175171
172,615,8,3.7185134887695312
172,519,9,3.684710741043091
172,302,10,3.572031021118164
173,165,1,4.902647018432617
173,318,2,5.325904369354248
173,176,3,4.578884601593018
173,656,4,4.973640441894531
173,1020,5,4.735574722290039
173,603,6,5.238602638244629
173,1500,7,4.807468414306641
173,251,8,5.181145668029785
173,132,9,4.924854755401611
173,589,10,4.70770263671875
174,208,1,4.631278991699219
174,1011,2,4.4871602058410645
174,357,3,5.475646495819092
174,114,4,5.29704475402832
174,549,5,5.223731517791748
174,1268,6,4.415304183959961
174,644,7,5.157793998718262
174,1116,8,4.458132266998291
174,474,9,4.565817356109619
174,359,10,4.432275772094727
175,174,1,4.752353191375732
175,219,2,3.9440221786499023
175,490,3,4.436553478240967
175,1373,4,3.73058819770813
175,89,5,4.127087593078613
175,525,6,4.087928771972656
175,1163,7,3.6777045726776123
175,344,8,3.901494026184082
175,847,9,3.7037911415100098
175,850,10,4.2477030754089355
176,176,1,4.112080097198486
176,519,2,4.298765659332275
176,514,3,4.297071933746338
176,479,4,5.075227737426758
176,171,5,4.868018627166748
176,496,6,4.767584323883057
176,1171,7,3.9588205814361572
176,661,8,4.651651382446289
176,968,9,4.262057781219482
176,191,10,4.593133926391602
177,1585,1,3.772413492202759
177,357,2,4.085425853729248
177,474,3,4.663339614868164
177,180,4,4.648863315582275
177,414,5,4.640392780303955
177,1011,6,3.690232515335083
177,1154,7,3.974494218826294
177,1131,8,3.7513937950134277
177,511,9,4.4948835372924805
177,916,10,3.9370486736297607
178,516,1,4.106617450714111
178,205,2,4.770880699157715
178,1137,3,4.6309332847595215
178,1098,4,4.60106086730957
178,114,5,4.440279960632324
178,46,6,3.9860544204711914
178,1102,7,3.7925643920898438
178,543,8,4.045392990112305
178,1007,9,4.360533237457275
178,466,10,4.356753826141357
179,657,1,4.934741020202637
179,42,2,3.7850265502929688
179,1269,3,4.6779656410217285
179,95,4,4.175743579864502
179,115,5,3.8567516803741455
179,504,6,4.284008502960205
179,100,7,4.020245552062988
179,59,8,4.282890319824219
179,646,9,3.891444444656372
179,25,10,3.8851239681243896
180,530,1,5.303653717041016
180,1153,2,4.095759868621826
180,1142,3,4.958510875701904
180,475,4,4.828262805938721
180,850,5,4.605427265167236
180,844,6,4.4284467697143555
180,1007,7,4.247958183288574
180,1138,8,4.065296649932861
180,595,9,4.54586124420166
180,495,10,4.393918514251709
181,48,1,2.1486995220184326
181,189,2,2.886198043823242
181,1462,3,2.097336769104004
181,198,4,2.0964324474334717
181,91,5,2.860603094100952
181,863,6,2.352159023284912
181,739,7,2.290724277496338
181,50,8,2.540182590484619
181,140,9,2.4068961143493652
181,513,10,2.156609058380127
182,1142,1,4.352870941162109
182,171,2,4.210243225097656
182,64,3,4.775735378265381
182,251,4,4.084168434143066
182,1367,5,4.425577640533447
182,1019,6,4.412263870239258
182,165,7,4.694026947021484
182,478,8,4.636842727661133
182,484,9,4.294796943664551
182,628,10,4.089102268218994
183,191,1,4.002816200256348
183,524,2,4.528099060058594
183,482,3,3.7668275833129883
183,753,4,4.349105358123779
183,805,5,3.8781092166900635
183,615,6,3.800524950027466
183,474,7,4.204823017120361
183,48,8,4.189988136291504
183,501,9,3.7342395782470703
183,646,10,3.624696731567383
184,1007,1,3.7224080562591553
184,1367,2,4.096306800842285
184,198,3,4.301833152770996
184,633,4,4.1820068359375
184,1466,5,4.4707932472229
184,491,6,4.4235734939575195
184,1406,7,3.8893301486968994
184,656,8,4.26765251159668
184,638,9,4.252477645874023
184,119,10,4.24617862701416
185,272,1,4.69649076461792
185,482,2,4.694353103637695
185,175,3,4.091359615325928
185,916,4,4.150116443634033
185,434,5,4.085631370544434
185,242,6,4.201073169708252
185,1331,7,3.9494199752807617
185,611,8,4.2977375984191895
185,918,9,3.9840610027313232
185,483,10,4.418964862823486
186,189,1,4.696183681488037
186,659,2,5.098506927490234
186,350,3,4.008957862854004
186,1463,4,4.172195911407471
186,1064,5,4.309759140014648
186,50,6,4.919326305389404
186,515,7,4.818851947784424
186,315,8,4.225854873657227
186,200,9,4.375049114227295
186,115,10,4.222208023071289
187,1643,1,4.275518894195557
187,588,2,4.371686935424805
187,151,3,4.804662227630615
187,219,4,4.1179656982421875
187,241,5,4.115774631500244
187,463,6,4.654344081878662
187,644,7,4.159264087677002
187,919,8,4.44679594039917
187,408,9,4.134451389312744
187,307,10,4.062734603881836
188,755,1,4.245232582092285
188,30,2,4.825962543487549
188,662,3,4.780622482299805
188,298,4,4.767120838165283
188,1212,5,3.9404478073120117
188,963,6,4.6127214431762695
188,500,7,4.01081657409668
188,447,8,4.546343803405762
188,1084,9,4.006828784942627
188,1251,10,4.084651947021484
189,919,1,4.190359115600586
189,22,2,4.539881229400635
189,963,3,4.525026321411133
189,615,4,4.732099533081055
189,267,5,4.003060817718506
189,922,6,3.965662956237793
189,980,7,4.313209056854248
189,718,8,4.559108734130859
189,293,9,4.5564727783203125
189,184,10,4.143702507019043
190,50,1,4.842657089233398
190,22,2,4.838703155517578
190,12,3,4.807178974151611
190,466,4,3.9223172664642334
190,493,5,3.9200170040130615
190,119,6,4.231047630310059
190,177,7,4.00925350189209
190,1169,8,4.205935001373291
190,1007,9,4.444185256958008
190,99,10,4.0009846687316895
191,156,1,4.258756637573242
191,318,2,4.508251190185547
191,519,3,4.009795665740967
191,813,4,4.4451470375061035
191,921,5,4.158456802368164
191,661,6,3.9997713565826416
191,1159,7,4.200323581695557
191,216,8,3.937455415725708
191,1007,9,4.191405296325684
191,1142,10,4.17258882522583
192,735,1,4.144211769104004
192,89,2,4.747282028198242
192,694,3,4.321664810180664
192,701,4,4.042181491851807
192,1103,5,4.034736633300781
192,1131,6,3.9131109714508057
192,429,7,4.249655723571777
192,1203,8,4.433143138885498
192,589,9,3.980320453643799
192,210,10,4.394070625305176
193,165,1,4.818915367126465
193,1011,2,3.8848345279693604
193,1357,3,3.6517701148986816
193,189,4,4.719208240509033
193,1046,5,3.8747196197509766
193,922,6,4.516608238220215
193,1377,7,3.6802561283111572
193,923,8,4.488514423370361
193,306,9,4.190184116363525
193,519,10,4.418048858642578
194,919,1,4.747939109802246
194,811,2,3.5632569789886475
194,1367,3,3.8199574947357178
194,114,4,4.120207786560059
194,271,5,3.6679604053497314
194,610,6,3.3815724849700928
194,170,7,3.98427414894104
194,1216,8,3.236581325531006
194,1377,9,3.278557300567627
194,334,10,3.179409980773926
195,530,1,4.026421546936035
195,64,2,4.7307024002075195
195,168,3,3.8841357231140137
195,22,4,4.694380760192871
195,531,5,4.644083023071289
195,98,6,4.636199474334717
195,83,7,3.9249513149261475
195,180,8,4.539848327636719
195,684,9,4.527729034423828
195,161,10,4.302873611450195
196,174,1,4.024716854095459
196,200,2,4.67850399017334
196,902,3,4.248109817504883
196,954,4,3.8510141372680664
196,520,5,4.010074615478516
196,1268,6,3.8901195526123047
196,523,7,4.197017669677734
196,525,8,4.375034332275391
196,483,9,4.058883190155029
196,657,10,3.7410359382629395
197,520,1,4.943187713623047
197,1533,2,3.6664605140686035
197,144,3,4.758630275726318
197,657,4,3.8707339763641357
197,781,5,3.7497260570526123
197,525,6,4.191027641296387
197,119,7,4.442900657653809
197,1463,8,3.6417670249938965
197,199,9,4.388227462768555
197,121,10,4.112985610961914
198,513,1,4.500150680541992
198,432,2,3.6216518878936768
198,179,3,3.8973450660705566
198,257,4,3.8919262886047363
198,1020,5,3.6133222579956055
198,202,6,3.5456290245056152
198,844,7,3.4856314659118652
198,251,8,3.673537254333496
198,482,9,4.019784927368164
198,199,10,3.9570794105529785
199,1268,1,3.8521103858947754
199,470,2,4.005090713500977
199,119,3,3.714667797088623
199,213,4,4.243185043334961
199,234,5,3.7121076583862305
199,251,6,4.147587299346924
199,1192,7,3.6166903972625732
199,513,8,3.9337964057922363
199,850,9,4.09884786605835
199,320,10,3.75868821144104
200,653,1,4.371877193450928
200,701,2,4.328613758087158
200,97,3,5.064215183258057
200,963,4,5.042287826538086
200,192,5,4.46405553817749
200,494,6,4.463589191436768
200,165,7,4.916540622711182
200,445,8,4.397089004516602
200,694,9,4.433381080627441
200,257,10,4.4293928146362305
201,250,1,3.6752829551696777
201,1367,2,3.4145398139953613
201,813,3,4.084283351898193
201,132,4,3.801302909851074
201,484,5,4.059032917022705
201,372,6,3.2443156242370605
201,622,7,3.2943332195281982
201,918,8,3.53908634185791
201,1643,9,3.890486717224121
201,1553,10,3.579707145690918
202,603,1,3.6738603115081787
202,136,2,3.397916555404663
202,483,3,4.178831577301025
202,320,4,3.4751949310302734
202,470,5,3.8615074157714844
202,855,6,3.518087863922119
202,79,7,3.591026782989502
202,302,8,3.8119945526123047
202,381,9,3.80621337890625
202,189,10,3.402283191680908
203,1500,1,3.890364646911621
203,969,2,4.802173614501953
203,234,3,4.628364562988281
203,357,4,4.551658630371094
203,811,5,3.7879602909088135
203,1449,6,4.207180023193359
203,922,7,4.3926286697387695
203,513,8,4.155246734619141
203,191,9,4.035916805267334
203,203,10,4.122118949890137
204,647,1,5.041471481323242
204,483,2,4.971350193023682
204,127,3,4.138886451721191
204,936,4,3.874387502670288
204,513,5,4.37978458404541
204,404,6,3.640115261077881
204,639,7,3.9457507133483887
204,622,8,3.6264426708221436
204,32,9,4.203009605407715
204,1302,10,3.7652831077575684
205,50,1,4.300684928894043
205,966,2,3.8363335132598877
205,114,3,4.050670623779297
205,651,4,3.6214098930358887
205,487,5,3.5807228088378906
205,194,6,4.023070335388184
205,919,7,3.844845771789551
205,270,8,3.657860279083252
205,115,9,3.43407940864563
205,588,10,3.6098098754882812
206,56,1,4.359476089477539
206,1142,2,4.26054048538208
206,514,3,4.068259239196777
206,845,4,3.6713457107543945
206,198,5,3.3819997310638428
206,1293,6,3.2235074043273926
206,533,7,3.113285541534424
206,99,8,3.8517680168151855
206,675,9,3.324633836746216
206,1166,10,3.183896541595459
207,257,1,3.829113245010376
207,603,2,4.383706569671631
207,547,3,3.484739065170288
207,497,4,3.646367073059082
207,320,5,3.587406635284424
207,506,6,4.151968955993652
207,495,7,3.6918251514434814
207,1019,8,3.8837032318115234
207,611,9,3.6765785217285156
207,1073,10,3.8401293754577637
208,265,1,4.224942684173584
208,496,2,4.969618797302246
208,71,3,4.598041534423828
208,234,4,3.814560651779175
208,639,5,3.9338276386260986
208,754,6,4.146637916564941
208,519,7,4.380626201629639
208,177,8,4.345178127288818
208,1193,9,3.847773313522339
208,394,10,4.109680652618408
209,487,1,4.295992374420166
209,198,2,4.053267002105713
209,194,3,4.630333423614502
209,320,4,3.919879674911499
209,484,5,4.570843696594238
209,496,6,4.513543128967285
209,114,7,4.269940376281738
209,230,8,4.2410407066345215
209,607,9,4.1005778312683105
209,922,10,4.2054243087768555
210,169,1,5.2835774421691895
210,478,2,5.139899253845215
210,498,3,4.706538200378418
210,13,4,4.1807355880737305
210,685,5,4.278627395629883
210,511,6,4.937263488769531
210,432,7,4.825379371643066
210,510,8,4.401196002960205
210,427,9,4.769766807556152
210,190,10,4.758306503295898
211,285,1,4.473273277282715
211,50,2,4.467610836029053
211,114,3,3.506270170211792
211,863,4,3.8407633304595947
211,12,5,4.309383392333984
211,593,6,3.6952133178710938
211,519,7,4.186497688293457
211,203,8,3.7970666885375977
211,30,9,3.9728548526763916
211,208,10,3.766415596008301
212,136,1,4.354492664337158
212,12,2,4.594192028045654
212,119,3,4.550926208496094
212,1462,4,4.327202320098877
212,1203,5,4.311427593231201
212,483,6,4.464450359344482
212,210,7,4.448741912841797
212,498,8,4.082129001617432
212,611,9,4.275467872619629
212,710,10,4.126269340515137
213,470,1,4.531085014343262
213,210,2,4.42130708694458
213,1589,3,4.644516468048096
213,101,4,4.5991082191467285
213,1531,5,4.358853816986084
213,653,6,4.763993263244629
213,198,7,4.745461463928223
213,1021,8,4.460346221923828
213,1462,9,4.341322898864746
213,518,10,4.705277919769287
214,210,1,4.035674095153809
214,520,2,4.869048595428467
214,466,3,4.183080196380615
214,193,4,4.503483772277832
214,421,5,3.6601626873016357
214,968,6,3.7461979389190674
214,855,7,4.39087438583374
214,484,8,4.384643077850342
214,48,9,4.274559020996094
214,203,10,3.8388845920562744
215,267,1,3.739224672317505
215,663,2,3.962684392929077
215,119,3,4.505687236785889
215,274,4,3.604769229888916
215,633,5,4.0680460929870605
215,694,6,4.358587265014648
215,1396,7,3.6300547122955322
215,510,8,4.150651931762695
215,654,9,3.7084431648254395
215,1142,10,3.9056599140167236
216,180,1,4.997666835784912
216,924,2,4.969437599182129
216,591,3,4.010014533996582
216,602,4,3.8991212844848633
216,848,5,4.052791118621826
216,835,6,4.33676290512085
216,493,7,4.234105110168457
216,198,8,4.2313361167907715
216,414,9,4.226707935333252
216,272,10,4.439493656158447
217,180,1,5.039763450622559
217,188,2,4.797228813171387
217,603,3,3.8206958770751953
217,484,4,4.442880630493164
217,97,5,4.158740997314453
217,242,6,4.017488956451416
217,187,7,4.343778133392334
217,674,8,3.6177866458892822
217,923,9,4.316582202911377
217,317,10,3.5507194995880127
218,479,1,4.010931491851807
218,1070,2,4.4610443115234375
218,1251,3,4.111963272094727
218,1639,4,3.919158697128296
218,177,5,4.065853118896484
218,966,6,4.015734672546387
218,114,7,4.20954704284668
218,434,8,3.9630441665649414
218,236,9,3.7807538509368896
218,1553,10,3.7753524780273438
219,408,1,5.395570278167725
219,611,2,5.102989196777344
219,538,3,4.568674564361572
219,603,4,5.061233043670654
219,519,5,4.8128132820129395
219,171,6,5.00821590423584
219,274,7,4.406861782073975
219,273,8,4.758033275604248
219,1278,9,4.70278263092041
219,45,10,4.849104404449463
220,318,1,5.234990119934082
220,653,2,4.401430606842041
220,435,3,4.54996395111084
220,603,4,4.995665550231934
220,50,5,4.978789806365967
220,1367,6,4.533015251159668
220,958,7,4.6816911697387695
220,813,8,4.344152927398682
220,520,9,4.818098545074463
220,916,10,4.636114120483398
221,203,1,4.647751808166504
221,529,2,4.630832672119141
221,169,3,4.575177192687988
221,343,4,4.515076637268066
221,175,5,3.9923503398895264
221,846,6,3.7853751182556152
221,1358,7,3.7846384048461914
221,83,8,4.113465785980225
221,502,9,4.030655860900879
221,226,10,4.030643939971924
222,608,1,4.039897918701172
222,114,2,4.636729717254639
222,1251,3,3.687992572784424
222,638,4,3.7665348052978516
222,530,5,4.333924770355225
222,601,6,3.9798197746276855
222,1331,7,3.8001248836517334
222,1193,8,3.810249090194702
222,1187,9,3.5042564868927
222,1122,10,4.067151069641113
223,79,1,5.024988174438477
223,1454,2,3.6071321964263916
223,1373,3,3.550555467605591
223,88,4,3.9804468154907227
223,195,5,4.2263898849487305
223,1147,6,3.9694154262542725
223,152,7,4.127307891845703
223,694,8,4.0515055656433105
223,431,9,4.027923583984375
223,561,10,3.677431106567383
224,1470,1,3.593808889389038
224,644,2,3.3367016315460205
224,64,3,4.47529935836792
224,1,4,4.409360408782959
224,448,5,3.475989580154419
224,498,6,3.7877449989318848
224,661,7,3.901400327682495
224,96,8,3.8887405395507812
224,531,9,4.040616035461426
224,174,10,3.8682773113250732
225,526,1,4.373110294342041
225,171,2,4.403318881988525
225,65,3,4.188373565673828
225,515,4,4.840418338775635
225,813,5,4.317268371582031
225,596,6,4.39417028427124
225,493,7,4.768451690673828
225,12,8,4.748824119567871
225,276,9,4.743546485900879
225,707,10,4.71110200881958
226,538,1,4.110164165496826
226,114,2,5.040374279022217
226,589,3,4.021643161773682
226,850,4,3.8120784759521484
226,223,5,4.575661659240723
226,448,6,3.921444892883301
226,302,7,4.397536754608154
226,502,8,4.042218208312988
226,1361,9,3.772428274154663
226,1143,10,4.034982204437256
227,190,1,4.8253021240234375
227,380,2,4.002218723297119
227,275,3,4.76788330078125
227,42,4,4.210441589355469
227,671,5,3.9624156951904297
227,114,6,4.594254970550537
227,12,7,4.350509166717529
227,505,8,3.9516332149505615
227,645,9,4.325758457183838
227,164,10,4.016448497772217
228,850,1,4.005865573883057
228,64,2,4.692513942718506
228,89,3,4.169923782348633
228,11,4,3.9060251712799072
228,124,5,3.905259847640991
228,1600,6,3.6355676651000977
228,470,7,3.671734571456909
228,936,8,3.969747543334961
228,533,9,3.757296323776245
228,1269,10,3.887996196746826
229,519,1,3.7221245765686035
229,265,2,2.6762535572052
229,474,3,3.627295970916748
229,185,4,3.022873878479004
229,657,5,3.5580761432647705
229,174,6,3.0053281784057617
229,525,7,3.1769211292266846
229,1449,8,3.12145733833313
229,1268,9,2.950078010559082
229,479,10,3.311140298843384
230,133,1,5.223022937774658
230,119,2,3.929842233657837
230,66,3,4.478801250457764
230,1159,4,4.461715221405029
230,333,5,4.674167633056641
230,114,6,4.4179911613464355
230,429,7,4.580413818359375
230,361,8,4.018812656402588
230,249,9,4.205660820007324
230,1010,10,4.192939281463623
231,709,1,3.9127352237701416
231,661,2,4.0085225105285645
231,443,3,3.895596981048584
231,195,4,3.8929262161254883
231,601,5,3.8089470863342285
231,835,6,3.637752056121826
231,200,7,3.7309634685516357
231,1153,8,3.79012131690979
231,204,9,3.783277750015259
231,114,10,3.9714460372924805
232,792,1,4.948693752288818
232,847,2,4.197315216064453
232,657,3,4.755413055419922
232,463,4,4.398174285888672
232,529,5,4.172558784484863
232,1466,6,4.394134044647217
232,513,7,4.219396114349365
232,455,8,4.348666191101074
232,501,9,4.06074333190918
232,179,10,4.3103346824646
233,489,1,4.596222877502441
233,493,2,5.1403703689575195
233,134,3,4.699737548828125
233,661,4,4.903433799743652
233,652,5,4.667482376098633
233,1166,6,4.468295574188232
233,850,7,4.539880752563477
233,490,8,4.218258380889893
233,530,9,4.771540641784668
233,265,10,4.411094665527344
234,1193,1,4.175319671630859
234,917,2,3.271026611328125
234,1142,3,4.001005172729492
234,922,4,3.925318956375122
234,547,5,3.8773694038391113
234,916,6,3.156259059906006
234,344,7,3.7885243892669678
234,382,8,3.2498626708984375
234,778,9,3.736638307571411
234,1251,10,3.5135631561279297
235,1158,1,3.9816524982452393
235,89,2,4.76424503326416
235,484,3,4.725212097167969
235,203,4,4.013882637023926
235,675,5,4.134849548339844
235,46,6,4.129530906677246
235,916,7,4.202875137329102
235,420,8,4.305298805236816
235,498,9,4.563302516937256
235,75,10,4.048768520355225
236,12,1,4.930085182189941
236,268,2,4.64640998840332
236,192,3,3.8911490440368652
236,8,4,4.410976886749268
236,1396,5,4.141720294952393
236,709,6,4.138232231140137
236,588,7,3.879265785217285
236,1594,8,3.8724188804626465
236,474,9,4.111456871032715
236,219,10,4.1843695640563965
237,1154,1,4.038723945617676
237,1451,2,4.187748908996582
237,530,3,4.6286821365356445
237,661,4,4.173521041870117
237,156,5,4.357292175292969
237,645,6,4.017760276794434
237,533,7,3.9285688400268555
237,174,8,4.534185886383057
237,1103,9,4.513112545013428
237,971,10,3.960597276687622
238,603,1,4.521331310272217
238,671,2,3.940195322036743
238,48,3,4.42620849609375
238,8,4,4.137014865875244
238,498,5,4.320603370666504
238,483,6,4.277066230773926
238,1147,7,3.9912168979644775
238,1194,8,4.211534023284912
238,246,9,3.8912458419799805
238,466,10,4.07235860824585
239,1331,1,4.3748273849487305
239,655,2,4.054190635681152
239,525,3,4.448849678039551
239,197,4,5.0557708740234375
239,1599,5,4.553081512451172
239,524,6,4.994124412536621
239,1201,7,4.9773359298706055
239,1500,8,4.637823104858398
239,198,9,4.851004600524902
239,304,10,4.390925884246826
240,474,1,5.303171157836914
240,177,2,4.4008402824401855
240,707,3,4.875976085662842
240,610,4,4.489701747894287
240,483,5,5.003451347351074
240,1201,6,4.432348728179932
240,205,7,4.968945503234863
240,414,8,4.370980262756348
240,498,9,4.93454647064209
240,156,10,4.77030086517334
241,1073,1,3.848602771759033
241,114,2,3.895958662033081
241,483,3,4.50180721282959
241,186,4,3.962575912475586
241,588,5,4.404291152954102
241,513,6,4.383412837982178
241,478,7,4.34044885635376
241,59,8,4.127962589263916
241,504,9,3.7877097129821777
241,1251,10,3.8515870571136475
242,71,1,4.12969970703125
242,813,2,4.106963634490967
242,479,3,4.198266983032227
242,427,4,4.423360824584961
242,1131,5,4.0847625732421875
242,524,6,4.010249614715576
242,430,7,4.069275856018066
242,502,8,4.065830707550049
242,1159,9,3.8604116439819336
242,429,10,4.264251708984375
243,474,1,4.11374044418335
243,189,2,3.873366594314575
243,75,3,3.7360904216766357
243,191,4,4.337177276611328
243,140,5,3.7285144329071045
243,385,6,4.016312122344971
243,1104,7,4.003886699676514
243,968,8,4.000252723693848
243,420,9,3.7069427967071533
243,530,10,3.838439464569092
244,531,1,5.166963577270508
244,236,2,5.035726547241211
244,589,3,4.482253551483154
244,518,4,4.91975736618042
244,1103,5,4.289072513580322
244,46,6,4.2816572189331055
244,1067,7,4.15159273147583
244,838,8,4.196866989135742
244,360,9,4.512336254119873
244,448,10,4.078027248382568
245,1159,1,3.7295920848846436
245,603,2,4.213872909545898
245,645,3,3.8711395263671875
245,89,4,4.159193515777588
245,200,5,3.844468116760254
245,1449,6,3.913485527038574
245,922,7,3.6095569133758545
245,69,8,4.020220756530762
245,71,9,3.8830604553222656
245,566,10,3.997129440307617
246,190,1,3.8918263912200928
246,511,2,4.8296895027160645
246,91,3,4.811326026916504
246,1523,4,4.032651424407959
246,533,5,3.716029405593872
246,718,6,4.630707263946533
246,285,7,4.081020355224609
246,848,8,3.686619997024536
246,813,9,3.8572418689727783
246,1388,10,3.671563148498535
247,657,1,4.5558061599731445
247,69,2,3.812243938446045
247,408,3,4.449821472167969
247,641,4,4.161796569824219
247,176,5,3.939176321029663
247,513,6,4.3424763679504395
247,966,7,4.133345127105713
247,1098,8,3.9241623878479004
247,60,9,4.226057052612305
247,1142,10,4.183548927307129
248,42,1,5.2151198387146
248,191,2,4.139103412628174
248,166,3,3.826190710067749
248,588,4,4.014773845672607
248,223,5,4.388260364532471
248,604,6,3.756974458694458
248,273,7,4.325377464294434
248,436,8,3.754485607147217
248,1154,9,3.605720043182373
248,853,10,4.201596736907959
249,48,1,5.3056440353393555
249,400,2,4.3416361808776855
249,625,3,4.441763401031494
249,493,4,4.664071083068848
249,589,5,4.9473958015441895
249,154,6,4.642735481262207
249,297,7,4.634124755859375
249,463,8,4.427568435668945
249,488,9,4.483923435211182
249,1159,10,4.832674503326416
250,199,1,5.414838790893555
250,168,2,4.44275426864624
250,603,3,4.442822456359863
250,519,4,4.539716720581055
250,1482,5,4.289595127105713
250,251,6,4.502814769744873
250,86,7,4.407307147979736
250,434,8,4.385793685913086
250,525,9,4.735865116119385
250,1604,10,4.254446029663086
251,393,1,4.272810459136963
251,443,2,4.129641532897949
251,197,3,5.056321144104004
251,498,4,4.898129463195801
251,1021,5,4.520997047424316
251,195,6,4.820519924163818
251,99,7,4.472177505493164
251,604,8,4.462238311767578
251,499,9,4.14540433883667
251,98,10,4.432480812072754
252,435,1,4.502990245819092
252,12,2,5.135924816131592
252,500,3,4.236156463623047
252,174,4,4.698531150817871
252,1143,5,4.667166709899902
252,246,6,4.855828285217285
252,320,7,4.838853359222412
252,641,8,4.399763584136963
252,1386,9,4.248697757720947
252,408,10,4.73197078704834
253,479,1,5.211302757263184
253,936,2,4.675050258636475
253,136,3,5.0651044845581055
253,60,4,5.0323920249938965
253,114,5,4.360644817352295
253,675,6,4.924372673034668
253,175,7,4.3929219245910645
253,1598,8,4.222409725189209
253,853,9,4.215700149536133
253,187,10,4.488589763641357
254,1154,1,3.333123207092285
254,79,2,4.5517449378967285
254,479,3,4.044620037078857
254,303,4,3.355198383331299
254,77,5,4.025343418121338
254,246,6,4.014335632324219
254,95,7,3.7713916301727295
254,1459,8,3.494518280029297
254,1367,9,3.5449464321136475
254,1159,10,3.909721851348877
255,64,1,4.681703567504883
255,127,2,4.642570972442627
255,603,3,4.531574249267578
255,340,4,4.181341648101807
255,172,5,4.478404998779297
255,216,6,4.472381114959717
255,1142,7,3.975851058959961
255,315,8,4.140356063842773
255,9,9,3.6313328742980957
255,102,10,3.949310064315796
256,114,1,5.441235065460205
256,592,2,4.360225200653076
256,588,3,5.056362628936768
256,825,4,4.552504539489746
256,645,5,4.623338222503662
256,178,6,4.9271135330200195
256,1137,7,4.621531009674072
256,1251,8,4.9094977378845215
256,651,9,4.772272109985352
256,519,10,4.609226703643799
257,179,1,4.937221050262451
257,474,2,4.141952037811279
257,24,3,4.1265668869018555
257,613,4,4.2425689697265625
257,192,5,4.624227046966553
257,75,6,3.9841556549072266
257,661,7,4.582305431365967
257,262,8,4.010646820068359
257,1099,9,4.537077903747559
257,451,10,4.496151447296143
258,434,1,4.105737686157227
258,661,2,4.2626051902771
258,189,3,4.552835941314697
258,645,4,4.31191873550415
258,607,5,4.458473205566406
258,1153,6,4.120287895202637
258,430,7,4.282268524169922
258,510,8,4.40630578994751
258,12,9,4.270197868347168
258,1203,10,4.026832103729248
259,89,1,5.251127243041992
259,603,2,4.896995544433594
259,663,3,4.893986701965332
259,980,4,4.421440124511719
259,489,5,4.559854984283447
259,116,6,4.714787006378174
259,432,7,4.318309783935547
259,1019,8,4.555490970611572
259,855,9,4.364102840423584
259,904,10,4.402078151702881
260,204,1,4.410544395446777
260,525,2,4.37812614440918
260,98,3,4.317886829376221
260,863,4,3.8457725048065186
260,651,5,3.979609966278076
260,958,6,4.209802150726318
260,119,7,4.148281097412109
260,792,8,3.8717575073242188
260,466,9,3.829091787338257
260,485,10,3.937284231185913
261,945,1,5.072481155395508
261,11,2,5.248864650726318
261,203,3,4.850747108459473
261,525,4,4.744852542877197
261,185,5,5.215534210205078
261,34,6,4.688525676727295
261,633,7,4.982534885406494
261,189,8,4.836702823638916
261,226,9,5.0954694747924805
261,502,10,4.819239139556885
262,8,1,4.602519512176514
262,12,2,4.549599647521973
262,48,3,3.809026002883911
262,1098,4,3.576821804046631
262,531,5,4.133798599243164
262,1131,6,3.560041666030884
262,1269,7,3.8963992595672607
262,60,8,3.6115920543670654
262,1019,9,3.744251251220703
262,1221,10,3.8569726943969727
263,191,1,4.931642055511475
263,513,2,4.74929666519165
263,689,3,4.321256637573242
263,1166,4,4.195651054382324
263,9,5,4.489393711090088
263,200,6,4.095211982727051
263,634,7,3.9819202423095703
263,601,8,3.8627660274505615
263,615,9,4.160529136657715
263,889,10,3.823371171951294
264,50,1,5.672975063323975
264,187,2,5.397831916809082
264,423,3,5.3108320236206055
264,487,4,5.196949481964111
264,482,5,5.1239728927612305
264,1602,6,4.346593856811523
264,432,7,4.7121686935424805
264,1159,8,4.611459732055664
264,634,9,4.289676666259766
264,1594,10,4.592418670654297
265,1073,1,3.8587522506713867
265,12,2,5.02564001083374
265,71,3,4.573029518127441
265,521,4,4.5072174072265625
265,205,5,4.477055549621582
265,73,6,4.153829097747803
265,646,7,4.379456520080566
265,492,8,3.7329909801483154
265,1387,9,3.826320171356201
265,1594,10,3.665069580078125
266,318,1,4.746655464172363
266,1064,2,3.55863356590271
266,28,3,3.920506000518799
266,589,4,3.7596118450164795
266,1166,5,3.6540489196777344
266,1380,6,3.515765905380249
266,269,7,3.8626461029052734
266,603,8,4.002533912658691
266,479,9,3.6402885913848877
266,48,10,3.841306209564209
267,646,1,4.526885509490967
267,1073,2,5.305609226226807
267,1007,3,4.648078918457031
267,649,4,4.517534255981445
267,657,5,4.720676898956299
267,1560,6,4.229799747467041
267,520,7,4.544661521911621
267,302,8,4.644543647766113
267,74,9,4.470375061035156
267,966,10,4.243063926696777
268,513,1,4.117823123931885
268,675,2,3.789250373840332
268,187,3,3.892207145690918
268,75,4,3.569939374923706
268,132,5,4.301168441772461
268,520,6,3.8711700439453125
268,653,7,4.0040388107299805
268,430,8,4.278527736663818
268,378,9,3.7392377853393555
268,1364,10,3.487414836883545
269,463,1,3.7264404296875
269,480,2,4.503915786743164
269,1142,3,3.6400160789489746
269,269,4,3.5331695079803467
269,836,5,3.921346664428711
269,114,6,3.775400161743164
269,119,7,4.067452907562256
269,770,8,4.059240341186523
269,1293,9,3.4151175022125244
269,175,10,4.023520469665527
270,490,1,5.341362953186035
270,127,2,5.732232093811035
270,919,3,4.919290065765381
270,1515,4,4.758036136627197
270,175,5,5.27549409866333
270,23,6,5.544508934020996
270,1085,7,4.8008012771606445
270,198,8,5.475881576538086
270,474,9,5.379135608673096
270,497,10,5.375460624694824
271,483,1,4.685326099395752
271,850,2,3.9417145252227783
271,1203,3,3.7584383487701416
271,584,4,4.016541004180908
271,1131,5,3.727247476577759
271,455,6,3.526606321334839
271,653,7,3.999704599380493
271,248,8,3.7899961471557617
271,863,9,3.5608863830566406
271,93,10,4.150614261627197
272,515,1,5.0382771492004395
272,487,2,4.711331367492676
272,488,3,4.9685444831848145
272,524,4,4.695127964019775
272,525,5,4.572826862335205
272,283,6,4.487342834472656
272,320,7,4.649100303649902
272,528,8,4.801746845245361
272,19,9,4.478750705718994
272,694,10,4.323511600494385
273,169,1,4.259261608123779
273,1142,2,4.182267189025879
273,187,3,3.702040910720825
273,113,4,3.510802745819092
273,484,5,3.8513526916503906
273,641,6,3.9776511192321777
273,694,7,3.81807541847229
273,462,8,3.7273004055023193
273,530,9,3.786158561706543
273,482,10,3.6135942935943604
274,12,1,5.570214748382568
274,408,2,5.550930976867676
274,169,3,5.38095760345459
274,1064,4,4.617317199707031
274,423,5,4.611102104187012
274,511,6,5.176913261413574
274,835,7,5.004207611083984
274,525,8,4.8393096923828125
274,653,9,4.9478864669799805
274,493,10,4.4610595703125
275,79,1,4.179407596588135
275,480,2,4.029797554016113
275,119,3,3.9979310035705566
275,82,4,3.6778311729431152
275,313,5,3.969736099243164
275,859,6,3.224644660949707
275,1512,7,3.9296271800994873
275,483,8,3.476935625076294
275,187,9,3.5260674953460693
275,297,10,3.590643882751465
276,465,1,4.007213115692139
276,1159,2,4.273247718811035
276,430,3,4.3951096534729
276,177,4,4.620569705963135
276,83,5,4.592043876647949
276,525,6,4.580533981323242
276,1375,7,4.508657455444336
276,360,8,4.308812141418457
276,115,9,4.106644630432129
276,60,10,4.490197658538818
277,71,1,3.796002149581909
277,694,2,3.96239972114563
277,61,3,4.071652889251709
277,484,4,3.793140172958374
277,270,5,4.055307388305664
277,533,6,3.9449334144592285
277,489,7,4.018244743347168
277,1166,8,3.726566791534424
277,216,9,4.201012134552002
277,1114,10,3.6596567630767822
278,613,1,4.160766124725342
278,603,2,4.668837547302246
278,661,3,4.351154327392578
278,317,4,4.336245536804199
278,298,5,4.059562683105469
278,511,6,4.452301502227783
278,904,7,3.9386346340179443
278,197,8,4.265356540679932
278,22,9,4.427615165710449
278,921,10,4.162100791931152
279,513,1,4.2581071853637695
279,694,2,4.656248569488525
279,318,3,3.9266762733459473
279,1547,4,3.758209466934204
279,1064,5,4.218693256378174
279,235,6,3.797268867492676
279,1060,7,3.694092273712158
279,497,8,4.377405166625977
279,140,9,4.195960998535156
279,1098,10,4.358236312866211
280,249,1,4.542989730834961
280,185,2,3.9785730838775635
280,708,3,4.34569787979126
280,634,4,4.338574409484863
280,657,5,4.496036529541016
280,179,6,4.236846446990967
280,333,7,4.315591812133789
280,278,8,4.428405284881592
280,515,9,4.676639556884766
280,436,10,4.27622652053833
281,190,1,4.5215229988098145
281,218,2,3.523505926132202
281,603,3,3.8968729972839355
281,420,4,3.519808769226074
281,42,5,4.332579612731934
281,217,6,4.096795082092285
281,488,7,3.844763994216919
281,170,8,3.6040098667144775
281,219,9,3.692265510559082
281,86,10,3.6770009994506836
282,173,1,5.123106479644775
282,520,2,4.861125469207764
282,213,3,4.415087699890137
282,1122,4,4.218409538269043
282,408,5,4.674291610717773
282,694,6,4.4628705978393555
282,1019,7,4.615286350250244
282,610,8,4.0782575607299805
282,195,9,4.579391956329346
282,57,10,4.292656421661377
283,654,1,5.245886325836182
283,1396,2,4.395328521728516
283,1500,3,4.5665082931518555
283,705,4,4.544129848480225
283,1142,5,4.953133583068848
283,694,6,4.760424613952637
283,175,7,4.607490062713623
283,187,8,4.3315277099609375
283,479,9,4.600990295410156
283,272,10,4.326448440551758
284,14,1,5.001801490783691
284,176,2,4.322908401489258
284,89,3,4.791334629058838
284,189,4,4.147007942199707
284,1456,5,3.883371591567993
284,87,6,4.2778825759887695
284,114,7,4.464196681976318
284,119,8,4.400130271911621
284,502,9,4.056445121765137
284,1450,10,4.052416801452637
285,1101,1,4.485844135284424
285,132,2,5.20362663269043
285,657,3,5.008183479309082
285,174,4,4.630151748657227
285,119,5,4.465967178344727
285,408,6,4.5696516036987305
285,208,7,4.437662601470947
285,190,8,4.209833145141602
285,641,9,4.502426624298096
285,144,10,4.244039535522461
286,434,1,5.051599025726318
286,1367,2,4.281466484069824
286,79,3,4.0948991775512695
286,922,4,4.891063213348389
286,603,5,4.2159833908081055
286,531,6,4.320727348327637
286,740,7,4.760449409484863
286,659,8,4.427599906921387
286,836,9,4.417419910430908
286,488,10,4.756757736206055
287,1109,1,4.262138366699219
287,7,2,4.650584697723389
287,530,3,4.189408302307129
287,59,4,5.017910957336426
287,613,5,4.547475814819336
287,611,6,4.536566734313965
287,498,7,4.933562278747559
287,114,8,4.726239204406738
287,195,9,4.879157543182373
287,1103,10,4.783055305480957
288,192,1,4.1108317375183105
288,519,2,4.824339389801025
288,588,3,3.8958992958068848
288,607,4,4.706692218780518
288,133,5,4.614628791809082
288,1544,6,3.9306867122650146
288,837,7,4.319979667663574
288,265,8,4.312032699584961
288,410,9,4.550825595855713
288,781,10,4.540127277374268
289,251,1,4.349388599395752
289,174,2,3.7909462451934814
289,1211,3,3.867889881134033
289,1021,4,3.8640658855438232
289,152,5,3.6601572036743164
289,958,6,4.068262577056885
289,493,7,3.773013114929199
289,1598,8,3.7659027576446533
289,538,9,3.6727490425109863
289,181,10,3.6720266342163086
290,251,1,3.9902842044830322
290,165,2,4.332876682281494
290,1053,3,3.9845144748687744
290,686,4,3.4924535751342773
290,443,5,3.6498806476593018
290,267,6,3.9317312240600586
290,115,7,3.480592727661133
290,219,8,3.622002601623535
290,479,9,4.0564398765563965
290,83,10,3.6766273975372314
291,318,1,5.444072723388672
291,498,2,4.736102104187012
291,1159,3,4.724001407623291
291,520,4,4.715007781982422
291,463,5,4.441773414611816
291,603,6,4.848145008087158
291,242,7,4.51384162902832
291,485,8,4.771928787231445
291,493,9,4.483001708984375
291,693,10,4.403632164001465
292,671,1,4.117914199829102
292,185,2,5.051763534545898
292,813,3,4.698055267333984
292,979,4,4.180843830108643
292,443,5,4.877842426300049
292,500,6,4.228561878204346
292,1067,7,4.5061774253845215
292,19,8,4.40230131149292
292,485,9,4.593236923217773
292,474,10,4.3899335861206055
294,176,1,5.2223591804504395
294,433,2,4.633269309997559
294,219,3,4.811862945556641
294,963,4,4.807381629943848
294,601,5,4.031987190246582
294,192,6,4.793734073638916
294,173,7,4.4133782386779785
294,487,8,4.4987711906433105
294,1240,9,4.711191177368164
294,187,10,4.4778523445129395
295,922,1,5.207036972045898
295,659,2,5.0719194412231445
295,1159,3,5.071368217468262
295,699,4,5.043766975402832
295,1069,5,4.628037452697754
295,960,6,5.04207181930542
295,845,7,4.704575061798096
295,1451,8,4.802082538604736
295,1042,9,4.485978603363037
295,538,10,4.531435966491699
296,114,1,5.202322006225586
296,646,2,4.190457820892334
296,603,3,5.168117523193359
296,1282,4,4.290767192840576
296,69,5,5.042088508605957
296,52,6,4.995794773101807
296,953,7,4.658642768859863
296,493,8,4.653857231140137
296,568,9,4.620408058166504
296,1192,10,4.261886119842529
297,531,1,4.8333353996276855
297,1098,2,4.272920608520508
297,543,3,3.831421375274658
297,501,4,3.6332457065582275
297,530,5,4.433324337005615
297,96,6,4.399862766265869
297,119,7,4.129318714141846
297,854,8,4.323155403137207
297,1129,9,3.9973340034484863
297,1084,10,3.6916005611419678
298,462,1,4.542651176452637
298,608,2,4.518359184265137
298,1147,3,4.09089994430542
298,114,4,4.212385177612305
298,48,5,4.746225357055664
298,1142,6,4.13330078125
298,234,7,4.365976333618164
298,694,8,4.284542560577393
298,1531,9,4.072713851928711
298,156,10,4.35054349899292
299,113,1,3.996335983276367
299,1203,2,4.42363166809082
299,694,3,4.3966569900512695
299,611,4,3.8573195934295654
299,494,5,4.34287166595459
299,1134,6,4.3239545822143555
299,1361,7,3.6988513469696045
299,1211,8,3.825209617614746
299,203,9,4.196484565734863
299,927,10,3.751338481903076
300,169,1,4.909296035766602
300,701,2,4.263186454772949
300,285,3,4.616746425628662
300,498,4,4.398435115814209
300,496,5,4.7819318771362305
300,646,6,4.34489107131958
300,210,7,4.762574672698975
300,482,8,4.548803806304932
300,484,9,4.674808979034424
300,1537,10,4.226609706878662
301,313,1,5.435802459716797
301,787,2,4.703517913818359
301,966,3,4.04941463470459
301,922,4,4.310723304748535
301,646,5,3.902904510498047
301,603,6,4.2673163414001465
301,1021,7,4.50649356842041
301,1573,8,3.76712703704834
301,1428,9,4.213039875030518
301,320,10,4.094077110290527
302,185,1,4.2665863037109375
302,483,2,3.9719772338867188
302,302,3,3.3517913818359375
302,143,4,3.3019769191741943
302,498,5,3.815277576446533
302,210,6,3.2573115825653076
302,603,7,3.6555449962615967
302,916,8,3.4469122886657715
302,189,9,3.761507987976074
302,154,10,3.3703773021698
303,196,1,5.716875076293945
303,1203,2,4.139737129211426
303,888,3,4.276696681976318
303,1143,4,5.065031051635742
303,154,5,4.186838150024414
303,889,6,4.030561923980713
303,463,7,4.738407135009766
303,177,8,4.644084930419922
303,320,9,4.587655544281006
303,1172,10,4.142165184020996
304,56,1,3.7365331649780273
304,98,2,4.093197345733643
304,657,3,4.055766582489014
304,491,4,3.474696159362793
304,519,5,4.030182361602783
304,705,6,3.713921546936035
304,270,7,3.9953136444091797
304,1367,8,3.5104832649230957
304,1070,9,3.456646203994751
304,611,10,3.8503811359405518
305,344,1,4.564276695251465
305,1114,2,4.025285243988037
305,958,3,4.2716474533081055
305,659,4,4.249833583831787
305,433,5,3.5149669647216797
305,306,6,4.14362907409668
305,473,7,3.5998544692993164
305,968,8,3.909334659576416
305,1529,9,3.499514579772949
305,1643,10,4.067248821258545
306,736,1,4.9070234298706055
306,651,2,4.69639778137207
306,443,3,4.3913116455078125
306,209,4,4.868772506713867
306,604,5,4.829644680023193
306,1547,6,4.2496867179870605
306,302,7,4.490050792694092
306,484,8,4.674288272857666
306,1589,9,4.2431111335754395
306,661,10,4.538106441497803
307,647,1,4.98856782913208
307,968,2,4.104571342468262
307,303,3,4.436976432800293
307,607,4,4.414024353027344
307,671,5,3.9039669036865234
307,694,6,4.6671247482299805
307,156,7,4.230283737182617
307,478,8,4.3724236488342285
307,1523,9,4.144894599914551
307,657,10,4.472926139831543
308,478,1,4.95241641998291
308,1522,2,3.955028772354126
308,1012,3,4.618283748626709
308,1356,4,3.8123180866241455
308,149,5,4.227227687835693
308,114,6,4.416369915008545
308,251,7,4.363650321960449
308,1617,8,4.145485877990723
308,1027,9,3.896784543991089
308,271,10,3.738098621368408
309,173,1,4.607461452484131
309,275,2,3.9236695766448975
309,489,3,3.7714099884033203
309,1159,4,3.8306045532226562
309,533,5,3.7625162601470947
309,429,6,4.185176849365234
309,50,7,4.177021503448486
309,178,8,4.1527323722839355
309,811,9,4.149412155151367
309,710,10,3.9995594024658203
310,182,1,4.384975433349609
310,511,2,4.973262786865234
310,427,3,4.787375450134277
310,302,4,4.551951885223389
310,484,5,4.772050380706787
310,1070,6,4.282578468322754
310,615,7,4.425721168518066
310,603,8,4.623807907104492
310,968,9,4.484268665313721
310,958,10,4.481142997741699
311,169,1,4.724925994873047
311,223,2,4.157381534576416
311,405,3,4.624368667602539
311,313,4,4.267276287078857
311,125,5,4.516748428344727
311,1019,6,4.123049259185791
311,895,7,4.233283042907715
311,1353,8,3.836148262023926
311,189,9,4.084560394287109
311,1278,10,4.1812968254089355
312,515,1,5.489124298095703
312,516,2,4.779365062713623
312,1121,3,5.128840923309326
312,1367,4,4.441664695739746
312,663,5,4.729528903961182
312,32,6,4.975679874420166
312,420,7,4.363432884216309
312,701,8,4.68950891494751
312,1325,9,4.411496162414551
312,476,10,4.871054649353027
313,1444,1,4.167722225189209
313,1362,2,3.719317674636841
313,33,3,4.043173789978027
313,116,4,4.14715051651001
313,1064,5,4.262024879455566
313,1537,6,4.437376976013184
313,955,7,4.252547740936279
313,518,8,3.7858102321624756
313,1201,9,3.8158843517303467
313,1131,10,4.343310356140137
314,269,1,4.146347522735596
314,651,2,5.248422145843506
314,690,3,5.212457656860352
314,333,4,5.168292999267578
314,684,5,4.187164306640625
314,44,6,5.088932037353516
314,1268,7,4.233579158782959
314,916,8,5.04373025894165
314,430,9,4.346604824066162
314,1203,10,4.54872989654541
315,197,1,4.937424659729004
315,315,2,4.841928482055664
315,74,3,4.353757858276367
315,153,4,4.679100513458252
315,191,5,4.16148567199707
315,490,6,4.632351398468018
315,200,7,4.316977500915527
315,1187,8,3.9695961475372314
315,511,9,4.285346984863281
315,420,10,4.141524314880371
316,272,1,5.10846471786499
316,19,2,4.688938617706299
316,414,3,4.343752861022949
316,1364,4,3.365415573120117
316,811,5,3.6732349395751953
316,71,6,3.781585693359375
316,1194,7,4.206728458404541
316,656,8,4.204172134399414
316,615,9,3.773045063018799
316,57,10,3.5210938453674316
317,48,1,4.868956089019775
317,753,2,4.045382499694824
317,484,3,4.423041343688965
317,175,4,4.630129814147949
317,661,5,4.327117919921875
317,257,6,4.555141448974609
317,1098,7,4.371110439300537
317,208,8,4.180386543273926
317,837,9,4.120898246765137
317,202,10,4.294791221618652
318,568,1,5.409853935241699
318,201,2,4.419652462005615
318,793,3,3.998218297958374
318,71,4,4.897214412689209
318,427,5,4.52193021774292
318,119,6,4.175695419311523
318,223,7,4.7144999504089355
318,274,8,4.34330415725708
318,297,9,4.211906433105469
318,484,10,4.065508842468262
319,484,1,4.850578784942627
319,117,2,4.0038676261901855
319,12,3,4.70163631439209
319,211,4,4.237387657165527
319,1203,5,4.061386585235596
319,187,6,4.140244960784912
319,28,7,4.279301166534424
319,588,8,4.495655536651611
319,242,9,4.170782089233398
319,429,10,4.324443817138672
320,1656,1,4.176019191741943
320,652,2,4.4130659103393555
320,99,3,4.162982940673828
320,531,4,4.897000789642334
320,1600,5,4.225859642028809
320,520,6,4.689177989959717
320,922,7,4.265981197357178
320,443,8,4.0461015701293945
320,119,9,4.562600612640381
320,114,10,4.518383026123047
321,179,1,4.732551574707031
321,520,2,4.56375789642334
321,178,3,4.211363315582275
321,1123,4,3.7216639518737793
321,189,5,4.387234687805176
321,119,6,4.297521114349365
321,174,7,4.131989002227783
321,1064,8,3.9480016231536865
321,1131,9,4.2289204597473145
321,1021,10,4.226811408996582
322,285,1,5.1368818283081055
322,675,2,4.453478813171387
322,91,3,3.9060137271881104
322,423,4,4.6580305099487305
322,200,5,4.407926082611084
322,428,6,4.605451583862305
322,316,7,3.915816307067871
322,20,8,4.505984783172607
322,611,9,3.9169106483459473
322,435,10,4.487432479858398
323,267,1,3.841357707977295
323,603,2,4.998262405395508
323,480,3,4.671727657318115
323,404,4,3.883199453353882
323,470,5,3.6572415828704834
323,191,6,4.46749210357666
323,208,7,3.872041702270508
323,171,8,4.4603166580200195
323,199,9,4.4540019035339355
323,187,10,4.317786693572998
324,588,1,5.73960018157959
324,853,2,5.494500637054443
324,1187,3,4.672109127044678
324,143,4,5.010819435119629
324,868,5,4.6116790771484375
324,313,6,5.2425737380981445
324,1240,7,4.663723468780518
324,1070,8,4.833765983581543
324,119,9,4.7524824142456055
324,201,10,5.063943862915039
325,59,1,4.972578048706055
325,513,2,4.452297687530518
325,968,3,3.4366090297698975
325,1367,4,3.6627588272094727
325,238,5,4.31605863571167
325,515,6,3.7918739318847656
325,251,7,3.933953285217285
325,48,8,4.258075714111328
325,14,9,3.7169923782348633
325,192,10,4.176153659820557
326,60,1,3.566713333129883
326,489,2,3.6924636363983154
326,742,3,4.561485767364502
326,922,4,4.531888961791992
326,766,5,3.5628209114074707
326,494,6,3.919304370880127
326,99,7,3.590951442718506
326,1357,8,3.427755355834961
326,117,9,3.4254233837127686
326,685,10,3.8434009552001953
327,483,1,4.739461898803711
327,675,2,3.459202527999878
327,463,3,3.859335422515869
327,207,4,3.725998640060425
327,1481,5,3.572709083557129
327,202,6,3.5060276985168457
327,227,7,3.621110439300537
327,922,8,3.8156425952911377
327,177,9,3.943972110748291
327,513,10,4.05441951751709
328,958,1,4.766005992889404
328,966,2,4.216903209686279
328,1531,3,3.6691884994506836
328,434,4,4.668947219848633
328,501,5,3.6233503818511963
328,171,6,4.538226127624512
328,421,7,4.464226245880127
328,115,8,4.028635025024414
328,217,9,4.0183796882629395
328,655,10,4.247933387756348
329,604,1,4.104691982269287
329,603,2,4.548079013824463
329,1451,3,3.7617530822753906
329,513,4,4.402579307556152
329,661,5,4.171378135681152
329,463,6,4.3653154373168945
329,9,7,3.8293983936309814
329,114,8,3.939842700958252
329,646,9,3.938603639602661
329,1153,10,3.9317193031311035
330,615,1,5.134606838226318
330,1159,2,4.872790336608887
330,561,3,4.802494525909424
330,657,4,5.323613166809082
330,900,5,4.758765697479248
330,83,6,5.302172660827637
330,904,7,5.248453140258789
330,1124,8,5.044222831726074
330,155,9,4.7800374031066895
330,701,10,4.939192771911621
331,1201,1,3.5170867443084717
331,195,2,3.905534029006958
331,19,3,3.897216796875
331,1610,4,3.360281229019165
331,114,5,3.871032476425171
331,420,6,3.5981407165527344
331,1081,7,3.3911349773406982
331,143,8,3.7445483207702637
331,656,9,3.842390298843384
331,516,10,3.9376938343048096
332,268,1,5.830026149749756
332,916,2,4.737418174743652
332,1459,3,4.539798259735107
332,45,4,4.7147040367126465
332,622,5,4.342204570770264
332,922,6,5.017045021057129
332,316,7,5.00963020324707
332,178,8,5.000046730041504
332,1158,9,4.779287338256836
332,588,10,4.917784690856934
333,1159,1,4.775702476501465
333,432,2,3.9106903076171875
333,305,3,3.947727680206299
333,115,4,3.9872865676879883
333,318,5,4.553572654724121
333,50,6,4.4908976554870605
333,1131,7,4.222652435302734
333,645,8,4.135988712310791
333,307,9,4.216749668121338
333,96,10,4.308542251586914
334,603,1,4.661809921264648
334,694,2,4.051990985870361
334,611,3,4.461709022521973
334,1194,4,3.892914295196533
334,351,5,4.039150714874268
334,1159,6,3.8742027282714844
334,900,7,3.804414749145508
334,147,8,4.339385509490967
334,1302,9,4.0085577964782715
334,360,10,4.000730037689209
335,179,1,4.916131496429443
335,483,2,4.652878284454346
335,474,3,4.304788112640381
335,608,4,3.9042468070983887
335,488,5,4.4577131271362305
335,484,6,4.4423651695251465
335,480,7,4.378940582275391
335,646,8,3.980599880218506
335,136,9,4.041128635406494
335,1104,10,4.026442527770996
336,12,1,4.774763107299805
336,529,2,3.642326593399048
336,1298,3,3.6889123916625977
336,1269,4,3.909166097640991
336,432,5,4.593673229217529
336,182,6,4.1546711921691895
336,1243,7,3.6136579513549805
336,1401,8,4.301476955413818
336,499,9,3.977457046508789
336,228,10,4.101294040679932
337,496,1,4.999451160430908
337,484,2,4.685648441314697
337,111,3,4.3915114402771
337,199,4,4.085489273071289
337,968,5,4.290462017059326
337,966,6,4.5996623039245605
337,190,7,4.33950662612915
337,183,8,4.495038032531738
337,1585,9,4.058440685272217
337,223,10,4.316257953643799
338,238,1,5.015547275543213
338,1048,2,3.9805102348327637
338,447,3,3.884307384490967
338,1193,4,4.390373706817627
338,12,5,4.284731388092041
338,1154,6,4.346659183502197
338,1278,7,4.186578273773193
338,905,8,4.02508544921875
338,547,9,3.899440288543701
338,644,10,4.513207912445068
339,306,1,4.608007431030273
339,813,2,5.192339897155762
339,466,3,4.512510776519775
339,1142,4,5.154116630554199
339,1523,5,4.358672142028809
339,318,6,4.970340728759766
339,705,7,4.914965629577637
339,1367,8,4.386542797088623
339,547,9,4.871686935424805
339,615,10,4.856725692749023
340,515,1,4.599719047546387
340,603,2,5.133108139038086
340,267,3,4.141143798828125
340,705,4,4.452449798583984
340,504,5,4.849529266357422
340,131,6,4.16891622543335
340,102,7,4.4289116859436035
340,506,8,4.689417839050293
340,344,9,4.299346923828125
340,119,10,4.611439228057861
341,97,1,4.8323750495910645
341,647,2,5.2858195304870605
341,513,3,5.063340663909912
341,189,4,4.678065299987793
341,196,5,4.795870780944824
341,646,6,4.364400863647461
341,246,7,5.009146213531494
341,127,8,4.891880989074707
341,11,9,4.7328081130981445
341,116,10,4.872099876403809
342,180,1,4.995581150054932
342,936,2,3.6773898601531982
342,971,3,3.8939568996429443
342,485,4,4.292513370513916
342,168,5,3.671297073364258
342,588,6,4.276909351348877
342,525,7,4.42095947265625
342,642,8,4.025625705718994
342,664,9,3.7806897163391113
342,511,10,4.385931015014648
343,521,1,5.20207405090332
343,511,2,5.1696391105651855
343,1367,3,4.671200275421143
343,1007,4,4.26210880279541
343,904,5,4.482369422912598
343,61,6,4.937777996063232
343,313,7,4.62682580947876
343,186,8,4.611196517944336
343,1459,9,4.049744129180908
343,1515,10,4.357943534851074
344,1138,1,4.105103492736816
344,187,2,4.969041347503662
344,1154,3,4.30899715423584
344,197,4,4.718041896820068
344,884,5,4.207580089569092
344,558,6,4.288274765014648
344,474,7,4.628505229949951
344,404,8,3.8980953693389893
344,320,9,4.558745384216309
344,736,10,4.3757195472717285
345,493,1,5.052880764007568
345,483,2,4.8569416999816895
345,89,3,4.09373664855957
345,189,4,4.793646812438965
345,180,5,4.782021522521973
345,1269,6,4.210648536682129
345,656,7,4.633382320404053
345,799,8,4.125016689300537
345,1551,9,4.017782211303711
345,1139,10,4.048267841339111
346,445,1,3.895350456237793
346,588,2,4.050849437713623
346,166,3,4.214484214782715
346,1125,4,3.891789197921753
346,42,5,4.164943218231201
346,87,6,4.286609649658203
346,434,7,3.6580798625946045
346,498,8,4.279396057128906
346,602,9,4.089463710784912
346,119,10,3.9672396183013916
347,603,1,5.064151287078857
347,228,2,4.9759135246276855
347,169,3,4.224299907684326
347,641,4,4.12116003036499
347,658,5,4.833639144897461
347,310,6,4.192354202270508
347,1558,7,4.42702054977417
347,494,8,4.752441883087158
347,1064,9,4.025750637054443
347,1098,10,3.974593162536621
348,181,1,5.10875129699707
348,119,2,4.653591632843018
348,1007,3,4.6437811851501465
348,234,4,4.374730587005615
348,222,5,4.8048834800720215
348,423,6,4.274228572845459
348,1064,7,4.1948370933532715
348,1062,8,4.474254608154297
348,97,9,4.467015266418457
348,87,10,4.719642639160156
349,1512,1,4.65847110748291
349,315,2,4.63618278503418
349,1367,3,3.9446094036102295
349,520,4,3.7396373748779297
349,488,5,4.110873699188232
349,493,6,3.994668483734131
349,168,7,4.415441989898682
349,916,8,4.080514907836914
349,530,9,4.186577796936035
349,641,10,3.8504695892333984
350,197,1,5.327919960021973
350,465,2,4.316668510437012
350,179,3,5.048670768737793
350,302,4,4.9730048179626465
350,8,5,4.757439136505127
350,205,6,4.755547046661377
350,478,7,4.627416133880615
350,506,8,4.926395416259766
350,97,9,4.534934997558594
350,1585,10,4.318435192108154
351,1523,1,4.462527751922607
351,966,2,4.913821697235107
351,177,3,5.1116743087768555
351,83,4,5.105717658996582
351,166,5,5.051004409790039
351,211,6,4.489405155181885
351,95,7,5.0147576332092285
351,1104,8,4.803001880645752
351,525,9,4.612415790557861
351,612,10,4.605597972869873
352,1142,1,4.874502658843994
352,134,2,4.533010482788086
352,484,3,4.760955333709717
352,848,4,3.9456870555877686
352,357,5,4.381160736083984
352,611,6,4.088756561279297
352,761,7,4.122585773468018
352,504,8,4.628486633300781
352,502,9,4.24302339553833
352,200,10,4.585600852966309
353,98,1,4.536905765533447
353,241,2,3.946460723876953
353,694,3,3.943492889404297
353,528,4,4.238055229187012
353,12,5,4.0346856117248535
353,1098,6,3.828685760498047
353,513,7,4.175658226013184
353,1154,8,3.902893543243408
353,134,9,4.121640205383301
353,474,10,4.100569248199463
354,302,1,4.324084281921387
354,1536,2,4.657865047454834
354,1451,3,4.064159393310547
354,233,4,3.784297466278076
354,661,5,4.057513236999512
354,966,6,4.218273639678955
354,1482,7,3.929117441177368
354,1022,8,4.115278244018555
354,853,9,4.357850074768066
354,782,10,3.7495696544647217
355,525,1,5.456374645233154
355,746,2,4.640691757202148
355,657,3,5.159631729125977
355,71,4,5.153992652893066
355,174,5,4.703397274017334
355,1122,6,4.630893707275391
355,48,7,5.081723213195801
355,408,8,4.722224235534668
355,1103,9,4.822760105133057
355,489,10,4.647614479064941
356,480,1,4.906022071838379
356,922,2,4.222624778747559
356,211,3,4.28802490234375
356,1101,4,4.405787467956543
356,467,5,4.2367401123046875
356,161,6,3.9496800899505615
356,119,7,4.367692947387695
356,443,8,4.456857681274414
356,966,9,4.4513397216796875
356,1211,10,3.9981377124786377
357,634,1,5.151519298553467
357,1449,2,5.145040988922119
357,1573,3,4.951308727264404
357,654,4,5.37835168838501
357,182,5,4.689413547515869
357,242,6,4.758251667022705
357,753,7,5.094418525695801
357,1612,8,4.668671607971191
357,73,9,4.790713310241699
357,1019,10,5.2000603675842285
358,966,1,4.372956275939941
358,615,2,4.4687628746032715
358,320,3,4.694040775299072
358,100,4,4.66201114654541
358,735,5,4.216207981109619
358,191,6,4.455688953399658
358,488,7,4.5964789390563965
358,805,8,4.324920177459717
358,140,9,4.195731163024902
358,526,10,4.195465564727783
359,48,1,4.843831539154053
359,144,2,4.022230625152588
359,205,3,4.446922779083252
359,966,4,4.260270595550537
359,81,5,4.437406539916992
359,169,6,4.644929885864258
359,1154,7,4.1440300941467285
359,520,8,4.523463249206543
359,661,9,4.383575916290283
359,705,10,4.5081610679626465
360,811,1,4.132608890533447
360,638,2,4.458331108093262
360,1102,3,3.974693775177002
360,498,4,4.607254505157471
360,315,5,4.599331378936768
360,644,6,4.405566215515137
360,484,7,4.379932403564453
360,519,8,4.371386528015137
360,736,9,4.5085906982421875
360,81,10,4.3488850593566895
361,1428,1,4.291547775268555
361,189,2,4.212247371673584
361,520,3,4.626192569732666
361,52,4,4.614492893218994
361,408,5,4.608592987060547
361,1555,6,3.996140480041504
361,1020,7,4.573773384094238
361,302,8,4.1689453125
361,661,9,4.161763668060303
361,496,10,4.457174301147461
362,427,1,5.097658634185791
362,402,2,4.272719860076904
362,174,3,4.4719109535217285
362,1159,4,4.655457496643066
362,200,5,4.921173095703125
362,1449,6,4.901976585388184
362,297,7,4.460299491882324
362,168,8,4.3981781005859375
362,538,9,4.22306489944458
362,1154,10,4.336565017700195
363,324,1,3.8194580078125
363,430,2,3.6945178508758545
363,963,3,4.448397636413574
363,645,4,3.4584479331970215
363,19,5,4.41860294342041
363,479,6,4.234450340270996
363,119,7,3.858424425125122
363,968,8,3.7179436683654785
363,882,9,3.704418420791626
363,813,10,4.030089855194092
364,318,1,5.0333991050720215
364,855,2,3.970036745071411
364,114,3,4.280283451080322
364,513,4,4.372708320617676
364,156,5,4.207906246185303
364,496,6,4.3656086921691895
364,357,7,4.551532745361328
364,1007,8,4.103877544403076
364,661,9,4.511073589324951
364,510,10,4.320869445800781
365,434,1,4.05527400970459
365,114,2,4.820865154266357
365,134,3,3.9770355224609375
365,671,4,3.90311598777771
365,173,5,4.563851356506348
365,132,6,4.1217570304870605
365,718,7,3.9512693881988525
365,1594,8,3.8063340187072754
365,190,9,4.3616814613342285
365,208,10,3.831630229949951
366,966,1,4.817478179931641
366,189,2,5.3189263343811035
366,709,3,5.188982963562012
366,505,4,4.607438087463379
366,603,5,5.160676956176758
366,496,6,4.759391784667969
366,166,7,4.9262166023254395
366,467,8,4.481032848358154
366,129,9,4.753945827484131
366,318,10,5.010554313659668
367,515,1,5.449295997619629
367,603,2,5.3080925941467285
367,434,3,4.721960544586182
367,525,4,4.976359844207764
367,543,5,4.883083820343018
367,523,6,5.120342254638672
367,1515,7,4.704113483428955
367,813,8,4.8690409660339355
367,1368,9,4.925704002380371
367,257,10,4.92142391204834
368,1,1,4.232073783874512
368,87,2,4.110043048858643
368,434,3,4.2277116775512695
368,1636,4,3.9614899158477783
368,474,5,4.48646354675293
368,547,6,3.7982583045959473
368,118,7,3.8504793643951416
368,119,8,4.301062107086182
368,1500,9,3.842719316482544
368,968,10,3.776681900024414
369,318,1,4.767656326293945
369,484,2,4.3315887451171875
369,613,3,4.226630687713623
369,33,4,4.073848247528076
369,520,5,4.220582008361816
369,504,6,4.022172927856445
369,443,7,4.40873384475708
369,646,8,4.085328102111816
369,919,9,4.181340217590332
369,463,10,4.345868110656738
370,1405,1,3.7319724559783936
370,530,2,4.263996601104736
370,488,3,4.2555155754089355
370,186,4,3.781903028488159
370,143,5,3.5203235149383545
370,1064,6,3.5687267780303955
370,121,7,4.14801025390625
370,466,8,3.5534372329711914
370,189,9,4.0459089279174805
370,470,10,3.6499738693237305
371,318,1,5.360477924346924
371,95,2,4.179399013519287
371,269,3,4.554573059082031
371,519,4,4.24570894241333
371,524,5,4.091488838195801
371,119,6,4.248584747314453
371,509,7,4.016208171844482
371,661,8,4.36526346206665
371,246,9,4.204479217529297
371,1367,10,4.05766487121582
372,757,1,4.7975850105285645
372,1500,2,4.652560710906982
372,318,3,5.362119674682617
372,50,4,5.363759994506836
372,661,5,4.8531107902526855
372,170,6,4.950430870056152
372,611,7,5.057868957519531
372,490,8,5.232262134552002
372,132,9,5.00042200088501
372,727,10,4.60310173034668
373,119,1,4.7144646644592285
373,1124,2,3.9192562103271484
373,493,3,4.390254020690918
373,1610,4,3.9176721572875977
373,1638,5,4.061107635498047
373,477,6,4.289612770080566
373,57,7,4.505019664764404
373,1159,8,4.351645469665527
373,449,9,3.897258758544922
373,525,10,4.240200042724609
374,177,1,4.267735958099365
374,1367,2,3.992663860321045
374,300,3,4.574254989624023
374,902,4,4.112906455993652
374,1064,5,3.866541624069214
374,520,6,4.39740514755249
374,430,7,3.8562874794006348
374,1278,8,3.8410210609436035
374,813,9,3.8368258476257324
374,1152,10,4.004123210906982
375,50,1,5.065035820007324
375,100,2,4.7626633644104
375,19,3,3.9377260208129883
375,538,4,4.144533157348633
375,445,5,4.0373382568359375
375,527,6,4.6108293533325195
375,694,7,4.480629920959473
375,705,8,4.1180267333984375
375,1600,9,3.99595046043396
375,79,10,4.4293131828308105
376,474,1,3.8474390506744385
376,12,2,4.403388500213623
376,661,3,4.07192850112915
376,174,4,4.311963081359863
376,505,5,3.7007408142089844
376,1167,6,3.884443998336792
376,195,7,3.7788379192352295
376,306,8,3.9486031532287598
376,168,9,4.225162506103516
376,1142,10,3.865948438644409
377,538,1,4.229371547698975
377,736,2,4.847135066986084
377,484,3,4.7021613121032715
377,474,4,4.15397310256958
377,854,5,4.04773473739624
377,190,6,4.594945430755615
377,275,7,4.131179332733154
377,1367,8,4.190352916717529
377,215,9,4.485007286071777
377,1251,10,4.11318302154541
378,487,1,4.7244648933410645
378,483,2,4.690681457519531
378,486,3,4.24144983291626
378,611,4,4.237732887268066
378,753,5,4.222957611083984
378,963,6,4.4748101234436035
378,360,7,4.072619438171387
378,530,8,4.190353870391846
378,214,9,3.6766021251678467
378,1194,10,4.384415149688721
379,1402,1,4.236843585968018
379,661,2,4.462693691253662
379,484,3,4.863532066345215
379,519,4,4.758166790008545
379,408,5,4.729597091674805
379,1073,6,4.7092132568359375
379,660,7,4.269159317016602
379,1024,8,4.51234245300293
379,494,9,4.493046283721924
379,250,10,4.248888969421387
381,850,1,4.55535888671875
381,81,2,4.361598491668701
381,1143,3,4.519792556762695
381,484,4,4.356240749359131
381,888,5,4.157915115356445
381,234,6,4.667169570922852
381,213,7,4.656126022338867
381,1070,8,4.224208831787109
381,320,9,4.295984268188477
381,615,10,4.07201623916626
382,75,1,3.2544846534729004
382,194,2,3.4699599742889404
382,11,3,3.9825053215026855
382,519,4,3.6842024326324463
382,513,5,3.945775270462036
382,498,6,3.894423484802246
382,488,7,3.671375274658203
382,163,8,3.298084020614624
382,1194,9,3.4347422122955322
382,524,10,3.808403253555298
383,1449,1,5.313323974609375
383,498,2,4.86706018447876
383,1201,3,4.4992756843566895
383,55,4,5.20358943939209
383,494,5,4.805796146392822
383,508,6,4.477605819702148
383,432,7,5.010669708251953
383,968,8,4.460109233856201
383,250,9,4.528061866760254
383,705,10,4.921891212463379
384,408,1,4.652561187744141
384,1251,2,4.409120559692383
384,483,3,4.850875377655029
384,114,4,4.596889019012451
384,936,5,4.781679630279541
384,179,6,4.247870445251465
384,172,7,4.576844692230225
384,638,8,4.236824035644531
384,1103,9,4.356455326080322
384,657,10,4.671785831451416
385,1203,1,4.555352687835693
385,381,2,4.542200088500977
385,474,3,4.535229206085205
385,634,4,3.6832497119903564
385,1602,5,3.5014376640319824
385,1386,6,4.295032978057861
385,644,7,3.9801931381225586
385,302,8,3.741320848464966
385,709,9,3.732837677001953
385,1483,10,3.6324338912963867
386,661,1,4.1807708740234375
386,52,2,4.172457218170166
386,1005,3,4.301202774047852
386,604,4,4.366836071014404
386,60,5,4.51658296585083
386,360,6,3.959594249725342
386,318,7,4.510445594787598
386,615,8,4.346007823944092
386,709,9,4.45488977432251
386,200,10,4.248724460601807
387,169,1,5.103765487670898
387,234,2,4.181893348693848
387,16,3,3.6964111328125
387,1194,4,4.074695587158203
387,267,5,3.436007261276245
387,134,6,4.345388889312744
387,179,7,4.33868408203125
387,634,8,3.758732318878174
387,1512,9,3.6732466220855713
387,533,10,3.513479471206665
388,603,1,4.889468193054199
388,22,2,5.66690731048584
388,489,3,4.557720184326172
388,95,4,4.999289512634277
388,198,5,4.997918605804443
388,732,6,4.519745349884033
388,343,7,4.792447090148926
388,143,8,4.935031890869141
388,646,9,4.377865791320801
388,125,10,4.435916900634766
389,30,1,4.558950424194336
389,1194,2,4.546462059020996
389,32,3,4.938497543334961
389,1269,4,4.273153305053711
389,1021,5,4.722623348236084
389,1043,6,4.254874229431152
389,1139,7,4.171474933624268
389,1342,8,4.166591644287109
389,200,9,4.617134094238281
389,169,10,4.307719707489014
390,922,1,4.620180130004883
390,50,2,4.997629642486572
390,251,3,4.984893321990967
390,850,4,4.739702224731445
390,483,5,4.899373531341553
390,116,6,4.883157730102539
390,513,7,4.715672016143799
390,679,8,4.347503662109375
390,709,9,4.5547685623168945
390,647,10,4.786156177520752
391,1142,1,4.194733142852783
391,523,2,3.7602312564849854
391,641,3,4.633058547973633
391,488,4,4.0188469886779785
391,611,5,4.423464298248291
391,70,6,3.5780837535858154
391,686,7,3.8787994384765625
391,970,8,3.7318224906921387
391,519,9,4.255740642547607
391,493,10,4.237523078918457
392,661,1,4.248997688293457
392,863,2,4.762957572937012
392,474,3,5.103349685668945
392,497,4,5.075348377227783
392,945,5,4.717606544494629
392,19,6,5.0182905197143555
392,919,7,4.955877304077148
392,1286,8,4.689218997955322
392,228,9,4.513623237609863
392,198,10,4.6803154945373535
393,513,1,3.8636975288391113
393,1623,2,4.148725986480713
393,607,3,4.611752033233643
393,1594,4,3.835118293762207
393,300,5,4.084177017211914
393,811,6,3.7184791564941406
393,1459,7,3.88501238822937
393,114,8,4.164097785949707
393,284,9,3.6893081665039062
393,603,10,4.161067008972168
394,484,1,4.371117115020752
394,408,2,5.300559997558594
394,187,3,5.033802032470703
394,603,4,4.909668922424316
394,1459,5,4.2369914054870605
394,1007,6,4.335150241851807
394,448,7,4.766972064971924
394,1388,8,4.266329288482666
394,1158,9,4.220383167266846
394,249,10,4.52275276184082
395,792,1,4.371851921081543
395,638,2,4.510461807250977
395,474,3,5.007822513580322
395,513,4,5.003448009490967
395,963,5,5.03902006149292
395,99,6,4.495571613311768
395,32,7,4.4431891441345215
395,511,8,4.699601650238037
395,124,9,4.386246204376221
395,1604,10,4.353804588317871
396,483,1,4.645290851593018
396,1021,2,4.600994110107422
396,1367,3,4.0310773849487305
396,675,4,4.203248023986816
396,434,5,4.4200592041015625
396,515,6,4.267057418823242
396,172,7,4.372109889984131
396,1218,8,4.002783298492432
396,199,9,4.248030662536621
396,530,10,4.039013862609863
397,180,1,5.124789237976074
397,408,2,5.114303112030029
397,491,3,4.1039605140686035
397,175,4,4.457666873931885
397,470,5,4.673850059509277
397,115,6,3.8731870651245117
397,69,7,4.081362724304199
397,302,8,4.40092134475708
397,48,9,4.5234575271606445
397,1187,10,3.8557205200195312
398,119,1,4.283149242401123
398,165,2,4.749199390411377
398,151,3,4.255245208740234
398,380,4,4.2352800369262695
398,318,5,4.502556324005127
398,749,6,3.911130905151367
398,45,7,4.194640159606934
398,608,8,4.176415920257568
398,1078,9,3.8036670684814453
398,1500,10,3.945507049560547
400,96,1,4.42020845413208
400,169,2,4.641589164733887
400,195,3,4.576200008392334
400,613,4,4.147877216339111
400,98,5,4.548292636871338
400,203,6,4.510817527770996
400,1380,7,4.012053489685059
400,601,8,4.004645824432373
400,100,9,4.260851860046387
400,71,10,4.071080684661865
401,258,1,4.519177436828613
401,313,2,4.509146213531494
401,850,3,3.360490560531616
401,644,4,4.0139594078063965
401,1019,5,3.417099952697754
401,476,6,3.1991610527038574
401,494,7,3.188167095184326
401,1098,8,3.8218417167663574
401,968,9,3.4610180854797363
401,96,10,3.7418816089630127
402,489,1,4.365146636962891
402,251,2,4.47620153427124
402,531,3,4.704100608825684
402,119,4,4.253232002258301
402,399,5,4.333041191101074
402,315,6,4.330116271972656
402,480,7,4.316780090332031
402,59,8,4.553431510925293
402,470,9,4.392111301422119
402,966,10,4.015362739562988
403,72,1,4.1662726402282715
403,176,2,4.88557767868042
403,208,3,4.575425624847412
403,64,4,4.564258575439453
403,70,5,4.468520164489746
403,657,6,4.764283180236816
403,500,7,4.547069549560547
403,1007,8,4.721089839935303
403,136,9,4.541139125823975
403,95,10,4.670414924621582
404,511,1,3.8973076343536377
404,77,2,3.8222408294677734
404,208,3,4.550654411315918
404,657,4,4.44441032409668
404,1251,5,3.7477896213531494
404,210,6,4.368194580078125
404,230,7,4.342234134674072
404,199,8,3.9941954612731934
404,813,9,3.908050298690796
404,487,10,4.2732648849487305
406,474,1,5.847824573516846
406,789,2,3.7119641304016113
406,171,3,4.766416072845459
406,679,4,4.2399444580078125
406,694,5,4.467959880828857
406,271,6,4.402841567993164
406,525,7,4.395654678344727
406,1195,8,3.7823574542999268
406,1612,9,4.003971099853516
406,946,10,3.72969913482666
407,431,1,3.9254775047302246
407,114,2,4.561145782470703
407,1159,3,4.074687957763672
407,20,4,3.979797601699829
407,1243,5,3.714137077331543
407,1125,6,3.665400266647339
407,83,7,4.39727258682251
407,7,8,3.9605135917663574
407,958,9,4.340005874633789
407,499,10,4.333002090454102
408,657,1,4.609511375427246
408,604,2,4.588357448577881
408,208,3,4.565697193145752
408,134,4,4.508520126342773
408,276,5,3.9567463397979736
408,615,6,4.365015029907227
408,514,7,4.340751647949219
408,32,8,4.20813512802124
408,168,9,4.324555397033691
408,191,10,4.1977362632751465
409,113,1,4.0122761726379395
409,513,2,4.335743427276611
409,302,3,4.32353401184082
409,269,4,4.624790191650391
409,694,5,4.2671403884887695
409,521,6,4.099828243255615
409,447,7,4.082467079162598
409,56,8,4.411004066467285
409,1386,9,4.01969051361084
409,648,10,4.153994083404541
410,174,1,4.139655113220215
410,48,2,3.707629442214966
410,519,3,3.6760377883911133
410,223,4,3.8772501945495605
410,61,5,3.3600244522094727
410,419,6,3.529365062713623
410,651,7,3.3049509525299072
410,656,8,3.3848533630371094
410,747,9,3.7367377281188965
410,479,10,3.7281241416931152
411,199,1,4.754286289215088
411,52,2,4.272394180297852
411,498,3,4.147541046142578
411,143,4,3.7462220191955566
411,1451,5,4.499214172363281
411,478,6,4.11229944229126
411,474,7,3.7371091842651367
411,607,8,3.735258102416992
411,404,9,3.7673263549804688
411,1020,10,3.972245931625366
412,513,1,4.800859451293945
412,121,2,4.251606464385986
412,429,3,4.3711018562316895
412,157,4,4.36787223815918
412,119,5,4.236423969268799
412,251,6,4.555726528167725
412,127,7,4.3481831550598145
412,753,8,3.9955410957336426
412,966,9,4.184123992919922
412,232,10,3.9352569580078125
413,213,1,4.742430210113525
413,1007,2,3.7709269523620605
413,1121,3,3.767488956451416
413,318,4,4.450814247131348
413,568,5,4.062049865722656
413,1064,6,3.994384765625
413,151,7,4.356469631195068
413,589,8,3.9688308238983154
413,489,9,3.844670295715332
413,174,10,3.954676389694214
414,12,1,5.474626064300537
414,479,2,4.7670440673828125
414,857,3,4.445809841156006
414,478,4,5.176051139831543
414,519,5,4.476496696472168
414,367,6,4.628772735595703
414,1278,7,4.435384750366211
414,606,8,5.046691417694092
414,1073,9,4.427345275878906
414,241,10,4.59281587600708
415,12,1,5.158675670623779
415,39,2,4.122195243835449
415,211,3,4.550088405609131
415,744,4,4.23494815826416
415,1114,5,4.110325336456299
415,648,6,4.742919921875
415,183,7,4.487819671630859
415,1142,8,4.378862380981445
415,504,9,4.217688083648682
415,143,10,4.137715816497803
416,493,1,3.972646713256836
416,479,2,4.7982048988342285
416,304,3,4.032463550567627
416,1266,4,3.773996591567993
416,68,5,3.952312469482422
416,612,6,4.254563331604004
416,616,7,3.9513096809387207
416,480,8,4.47285795211792
416,1367,9,4.156731605529785
416,39,10,4.050468921661377
417,753,1,4.5517449378967285
417,1386,2,3.6904520988464355
417,187,3,4.126124382019043
417,493,4,3.9973273277282715
417,1302,5,3.9904885292053223
417,119,6,4.099422931671143
417,435,7,3.892031669616699
417,1367,8,3.987556219100952
417,489,9,4.223731994628906
417,534,10,3.7170958518981934
418,156,1,4.411106586456299
418,483,2,4.224020004272461
418,117,3,3.5327939987182617
418,675,4,3.446958541870117
418,228,5,3.5991790294647217
418,64,6,4.063813209533691
418,1537,7,3.4384701251983643
418,177,8,3.5813043117523193
418,143,9,3.7182939052581787
418,656,10,3.930098056793213
419,12,1,5.256269454956055
419,483,2,4.994920253753662
419,114,3,4.890719413757324
419,445,4,4.197977542877197
419,478,5,4.4448466300964355
419,491,6,4.197292804718018
419,1167,7,4.151778221130371
419,165,8,4.781567573547363
419,589,9,4.1723103523254395
419,57,10,4.350661277770996
420,318,1,4.788369178771973
420,1405,2,4.669885158538818
420,242,3,4.6476149559021
420,132,4,4.42827033996582
420,133,5,4.145081996917725
420,320,6,4.572381496429443
420,359,7,3.970099925994873
420,588,8,4.240579605102539
420,644,9,4.236733913421631
420,462,10,4.4957194328308105
421,228,1,4.93284273147583
421,428,2,4.678547382354736
421,113,3,3.97856068611145
421,644,4,4.28623628616333
421,300,5,4.269885063171387
421,1101,6,4.265160083770752
421,532,7,4.261679649353027
421,135,8,4.156256675720215
421,64,9,4.25242805480957
421,418,10,3.9395065307617188
422,318,1,5.005500793457031
422,466,2,3.9070394039154053
422,432,3,4.89963960647583
422,657,4,3.8012571334838867
422,607,5,4.145377159118652
422,89,6,3.836014986038208
422,71,7,3.9323413372039795
422,143,8,4.112586975097656
422,182,9,3.9826135635375977
422,251,10,4.371216297149658
423,404,1,3.9870922565460205
423,1005,2,4.454315662384033
423,50,3,4.14982795715332
423,174,4,4.427367687225342
423,1194,5,4.605652332305908
423,648,6,4.605116844177246
423,654,7,4.251117706298828
423,189,8,4.556814670562744
423,1129,9,4.350649356842041
423,372,10,4.109192848205566
424,1305,1,4.282400131225586
424,1220,2,4.275062084197998
424,313,3,4.7956624031066895
424,530,4,4.714932441711426
424,1500,5,4.019286632537842
424,963,6,4.671431064605713
424,588,7,4.214763164520264
424,316,8,4.361310958862305
424,701,9,3.959491729736328
424,922,10,4.494556903839111
425,150,1,4.603436470031738
425,154,2,3.303645133972168
425,1019,3,3.8724727630615234
425,171,4,3.6285717487335205
425,389,5,3.5013673305511475
425,529,6,4.010776042938232
425,432,7,3.9929089546203613
425,306,8,3.9857468605041504
425,936,9,3.5464653968811035
425,1201,10,3.312230110168457
426,202,1,4.8540754318237305
426,385,2,4.0070881843566895
426,56,3,3.9309003353118896
426,954,4,3.9996652603149414
426,528,5,4.199898719787598
426,1098,6,4.194080352783203
426,612,7,4.160407543182373
426,11,8,3.914445400238037
426,96,9,4.290431499481201
426,89,10,3.883319616317749
427,483,1,5.4842634201049805
427,320,2,4.541641712188721
427,156,3,4.745495796203613
427,692,4,4.386262893676758
427,498,5,4.913330554962158
427,136,6,4.884316444396973
427,173,7,4.513542652130127
427,601,8,4.511526107788086
427,691,9,4.366523742675781
427,493,10,4.336341381072998
428,199,1,5.316775321960449
428,64,2,5.304990768432617
428,478,3,5.2877936363220215
428,174,4,4.968265056610107
428,652,5,4.788644313812256
428,8,6,5.101819038391113
428,432,7,4.861329555511475
428,531,8,4.829225540161133
428,143,9,4.651749134063721
428,963,10,5.0197672843933105
429,1642,1,3.805921792984009
429,1459,2,3.494213342666626
429,169,3,4.591243267059326
429,621,4,3.4791126251220703
429,1243,5,3.837095260620117
429,174,6,4.100815773010254
429,659,7,4.29410982131958
429,463,8,3.6628544330596924
429,888,9,3.6004855632781982
429,1104,10,4.238705158233643
430,223,1,4.785822868347168
430,603,2,4.5816850662231445
430,71,3,3.7198479175567627
430,408,4,4.354644298553467
430,200,5,3.8267414569854736
430,1331,6,3.7099177837371826
430,144,7,4.217700481414795
430,193,8,3.8628389835357666
430,169,9,4.1285223960876465
430,48,10,3.8568115234375
431,48,1,4.248561859130859
431,963,2,4.5604424476623535
431,694,3,4.059303283691406
431,1639,4,4.06156587600708
431,89,5,4.040631294250488
431,588,6,4.384025573730469
431,119,7,4.106015205383301
431,114,8,4.378824710845947
431,199,9,4.169126510620117
431,12,10,4.27095890045166
432,86,1,4.911187171936035
432,568,2,4.376768112182617
432,648,3,4.766980171203613
432,526,4,4.73110294342041
432,530,5,4.120393753051758
432,644,6,4.437155723571777
432,213,7,4.432742595672607
432,191,8,4.6402363777160645
432,337,9,4.208164691925049
432,25,10,4.1342973709106445
433,48,1,4.200248718261719
433,183,2,3.988621711730957
433,211,3,3.9086618423461914
433,83,4,4.63698673248291
433,511,5,4.581399917602539
433,963,6,4.0086565017700195
433,89,7,3.941086769104004
433,547,8,3.7823877334594727
433,1367,9,4.2239089012146
433,506,10,4.212777137756348
434,603,1,5.248024940490723
434,265,2,5.07353401184082
434,498,3,4.741994857788086
434,211,4,4.329845428466797
434,153,5,4.1820149421691895
434,1269,6,4.578140735626221
434,1064,7,4.065059661865234
434,171,8,3.9150123596191406
434,848,9,3.7859766483306885
434,1535,10,3.785566568374634
435,1201,1,3.798719644546509
435,150,2,4.972531795501709
435,1019,3,4.705534934997559
435,418,4,3.7868523597717285
435,1529,5,3.8349390029907227
435,513,6,4.45474910736084
435,523,7,4.035913467407227
435,315,8,4.3226752281188965
435,1558,9,4.138660430908203
435,589,10,3.935077667236328
436,1658,1,4.022299766540527
436,709,2,4.982414245605469
436,603,3,4.605985164642334
436,489,4,4.925294399261475
436,12,5,4.817979335784912
436,511,6,4.534002304077148
436,753,7,4.8052568435668945
436,1019,8,4.531799793243408
436,793,9,4.1216535568237305
436,1585,10,4.1142168045043945
437,269,1,5.09186315536499
437,359,2,3.7196407318115234
437,317,3,4.84802770614624
437,9,4,4.844615459442139
437,434,5,4.045087814331055
437,718,6,4.3166303634643555
437,298,7,4.560517311096191
437,194,8,4.538049221038818
437,1482,9,3.852452516555786
437,474,10,4.078056335449219
438,1451,1,4.680264472961426
438,39,2,4.452023506164551
438,272,3,4.346837997436523
438,32,4,4.218770503997803
438,28,5,4.854732513427734
438,648,6,4.607002258300781
438,511,7,4.587563991546631
438,434,8,4.729050636291504
438,613,9,4.477706432342529
438,863,10,4.551260471343994
439,134,1,4.8067755699157715
439,484,2,4.057583808898926
439,166,3,4.25527811050415
439,654,4,4.615795135498047
439,168,5,4.298348903656006
439,70,6,4.28718376159668
439,31,7,3.930467128753662
439,48,8,4.402002334594727
439,705,9,4.271186351776123
439,114,10,4.128586292266846
440,135,1,5.699136734008789
440,863,2,4.864012718200684
440,200,3,5.556807041168213
440,919,4,5.487936019897461
440,168,5,5.4272990226745605
440,1251,6,4.831806182861328
440,966,7,4.70217752456665
440,434,8,4.552657127380371
440,177,9,5.205304145812988
440,143,10,4.893411159515381
441,171,1,3.8559107780456543
441,48,2,3.662762403488159
441,86,3,4.231056213378906
441,272,4,4.197812080383301
441,470,5,3.83516263961792
441,1367,6,3.7440624237060547
441,431,7,3.878917694091797
441,285,8,3.948758602142334
441,836,9,3.678032875061035
441,611,10,3.942887306213379
442,183,1,4.681152820587158
442,612,2,4.056734561920166
442,493,3,4.02883243560791
442,479,4,3.688520908355713
442,200,5,3.9924449920654297
442,32,6,3.620987892150879
442,285,7,4.164008140563965
442,663,8,3.8163676261901855
442,419,9,4.08695125579834
442,487,10,3.7181193828582764
443,114,1,4.641576290130615
443,22,2,4.62785530090332
443,191,3,4.959954738616943
443,1114,4,4.1341633796691895
443,223,5,4.92410135269165
443,1367,6,4.399605751037598
443,510,7,4.900273323059082
443,181,8,4.269657135009766
443,208,9,4.441415786743164
443,193,10,4.429086685180664
444,958,1,4.360482215881348
444,48,2,4.3588948249816895
444,42,3,4.792028427124023
444,515,4,4.771945953369141
444,1523,5,4.150688171386719
444,189,6,4.39555549621582
444,611,7,4.1389241218566895
444,479,8,4.517142295837402
444,527,9,4.640357494354248
444,1142,10,4.059933185577393
445,427,1,3.4295084476470947
445,515,2,3.2823686599731445
445,48,3,2.471764326095581
445,98,4,3.2253780364990234
445,32,5,2.636101007461548
445,606,6,2.958815574645996
445,42,7,2.440734624862671
445,641,8,3.082453727722168
445,202,9,2.5819904804229736
445,1066,10,2.576566696166992
446,302,1,4.359347343444824
446,12,2,4.289383888244629
446,1537,3,3.441760778427124
446,432,4,3.9271745681762695
446,484,5,4.096773624420166
446,152,6,3.6122190952301025
446,169,7,4.019952774047852
446,213,8,3.847440719604492
446,631,9,3.837167263031006
446,610,10,3.539926528930664
447,97,1,4.400081157684326
447,455,2,4.66984748840332
447,62,3,3.796389579772949
447,95,4,4.633885860443115
447,661,5,4.56204891204834
447,524,6,4.315261363983154
447,1097,7,3.817317008972168
447,1284,8,3.816140651702881
447,479,9,4.012753009796143
447,168,10,4.444729804992676
448,479,1,4.831845760345459
448,317,2,4.5684332847595215
448,500,3,3.8355069160461426
448,482,4,4.096947193145752
448,478,5,4.082658767700195
448,188,6,3.8339240550994873
448,432,7,3.4988443851470947
448,611,8,3.7793025970458984
448,230,9,4.217580318450928
448,97,10,3.5334112644195557
449,474,1,5.040744781494141
449,514,2,4.18536376953125
449,531,3,4.645544052124023
449,180,4,4.568345069885254
449,661,5,4.535043716430664
449,389,6,3.9679861068725586
449,511,7,4.50092887878418
449,813,8,3.95998215675354
449,853,9,4.134382247924805
449,191,10,4.102476119995117
450,1585,1,4.120933532714844
450,963,2,4.711214065551758
450,1007,3,4.058765411376953
450,519,4,4.644678592681885
450,1483,5,4.346430778503418
450,109,6,3.975515604019165
450,1361,7,4.047267436981201
450,267,8,4.005896091461182
450,1451,9,4.295848846435547
450,638,10,4.482552528381348
452,750,1,4.415949821472168
452,13,2,3.3919858932495117
452,183,3,4.16348934173584
452,1367,4,4.060657978057861
452,811,5,3.293856382369995
452,968,6,3.3713130950927734
452,923,7,3.9629642963409424
452,493,8,3.4199280738830566
452,675,9,3.8859333992004395
452,246,10,3.5388689041137695
454,83,1,3.6381824016571045
454,1205,2,3.325861930847168
454,1610,3,3.2417540550231934
454,148,4,3.8273210525512695
454,1194,5,3.5638246536254883
454,1413,6,3.5446057319641113
454,613,7,3.767876625061035
454,1131,8,3.753026008605957
454,1451,9,3.4163360595703125
454,1243,10,3.3987114429473877
455,1531,1,3.7633330821990967
455,484,2,4.045910358428955
455,661,3,4.636456489562988
455,1166,4,3.752817392349243
455,474,5,4.597590446472168
455,203,6,4.589687347412109
455,199,7,4.25621223449707
455,1142,8,4.011494159698486
455,607,9,4.490323543548584
455,493,10,4.006296157836914
456,1302,1,4.2867302894592285
456,48,2,4.5279693603515625
456,1405,3,4.523106098175049
456,694,4,4.519532203674316
456,966,5,3.8785531520843506
456,520,6,4.436610221862793
456,459,7,4.0443830490112305
456,513,8,4.345730781555176
456,612,9,4.030832290649414
456,946,10,3.8037610054016113
457,209,1,5.455031871795654
457,484,2,5.339489459991455
457,525,3,4.821035385131836
457,515,4,5.070986747741699
457,165,5,5.043935298919678
457,1064,6,4.585734844207764
457,434,7,5.024284362792969
457,705,8,4.968558311462402
457,519,9,4.689281940460205
457,811,10,4.855926513671875
458,1428,1,4.031289100646973
458,1459,2,3.766984224319458
458,1128,3,3.9098269939422607
458,185,4,4.782741546630859
458,114,5,4.628142833709717
458,70,6,3.891327142715454
458,707,7,4.57222318649292
458,813,8,4.146820068359375
458,657,9,4.483819007873535
458,718,10,4.215034484863281
459,1022,1,4.107672691345215
459,478,2,4.425769805908203
459,143,3,4.725722312927246
459,1159,4,4.622766017913818
459,1367,5,4.340916156768799
459,1160,6,4.529885292053223
459,1519,7,4.297181129455566
459,1081,8,3.9188098907470703
459,538,9,3.8770194053649902
459,1063,10,3.9656152725219727
460,645,1,3.521618604660034
460,162,2,3.634100914001465
460,50,3,4.1265435218811035
460,470,4,3.8742587566375732
460,179,5,3.8770434856414795
460,169,6,4.077732563018799
460,1158,7,3.5387446880340576
460,203,8,3.8512868881225586
460,168,9,3.6542818546295166
460,12,10,3.4576640129089355
461,709,1,4.162064552307129
461,119,2,3.8006227016448975
461,208,3,3.3704307079315186
461,114,4,4.0662407875061035
461,1243,5,3.540964126586914
461,177,6,3.594149351119995
461,226,7,3.469146966934204
461,344,8,3.5329577922821045
461,209,9,3.8943047523498535
461,525,10,3.87004017829895
462,515,1,5.403600215911865
462,127,2,5.185502052307129
462,189,3,5.168768405914307
462,71,4,5.10865592956543
462,611,5,4.708719730377197
462,180,6,4.766880035400391
462,868,7,4.759001731872559
462,1142,8,4.892679691314697
462,850,9,4.878844738006592
462,493,10,4.805019855499268
463,207,1,4.968169689178467
463,1081,2,3.9059057235717773
463,234,3,3.595233917236328
463,1084,4,4.283084869384766
463,114,5,4.597001075744629
463,478,6,4.405442237854004
463,303,7,4.036827087402344
463,11,8,4.382928371429443
463,1251,9,4.012821197509766
463,1098,10,4.3772783279418945
464,610,1,4.569266319274902
464,114,2,4.652393817901611
464,408,3,4.638794422149658
464,168,4,4.95199728012085
464,500,5,4.3303608894348145
464,91,6,4.6278204917907715
464,9,7,4.89793062210083
464,318,8,4.883853912353516
464,502,9,4.459702491760254
464,518,10,4.6796393394470215
466,513,1,5.217896938323975
466,132,2,5.069948196411133
466,164,3,4.05854606628418
466,647,4,3.9871742725372314
466,189,5,3.8498847484588623
466,872,6,4.123252868652344
466,532,7,3.9633665084838867
466,443,8,4.010439872741699
466,533,9,4.39072322845459
466,525,10,4.388219833374023
467,182,1,4.928897857666016
467,584,2,4.37138032913208
467,179,3,4.821232318878174
467,615,4,4.063129425048828
467,488,5,4.218471527099609
467,178,6,4.520223140716553
467,603,7,4.483835220336914
467,968,8,3.8631484508514404
467,1007,9,4.175654411315918
467,168,10,4.172995090484619
468,1203,1,4.944390773773193
468,431,2,4.050884246826172
468,478,3,4.906720161437988
468,480,4,4.883335113525391
468,404,5,4.147819519042969
468,661,6,4.768366813659668
468,513,7,4.760288238525391
468,496,8,4.728612422943115
468,45,9,4.114375591278076
468,850,10,4.309263706207275
469,48,1,5.594020843505859
469,505,2,4.44675350189209
469,430,3,4.385049343109131
469,114,4,4.606328964233398
469,530,5,4.232826232910156
469,174,6,4.792341232299805
469,651,7,4.222346782684326
469,408,8,4.67714262008667
469,1159,9,4.5425801277160645
469,179,10,4.654793739318848
470,496,1,4.895363807678223
470,208,2,4.860770225524902
470,659,3,4.2198591232299805
470,211,4,4.33971643447876
470,75,5,3.999191999435425
470,60,6,4.421451091766357
470,114,7,4.156088829040527
470,125,8,4.407382488250732
470,200,9,4.3919677734375
470,117,10,4.23794412612915
471,22,1,4.9083757400512695
471,1160,2,3.931940793991089
471,675,3,3.9057066440582275
471,262,4,3.7444136142730713
471,11,5,3.627469062805176
471,575,6,3.888300657272339
471,954,7,3.606109380722046
471,237,8,3.880976676940918
471,533,9,3.776991844177246
471,500,10,4.189450740814209
472,1501,1,4.534012794494629
472,1506,2,4.719133377075195
472,515,3,4.719062328338623
472,510,4,5.253021240234375
472,486,5,4.647956848144531
472,1116,6,4.551689147949219
472,302,7,5.090982437133789
472,408,8,5.019441604614258
472,611,9,4.851878643035889
472,850,10,4.989166736602783
473,513,1,4.375060558319092
473,497,2,4.132627487182617
473,963,3,4.710962772369385
473,132,4,4.472893714904785
473,493,5,4.349042892456055
473,1269,6,4.451269626617432
473,172,7,4.619009971618652
473,211,8,4.588809013366699
473,272,9,4.427635192871094
473,125,10,4.058216571807861
474,1073,1,4.253638744354248
474,223,2,4.985570430755615
474,340,3,4.5208048820495605
474,1166,4,3.947518825531006
474,1459,5,4.160452842712402
474,533,6,4.466477394104004
474,844,7,4.083649635314941
474,109,8,4.4290289878845215
474,1121,9,4.01480770111084
474,1473,10,4.392975330352783
475,462,1,3.8521957397460938
475,194,2,4.179210186004639
475,251,3,3.388880968093872
475,59,4,3.4276063442230225
475,661,5,3.787580966949463
475,179,6,3.968305826187134
475,615,7,3.9727554321289062
475,127,8,3.9279143810272217
475,1065,9,3.375241994857788
475,705,10,3.7233684062957764
476,1125,1,3.967588186264038
476,530,2,4.232959747314453
476,179,3,4.464254379272461
476,418,4,3.7343649864196777
476,611,5,4.019260406494141
476,150,6,4.074802398681641
476,497,7,3.9995217323303223
476,1005,8,4.16192626953125
476,172,9,4.1593499183654785
476,207,10,3.9775309562683105
477,478,1,5.198969841003418
477,156,2,4.566722869873047
477,170,3,4.815846920013428
477,483,4,5.131889343261719
477,513,5,5.116495132446289
477,1084,6,4.70411491394043
477,115,7,4.9565510749816895
477,1428,8,5.078366756439209
477,484,9,4.949627876281738
477,166,10,4.946430206298828
478,1174,1,4.236451148986816
478,285,2,4.424660682678223
478,498,3,4.979272842407227
478,251,4,4.913183689117432
478,470,5,3.943950653076172
478,1211,6,4.209863662719727
478,418,7,4.575223922729492
478,490,8,4.057927131652832
478,679,9,3.821465015411377
478,333,10,4.0422258377075195
479,178,1,4.1344404220581055
479,919,2,4.672279357910156
479,1523,3,3.7368557453155518
479,484,4,4.252346515655518
479,611,5,4.599160194396973
479,52,6,3.9527463912963867
479,430,7,4.517215728759766
479,174,8,4.490363121032715
479,781,9,3.7618393898010254
479,443,10,3.839529275894165
480,292,1,4.082789421081543
480,205,2,4.327557563781738
480,525,3,4.318387031555176
480,198,4,4.200584888458252
480,813,5,4.167426586151123
480,320,6,3.7409589290618896
480,196,7,3.988162040710449
480,654,8,4.151293754577637
480,267,9,3.6202213764190674
480,919,10,3.8330814838409424
481,12,1,4.524590015411377
481,203,2,4.644847393035889
481,478,3,4.863714694976807
481,482,4,4.808435440063477
481,699,5,4.13099479675293
481,1099,6,4.40820837020874
481,654,7,4.581676959991455
481,520,8,4.760965347290039
481,443,9,4.272065162658691
481,154,10,4.315831184387207
482,484,1,4.5060858726501465
482,850,2,4.368433475494385
482,195,3,4.817498207092285
482,1220,4,4.248236179351807
482,1589,5,4.193085670471191
482,1005,6,4.332329750061035
482,101,7,4.111998081207275
482,132,8,4.565605163574219
482,198,9,4.375882625579834
482,488,10,4.515894412994385
483,1066,1,3.5792322158813477
483,659,2,4.308816909790039
483,694,3,4.270489692687988
483,1159,4,3.868457555770874
483,300,5,3.7651031017303467
483,690,6,3.8493218421936035
483,519,7,4.180230140686035
483,474,8,4.1218485832214355
483,691,9,3.587977409362793
483,344,10,3.6259124279022217
484,1450,1,4.525768280029297
484,1373,2,4.225754261016846
484,524,3,4.666272163391113
484,432,4,4.662856578826904
484,513,5,4.41115665435791
484,526,6,4.4086127281188965
484,194,7,4.40516471862793
484,224,8,4.799367427825928
484,489,9,4.710147857666016
484,661,10,4.289375305175781
485,654,1,4.95094108581543
485,1154,2,3.802614212036133
485,420,3,4.079723834991455
485,316,4,4.194075107574463
485,172,5,4.43578577041626
485,1367,6,3.9893898963928223
485,419,7,3.9249019622802734
485,435,8,3.8616302013397217
485,306,9,3.859015703201294
485,176,10,4.121296405792236
486,589,1,4.2140727043151855
486,172,2,4.6281962394714355
486,1531,3,3.7645084857940674
486,493,4,3.9712636470794678
486,498,5,4.328070163726807
486,811,6,4.565160274505615
486,853,7,4.035620212554932
486,199,8,4.322412014007568
486,416,9,3.749464750289917
486,99,10,4.220028877258301
487,1585,1,4.0365071296691895
487,168,2,4.968506813049316
487,208,3,4.955020427703857
487,516,4,4.95025110244751
487,778,5,4.540661811828613
487,969,6,4.256508827209473
487,1122,7,4.341151237487793
487,458,8,4.307938575744629
487,418,9,3.9867258071899414
487,922,10,4.285715579986572
488,429,1,3.4734926223754883
488,451,2,3.407583475112915
488,657,3,4.159601211547852
488,610,4,3.252504587173462
488,1560,5,3.3086130619049072
488,710,6,3.9482345581054688
488,736,7,3.682920217514038
488,1364,8,3.3771419525146484
488,607,9,3.3300302028656006
488,634,10,3.6711339950561523
489,224,1,4.535728454589844
489,129,2,5.564257621765137
489,181,3,5.443535804748535
489,642,4,4.6899871826171875
489,131,5,5.015028953552246
489,966,6,4.969470500946045
489,119,7,4.719506740570068
489,434,8,4.952588081359863
489,902,9,4.943282127380371
489,916,10,4.942413330078125
490,705,1,3.5055575370788574
490,654,2,3.875898838043213
490,811,3,3.06111478805542
490,525,4,3.651034355163574
490,923,5,3.2780795097351074
490,70,6,3.4030730724334717
490,922,7,3.626498222351074
490,658,8,3.15216064453125
490,153,9,3.5258564949035645
490,615,10,3.331747531890869
491,520,1,4.131890296936035
491,431,2,4.172842025756836
491,602,3,3.983302593231201
491,320,4,4.0014848709106445
491,513,5,4.412514686584473
491,533,6,4.376336097717285
491,531,7,3.9957985877990723
491,525,8,4.178029537200928
491,298,9,4.083449363708496
491,1166,10,3.784838914871216
492,408,1,3.973971366882324
492,661,2,3.6337060928344727
492,208,3,3.9126522541046143
492,530,4,3.3836405277252197
492,735,5,3.839402198791504
492,129,6,3.303321599960327
492,1643,7,3.2426085472106934
492,19,8,3.5812766551971436
492,455,9,3.671701431274414
492,1073,10,3.405363082885742
493,519,1,4.579579830169678
493,1194,2,4.520244598388672
493,657,3,4.518894672393799
493,613,4,4.356283187866211
493,847,5,4.76560640335083
493,736,6,4.221587181091309
493,427,7,4.4609904289245605
493,694,8,4.118625640869141
493,270,9,4.595695495605469
493,602,10,4.109203338623047
494,754,1,4.036343574523926
494,318,2,5.12537956237793
494,119,3,4.3392767906188965
494,432,4,4.453191757202148
494,634,5,3.930466890335083
494,436,6,4.40798807144165
494,96,7,4.59146785736084
494,173,8,4.584822654724121
494,171,9,4.378435134887695
494,646,10,4.03806734085083
495,1367,1,4.546541213989258
495,19,2,4.281517505645752
495,1193,3,4.654382705688477
495,117,4,4.971193313598633
495,1152,5,4.6457390785217285
495,685,6,4.339620113372803
495,480,7,4.841995716094971
495,1364,8,4.403902053833008
495,276,9,4.576096057891846
495,968,10,4.453415393829346
496,316,1,4.866809844970703
496,1073,2,4.249521732330322
496,91,3,3.884704828262329
496,307,4,4.101187705993652
496,813,5,3.583131790161133
496,611,6,3.8052175045013428
496,408,7,4.017473220825195
496,541,8,3.3499507904052734
496,1402,9,3.349905014038086
496,445,10,3.5551891326904297
497,116,1,4.8567609786987305
497,357,2,4.694969654083252
497,1370,3,3.592040777206421
497,663,4,4.4026618003845215
497,463,5,3.5889413356781006
497,505,6,3.8107452392578125
497,525,7,4.275652885437012
497,272,8,4.261528968811035
497,646,9,4.0762457847595215
497,191,10,4.063089847564697
498,408,1,4.190481662750244
498,589,2,3.671388626098633
498,248,3,3.6636528968811035
498,1560,4,3.282686471939087
498,466,5,3.9855167865753174
498,927,6,3.3176939487457275
498,115,7,3.4275474548339844
498,921,8,3.42492938041687
498,558,9,3.238865613937378
498,654,10,3.682537794113159
499,42,1,5.117929458618164
499,517,2,4.481574535369873
499,1368,3,4.184271812438965
499,434,4,4.46201753616333
499,253,5,4.328853130340576
499,320,6,4.682255744934082
499,813,7,4.315603733062744
499,533,8,3.9424548149108887
499,1459,9,3.9794669151306152
499,79,10,4.522799491882324
500,1396,1,4.250216484069824
500,156,2,4.398833751678467
500,661,3,4.383851051330566
500,963,4,4.137343883514404
500,657,5,4.636290550231934
500,612,6,4.622071266174316
500,1531,7,3.835456609725952
500,705,8,3.9154417514801025
500,115,9,3.9470882415771484
500,663,10,4.465913772583008
501,1064,1,4.406887054443359
501,654,2,4.659656524658203
501,513,3,4.931219577789307
501,199,4,4.651724338531494
501,408,5,4.469635009765625
501,474,6,4.87448787689209
501,137,7,4.464885711669922
501,435,8,4.5049872398376465
501,1589,9,4.190288543701172
501,194,10,4.681655406951904
502,318,1,4.964419841766357
502,496,2,4.933142185211182
502,56,3,4.8180832862854
502,236,4,3.9533281326293945
502,200,5,4.273358345031738
502,11,6,4.759822368621826
502,488,7,4.412997245788574
502,185,8,4.636773586273193
502,603,9,4.60921049118042
502,792,10,4.2177019119262695
503,1016,1,4.372509956359863
503,48,2,4.753004550933838
503,478,3,5.194864273071289
503,1005,4,4.361105442047119
503,500,5,4.167964458465576
503,656,6,4.4255499839782715
503,705,7,4.8540143966674805
503,474,8,4.510749340057373
503,519,9,4.833858966827393
503,653,10,4.7599639892578125
504,405,1,4.062477111816406
504,57,2,5.007122993469238
504,1203,3,4.4767069816589355
504,659,4,4.963675498962402
504,429,5,4.748178482055664
504,847,6,4.004524230957031
504,432,7,4.324581623077393
504,1405,8,4.153566837310791
504,500,9,3.9868385791778564
504,1096,10,3.982856512069702
505,443,1,3.7813076972961426
505,922,2,4.167023181915283
505,470,3,4.617197036743164
505,879,4,3.822114944458008
505,520,5,4.558631896972656
505,70,6,3.807209014892578
505,603,7,4.3353986740112305
505,1519,8,3.8675625324249268
505,1067,9,4.090536117553711
505,1126,10,3.7308177947998047
506,448,1,4.009055137634277
506,117,2,4.721201419830322
506,916,3,4.249731063842773
506,513,4,4.654036998748779
506,15,5,3.906259775161743
506,357,6,4.57299280166626
506,267,7,3.936981678009033
506,127,8,4.347550868988037
506,1159,9,4.178702354431152
506,109,10,4.281731128692627
507,1101,1,5.3514227867126465
507,484,2,5.21663236618042
507,857,3,5.103878974914551
507,1269,4,5.553404331207275
507,1293,5,4.845911979675293
507,507,6,5.445163249969482
507,1523,7,5.270014762878418
507,153,8,4.941361427307129
507,670,9,5.000258445739746
507,904,10,5.1475396156311035
508,853,1,4.2726521492004395
508,119,2,3.982778549194336
508,936,3,4.396397113800049
508,1500,4,4.382901668548584
508,657,5,4.679719924926758
508,525,6,4.373655319213867
508,127,7,4.654956340789795
508,863,8,4.112345218658447
508,171,9,4.5649518966674805
508,32,10,4.169590950012207
509,71,1,3.5721940994262695
509,661,2,3.5553953647613525
509,431,3,3.838810920715332
509,634,4,3.079516887664795
509,315,5,3.8105125427246094
509,202,6,3.7443976402282715
509,481,7,3.735398530960083
509,853,8,3.1521127223968506
509,718,9,3.2520928382873535
509,408,10,3.6748175621032715
510,498,1,4.634711742401123
510,519,2,3.895989418029785
510,1506,3,3.599945306777954
510,488,4,3.7402496337890625
510,194,5,3.668843984603882
510,1064,6,3.665276527404785
510,170,7,4.261487007141113
510,603,8,4.212132453918457
510,1154,9,3.6573565006256104
510,28,10,4.0623650550842285
511,603,1,5.392540454864502
511,474,2,5.279510974884033
511,701,3,4.7803263664245605
511,588,4,4.765871524810791
511,1137,5,4.910061359405518
511,958,6,4.999161720275879
511,1269,7,4.65972900390625
511,169,8,4.87654972076416
511,675,9,4.802982807159424
511,615,10,4.853228569030762
512,1240,1,3.933070421218872
512,151,2,3.8011908531188965
512,958,3,4.517296314239502
512,486,4,3.9061028957366943
512,484,5,4.237085342407227
512,511,6,4.236517906188965
512,143,7,4.195074081420898
512,178,8,4.374248504638672
512,12,9,4.0949578285217285
512,603,10,4.284485340118408
513,174,1,4.652736186981201
513,966,2,4.370445728302002
513,470,3,4.143666744232178
513,116,4,4.00662899017334
513,423,5,4.250735759735107
513,1159,6,4.4880170822143555
513,502,7,4.169486045837402
513,282,8,4.4664225578308105
513,199,9,4.463122844696045
513,663,10,4.406455993652344
514,963,1,5.290511608123779
514,805,2,4.335172176361084
514,1531,3,3.972399950027466
514,1196,4,4.018200874328613
514,1459,5,4.04886531829834
514,321,6,4.160066604614258
514,622,7,3.985140323638916
514,1019,8,4.490926265716553
514,966,9,4.48248291015625
514,71,10,4.480677127838135
516,1536,1,4.514621257781982
516,267,2,4.330923557281494
516,603,3,5.084002494812012
516,48,4,4.596869468688965
516,513,5,5.066954135894775
516,203,6,4.932009696960449
516,470,7,4.431629657745361
516,718,8,4.529492378234863
516,33,9,4.567760944366455
516,114,10,4.832348346710205
517,12,1,4.403484344482422
517,64,2,3.9758949279785156
517,320,3,3.642662763595581
517,81,4,3.374190330505371
517,515,5,3.6395792961120605
517,1019,6,3.8882827758789062
517,657,7,3.8432962894439697
517,182,8,3.282428026199341
517,165,9,3.7884862422943115
517,298,10,3.187225103378296
518,178,1,4.643171787261963
518,498,2,4.078735828399658
518,274,3,4.484229564666748
518,28,4,4.578991889953613
518,1154,5,4.440536975860596
518,198,6,4.430634021759033
518,434,7,4.353901386260986
518,153,8,4.692284107208252
518,611,9,4.425366401672363
518,509,10,4.5483880043029785
519,498,1,5.76505184173584
519,153,2,4.9399824142456055
519,176,3,5.112055778503418
519,922,4,4.5192766189575195
519,657,5,5.327305793762207
519,813,6,5.264808654785156
519,482,7,5.248837947845459
519,530,8,5.003347396850586
519,694,9,4.376677513122559
519,436,10,4.772924423217773
520,483,1,5.096742153167725
520,48,2,4.743124008178711
520,154,3,4.267980098724365
520,1125,4,4.302914142608643
520,181,5,4.950785160064697
520,863,6,4.587820053100586
520,603,7,4.847442150115967
520,50,8,4.838094711303711
520,143,9,4.466811656951904
520,170,10,4.780117511749268
521,443,1,3.396270275115967
521,116,2,4.172215461730957
521,190,3,4.111578464508057
521,19,4,4.063695907592773
521,198,5,4.053843975067139
521,1007,6,4.027125835418701
521,484,7,3.3003835678100586
521,331,8,3.4278316497802734
521,1144,9,3.729799270629883
521,432,10,3.4600024223327637
522,156,1,5.338247776031494
522,661,2,4.9315361976623535
522,194,3,4.845604419708252
522,501,4,4.306772708892822
522,1136,5,4.067509651184082
522,601,6,4.382600784301758
522,736,7,4.211450576782227
522,257,8,4.054351329803467
522,792,9,4.092429161071777
522,223,10,4.086700439453125
524,316,1,4.933979511260986
524,315,2,4.889322757720947
524,219,3,3.877929449081421
524,408,4,4.292328357696533
524,589,5,4.547399520874023
524,1390,6,3.9783132076263428
524,1064,7,4.128001689910889
524,1019,8,3.9540395736694336
524,1201,9,3.8381147384643555
524,966,10,4.357086658477783
525,318,1,4.519746780395508
525,1101,2,4.470080375671387
525,813,3,3.599713087081909
525,607,4,3.8790228366851807
525,52,5,4.099026203155518
525,1119,6,3.5396530628204346
525,1143,7,3.580528974533081
525,251,8,3.701688528060913
525,26,9,3.4468514919281006
525,201,10,3.741806745529175
526,190,1,3.9322988986968994
526,404,2,3.581352472305298
526,966,3,3.629291534423828
526,132,4,4.401620864868164
526,513,5,4.362326622009277
526,835,6,3.878020763397217
526,463,7,4.264734268188477
526,1269,8,3.7687594890594482
526,673,9,3.712756395339966
526,1268,10,3.8532631397247314
527,675,1,4.110908031463623
527,493,2,4.088804244995117
527,960,3,4.591889381408691
527,705,4,4.506119251251221
527,205,5,4.479179382324219
527,1475,6,3.8605644702911377
527,48,7,4.167927265167236
527,1098,8,3.6655285358428955
527,184,9,4.287848472595215
527,504,10,3.760202407836914
528,497,1,5.156852722167969
528,1594,2,3.8783702850341797
528,463,3,4.006470203399658
528,183,4,4.736056327819824
528,300,5,4.094804763793945
528,60,6,4.163087368011475
528,385,7,4.529587745666504
528,1064,8,4.082181453704834
528,171,9,4.4332051277160645
528,192,10,3.9793171882629395
529,1131,1,4.177956581115723
529,657,2,4.135443687438965
529,246,3,4.888858318328857
529,478,4,4.853649616241455
529,420,5,4.099242210388184
529,174,6,4.7883806228637695
529,430,7,4.735636234283447
529,511,8,4.716241836547852
529,661,9,4.356433868408203
529,923,10,4.646107196807861
530,603,1,5.193881511688232
530,1449,2,4.825971603393555
530,115,3,4.064451694488525
530,489,4,4.554957389831543
530,198,5,4.2983574867248535
530,272,6,4.36437463760376
530,510,7,4.494009971618652
530,697,8,4.273809432983398
530,969,9,4.265089988708496
530,1159,10,4.4658403396606445
531,611,1,4.890241622924805
531,661,2,4.570105075836182
531,315,3,4.127222537994385
531,171,4,4.22867488861084
531,850,5,4.347227096557617
531,89,6,4.344417095184326
531,61,7,4.437902927398682
531,206,8,4.052310943603516
531,69,9,4.583578586578369
531,479,10,4.611846446990967
532,423,1,5.282135963439941
532,651,2,5.220628261566162
532,1629,3,4.259525775909424
532,277,4,4.257951259613037
532,144,5,4.6142754554748535
532,966,6,4.793256759643555
532,198,7,4.2320475578308105
532,1102,8,4.417316436767578
532,83,9,4.7497992515563965
532,1367,10,4.746955394744873
533,189,1,4.486051559448242
533,932,2,3.4876201152801514
533,300,3,4.363137245178223
533,519,4,3.7698769569396973
533,653,5,3.5893948078155518
533,936,6,4.36252498626709
533,466,7,3.442394733428955
533,59,8,3.5331788063049316
533,114,9,3.984114646911621
533,856,10,3.625368595123291
534,11,1,4.493741989135742
534,431,2,5.389225959777832
534,42,3,5.352388381958008
534,1021,4,5.265411376953125
534,258,5,4.682218551635742
534,432,6,4.984040260314941
534,199,7,5.18605899810791
534,355,8,4.957977771759033
534,1203,9,4.9340386390686035
534,1129,10,4.838999271392822
535,175,1,4.826747417449951
535,242,2,4.794240474700928
535,472,3,3.9932498931884766
535,109,4,3.8922183513641357
535,1293,5,3.98344349861145
535,538,6,4.120046615600586
535,275,7,4.520779132843018
535,1485,8,4.32724666595459
535,1594,9,4.082396507263184
535,6,10,4.278579235076904
536,1377,1,3.9880855083465576
536,659,2,4.495603084564209
536,77,3,4.140677452087402
536,114,4,4.67742395401001
536,520,5,4.457362174987793
536,530,6,4.625751495361328
536,1636,7,4.280402183532715
536,310,8,4.085733413696289
536,127,9,4.616610050201416
536,99,10,4.437731742858887
537,773,1,3.121534824371338
537,774,2,2.9035110473632812
537,435,3,3.918519973754883
537,1643,4,3.4678120613098145
537,396,5,3.2536025047302246
537,420,6,3.035698175430298
537,1203,7,3.6727161407470703
537,1450,8,2.9665369987487793
537,1449,9,3.6208748817443848
537,645,10,3.212892532348633
538,197,1,3.9429099559783936
538,143,2,3.6957521438598633
538,200,3,4.31911563873291
538,465,4,3.8937063217163086
538,489,5,4.243500232696533
538,32,6,3.626819133758545
538,157,7,3.9972147941589355
538,922,8,4.165390968322754
538,916,9,3.7989132404327393
538,966,10,3.859995126724243
539,190,1,5.375136852264404
539,198,2,4.407773494720459
539,465,3,4.315307140350342
539,675,4,4.853964805603027
539,718,5,4.132470607757568
539,1064,6,4.125309467315674
539,1339,7,4.367434501647949
539,199,8,4.4649786949157715
539,189,9,4.659710884094238
539,1483,10,4.100529193878174
540,968,1,4.135555744171143
540,208,2,4.556431770324707
540,169,3,4.91508674621582
540,483,4,4.759808540344238
540,1269,5,4.331006050109863
540,613,6,4.533334255218506
540,320,7,4.649043560028076
540,488,8,4.388706684112549
540,1451,9,4.1909098625183105
540,1367,10,4.237417221069336
541,609,1,4.370824337005615
541,208,2,5.037879943847656
541,178,3,4.891999244689941
541,694,4,4.865441799163818
541,22,5,4.360320091247559
541,697,6,4.142894744873047
541,182,7,4.788997650146484
541,479,8,4.560503959655762
541,1137,9,4.537569522857666
541,1623,10,4.6789021492004395
542,185,1,4.993834495544434
542,268,2,3.8510847091674805
542,171,3,4.188262462615967
542,1169,4,3.8478071689605713
542,484,5,3.7220489978790283
542,177,6,4.128454208374023
542,203,7,4.068042755126953
542,474,8,4.255201816558838
542,520,9,4.062517166137695
542,156,10,4.221123218536377
543,298,1,4.610507965087891
543,1368,2,3.8231842517852783
543,302,3,4.328128814697266
543,1131,4,4.066715717315674
543,705,5,4.064361572265625
543,813,6,4.033379077911377
543,1070,7,3.7835793495178223
543,251,8,4.1633524894714355
543,1278,9,3.776298761367798
543,593,10,3.6716623306274414
544,603,1,4.566175937652588
544,479,2,4.510006427764893
544,1367,3,3.8033580780029297
544,318,4,4.458553791046143
544,482,5,4.457221031188965
544,498,6,3.902754783630371
544,589,7,3.7944719791412354
544,68,8,3.788907051086426
544,137,9,3.947415351867676
544,360,10,3.8075125217437744
545,483,1,4.848676681518555
545,455,2,3.993938446044922
545,488,3,4.560455322265625
545,1159,4,4.125943660736084
545,721,5,3.9274373054504395
545,300,6,4.112508773803711
545,1639,7,4.463572025299072
545,1367,8,4.434415340423584
545,1005,9,4.278308868408203
545,1131,10,4.053874492645264
546,484,1,4.882936477661133
546,922,2,5.252338409423828
546,1131,3,4.427082538604736
546,276,4,4.690918922424316
546,115,5,4.4727559089660645
546,152,6,4.277731895446777
546,102,7,4.468029022216797
546,127,8,4.943291187286377
546,319,9,4.305436611175537
546,174,10,4.8994526863098145
547,1159,1,4.464020252227783
547,318,2,4.814368724822998
547,169,3,4.391031265258789
547,480,4,4.755283832550049
547,1101,5,4.712200164794922
547,57,6,4.368529796600342
547,79,7,4.520334720611572
547,675,8,4.669705867767334
547,1203,9,4.4231414794921875
547,427,10,4.574965953826904
548,520,1,5.646479606628418
548,208,2,4.426244735717773
548,1103,3,4.505476951599121
548,646,4,4.412522792816162
548,694,5,4.494382381439209
548,430,6,4.711808204650879
548,1039,7,5.127853870391846
548,1413,8,4.119303226470947
548,645,9,4.347274303436279
548,963,10,4.8615641593933105
549,174,1,5.037724494934082
549,495,2,4.133111953735352
549,610,3,4.071096897125244
549,234,4,4.681984901428223
549,497,5,4.030628681182861
549,71,6,4.176637649536133
549,214,7,4.016768455505371
549,198,8,4.311866760253906
549,210,9,4.459946632385254
549,180,10,4.002920627593994
551,1512,1,5.369363307952881
551,1019,2,4.467818737030029
551,207,3,5.016780376434326
551,800,4,4.618175506591797
551,794,5,4.759098052978516
551,1172,6,4.451935291290283
551,179,7,4.94867467880249
551,589,8,4.687010288238525
551,671,9,4.826798915863037
551,945,10,4.480158805847168
552,385,1,3.866748809814453
552,210,2,4.214749336242676
552,114,3,4.203751564025879
552,659,4,4.11381196975708
552,1211,5,3.7029199600219727
552,850,6,3.618601083755493
552,87,7,4.057117938995361
552,1500,8,3.804921865463257
552,433,9,3.7304599285125732
552,653,10,3.581305503845215
553,508,1,4.584057331085205
553,32,2,4.441388130187988
553,1594,3,4.53631067276001
553,488,4,4.2772650718688965
553,22,5,4.687005043029785
553,1187,6,4.485391616821289
553,270,7,4.404303550720215
553,1269,8,4.464986324310303
553,844,9,4.141271114349365
553,198,10,4.4562554359436035
554,178,1,4.568711757659912
554,399,2,3.6357908248901367
554,185,3,4.4805474281311035
554,603,4,3.950727939605713
554,1159,5,3.673556327819824
554,1098,6,3.7633304595947266
554,653,7,3.665329933166504
554,480,8,4.208426475524902
554,308,9,3.6934943199157715
554,1154,10,3.724412202835083
555,709,1,4.865060329437256
555,963,2,5.4008684158325195
555,1062,3,4.617709636688232
555,14,4,5.29421329498291
555,538,5,4.698632717132568
555,497,6,4.696329116821289
555,427,7,5.115219593048096
555,430,8,5.072444915771484
555,603,9,5.0290398597717285
555,98,10,5.009946823120117
556,150,1,4.067288398742676
556,100,2,5.205568313598633
556,119,3,4.262607097625732
556,14,4,5.00221586227417
556,603,5,4.995018482208252
556,675,6,4.226631164550781
556,488,7,4.811766624450684
556,922,8,4.358768939971924
556,611,9,4.351789474487305
556,188,10,4.728583335876465
557,199,1,4.539273262023926
557,1,2,4.029733657836914
557,98,3,4.900032043457031
557,958,4,4.850829601287842
557,114,5,4.738907337188721
557,1019,6,4.496349811553955
557,83,7,4.251779556274414
557,203,8,4.6485185623168945
557,504,9,4.451768398284912
557,603,10,4.370519638061523
558,1114,1,3.942728281021118
558,966,2,4.131932735443115
558,285,3,4.412445545196533
558,48,4,4.003061771392822
558,203,5,3.801201581954956
558,519,6,3.9785470962524414
558,657,7,3.8925697803497314
558,1137,8,4.066458225250244
558,1367,9,4.0550007820129395
558,645,10,3.873053789138794
559,488,1,4.930237770080566
559,97,2,4.396050930023193
559,1157,3,4.129487037658691
559,945,4,4.062849998474121
559,656,5,4.6406378746032715
559,659,6,4.605618476867676
559,274,7,4.1012163162231445
559,657,8,4.2647247314453125
559,82,9,4.088131904602051
559,850,10,4.2067461013793945
561,408,1,4.427328109741211
561,169,2,3.636411190032959
561,429,3,3.413790225982666
561,1160,4,4.026392459869385
561,177,5,3.4130098819732666
561,999,6,3.2371554374694824
561,1604,7,3.945852756500244
561,1535,8,3.3696393966674805
561,272,9,3.679100751876831
561,420,10,3.454380989074707
562,513,1,4.845432758331299
562,1307,2,3.567056894302368
562,927,3,3.6242892742156982
562,423,4,4.485334396362305
562,285,5,4.350048542022705
562,470,6,3.751837968826294
562,61,7,4.339767932891846
562,488,8,4.316357612609863
562,211,9,3.730992078781128
562,654,10,4.312168121337891
563,316,1,5.622342109680176
563,1293,2,4.34128475189209
563,186,3,5.110401153564453
563,656,4,4.5707807540893555
563,1131,5,4.91676139831543
563,1331,6,4.451922416687012
563,174,7,4.811049938201904
563,474,8,4.480116844177246
563,114,9,4.480052947998047
563,1021,10,4.5977373123168945
564,513,1,4.200653553009033
564,187,2,4.187550067901611
564,87,3,3.949039936065674
564,1269,4,3.9022514820098877
564,9,5,3.7659924030303955
564,211,6,4.087566375732422
564,443,7,3.599322557449341
564,134,8,4.0441389083862305
564,646,9,3.67551589012146
564,498,10,3.6990699768066406
565,183,1,4.85284948348999
565,854,2,4.422494888305664
565,48,3,5.086215019226074
565,515,4,5.080916404724121
565,273,5,4.695895195007324
565,965,6,4.375461578369141
565,24,7,4.82512092590332
565,520,8,4.981340408325195
565,270,9,4.786576271057129
565,200,10,4.47297477722168
566,514,1,4.942445755004883
566,507,2,4.922194957733154
566,1536,3,3.9172933101654053
566,491,4,4.0048089027404785
566,648,5,4.1120285987854
566,850,6,4.20143985748291
566,657,7,4.4986796379089355
566,956,8,3.783057451248169
566,661,9,4.302787780761719
566,1406,10,4.162693023681641
567,694,1,4.968684196472168
567,285,2,4.0475382804870605
567,55,3,4.679555892944336
567,610,4,4.297276973724365
567,337,5,3.9732778072357178
567,1154,6,4.092214107513428
567,207,7,4.410472393035889
567,1005,8,4.593898773193359
567,211,9,4.384399890899658
567,558,10,4.065849781036377
568,190,1,3.9121549129486084
568,83,2,4.481752872467041
568,170,3,4.331981658935547
568,166,4,4.29257869720459
568,481,5,4.292420864105225
568,470,6,3.892627716064453
568,175,7,4.193004608154297
568,257,8,3.559455633163452
568,346,9,3.957920551300049
568,1367,10,3.922332286834717
569,513,1,5.025335788726807
569,443,2,3.9170241355895996
569,153,3,4.882791042327881
569,511,4,4.755367755889893
569,657,5,4.226275444030762
569,647,6,4.4583635330200195
569,207,7,4.31564998626709
569,1159,8,4.067578315734863
569,251,9,4.6426920890808105
569,83,10,4.007437229156494
570,360,1,4.123744487762451
570,89,2,4.935873985290527
570,524,3,4.9942803382873535
570,59,4,4.310131549835205
570,511,5,4.483154296875
570,923,6,4.587157249450684
570,526,7,4.443587779998779
570,968,8,4.213415145874023
570,1114,9,4.282683849334717
570,129,10,4.280324935913086
571,603,1,4.394466400146484
571,12,2,4.372387886047363
571,499,3,3.6111698150634766
571,48,4,4.053647041320801
571,234,5,3.5960893630981445
571,493,6,3.5788216590881348
571,558,7,3.7932863235473633
571,346,8,3.5241177082061768
571,474,9,3.7740914821624756
571,648,10,3.686066150665283
572,659,1,4.374991416931152
572,169,2,5.037420749664307
572,1084,3,4.096884727478027
572,496,4,4.421861171722412
572,42,5,4.284876823425293
572,408,6,4.506103038787842
572,705,7,4.338438510894775
572,12,8,4.67801570892334
572,199,9,4.494999885559082
572,28,10,4.628261566162109
573,318,1,4.737265110015869
573,434,2,3.868494749069214
573,136,3,4.470889091491699
573,484,4,4.437523365020752
573,1243,5,3.843724489212036
573,524,6,4.211954593658447
573,114,7,4.037711143493652
573,307,8,3.9298977851867676
573,203,9,3.8023672103881836
573,1512,10,4.291314125061035
574,533,1,3.9818179607391357
574,233,2,3.7651519775390625
574,45,3,4.69781494140625
574,265,4,3.959864854812622
574,50,5,4.687373638153076
574,1142,6,4.067991733551025
574,516,7,4.452212810516357
574,318,8,4.270608901977539
574,246,9,4.448729038238525
574,11,10,3.879671096801758
575,117,1,3.521801710128784
575,315,2,3.9081244468688965
575,1203,3,3.90645694732666
575,1269,4,3.7820823192596436
575,119,5,4.084262847900391
575,199,6,4.0800909996032715
575,192,7,3.5502755641937256
575,642,8,3.719831705093384
575,493,9,3.851139545440674
575,694,10,3.92730450630188
576,203,1,5.038302421569824
576,179,2,4.886431694030762
576,1483,3,4.197062969207764
576,732,4,4.1012067794799805
576,916,5,4.1328840255737305
576,611,6,4.448695659637451
576,1159,7,4.446961879730225
576,1103,8,4.270135402679443
576,127,9,4.4157915115356445
576,466,10,4.545591354370117
577,488,1,3.9096839427948
577,177,2,4.30290412902832
577,523,3,4.756124496459961
577,633,4,4.714184761047363
577,520,5,4.402279853820801
577,270,6,4.378551483154297
577,83,7,4.226818084716797
577,445,8,4.16270637512207
577,606,9,4.3659491539001465
577,1451,10,4.548789024353027
578,320,1,4.080294609069824
578,1019,2,4.635937213897705
578,853,3,4.131019115447998
578,488,4,4.020863056182861
578,465,5,3.8684332370758057
578,185,6,4.558665752410889
578,64,7,4.485479354858398
578,1450,8,3.9348459243774414
578,172,9,4.366530895233154
578,805,10,3.9157257080078125
579,12,1,4.744954586029053
579,657,2,4.6184258460998535
579,607,3,3.8127098083496094
579,95,4,3.7474937438964844
579,267,5,3.5756726264953613
579,588,6,4.242988586425781
579,516,7,4.002092361450195
579,776,8,3.780729055404663
579,175,9,3.5578455924987793
579,96,10,3.6212072372436523
580,194,1,5.244865417480469
580,744,2,4.320679664611816
580,675,3,4.265789985656738
580,673,4,4.26469087600708
580,1294,5,4.26192045211792
580,11,6,4.431272029876709
580,174,7,4.856050491333008
580,659,8,4.500117301940918
580,28,9,4.80389404296875
580,143,10,4.7833685874938965
581,408,1,4.475029945373535
581,445,2,4.045734405517578
581,661,3,4.6264753341674805
581,601,4,4.187445163726807
581,197,5,4.3229570388793945
581,528,6,4.410161018371582
581,357,7,4.584320545196533
581,778,8,4.220076084136963
581,484,9,4.561245918273926
581,124,10,4.368194580078125
582,209,1,5.320882797241211
582,511,2,4.527735233306885
582,408,3,4.935697555541992
582,169,4,4.918403625488281
582,199,5,4.659846305847168
582,1482,6,3.8864858150482178
582,474,7,4.578117370605469
582,173,8,4.381446361541748
582,447,9,4.153982639312744
582,1604,10,3.8125081062316895
583,811,1,4.535606861114502
583,492,2,4.532985687255859
583,98,3,4.947713375091553
583,12,4,4.898786544799805
583,213,5,4.661712646484375
583,177,6,4.627741813659668
583,657,7,4.750519752502441
583,269,8,4.6230902671813965
583,500,9,4.541098594665527
583,1367,10,4.5373616218566895
584,525,1,4.881736755371094
584,178,2,4.871348857879639
584,916,3,4.489565849304199
584,1449,4,4.475377082824707
584,408,5,4.685425758361816
584,484,6,4.554759979248047
584,480,7,4.41937255859375
584,89,8,4.545703411102295
584,182,9,4.459130764007568
584,474,10,4.228457450866699
585,960,1,4.291106224060059
585,1098,2,4.775437355041504
585,161,3,5.180959224700928
585,488,4,4.252922058105469
585,610,5,3.9108726978302
585,916,6,4.234682559967041
585,850,7,4.051032066345215
585,114,8,4.2153639793396
585,478,9,4.410223960876465
585,675,10,4.322127342224121
586,302,1,4.849377632141113
586,316,2,4.597845077514648
586,504,3,4.116559982299805
586,916,4,4.536344528198242
586,466,5,4.1635003089904785
586,853,6,4.159165382385254
586,644,7,3.6528537273406982
586,794,8,4.33597993850708
586,966,9,4.025392055511475
586,868,10,4.3170366287231445
588,46,1,4.531869888305664
588,1560,2,4.213156223297119
588,657,3,4.145530700683594
588,1005,4,4.144710063934326
588,455,5,4.203374862670898
588,705,6,4.676351547241211
588,1019,7,4.652558326721191
588,394,8,4.629117012023926
588,465,9,4.249216079711914
588,1201,10,4.061293601989746
589,470,1,5.036165237426758
589,1114,2,4.214064598083496
589,12,3,5.034843921661377
589,99,4,4.852823257446289
589,1138,5,3.979231119155884
589,174,6,4.685753345489502
589,863,7,4.681697845458984
589,97,8,4.394839286804199
589,494,9,4.595390319824219
589,228,10,4.565447807312012
590,496,1,4.223576068878174
590,566,2,4.325617790222168
590,50,3,4.475646495819092
590,51,4,3.8998379707336426
590,694,5,4.491002559661865
590,922,6,4.449580192565918
590,659,7,4.822580337524414
590,661,8,4.299635887145996
590,61,9,3.9851009845733643
590,171,10,4.566686630249023
591,297,1,4.322301864624023
591,177,2,4.081244945526123
591,1367,3,4.164728164672852
591,558,4,4.255537033081055
591,198,5,4.432646751403809
591,727,6,4.0376787185668945
591,529,7,4.216838359832764
591,114,8,4.356876850128174
591,968,9,3.9504199028015137
591,1126,10,4.331733703613281
592,509,1,4.572295188903809
592,968,2,4.080276012420654
592,311,3,4.3049397468566895
592,1159,4,3.949401378631592
592,916,5,4.46543025970459
592,1482,6,4.1117987632751465
592,491,7,4.424011707305908
592,1638,8,4.259067535400391
592,511,9,4.661881923675537
592,205,10,4.58676290512085
593,497,1,4.266700267791748
593,385,2,4.917732238769531
593,533,3,4.2597527503967285
593,516,4,4.6992411613464355
593,479,5,4.616610050201416
593,603,6,4.607504844665527
593,806,7,4.136055946350098
593,119,8,4.207446575164795
593,22,9,4.305997848510742
593,850,10,4.466044902801514
594,60,1,4.37709379196167
594,408,2,4.3291449546813965
594,922,3,3.9965713024139404
594,12,4,4.291296482086182
594,648,5,3.982107162475586
594,868,6,3.975574016571045
594,519,7,4.191022872924805
594,430,8,4.028049468994141
594,709,9,4.016406059265137
594,132,10,3.8861682415008545
595,513,1,4.464169025421143
595,1070,2,4.2375288009643555
595,189,3,4.693355083465576
595,1143,4,4.04838752746582
595,511,5,4.227807521820068
595,216,6,4.597510814666748
595,183,7,4.126733303070068
595,1594,8,3.968630790710449
595,132,9,3.881481647491455
595,99,10,4.477389812469482
596,603,1,4.989342212677002
596,117,2,4.143470764160156
596,114,3,4.624431133270264
596,272,4,4.40537166595459
596,173,5,4.330259323120117
596,479,6,4.5548553466796875
596,59,7,4.553908824920654
596,487,8,4.503636837005615
596,143,9,4.373356819152832
596,1268,10,4.24347448348999
597,83,1,5.352203845977783
597,10,2,4.725192546844482
597,484,3,4.342667579650879
597,1139,4,4.337273597717285
597,538,5,4.477862358093262
597,1367,6,4.413381576538086
597,511,7,4.1220903396606445
597,607,8,4.6591362953186035
597,652,9,4.609280109405518
597,922,10,4.303278923034668
598,64,1,4.480350494384766
598,966,2,3.987807035446167
598,134,3,4.170992851257324
598,320,4,3.680276393890381
598,657,5,3.4774184226989746
598,169,6,3.6669180393218994
598,318,7,4.039763927459717
598,200,8,3.865363597869873
598,1153,9,3.5523595809936523
598,92,10,3.522313117980957
599,516,1,5.379276752471924
599,302,2,4.908440113067627
599,530,3,4.892877578735352
599,115,4,4.592834949493408
599,511,5,5.01289176940918
599,223,6,4.546262741088867
599,694,7,5.223623275756836
599,95,8,5.119569778442383
599,1019,9,5.116951942443848
599,923,10,4.647906303405762
600,1240,1,4.298404216766357
600,483,2,4.694982528686523
600,757,3,4.108697891235352
600,525,4,4.99962854385376
600,203,5,4.998401641845703
600,856,6,4.907200813293457
600,116,7,4.414183139801025
600,1043,8,4.199859619140625
600,114,9,4.603407382965088
600,968,10,4.196077823638916
601,488,1,3.976426839828491
601,1020,2,3.827458143234253
601,1007,3,3.769808769226074
601,13,4,4.156027317047119
601,478,5,4.141913890838623
601,1019,6,4.087665557861328
601,694,7,3.748410701751709
601,101,8,4.048917293548584
601,403,9,3.8434932231903076
601,45,10,3.995248317718506
602,89,1,4.387293815612793
602,603,2,4.869943141937256
602,922,3,4.0148797035217285
602,185,4,4.3037519454956055
602,493,5,4.361392021179199
602,489,6,4.4492316246032715
602,315,7,4.26474142074585
602,604,8,4.340212821960449
602,1386,9,4.211026668548584
602,435,10,4.52386474609375
603,705,1,5.273614406585693
603,1558,2,4.242115497589111
603,455,3,4.5712738037109375
603,1159,4,5.021773338317871
603,568,5,4.151735305786133
603,318,6,4.987037658691406
603,1007,7,4.420938014984131
603,500,8,4.856479167938232
603,490,9,4.526291370391846
603,686,10,4.603738784790039
604,488,1,4.114198684692383
604,653,2,3.721156358718872
604,435,3,4.397319316864014
604,498,4,4.005181789398193
604,115,5,3.905109167098999
604,417,6,3.715399742126465
604,958,7,3.855116605758667
604,648,8,4.082978248596191
604,999,9,3.801605701446533
604,114,10,3.9188852310180664
605,515,1,4.968598365783691
605,613,2,4.053900718688965
605,530,3,4.024646759033203
605,197,4,4.8115692138671875
605,675,5,4.493268966674805
605,265,6,4.3316144943237305
605,257,7,4.030865669250488
605,1046,8,3.9363040924072266
605,119,9,4.704706192016602
605,502,10,4.427819728851318
606,318,1,4.949283123016357
606,656,2,4.566952228546143
606,648,3,4.561849117279053
606,784,4,4.049001693725586
606,331,5,4.326915740966797
606,694,6,4.731731414794922
606,338,7,4.2918009757995605
606,268,8,4.7193098068237305
606,51,9,4.065603256225586
606,115,10,4.670485496520996
607,525,1,4.560505390167236
607,11,2,3.7981085777282715
607,1639,3,3.892879009246826
607,141,4,3.7536654472351074
607,12,5,4.512444019317627
607,177,6,4.257436752319336
607,354,7,3.8281822204589844
607,251,8,4.350613594055176
607,134,9,4.3452301025390625
607,651,10,4.305105686187744
608,919,1,3.7117724418640137
608,153,2,4.626004695892334
608,494,3,4.1678338050842285
608,504,4,3.858867645263672
608,175,5,4.426759719848633
608,1402,6,3.670820713043213
608,1459,7,3.4880118370056152
608,488,8,3.4860987663269043
608,313,9,3.8071229457855225
608,1203,10,4.250232696533203
609,357,1,5.039214611053467
609,197,2,4.7616376876831055
609,850,3,3.9515998363494873
609,515,4,3.788883686065674
609,191,5,4.122244358062744
609,828,6,3.7639522552490234
609,50,7,4.3236083984375
609,487,8,4.080604076385498
609,269,9,4.248046875
609,1512,10,3.8087165355682373
610,515,1,4.766449451446533
610,529,2,4.627647399902344
610,836,3,3.6711153984069824
610,479,4,4.522158622741699
610,511,5,4.492307662963867
610,1171,6,3.7573587894439697
610,499,7,4.38124418258667
610,470,8,4.319950103759766
610,360,9,3.6412041187286377
610,602,10,4.026169776916504
611,357,1,5.496616363525391
611,238,2,5.028768539428711
611,169,3,4.846629619598389
611,89,4,4.710696697235107
611,293,5,4.388676166534424
611,181,6,4.61049747467041
611,433,7,4.229400634765625
611,1159,8,4.288525581359863
611,1278,9,4.3498382568359375
611,1482,10,4.034112930297852
612,705,1,4.064614295959473
612,488,2,4.89915657043457
612,514,3,4.3768815994262695
612,661,4,4.0988616943359375
612,524,5,4.486053943634033
612,603,6,4.711825370788574
612,99,7,4.355392932891846
612,242,8,4.544723987579346
612,1594,9,4.031569004058838
612,888,10,4.102879047393799
613,634,1,3.996342897415161
613,492,2,4.213714599609375
613,177,3,4.302454471588135
613,174,4,4.523908615112305
613,493,5,4.174521446228027
613,675,6,4.275697708129883
613,193,7,4.270324230194092
613,654,8,4.428362846374512
613,71,9,4.045231342315674
613,1142,10,4.001041412353516
614,603,1,4.623382091522217
614,480,2,4.405411720275879
614,519,3,4.338947296142578
614,1064,4,3.530945062637329
614,648,5,3.980775833129883
614,1233,6,3.519033432006836
614,483,7,3.9549224376678467
614,32,8,3.9311232566833496
614,119,9,3.826629400253296
614,746,10,3.540411949157715
615,174,1,4.170215129852295
615,636,2,3.8725180625915527
615,52,3,4.881365776062012
615,515,4,4.871480941772461
615,1449,5,4.351817607879639
615,1073,6,4.494743347167969
615,659,7,4.330211639404297
615,653,8,4.656417369842529
615,853,9,4.035717010498047
615,432,10,4.593776702880859
616,190,1,4.6562724113464355
616,402,2,3.9614500999450684
616,119,3,4.314846038818359
616,498,4,4.548129081726074
616,474,5,4.513050556182861
616,513,6,4.509541988372803
616,1190,7,3.8793246746063232
616,174,8,4.474987030029297
616,9,9,4.0729169845581055
616,97,10,4.0696258544921875
617,947,1,3.317566156387329
617,654,2,4.34542989730835
617,209,3,4.3523268699646
617,258,4,3.426481246948242
617,1506,5,3.2378904819488525
617,511,6,3.2241835594177246
617,435,7,3.976935863494873
617,285,8,3.868468761444092
617,177,9,3.5533018112182617
617,300,10,2.9977149963378906
618,523,1,4.432798862457275
618,345,2,3.4415738582611084
618,1019,3,3.438697099685669
618,922,4,3.477571725845337
618,1142,5,4.276528835296631
618,661,6,4.227083683013916
618,527,7,4.178666114807129
618,114,8,3.5145368576049805
618,171,9,4.069047927856445
618,811,10,3.7197957038879395
619,75,1,4.304678440093994
619,177,2,4.655569553375244
619,675,3,3.9855051040649414
619,190,4,3.846010208129883
619,501,5,4.055398464202881
619,465,6,3.895477771759033
619,499,7,3.8231277465820312
619,64,8,4.389594554901123
619,1070,9,3.921618700027466
619,602,10,4.00998067855835
620,532,1,4.107075214385986
620,278,2,4.162646770477295
620,645,3,4.236311435699463
620,1539,4,4.085137844085693
620,498,5,4.488170623779297
620,161,6,4.717524528503418
620,493,7,4.387993812561035
620,968,8,4.386902332305908
620,251,9,4.699479579925537
620,691,10,4.1201958656311035
621,12,1,5.041176795959473
621,203,2,4.533092021942139
621,1070,3,4.027020454406738
621,530,4,4.509754180908203
621,1129,5,4.021944522857666
621,603,6,4.4673542976379395
621,157,7,4.310970783233643
621,538,8,4.434150695800781
621,1429,9,4.14974308013916
621,1466,10,4.568353652954102
623,50,1,4.784697532653809
623,1137,2,3.61657977104187
623,654,3,3.566399574279785
623,1142,4,3.827070951461792
623,210,5,3.995610475540161
623,114,6,3.9951658248901367
623,1599,7,3.6785337924957275
623,69,8,3.5546460151672363
623,191,9,4.124669551849365
623,169,10,3.9127700328826904
624,89,1,4.235533714294434
624,1154,2,4.427309513092041
624,811,3,4.025704860687256
624,357,4,4.717322826385498
624,654,5,4.362039089202881
624,203,6,4.462189197540283
624,114,7,4.459441184997559
624,1159,8,4.136458873748779
624,604,9,4.237703323364258
624,610,10,4.2365193367004395
625,12,1,4.4469099044799805
625,547,2,3.803724527359009
625,1367,3,3.963123321533203
625,42,4,3.8561654090881348
625,1428,5,3.9042727947235107
625,320,6,3.7551686763763428
625,1159,7,4.111433982849121
625,582,8,3.622053384780884
625,664,9,4.009883403778076
625,199,10,3.7036733627319336
626,318,1,4.460574150085449
626,1459,2,3.442816734313965
626,867,3,3.3308539390563965
626,1233,4,3.5862839221954346
626,531,5,4.0215253829956055
626,116,6,3.8012959957122803
626,511,7,3.94394588470459
626,663,8,3.6178455352783203
626,115,9,3.872976303100586
626,15,10,3.8719115257263184
627,589,1,5.001504898071289
627,952,2,3.7812552452087402
627,134,3,4.576360702514648
627,495,4,3.923954963684082
627,671,5,4.517256736755371
627,1143,6,4.206480979919434
627,1104,7,3.7063283920288086
627,283,8,4.416330814361572
627,48,9,4.378324508666992
627,484,10,4.014385223388672
628,524,1,4.993725299835205
628,114,2,5.653193950653076
628,242,3,5.200415134429932
628,57,4,5.349247932434082
628,333,5,5.02676248550415
628,916,6,5.457259178161621
628,200,7,5.004798412322998
628,119,8,5.301794528961182
628,1005,9,5.432542324066162
628,56,10,5.295574188232422
629,129,1,5.281463623046875
629,466,2,5.120840549468994
629,1269,3,4.5501322746276855
629,75,4,4.090560436248779
629,1012,5,4.817314624786377
629,484,6,4.482508659362793
629,474,7,4.25143575668335
629,225,8,4.201976776123047
629,1004,9,4.109582424163818
629,1556,10,4.247880458831787
630,1028,1,4.810822486877441
630,419,2,4.17453670501709
630,1558,3,3.879448413848877
630,89,4,4.67850923538208
630,707,5,4.649643898010254
630,530,6,4.158513069152832
630,418,7,4.273770809173584
630,922,8,3.773961305618286
630,1125,9,3.9449985027313232
630,144,10,3.811326503753662
631,168,1,4.292701244354248
631,318,2,4.266397953033447
631,1203,3,3.705064296722412
631,211,4,4.24111270904541
631,1159,5,3.946371078491211
631,657,6,3.749732494354248
631,176,7,3.6965456008911133
631,132,8,3.8114333152770996
631,1142,9,4.016463279724121
631,863,10,3.8485100269317627
632,657,1,4.236386775970459
632,431,2,3.809631586074829
632,1142,3,4.194530963897705
632,851,4,4.012716293334961
632,210,5,4.380384922027588
632,418,6,3.7808852195739746
632,429,7,4.346184253692627
632,462,8,4.1626505851745605
632,1159,9,3.837726593017578
632,274,10,3.776968479156494
633,516,1,3.5504536628723145
633,588,2,3.4478759765625
633,520,3,4.143383979797363
633,568,4,4.103217124938965
633,291,5,3.687809944152832
633,528,6,3.9841644763946533
633,222,7,3.9594802856445312
633,25,8,3.568239450454712
633,191,9,3.6354050636291504
633,690,10,3.5527029037475586
634,710,1,3.5553200244903564
634,525,2,3.823490619659424
634,96,3,4.326359748840332
634,1240,4,3.7660186290740967
634,916,5,4.120026111602783
634,653,6,3.610581398010254
634,52,7,3.684563159942627
634,502,8,3.9136910438537598
634,966,9,3.9199793338775635
634,320,10,4.039958477020264
635,433,1,5.109929084777832
635,180,2,4.353888034820557
635,152,3,4.516049861907959
635,1147,4,3.942593812942505
635,127,5,4.855683326721191
635,173,6,4.816300868988037
635,408,7,4.4144062995910645
635,12,8,4.606854438781738
635,135,9,4.583225250244141
635,511,10,4.549166679382324
636,316,1,5.011266708374023
636,471,2,4.464260578155518
636,315,3,4.579636573791504
636,1269,4,4.531865119934082
636,203,5,4.784327507019043
636,50,6,4.749217987060547
636,173,7,4.365164756774902
636,968,8,4.12705659866333
636,265,9,4.6203460693359375
636,641,10,4.464825630187988
637,604,1,3.3150713443756104
637,265,2,4.059094429016113
637,11,3,3.381239414215088
637,357,4,3.4885354042053223
637,1240,5,3.3574445247650146
637,427,6,3.5922327041625977
637,71,7,3.576381206512451
637,1547,8,3.1508901119232178
637,1269,9,3.3272616863250732
637,89,10,3.7250075340270996
638,173,1,5.043603420257568
638,1016,2,3.8942582607269287
638,436,3,3.5502078533172607
638,922,4,3.684154510498047
638,1159,5,4.187414646148682
638,320,6,3.7270593643188477
638,1623,7,3.9691247940063477
638,1269,8,3.71939754486084
638,107,9,3.527468204498291
638,189,10,3.9205963611602783
639,169,1,4.012420177459717
639,558,2,3.6377804279327393
639,611,3,3.3195629119873047
639,71,4,2.998981475830078
639,521,5,3.937814712524414
639,922,6,3.425732374191284
639,443,7,3.5248711109161377
639,1009,8,3.2253565788269043
639,900,9,3.504030227661133
639,1203,10,3.48842191696167
640,603,1,5.597755432128906
640,127,2,5.314557075500488
640,644,3,4.861601829528809
640,837,4,4.778697490692139
640,179,5,4.52155876159668
640,479,6,5.063042163848877
640,525,7,5.045403957366943
640,1345,8,4.5165228843688965
640,694,9,4.518418312072754
640,203,10,4.742317199707031
641,60,1,5.219516754150391
641,604,2,4.372593402862549
641,505,3,4.335333824157715
641,313,4,4.069275856018066
641,176,5,4.188419818878174
641,1449,6,4.321954727172852
641,430,7,4.229902267456055
641,613,8,4.2934651374816895
641,520,9,4.27838659286499
641,1064,10,3.92240047454834
642,215,1,5.276050090789795
642,478,2,5.226465702056885
642,696,3,4.62763786315918
642,750,4,4.971828937530518
642,343,5,4.4396209716796875
642,488,6,4.904616355895996
642,902,7,4.307920932769775
642,538,8,4.004664897918701
642,320,9,4.036670207977295
642,272,10,4.470752716064453
643,427,1,4.375290870666504
643,850,2,4.023868560791016
643,480,3,4.233048915863037
643,1131,4,3.892408609390259
643,1166,5,4.240161895751953
643,1019,6,4.584863185882568
643,199,7,4.219261169433594
643,887,8,4.576071739196777
643,853,9,4.418609619140625
643,498,10,4.399441719055176
644,482,1,5.199399471282959
644,211,2,5.147502422332764
644,519,3,4.7832865715026855
644,169,4,4.7587995529174805
644,210,5,4.658742904663086
644,275,6,4.538700580596924
644,119,7,4.730350971221924
644,1380,8,4.322329998016357
644,493,9,4.606484413146973
644,318,10,4.858606815338135
645,511,1,5.106480598449707
645,351,2,4.096999645233154
645,302,3,4.53501033782959
645,1194,4,4.248187065124512
645,503,5,3.785865545272827
645,1293,6,3.9822616577148438
645,603,7,4.4647932052612305
645,922,8,4.235509872436523
645,490,9,4.223944187164307
645,153,10,4.212640285491943
647,603,1,4.930441379547119
647,19,2,4.555981159210205
647,513,3,4.909960746765137
647,922,4,4.491791725158691
647,615,5,4.635974407196045
647,1167,6,4.273058891296387
647,530,7,4.4757981300354
647,515,8,4.6120171546936035
647,529,9,4.527708053588867
647,611,10,4.687217712402344
648,1364,1,3.7859110832214355
648,632,2,4.690552711486816
648,1019,3,4.582189083099365
648,768,4,4.136262893676758
648,482,5,4.486087799072266
648,189,6,3.9878194332122803
648,521,7,4.111477851867676
648,607,8,4.327113151550293
648,488,9,4.0505900382995605
648,419,10,3.8546042442321777
649,1007,1,4.495104789733887
649,707,2,4.681221008300781
649,175,3,4.213996887207031
649,966,4,4.360191822052002
649,745,5,4.213565826416016
649,919,6,4.045355796813965
649,97,7,4.437518119812012
649,223,8,4.6027913093566895
649,588,9,4.2621235847473145
649,694,10,4.543862819671631
650,513,1,4.179359436035156
650,1377,2,3.622687816619873
650,285,3,3.8375120162963867
650,302,4,3.497037887573242
650,119,5,4.018571376800537
650,610,6,3.609567642211914
650,1367,7,3.987185478210449
650,1511,8,3.345689296722412
650,33,9,3.421499729156494
650,124,10,3.9005002975463867
651,169,1,4.349438190460205
651,275,2,3.974524736404419
651,484,3,3.954711437225342
651,1073,4,3.6802005767822266
651,792,5,3.8347692489624023
651,603,6,4.168554306030273
651,156,7,3.4899940490722656
651,492,8,3.9168789386749268
651,190,9,4.1275715827941895
651,811,10,3.6546177864074707
652,56,1,4.493957042694092
652,187,2,3.8769583702087402
652,479,3,4.325796604156494
652,203,4,4.211513996124268
652,945,5,3.5544497966766357
652,641,6,4.148457050323486
652,484,7,3.6675302982330322
652,61,8,3.9372899532318115
652,1449,9,4.103410243988037
652,661,10,3.7380125522613525
653,45,1,3.6677474975585938
653,710,2,3.412471294403076
653,12,3,4.082475662231445
653,1159,4,3.4956743717193604
653,774,5,3.4763121604919434
653,1084,6,3.2217907905578613
653,513,7,3.788958787918091
653,418,8,3.5607404708862305
653,133,9,3.0626304149627686
653,99,10,3.4342644214630127
654,663,1,3.8828883171081543
654,48,2,3.940783739089966
654,613,3,3.6577491760253906
654,1159,4,4.1647748947143555
654,525,5,3.924914836883545
654,1220,6,4.163702487945557
654,1129,7,4.365050315856934
654,190,8,4.328926086425781
654,519,9,3.678502082824707
654,505,10,3.969944953918457
655,659,1,3.375253915786743
655,361,2,3.368696689605713
655,613,3,3.870966911315918
655,432,4,3.863253116607666
655,970,5,3.193911552429199
655,201,6,3.7332043647766113
655,968,7,3.228686809539795
655,1332,8,2.935422420501709
655,1142,9,3.698103189468384
655,114,10,3.59592342376709
656,1142,1,3.6934704780578613
656,963,2,4.142928123474121
656,208,3,4.128072261810303
656,71,4,3.54960298538208
656,519,5,3.65897798538208
656,523,6,3.4813263416290283
656,705,7,3.9260306358337402
656,482,8,3.9011833667755127
656,1367,9,3.5273265838623047
656,489,10,3.572073459625244
657,496,1,4.533681392669678
657,958,2,4.05520486831665
657,290,3,3.5722551345825195
657,210,4,4.046718597412109
657,71,5,3.825521945953369
657,1142,6,4.023211479187012
657,519,7,3.8955516815185547
657,156,8,3.8865807056427
657,127,9,3.6795966625213623
657,1159,10,4.070415019989014
658,474,1,4.486118793487549
658,483,2,4.462671756744385
658,805,3,3.8812239170074463
658,153,4,4.357272624969482
658,203,5,3.8132591247558594
658,921,6,3.758084774017334
658,488,7,3.985990047454834
658,505,8,4.100067615509033
658,71,9,3.9144864082336426
658,684,10,3.7926390171051025
659,22,1,4.859338760375977
659,1111,2,3.9524354934692383
659,684,3,3.886798143386841
659,1594,4,4.205014705657959
659,184,5,4.194760799407959
659,114,6,3.9374160766601562
659,605,7,3.832489490509033
659,429,8,4.334838390350342
659,470,9,3.9785938262939453
659,2,10,3.871337652206421
660,152,1,3.5241384506225586
660,1159,2,4.073669910430908
660,1367,3,4.03111457824707
660,529,4,3.2371461391448975
660,966,5,3.6180732250213623
660,408,6,3.852534532546997
660,1166,7,3.2753429412841797
660,630,8,3.102175235748291
660,223,9,3.804804563522339
660,549,10,3.342912197113037
661,22,1,4.998913764953613
661,399,2,4.221227645874023
661,1386,3,3.90952205657959
661,651,4,4.418900489807129
661,99,5,4.411647796630859
661,654,6,4.114209175109863
661,530,7,4.2485809326171875
661,1243,8,3.9770679473876953
661,639,9,4.162949085235596
661,114,10,4.535648822784424
662,186,1,4.346795558929443
662,656,2,3.991129159927368
662,515,3,4.32265567779541
662,127,4,4.083499908447266
662,198,5,3.865410804748535
662,22,6,4.253886699676514
662,484,7,3.9240803718566895
662,48,8,3.967503309249878
662,661,9,4.172621250152588
662,61,10,4.1430511474609375
663,71,1,4.000732898712158
663,38,2,3.9425065517425537
663,526,3,4.588157653808594
663,79,4,4.4831743240356445
663,484,5,4.441824913024902
663,1269,6,4.425575256347656
663,960,7,3.852642297744751
663,88,8,4.2415547370910645
663,482,9,4.240946292877197
663,511,10,4.001028060913086
664,497,1,4.830918788909912
664,653,2,3.7614586353302
664,46,3,3.9507827758789062
664,474,4,4.7533860206604
664,1474,5,3.739989995956421
664,505,6,3.9880428314208984
664,922,7,4.122339248657227
664,511,8,4.346423149108887
664,193,9,4.263952732086182
664,60,10,4.062793254852295
665,180,1,4.295646667480469
665,1512,2,4.17703104019165
665,513,3,4.6376166343688965
665,444,4,3.781343460083008
665,963,5,4.540431976318359
665,1293,6,3.8541712760925293
665,648,7,4.1999406814575195
665,359,8,4.012019157409668
665,663,9,4.319886684417725
665,850,10,4.319214820861816
666,916,1,4.03748893737793
666,1109,2,3.9377553462982178
666,1024,3,3.8673095703125
666,320,4,4.468469142913818
666,628,5,3.7121047973632812
666,497,6,4.399494647979736
666,1372,7,3.796414852142334
666,262,8,4.303022384643555
666,463,9,3.8987414836883545
666,425,10,4.2051682472229
667,14,1,5.095040321350098
667,631,2,4.476431369781494
667,936,3,4.459506511688232
667,493,4,4.290709018707275
667,483,5,4.775113582611084
667,189,6,4.779541492462158
667,523,7,4.708448886871338
667,494,8,4.424805641174316
667,175,9,4.670534133911133
667,530,10,4.195854663848877
668,922,1,4.466276168823242
668,318,2,4.701821804046631
668,251,3,4.436787128448486
668,285,4,4.435614109039307
668,488,5,4.218014717102051
668,487,6,4.591443061828613
668,179,7,4.0110883712768555
668,6,8,4.265207767486572
668,1194,9,4.508391380310059
668,189,10,4.34027624130249
669,709,1,4.908208847045898
669,855,2,3.534989833831787
669,136,3,4.506916046142578
669,1386,4,3.466761827468872
669,547,5,3.670976400375366
669,52,6,3.9291484355926514
669,32,7,3.658630132675171
669,491,8,3.5828471183776855
669,530,9,3.971287250518799
669,1537,10,3.769049644470215
670,478,1,5.2974042892456055
670,210,2,5.163783073425293
670,143,3,4.442380428314209
670,837,4,4.4032487869262695
670,124,5,4.63166618347168
670,488,6,4.346563816070557
670,183,7,3.972055435180664
670,82,8,4.06709098815918
670,489,9,4.528487682342529
670,644,10,3.9410948753356934
671,143,1,5.119001865386963
671,1064,2,3.8937835693359375
671,427,3,4.10019063949585
671,639,4,4.092812538146973
671,1098,5,3.8853023052215576
671,850,6,3.783426523208618
671,603,7,4.308472633361816
671,848,8,4.166121959686279
671,205,9,4.455731391906738
671,853,10,4.165780544281006
672,48,1,3.7503888607025146
672,482,2,3.966965913772583
672,194,3,4.085689067840576
672,485,4,3.956509590148926
672,513,5,4.250148296356201
672,304,6,3.785034418106079
672,547,7,3.5643210411071777
672,1240,8,3.652526378631592
672,61,9,3.97799015045166
672,610,10,3.9736552238464355
673,496,1,5.589555740356445
673,151,2,4.1426591873168945
673,205,3,4.345095634460449
673,493,4,4.772390365600586
673,1450,5,3.9029500484466553
673,958,6,4.638768196105957
673,75,7,4.057608604431152
673,1154,8,4.395183086395264
673,1367,9,4.516174793243408
673,526,10,4.511244297027588
674,603,1,5.065514087677002
674,56,2,4.9037184715271
674,474,3,4.014009475708008
674,174,4,4.731714248657227
674,189,5,4.420558929443359
674,608,6,4.241979598999023
674,169,7,4.5726423263549805
674,427,8,4.546398162841797
674,484,9,4.290682315826416
674,445,10,4.059311389923096
675,64,1,5.076703071594238
675,187,2,4.954139709472656
675,474,3,4.263327598571777
675,198,4,4.900374412536621
675,694,5,4.446104526519775
675,161,6,4.0821213722229
675,169,7,4.719925880432129
675,520,8,4.2881245613098145
675,515,9,4.6930155754089355
675,443,10,4.23246955871582
676,968,1,3.8050930500030518
676,675,2,4.559368133544922
676,102,3,3.732485294342041
676,427,4,3.574925422668457
676,742,5,4.359259128570557
676,121,6,3.9565412998199463
676,171,7,4.307506561279297
676,360,8,3.7770984172821045
676,511,9,4.245913982391357
676,22,10,4.205178737640381
677,12,1,5.430663108825684
677,478,2,4.877015113830566
677,115,3,4.520108699798584
677,588,4,5.15036678314209
677,133,5,4.670867919921875
677,152,6,5.044180870056152
677,211,7,5.02752161026001
677,963,8,5.0041704177856445
677,443,9,4.481875419616699
677,127,10,4.697842597961426
678,69,1,4.439427375793457
678,183,2,3.8628358840942383
678,203,3,4.3878936767578125
678,1251,4,3.7187108993530273
678,265,5,3.938336133956909
678,435,6,3.5401761531829834
678,530,7,3.6565608978271484
678,1483,8,3.833411455154419
678,258,9,4.016244411468506
678,87,10,3.692129373550415
679,12,1,5.142683982849121
679,275,2,4.283757209777832
679,89,3,4.726484298706055
679,1302,4,4.012723922729492
679,1594,5,3.9232993125915527
679,445,6,4.541649341583252
679,93,7,4.043761253356934
679,434,8,3.951185941696167
679,426,9,4.315710067749023
679,1449,10,4.494690418243408
680,1585,1,3.940779447555542
680,48,2,4.909742832183838
680,12,3,4.904038906097412
680,1488,4,3.980846405029297
680,208,5,4.514042854309082
680,100,6,4.227013111114502
680,272,7,4.4210991859436035
680,922,8,4.459926605224609
680,176,9,4.055356025695801
680,524,10,4.212996482849121
681,434,1,4.4206342697143555
681,813,2,3.8586537837982178
681,479,3,4.344305992126465
681,459,4,3.909905433654785
681,1153,5,3.9073028564453125
681,89,6,4.283724308013916
681,470,7,3.965268135070801
681,11,8,4.051200866699219
681,793,9,3.7202534675598145
681,511,10,3.951956272125244
682,262,1,3.9152579307556152
682,653,2,3.8795719146728516
682,445,3,3.5302703380584717
682,487,4,4.286718368530273
682,95,5,3.4849109649658203
682,530,6,3.9500744342803955
682,250,7,3.943830728530884
682,193,8,4.1406707763671875
682,482,9,4.106191635131836
682,1356,10,3.55088210105896
683,657,1,4.5733795166015625
683,483,2,4.5518670082092285
683,211,3,3.6667063236236572
683,504,4,4.4020490646362305
683,381,5,3.9090940952301025
683,181,6,3.811370372772217
683,684,7,3.6037392616271973
683,1147,8,3.642195463180542
683,611,9,3.6955552101135254
683,119,10,3.681133270263672
684,183,1,3.9418511390686035
684,654,2,4.779196739196777
684,797,3,3.901258707046509
684,519,4,4.639756202697754
684,530,5,4.518076419830322
684,316,6,4.485204219818115
684,1537,7,4.026417255401611
684,429,8,3.8749072551727295
684,430,9,4.443541526794434
684,656,10,4.430474281311035
686,483,1,5.369561195373535
686,285,2,5.25248908996582
686,513,3,4.840035915374756
686,811,4,4.604528903961182
686,1073,5,4.764787197113037
686,1126,6,5.099096298217773
686,93,7,4.499444007873535
686,746,8,4.812546253204346
686,1019,9,5.030777931213379
686,190,10,4.7992472648620605
687,144,1,4.628368377685547
687,191,2,4.6044158935546875
687,302,3,4.42424201965332
687,176,4,4.414791107177734
687,530,5,4.283372402191162
687,506,6,4.548559188842773
687,966,7,4.338136672973633
687,848,8,4.1804914474487305
687,431,9,4.32296895980835
687,492,10,4.509882926940918
688,423,1,5.218305587768555
688,187,2,5.555272102355957
688,22,3,5.545549392700195
688,1512,4,5.521022319793701
688,963,5,5.495177268981934
688,430,6,5.276504039764404
688,189,7,5.065713882446289
688,519,8,5.137641906738281
688,606,9,5.378454685211182
688,89,10,4.8305158615112305
689,318,1,4.986964225769043
689,1269,2,4.562713623046875
689,647,3,4.543374538421631
689,615,4,4.251786231994629
689,183,5,4.2496466636657715
689,171,6,4.293362140655518
689,630,7,4.182446479797363
689,646,8,4.282200336456299
689,1367,9,4.6075215339660645
689,443,10,4.156249523162842
690,1137,1,3.983163356781006
690,42,2,3.6147513389587402
690,117,3,4.263274669647217
690,1220,4,3.684650182723999
690,315,5,4.2084059715271
690,217,6,3.8935089111328125
690,813,7,4.167657852172852
690,654,8,3.512753486633301
690,97,9,4.1522393226623535
690,971,10,3.360128164291382
691,474,1,4.354333400726318
691,470,2,4.452459812164307
691,272,3,4.96295166015625
691,311,4,4.2505011558532715
691,602,5,3.998075008392334
691,644,6,4.069446086883545
691,408,7,4.728200912475586
691,169,8,4.709404468536377
691,611,9,4.386014938354492
691,293,10,4.471531391143799
692,318,1,3.795897960662842
692,15,2,4.327310562133789
692,1073,3,3.9280500411987305
692,275,4,4.427096843719482
692,189,5,3.7276041507720947
692,443,6,3.878675937652588
692,1098,7,3.6555871963500977
692,320,8,3.9606242179870605
692,521,9,3.5506181716918945
692,916,10,3.9564106464385986
693,24,1,4.519150733947754
693,1550,2,3.3312835693359375
693,1077,3,3.7174673080444336
693,475,4,4.252845764160156
693,474,5,4.1920671463012695
693,124,6,3.4136815071105957
693,1198,7,3.3164868354797363
693,203,8,3.556565761566162
693,153,9,3.552143096923828
693,114,10,3.8882856369018555
694,513,1,4.869880676269531
694,966,2,4.543208599090576
694,1514,3,4.125275611877441
694,165,4,4.730962753295898
694,1070,5,4.351871490478516
694,1019,6,4.728973388671875
694,355,7,4.114872932434082
694,463,8,4.397713661193848
694,50,9,4.633145332336426
694,316,10,4.618393898010254
695,199,1,4.912579536437988
695,661,2,3.816800117492676
695,519,3,3.8338613510131836
695,525,4,4.261122703552246
695,432,5,4.430283069610596
695,223,6,4.406306266784668
695,251,7,4.385481357574463
695,653,8,4.127869129180908
695,632,9,4.556925296783447
695,488,10,4.342698574066162
696,408,1,5.226171970367432
696,1005,2,4.21921968460083
696,1302,3,3.884840726852417
696,346,4,3.9790902137756348
696,520,5,4.205405235290527
696,653,6,4.287928581237793
696,611,7,4.487546920776367
696,501,8,3.863276720046997
696,320,9,4.0491437911987305
696,486,10,3.9890174865722656
697,410,1,5.411900043487549
697,24,2,4.2683587074279785
697,203,3,4.261325836181641
697,221,4,4.513161659240723
697,513,5,4.43944787979126
697,48,6,4.639256000518799
697,1431,7,4.378812313079834
697,199,8,4.807278156280518
697,516,9,4.611885070800781
697,653,10,4.594913959503174
699,603,1,4.795144081115723
699,480,2,4.040825843811035
699,708,3,3.8757710456848145
699,1084,4,3.6467325687408447
699,656,5,4.160273551940918
699,472,6,3.503635883331299
699,754,7,3.7235946655273438
699,200,8,3.817742109298706
699,1302,9,3.9271597862243652
699,114,10,4.072066307067871
700,318,1,4.679295063018799
700,853,2,3.7089781761169434
700,430,3,3.955871105194092
700,603,4,4.328498363494873
700,531,5,4.049668312072754
700,1367,6,3.787621259689331
700,48,7,3.9855217933654785
700,656,8,3.824338436126709
700,239,9,3.916820526123047
700,489,10,3.967378854751587
701,511,1,5.074760913848877
701,178,2,5.055171966552734
701,661,3,4.934174537658691
701,520,4,4.507415294647217
701,525,5,4.610480785369873
701,1070,6,4.2361249923706055
701,157,7,4.355339527130127
701,488,8,4.598477840423584
701,1367,9,4.594742298126221
701,847,10,4.471767425537109
702,318,1,4.041781902313232
702,121,2,3.3195648193359375
702,603,3,3.876323938369751
702,170,4,3.2160043716430664
702,92,5,3.210850238800049
702,194,6,3.0163300037384033
702,211,7,3.3979437351226807
702,655,8,3.5527405738830566
702,735,9,3.539067029953003
702,886,10,3.1809768676757812
703,265,1,4.518852710723877
703,69,2,4.818373680114746
703,126,3,4.081022262573242
703,186,4,4.479315757751465
703,515,5,4.7559428215026855
703,1243,6,4.116486549377441
703,633,7,4.332701683044434
703,530,8,4.654366493225098
703,89,9,4.3025970458984375
703,203,10,4.38682746887207
704,520,1,4.300537586212158
704,525,2,4.926351547241211
704,589,3,4.797761917114258
704,267,4,4.028330326080322
704,42,5,4.581640243530273
704,498,6,4.563416481018066
704,1102,7,3.8382391929626465
704,223,8,4.202133655548096
704,214,9,4.072240829467773
704,634,10,4.189441204071045
705,732,1,4.2751784324646
705,270,2,4.916200637817383
705,189,3,4.478891849517822
705,657,4,4.252745628356934
705,519,5,4.239704608917236
705,674,6,4.233476638793945
705,1483,7,4.15097713470459
705,1555,8,4.1203789710998535
705,1064,9,4.015005588531494
705,949,10,4.372439384460449
706,169,1,4.505962371826172
706,96,2,4.500907897949219
706,187,3,3.9694671630859375
706,509,4,4.132421493530273
706,48,5,4.392042636871338
706,177,6,3.85248064994812
706,174,7,4.080353736877441
706,615,8,3.6346499919891357
706,589,9,3.7204458713531494
706,487,10,3.879000186920166
707,48,1,4.696341514587402
707,1070,2,4.26800537109375
707,114,3,4.607548236846924
707,284,4,3.9572558403015137
707,435,5,4.452350616455078
707,399,6,3.948317527770996
707,848,7,3.641876220703125
707,916,8,4.310740947723389
707,60,9,4.114527702331543
707,493,10,4.29097318649292
708,854,1,4.5229172706604
708,732,2,4.512424468994141
708,813,3,4.1481499671936035
708,155,4,4.466178894042969
708,170,5,4.1365580558776855
708,211,6,4.650759696960449
708,845,7,4.394951343536377
708,479,8,4.2193403244018555
708,215,9,4.026610851287842
708,547,10,4.024586200714111
709,169,1,5.321642875671387
709,488,2,4.052980899810791
709,156,3,4.0499653816223145
709,527,4,4.798402786254883
709,603,5,4.2154221534729
709,211,6,3.8663957118988037
709,850,7,4.285696029663086
709,24,8,4.418319225311279
709,175,9,4.250628471374512
709,533,10,4.397712707519531
710,132,1,3.973234176635742
710,515,2,4.521533966064453
710,1203,3,4.0791544914245605
710,1019,4,3.9459638595581055
710,607,5,4.267961502075195
710,494,6,4.2490668296813965
710,297,7,3.6485705375671387
710,1367,8,3.6910595893859863
710,1131,9,4.140924453735352
710,208,10,3.82356333732605
711,610,1,4.362123489379883
711,482,2,5.015440464019775
711,320,3,4.059238433837891
711,207,4,4.818714141845703
711,486,5,4.417268753051758
711,513,6,4.759468078613281
711,856,7,4.278264999389648
711,971,8,4.376209259033203
711,443,9,4.146216869354248
711,1154,10,4.622483253479004
712,125,1,5.10007381439209
712,148,2,4.221121788024902
712,316,3,4.939554691314697
712,52,4,4.44636344909668
712,603,5,4.290641784667969
712,538,6,4.051176071166992
712,1269,7,4.640904426574707
712,953,8,4.400818824768066
712,311,9,4.150968074798584
712,1142,10,4.340203762054443
713,427,1,4.071619510650635
713,178,2,4.050847053527832
713,12,3,3.8782522678375244
713,478,4,3.868002414703369
713,922,5,3.626669406890869
713,114,6,3.8547093868255615
713,1191,7,3.3448362350463867
713,568,8,3.487123966217041
713,965,9,3.3402915000915527
713,251,10,3.5239319801330566
714,133,1,3.916710376739502
714,171,2,3.9086856842041016
714,143,3,3.863568067550659
714,210,4,4.019742965698242
714,527,5,4.013690948486328
714,48,6,3.687652111053467
714,639,7,3.824676513671875
714,479,8,3.5936241149902344
714,119,9,3.8154919147491455
714,1142,10,3.761312246322632
715,199,1,4.917422771453857
715,507,2,4.736987113952637
715,1142,3,4.317862510681152
715,430,4,3.911571979522705
715,418,5,3.7782492637634277
715,445,6,3.77731990814209
715,269,7,3.8215932846069336
715,523,8,4.2162957191467285
715,656,9,4.0396647453308105
715,114,10,4.036509990692139
716,575,1,4.5433478355407715
716,169,2,5.030679702758789
716,755,3,4.317375659942627
716,306,4,4.851672172546387
716,656,5,4.411562919616699
716,270,6,4.112545490264893
716,1459,7,4.033193588256836
716,302,8,4.671450138092041
716,182,9,4.033192157745361
716,634,10,4.249593257904053
717,166,1,5.425719261169434
717,645,2,5.1780548095703125
717,526,3,5.144169330596924
717,530,4,4.846421241760254
717,603,5,5.03957462310791
717,242,6,4.510496139526367
717,248,7,5.02116060256958
717,656,8,4.769129753112793
717,659,9,4.595204830169678
717,694,10,4.914470672607422
718,657,1,5.157668113708496
718,64,2,5.133383274078369
718,318,3,5.023463726043701
718,79,4,4.979876518249512
718,98,5,4.978968143463135
718,813,6,4.437465667724609
718,603,7,4.908308506011963
718,1643,8,4.485030651092529
718,174,9,4.7022576332092285
718,100,10,4.773288726806641
719,153,1,3.9189651012420654
719,12,2,4.407700538635254
719,320,3,3.6327903270721436
719,166,4,4.126453399658203
719,657,5,4.122898101806641
719,483,6,3.725205659866333
719,315,7,4.046176910400391
719,621,8,3.374476432800293
719,242,9,3.6867103576660156
719,1154,10,3.8159866333007812
720,408,1,4.857996463775635
720,848,2,4.041608810424805
720,525,3,4.777483940124512
720,504,4,4.6929707527160645
720,484,5,4.423698425292969
720,646,6,4.231081485748291
720,48,7,4.6108527183532715
720,945,8,4.297780513763428
720,96,9,4.45845365524292
720,520,10,4.453961372375488
721,96,1,5.089482307434082
721,959,2,3.9026873111724854
721,485,3,4.13783073425293
721,472,4,4.325082302093506
721,639,5,4.575098991394043
721,189,6,4.537222862243652
721,48,7,4.120784759521484
721,530,8,4.181708812713623
721,60,9,4.472424507141113
721,434,10,4.416563987731934
722,114,1,5.162768840789795
722,23,2,5.041502952575684
722,613,3,4.278700351715088
722,127,4,4.480372428894043
722,694,5,4.738391876220703
722,947,6,4.148212909698486
722,432,7,4.146798133850098
722,470,8,4.186203479766846
722,675,9,4.1795525550842285
722,182,10,4.6886420249938965
723,12,1,4.8762922286987305
723,250,2,3.856034517288208
723,1449,3,4.45686149597168
723,661,4,4.448389053344727
723,315,5,3.7155323028564453
723,644,6,3.9758920669555664
723,96,7,4.364502429962158
723,302,8,3.973609447479248
723,519,9,3.8857812881469727
723,524,10,3.944099187850952
725,654,1,4.012929439544678
725,12,2,4.532142162322998
725,470,3,3.873378038406372
725,493,4,4.453132629394531
725,168,5,4.381309509277344
725,888,6,3.903071880340576
725,611,7,4.3015546798706055
725,510,8,4.286513328552246
725,430,9,4.109309196472168
725,483,10,3.956113338470459
726,172,1,4.9956583976745605
726,313,2,4.61156702041626
726,95,3,3.7816669940948486
726,267,4,3.8974077701568604
726,612,5,4.112215042114258
726,318,6,4.449001312255859
726,958,7,4.412982940673828
726,12,8,4.160868167877197
726,1,9,4.133074760437012
726,176,10,4.2960638999938965
727,698,1,3.90198016166687
727,60,2,4.469455718994141
727,1142,3,4.045124530792236
727,1073,4,3.7921125888824463
727,922,5,4.003378391265869
727,694,6,4.238445281982422
727,313,7,3.848405599594116
727,1191,8,3.695404052734375
727,514,9,4.149356365203857
727,1007,10,3.7532589435577393
728,836,1,4.049030780792236
728,651,2,4.403459548950195
728,12,3,4.692312717437744
728,171,4,4.200984954833984
728,968,5,4.1259942054748535
728,519,6,4.1774187088012695
728,114,7,4.5061445236206055
728,511,8,4.22981595993042
728,165,9,4.444103717803955
728,1218,10,4.019153594970703
729,497,1,3.2311248779296875
729,12,2,3.3402106761932373
729,496,3,3.442348003387451
729,172,4,3.635549545288086
729,1064,5,3.067476987838745
729,945,6,3.6157469749450684
729,511,7,3.614426851272583
729,164,8,3.140165328979492
729,589,9,3.0899150371551514
729,127,10,3.360224723815918
730,124,1,4.49293327331543
730,114,2,3.90071439743042
730,313,3,4.289793014526367
730,177,4,3.8886444568634033
730,1240,5,3.9887027740478516
730,770,6,3.8799731731414795
730,694,7,4.105532646179199
730,463,8,3.7516489028930664
730,33,9,3.5175697803497314
730,522,10,3.9196081161499023
731,895,1,4.215200424194336
731,463,2,4.0692219734191895
731,177,3,4.192105770111084
731,90,4,3.6869232654571533
731,470,5,4.163272857666016
731,1022,6,3.8342814445495605
731,151,7,4.466663360595703
731,443,8,4.108109474182129
731,718,9,4.446362018585205
731,906,10,3.979710340499878
732,143,1,4.929306983947754
732,285,2,5.166734218597412
732,318,3,4.89523458480835
732,11,4,4.706653118133545
732,174,5,4.971765995025635
732,661,6,4.542783737182617
732,50,7,4.967624187469482
732,136,8,4.844470977783203
732,607,9,4.963809490203857
732,646,10,4.636571884155273
734,133,1,4.679806709289551
734,850,2,3.8467442989349365
734,241,3,4.060726165771484
734,493,4,4.311910629272461
734,71,5,3.9201037883758545
734,701,6,3.59946870803833
734,257,7,3.5335354804992676
734,923,8,4.201337814331055
734,1449,9,3.800976276397705
734,1019,10,3.618302583694458
735,114,1,4.309848308563232
735,8,2,4.753111839294434
735,238,3,4.147146701812744
735,223,4,4.584840297698975
735,520,5,4.036781311035156
735,511,6,4.567104816436768
735,89,7,4.246100902557373
735,462,8,4.43146276473999
735,408,9,4.32775354385376
735,1124,10,3.7478909492492676
736,484,1,4.0112152099609375
736,100,2,3.731510639190674
736,196,3,3.713981866836548
736,922,4,3.6082348823547363
736,89,5,3.6987693309783936
736,525,6,3.3900203704833984
736,1367,7,3.387592077255249
736,153,8,3.3867809772491455
736,185,9,3.777338743209839
736,694,10,3.491112232208252
737,484,1,4.135952949523926
737,134,2,4.126015663146973
737,519,3,4.570230007171631
737,811,4,3.8703842163085938
737,443,5,3.927258014678955
737,470,6,3.9798877239227295
737,1523,7,3.8057618141174316
737,515,8,4.368754863739014
737,497,9,4.184316635131836
737,588,10,4.294251441955566
738,513,1,4.46442174911499
738,443,2,3.83021879196167
738,647,3,4.324216842651367
738,185,4,3.7572953701019287
738,119,5,4.174448013305664
738,613,6,3.965202808380127
738,60,7,3.965169906616211
738,320,8,4.099299430847168
738,1103,9,3.6157376766204834
738,657,10,4.057217121124268
739,922,1,4.169452667236328
739,147,2,3.973811626434326
739,953,3,3.8023769855499268
739,513,4,4.15069055557251
739,966,5,4.134420871734619
739,399,6,4.463356971740723
739,83,7,4.4529595375061035
739,675,8,3.9370481967926025
739,64,9,4.203140735626221
739,157,10,4.3684234619140625
740,223,1,4.268172740936279
740,644,2,3.648318290710449
740,1251,3,3.761007308959961
740,1367,4,3.6454851627349854
740,519,5,3.665354013442993
740,97,6,4.111641883850098
740,1021,7,3.7466533184051514
740,520,8,4.075931549072266
740,505,9,3.5065360069274902
740,657,10,3.856996536254883
741,302,1,5.307835578918457
741,408,2,5.033054351806641
741,124,3,4.161673545837402
741,154,4,4.897026538848877
741,431,5,4.021353244781494
741,1142,6,4.231432914733887
741,86,7,4.3947882652282715
741,1451,8,4.640597343444824
741,8,9,3.9755377769470215
741,306,10,4.55808687210083
742,100,1,4.9879984855651855
742,238,2,4.083642482757568
742,233,3,3.9723622798919678
742,601,4,4.053569793701172
742,131,5,4.550314903259277
742,488,6,4.23044490814209
742,966,7,4.393796920776367
742,484,8,4.523733139038086
742,79,9,4.375983238220215
742,474,10,4.5143585205078125
743,190,1,4.966590881347656
743,313,2,4.01284122467041
743,654,3,4.85809850692749
743,603,4,4.751234531402588
743,916,5,4.18259859085083
743,653,6,4.4196014404296875
743,129,7,4.5816850662231445
743,853,8,4.400821685791016
743,530,9,4.240017414093018
743,613,10,4.064403533935547
744,1428,1,3.762202501296997
744,285,2,4.5745720863342285
744,114,3,4.526708126068115
744,12,4,4.66611385345459
744,513,5,4.049873352050781
744,1166,6,3.8508145809173584
744,186,7,3.809391975402832
744,50,8,4.099204063415527
744,1201,9,3.7645037174224854
744,117,10,3.8269622325897217
745,57,1,4.082571029663086
745,354,2,3.399723768234253
745,295,3,4.0017595291137695
745,300,4,3.467288017272949
745,1512,5,3.64450740814209
745,211,6,3.643223285675049
745,449,7,3.1976447105407715
745,624,8,3.807190418243408
745,1515,9,3.1847569942474365
745,343,10,3.3478493690490723
746,315,1,4.3354620933532715
746,648,2,4.647699356079102
746,1039,3,4.623546123504639
746,101,4,3.869763135910034
746,837,5,4.536190509796143
746,64,6,4.527506351470947
746,525,7,4.295399188995361
746,603,8,4.476071357727051
746,922,9,4.277430057525635
746,493,10,4.342581748962402
747,1240,1,4.6241536140441895
747,671,2,4.623167037963867
747,645,3,4.336094856262207
747,963,4,4.774091720581055
747,1143,5,4.767123699188232
747,493,6,4.751574993133545
747,236,7,4.710119247436523
747,197,8,4.658012390136719
747,24,9,4.411438941955566
747,490,10,4.143002986907959
748,190,1,4.837778091430664
748,520,2,4.831236362457275
748,1104,3,3.7881956100463867
748,1167,4,4.026707172393799
748,203,5,3.945589065551758
748,493,6,3.813129186630249
748,1594,7,3.985617160797119
748,343,8,3.848590135574341
748,59,9,3.918198347091675
748,1137,10,4.212313652038574
749,1357,1,3.9427905082702637
749,1154,2,4.064592361450195
749,119,3,4.642008304595947
749,615,4,4.328187942504883
749,646,5,4.116909027099609
749,171,6,3.8574161529541016
749,298,7,4.298779010772705
749,609,8,3.9610424041748047
749,267,9,3.852388620376587
749,958,10,4.19899320602417
750,1629,1,3.855721950531006
750,272,2,4.832772254943848
750,135,3,4.36956787109375
750,1449,4,4.672366142272949
750,753,5,3.8933680057525635
750,169,6,4.498752593994141
750,485,7,4.047409534454346
750,408,8,4.427908897399902
750,922,9,4.030184745788574
750,201,10,4.027908802032471
751,515,1,4.869731426239014
751,1160,2,4.780313014984131
751,1386,3,3.9993696212768555
751,132,4,4.089687824249268
751,647,5,4.186935901641846
751,513,6,4.574868202209473
751,331,7,3.975188970565796
751,203,8,3.913111448287964
751,318,9,4.4386701583862305
751,1450,10,4.1419243812561035
752,12,1,4.86672830581665
752,614,2,3.428567409515381
752,42,3,4.500779151916504
752,318,4,4.429047584533691
752,484,5,3.9558730125427246
752,1160,6,3.5848658084869385
752,181,7,4.220775604248047
752,89,8,3.6172680854797363
752,156,9,4.006174087524414
752,203,10,3.324172258377075
753,610,1,4.1273698806762695
753,306,2,3.851865768432617
753,157,3,3.843503713607788
753,493,4,4.639999866485596
753,198,5,4.511953353881836
753,923,6,3.9117486476898193
753,538,7,3.832571506500244
753,274,8,4.176270961761475
753,1070,9,3.7156600952148438
753,1450,10,4.026257038116455
754,168,1,4.799027919769287
754,445,2,3.6632823944091797
754,966,3,4.0264716148376465
754,423,4,4.284914970397949
754,708,5,3.7495040893554688
754,641,6,4.214321136474609
754,430,7,3.922417640686035
754,657,8,4.005110740661621
754,230,9,3.7002031803131104
754,1515,10,3.6989595890045166
755,172,1,4.3688578605651855
755,1073,2,3.9917633533477783
755,83,3,4.091195583343506
755,174,4,4.362013816833496
755,500,5,4.17348051071167
755,811,6,3.8994522094726562
755,1252,7,3.780738592147827
755,1169,8,4.061052322387695
755,79,9,4.275805950164795
755,203,10,4.416938304901123
756,286,1,4.32357120513916
756,59,2,4.087405204772949
756,525,3,3.7264912128448486
756,785,4,3.3793044090270996
756,1536,5,3.7111353874206543
756,646,6,3.602501392364502
756,1459,7,3.4251463413238525
756,657,8,4.010645389556885
756,455,9,3.4494361877441406
756,695,10,3.3371355533599854
757,200,1,4.113214492797852
757,165,2,4.73170804977417
757,474,3,4.333104133605957
757,520,4,4.588873386383057
757,1449,5,4.566583156585693
757,114,6,4.495827674865723
757,603,7,4.293220043182373
757,32,8,4.023917198181152
757,1194,9,4.15665864944458
757,958,10,4.2648844718933105
758,429,1,5.440820693969727
758,10,2,5.214391708374023
758,727,3,4.126004219055176
758,70,4,4.9820170402526855
758,89,5,4.948253154754639
758,408,6,4.415146350860596
758,48,7,4.934676647186279
758,1154,8,4.213005542755127
758,601,9,4.473039150238037
758,848,10,4.314731597900391
759,318,1,5.115509033203125
759,1019,2,4.3770575523376465
759,119,3,4.665197372436523
759,50,4,4.960276126861572
759,484,5,4.320340156555176
759,1523,6,4.22650146484375
759,524,7,4.471585273742676
759,850,8,4.454866409301758
759,1459,9,4.584615707397461
759,1426,10,4.186540603637695
760,132,1,4.036890029907227
760,116,2,4.440053939819336
760,628,3,3.4148175716400146
760,414,4,4.387286186218262
760,134,5,4.230800628662109
760,8,6,4.187138557434082
760,886,7,3.530808925628662
760,919,8,4.135739803314209
760,310,9,3.741807699203491
760,1451,10,3.881701946258545
761,302,1,4.0614800453186035
761,169,2,3.6663992404937744
761,774,3,4.053615570068359
761,300,4,4.015272617340088
761,520,5,4.245339870452881
761,1306,6,3.466432571411133
761,517,7,3.6885361671447754
761,320,8,3.6198863983154297
761,1451,9,4.124190807342529
761,257,10,4.076777458190918
762,1084,1,3.8214333057403564
762,124,2,4.904450416564941
762,189,3,4.387779712677002
762,82,4,4.3834309577941895
762,48,5,4.354143142700195
762,12,6,4.549147605895996
762,1459,7,4.345264911651611
762,543,8,4.0346784591674805
762,527,9,4.47457218170166
762,531,10,4.1708903312683105
763,474,1,4.236825466156006
763,484,2,4.931233882904053
763,82,3,4.044311046600342
763,46,4,4.6416449546813965
763,584,5,4.433736801147461
763,501,6,4.09185266494751
763,302,7,4.016901969909668
763,318,8,4.154248237609863
763,186,9,4.151985168457031
763,922,10,4.350809097290039
764,481,1,5.028219223022461
764,484,2,4.063598155975342
764,298,3,4.36002254486084
764,1121,4,4.000807285308838
764,24,5,4.186315059661865
764,480,6,4.280610084533691
764,694,7,4.069452285766602
764,887,8,3.882620334625244
764,1169,9,4.422701835632324
764,48,10,4.400821685791016
765,519,1,4.545778751373291
765,612,2,4.01240348815918
765,223,3,4.790875434875488
765,514,4,4.782779216766357
765,11,5,4.465351581573486
765,485,6,4.2418999671936035
765,357,7,4.654807090759277
765,707,8,4.430371284484863
765,12,9,4.622795581817627
765,169,10,4.263587951660156
766,169,1,4.6829681396484375
766,56,2,4.3524088859558105
766,694,3,3.6682682037353516
766,916,4,3.329118490219116
766,86,5,3.450428009033203
766,615,6,3.835348129272461
766,853,7,3.6509969234466553
766,735,8,4.067397594451904
766,589,9,4.018652439117432
766,601,10,3.7874033451080322
767,285,1,5.205099105834961
767,127,2,4.682149410247803
767,511,3,5.124018669128418
767,705,4,4.784489631652832
767,661,5,4.950562477111816
767,199,6,4.906876087188721
767,694,7,4.702746868133545
767,1500,8,4.700416564941406
767,195,9,4.357165813446045
767,194,10,4.598089694976807
768,1039,1,4.057544708251953
768,96,2,4.538698196411133
768,114,3,3.9204087257385254
768,190,4,4.343321800231934
768,169,5,3.903502941131592
768,1166,6,3.732367992401123
768,210,7,4.15369987487793
768,469,8,3.6255757808685303
768,1131,9,3.7676260471343994
768,645,10,4.059171676635742
769,50,1,4.787973880767822
769,133,2,4.569690704345703
769,1218,3,3.847743511199951
769,835,4,4.370879173278809
769,588,5,4.0674004554748535
769,657,6,4.3520636558532715
769,470,7,3.927605628967285
769,346,8,3.7854137420654297
769,1159,9,3.8676977157592773
769,136,10,4.290475368499756
770,1467,1,4.7007293701171875
770,466,2,5.177676677703857
770,710,3,4.849822044372559
770,971,4,4.687569618225098
770,165,5,5.136536121368408
770,48,6,5.129756450653076
770,922,7,4.94592809677124
770,1193,8,4.935996055603027
770,156,9,4.535811901092529
770,607,10,5.077024936676025
771,201,1,4.095151901245117
771,466,2,4.171698093414307
771,538,3,3.8775343894958496
771,513,4,4.72520637512207
771,524,5,4.440986156463623
771,645,6,4.630486965179443
771,1007,7,4.045266151428223
771,582,8,4.3652729988098145
771,958,9,4.554677963256836
771,267,10,3.929279327392578
772,530,1,4.835244178771973
772,603,2,5.284073352813721
772,50,3,5.255727291107178
772,478,4,5.21129035949707
772,357,5,4.889862537384033
772,174,6,4.973086357116699
772,966,7,4.796319961547852
772,1367,8,4.842704772949219
772,922,9,4.686763763427734
772,205,10,5.0625505447387695
773,661,1,5.285682678222656
773,647,2,5.063656330108643
773,1567,3,3.730567455291748
773,180,4,4.208743572235107
773,530,5,4.08610725402832
773,166,6,4.715780258178711
773,533,7,4.061418056488037
773,320,8,4.278842926025391
773,1142,9,4.263434410095215
773,156,10,3.8497025966644287
775,114,1,4.387395858764648
775,179,2,4.692545413970947
775,93,3,4.001797676086426
775,745,4,3.9136452674865723
775,657,5,4.341073036193848
775,185,6,4.317296028137207
775,960,7,4.051387786865234
775,634,8,3.971492290496826
775,189,9,4.417032718658447
775,223,10,4.298933506011963
776,12,1,5.087796688079834
776,1159,2,4.256531238555908
776,306,3,4.800203323364258
776,1011,4,3.922628879547119
776,317,5,4.760878562927246
776,209,6,4.702007293701172
776,425,7,4.325270175933838
776,119,8,4.021060466766357
776,469,9,4.203528881072998
776,114,10,4.588602542877197
777,657,1,4.336318492889404
777,638,2,4.461766719818115
777,101,3,4.3314642906188965
777,136,4,4.810288429260254
777,1142,5,4.538670063018799
777,114,6,4.673449516296387
777,502,7,4.287151336669922
777,705,8,4.503102779388428
777,1129,9,4.610732078552246
777,399,10,4.241472244262695
778,480,1,4.14489221572876
778,59,2,4.720947742462158
778,661,3,4.291472434997559
778,1159,4,3.999201774597168
778,606,5,4.235503673553467
778,1142,6,4.386697769165039
778,498,7,4.338103771209717
778,1505,8,3.793116331100464
778,705,9,3.896719455718994
778,181,10,4.026658058166504
779,169,1,5.1700568199157715
779,8,2,4.9698100090026855
779,614,3,4.085216522216797
779,505,4,4.415139675140381
779,661,5,4.260381698608398
779,485,6,4.5870513916015625
779,488,7,4.249055862426758
779,1039,8,4.7875847816467285
779,483,9,4.772789001464844
779,360,10,4.093141078948975
780,615,1,4.148113250732422
780,194,2,5.062856674194336
780,690,3,4.113982200622559
780,88,4,4.950921535491943
780,418,5,4.236347198486328
780,519,6,4.33408260345459
780,326,7,4.561234474182129
780,525,8,4.503556251525879
780,246,9,3.9864203929901123
780,404,10,4.039669990539551
781,12,1,4.283483028411865
781,432,2,4.118495941162109
781,1020,3,3.8979175090789795
781,165,4,4.4949445724487305
781,171,5,4.467652320861816
781,185,6,4.430377960205078
781,1142,7,3.920012950897217
781,175,8,3.966580629348755
781,1192,9,3.8566391468048096
781,919,10,3.8550994396209717
783,1450,1,4.036484241485596
783,272,2,4.80792760848999
783,483,3,4.719308853149414
783,1367,4,4.165294170379639
783,657,5,4.639575958251953
783,408,6,4.212790012359619
783,32,7,4.281182765960693
783,516,8,4.609524726867676
783,484,9,4.606889247894287
783,1084,10,4.036579132080078
784,12,1,4.442686557769775
784,144,2,4.525569915771484
784,521,3,4.524521350860596
784,613,4,4.083288192749023
784,611,5,4.509645938873291
784,195,6,4.731185436248779
784,1388,7,4.17210578918457
784,186,8,4.474328994750977
784,246,9,4.578406810760498
784,135,10,4.567276954650879
785,257,1,3.9712226390838623
785,315,2,3.9518980979919434
785,1450,3,4.068336009979248
785,169,4,4.119628429412842
785,850,5,3.8099982738494873
785,524,6,3.9323439598083496
785,1021,7,3.909116268157959
785,198,8,4.0121169090271
785,267,9,3.7001218795776367
785,216,10,3.9851696491241455
786,169,1,5.184449672698975
786,629,2,3.909055709838867
786,427,3,4.368645668029785
786,11,4,4.6631879806518555
786,515,5,4.651872158050537
786,174,6,4.354434490203857
786,434,7,4.550307273864746
786,657,8,4.511096477508545
786,621,9,3.8554556369781494
786,500,10,4.43504524230957
787,210,1,4.579935073852539
787,611,2,4.066946506500244
787,223,3,4.199515342712402
787,500,4,4.481175899505615
787,189,5,4.124228477478027
787,69,6,4.123505592346191
787,195,7,4.123344421386719
787,811,8,3.882093906402588
787,510,9,4.244711875915527
787,1121,10,3.6688456535339355
788,320,1,4.066554546356201
788,960,2,3.952333927154541
788,189,3,4.473430156707764
788,136,4,4.200631141662598
788,60,5,4.452046871185303
788,634,6,4.0350494384765625
788,513,7,4.163496494293213
788,922,8,4.311891555786133
788,147,9,3.7714381217956543
788,1641,10,3.845270872116089
789,174,1,4.975867748260498
789,246,2,4.227970123291016
789,169,3,4.890258312225342
789,657,4,4.855680465698242
789,191,5,4.219784259796143
789,114,6,4.466434001922607
789,101,7,4.164690971374512
789,119,8,4.330297470092773
789,853,9,4.4299726486206055
789,1604,10,4.138492584228516
790,12,1,4.866209506988525
790,1524,2,3.7045249938964844
790,194,3,3.988102436065674
790,163,4,3.8645567893981934
790,1046,5,3.5638089179992676
790,653,6,4.4147186279296875
790,611,7,4.3203816413879395
790,922,8,4.004364013671875
790,501,9,3.5882859230041504
790,515,10,4.157647132873535
791,124,1,4.907683849334717
791,497,2,4.488400459289551
791,1154,3,4.290940761566162
791,216,4,4.28396463394165
791,707,5,4.217172145843506
791,1599,6,4.199827194213867
791,853,7,4.420994758605957
791,500,8,4.412109375
791,344,9,4.315422058105469
791,1367,10,4.389245510101318
792,192,1,4.6067681312561035
792,181,2,4.044685363769531
792,511,3,4.476283073425293
792,429,4,4.335434436798096
792,137,5,3.591063976287842
792,1367,6,3.994410514831543
792,634,7,4.166830539703369
792,966,8,3.977928638458252
792,195,9,4.099697589874268
792,654,10,3.9284756183624268
793,174,1,4.762747287750244
793,185,2,4.6263580322265625
793,192,3,4.55144739151001
793,170,4,4.34035587310791
793,663,5,4.189852237701416
793,482,6,4.485203742980957
793,1233,7,4.173095226287842
793,97,8,4.108927249908447
793,1019,9,4.108363628387451
793,178,10,4.252289295196533
794,408,1,5.247250080108643
794,180,2,5.170629501342773
794,178,3,5.032587051391602
794,478,4,4.790472507476807
794,1020,5,4.777252674102783
794,491,6,4.446480751037598
794,648,7,4.561367988586426
794,318,8,4.634723663330078
794,4,9,4.477542400360107
794,850,10,4.5346808433532715
795,455,1,3.8870296478271484
795,1073,2,4.500840187072754
795,1039,3,4.164052486419678
795,114,4,4.420144081115723
795,520,5,3.9692344665527344
795,793,6,3.9390666484832764
795,643,7,3.685030937194824
795,1483,8,3.739307165145874
795,661,9,3.793027877807617
795,1243,10,3.8362183570861816
796,208,1,4.712196350097656
796,1449,2,4.675111770629883
796,163,3,4.270096778869629
796,1268,4,3.982555866241455
796,504,5,4.442940711975098
796,1191,6,4.42291259765625
796,465,7,3.804825782775879
796,1019,8,4.381504535675049
796,331,9,4.375308036804199
796,1114,10,3.9498209953308105
797,608,1,3.284601926803589
797,185,2,4.164777755737305
797,1367,3,3.617795944213867
797,285,4,4.391396999359131
797,482,5,3.7210307121276855
797,1594,6,3.272535562515259
797,48,7,3.988896369934082
797,211,8,3.6491856575012207
797,344,9,3.3380184173583984
797,498,10,3.7553160190582275
798,1169,1,3.8957507610321045
798,1033,2,3.962174415588379
798,430,3,4.634041786193848
798,195,4,4.0488691329956055
798,1160,5,3.95443058013916
798,1131,6,4.037484169006348
798,750,7,3.8545382022857666
798,115,8,3.924976348876953
798,70,9,4.094385623931885
798,307,10,4.092804908752441
799,1386,1,4.09270715713501
799,638,2,4.390038967132568
799,210,3,4.322841167449951
799,474,4,4.808409690856934
799,119,5,4.355899333953857
799,516,6,4.237641334533691
799,420,7,4.274628639221191
799,169,8,4.601814270019531
799,23,9,4.568567752838135
799,1512,10,4.556163787841797
800,1098,1,3.8424599170684814
800,177,2,4.331771373748779
800,203,3,3.905755043029785
800,12,4,4.249775409698486
800,525,5,4.247922897338867
800,611,6,4.034370422363281
800,528,7,4.20764684677124
800,191,8,4.075511455535889
800,848,9,3.928435802459717
800,496,10,3.883117914199829
801,185,1,5.070499420166016
801,496,2,5.499942779541016
801,445,3,4.791367530822754
801,48,4,5.01445198059082
801,945,5,4.992475509643555
801,966,6,4.702826976776123
801,718,7,4.989645481109619
801,178,8,4.825794219970703
801,520,9,5.1077985763549805
801,211,10,5.103479862213135
802,169,1,4.757308006286621
802,532,2,3.7862143516540527
802,50,3,4.64625883102417
802,963,4,4.148431301116943
802,1122,5,3.991333484649658
802,143,6,3.777984857559204
802,273,7,4.548908233642578
802,693,8,3.9184553623199463
802,8,9,4.411543846130371
802,144,10,4.1916584968566895
803,488,1,4.082340240478516
803,251,2,4.978898048400879
803,357,3,4.458558559417725
803,603,4,4.78901481628418
803,419,5,4.061260223388672
803,96,6,4.120026588439941
803,463,7,4.760763168334961
803,1024,8,3.93418025970459
803,151,9,4.159732818603516
803,1085,10,3.964655637741089
804,430,1,4.947958946228027
804,1064,2,4.458673000335693
804,958,3,4.866929054260254
804,1019,4,4.802897930145264
804,512,5,4.353910446166992
804,753,6,4.714140892028809
804,115,7,4.62666654586792
804,12,8,4.666673183441162
804,248,9,4.2681355476379395
804,867,10,4.332687854766846
805,302,1,5.564364433288574
805,109,2,4.049014568328857
805,305,3,4.127530574798584
805,20,4,4.034994125366211
805,1011,5,4.213871479034424
805,48,6,4.751675605773926
805,1251,7,4.212081432342529
805,1111,8,3.8439948558807373
805,488,9,4.602508544921875
805,199,10,4.299036502838135
806,474,1,5.612187385559082
806,136,2,4.0972771644592285
806,1142,3,4.750361919403076
806,963,4,4.076229095458984
806,844,5,4.014678001403809
806,143,6,4.2385077476501465
806,1629,7,3.720578670501709
806,482,8,4.219470977783203
806,1019,9,4.010699272155762
806,135,10,4.3458356857299805
807,1449,1,5.004385948181152
807,1639,2,4.04547119140625
807,513,3,4.883286476135254
807,530,4,4.2785258293151855
807,165,5,4.658632755279541
807,661,6,4.334931373596191
807,410,7,4.58256721496582
807,634,8,4.06209135055542
807,754,9,4.5579094886779785
807,494,10,4.542874336242676
808,168,1,4.8713531494140625
808,99,2,4.124425888061523
808,513,3,4.603730201721191
808,498,4,4.361948490142822
808,459,5,4.078503608703613
808,320,6,4.34037446975708
808,694,7,4.2307515144348145
808,497,8,3.9448370933532715
808,511,9,4.461716175079346
808,186,10,4.226269721984863
809,1131,1,4.137341022491455
809,445,2,4.09546422958374
809,484,3,4.785769939422607
809,510,4,4.540291786193848
809,479,5,4.703830242156982
809,429,6,4.530585765838623
809,48,7,4.680604457855225
809,33,8,4.289621353149414
809,246,9,4.397368431091309
809,151,10,4.275961399078369
810,483,1,5.343531131744385
810,312,2,4.717019081115723
810,1021,3,5.202308177947998
810,177,4,4.989809989929199
810,140,5,4.639406204223633
810,493,6,4.782878875732422
810,91,7,4.7499284744262695
810,916,8,4.821722984313965
810,509,9,5.07246208190918
810,746,10,4.874412536621094
811,190,1,5.379614353179932
811,234,2,4.513044357299805
811,169,3,5.20624303817749
811,99,4,4.3356523513793945
811,173,5,5.027433395385742
811,888,6,4.37598991394043
811,320,7,4.497127532958984
811,204,8,4.913839340209961
811,216,9,4.662739276885986
811,1547,10,4.346806526184082
812,488,1,4.1989426612854
812,923,2,4.28543758392334
812,408,3,4.111412525177002
812,966,4,4.156962871551514
812,117,5,4.242236614227295
812,746,6,4.332989692687988
812,519,7,4.038902759552002
812,443,8,4.0310378074646
812,921,9,4.07571268081665
812,916,10,3.915846824645996
813,189,1,3.8772103786468506
813,966,2,3.99379563331604
813,511,3,3.9243927001953125
813,857,4,3.709435224533081
813,89,5,4.071686267852783
813,448,6,3.9734866619110107
813,408,7,4.475307941436768
813,1630,8,3.7493185997009277
813,179,9,4.419042587280273
813,475,10,4.3655242919921875
814,480,1,3.7778687477111816
814,519,2,3.5927774906158447
814,484,3,3.9487953186035156
814,837,4,3.648453950881958
814,114,5,3.7329158782958984
814,511,6,3.8648793697357178
814,488,7,3.7243030071258545
814,154,8,3.3632547855377197
814,48,9,3.6217191219329834
814,615,10,3.610356330871582
815,129,1,4.970132827758789
815,601,2,4.1428022384643555
815,169,3,4.894301414489746
815,301,4,4.2186079025268555
815,525,5,4.4524359703063965
815,285,6,4.430175304412842
815,258,7,4.7201151847839355
815,549,8,4.12150764465332
815,533,9,3.9957802295684814
815,644,10,4.150866985321045
816,659,1,4.7816314697265625
816,169,2,5.003705024719238
816,589,3,4.445024013519287
816,963,4,4.938897609710693
816,511,5,4.672423362731934
816,180,6,4.602691650390625
816,483,7,4.913708209991455
816,622,8,4.437483310699463
816,735,9,4.590722560882568
816,485,10,4.507661819458008
817,97,1,4.852255821228027
817,661,2,4.218751430511475
817,694,3,4.5498833656311035
817,1021,4,4.515990257263184
817,428,5,3.879006862640381
817,848,6,3.9489054679870605
817,641,7,4.494926452636719
817,175,8,4.278735160827637
817,1367,9,4.175923824310303
817,267,10,3.8979225158691406
818,705,1,4.220949172973633
818,177,2,4.38023042678833
818,1537,3,3.869316577911377
818,199,4,4.611543655395508
818,648,5,4.187908172607422
818,505,6,3.9888546466827393
818,850,7,4.156843185424805
818,13,8,4.067124366760254
818,175,9,3.8886146545410156
818,48,10,4.433360576629639
819,603,1,5.363293647766113
819,179,2,5.152045726776123
819,1065,3,4.402956008911133
819,117,4,4.720068454742432
819,173,5,4.468211650848389
819,408,6,4.574428558349609
819,1459,7,4.684291362762451
819,52,8,4.780900955200195
819,316,9,4.941256999969482
819,443,10,4.499897003173828
820,603,1,4.816657066345215
820,968,2,3.87772274017334
820,127,3,4.577974319458008
820,1159,4,3.8390042781829834
820,213,5,3.9743363857269287
820,156,6,4.46917200088501
820,1643,7,4.064384937286377
820,45,8,3.9700748920440674
820,694,9,3.996870279312134
820,511,10,4.199706077575684
821,515,1,5.377735614776611
821,694,2,5.050229072570801
821,56,3,4.742814540863037
821,223,4,4.54032039642334
821,1507,5,4.278221130371094
821,508,6,4.85844087600708
821,568,7,4.591123580932617
821,589,8,4.513277053833008
821,1142,9,4.852491855621338
821,1512,10,4.815830230712891
822,143,1,4.071300983428955
822,208,2,4.383923530578613
822,204,3,3.835895538330078
822,1216,4,3.7116520404815674
822,1449,5,4.231834888458252
822,663,6,3.738022565841675
822,223,7,4.186471462249756
822,56,8,4.18115758895874
822,634,9,3.862241268157959
822,1005,10,4.124782085418701
823,443,1,4.094356060028076
823,527,2,5.242161273956299
823,389,3,4.375653266906738
823,603,4,4.882546901702881
823,59,5,4.13022518157959
823,661,6,4.859628200531006
823,971,7,4.030636787414551
823,498,8,4.755425930023193
823,1395,9,4.1145501136779785
823,705,10,4.490126609802246
824,56,1,3.8608510494232178
824,429,2,4.352384567260742
824,500,3,3.7926318645477295
824,484,4,3.843522071838379
824,430,5,3.8752026557922363
824,482,6,3.743509292602539
824,512,7,3.778289556503296
824,485,8,3.778146505355835
824,48,9,3.936401605606079
824,298,10,3.8038320541381836
825,48,1,4.600979804992676
825,140,2,4.230699062347412
825,1451,3,4.292463302612305
825,114,4,4.586165428161621
825,144,5,4.744926452636719
825,1159,6,4.71976900100708
825,494,7,4.270524024963379
825,1464,8,4.021180152893066
825,662,9,4.546562194824219
825,721,10,4.111609935760498
826,64,1,5.1257219314575195
826,1142,2,4.898343086242676
826,1154,3,4.055164813995361
826,198,4,4.501893043518066
826,813,5,4.175718784332275
826,168,6,4.6402812004089355
826,1483,7,4.263104438781738
826,485,8,4.063551902770996
826,648,9,4.0969767570495605
826,504,10,4.142646312713623
827,478,1,4.467050552368164
827,210,2,4.452296257019043
827,169,3,4.417133331298828
827,657,4,4.411738395690918
827,204,5,4.073276519775391
827,645,6,3.7254600524902344
827,96,7,4.258923053741455
827,143,8,3.8518054485321045
827,479,9,4.058221340179443
827,128,10,3.746903419494629
828,22,1,4.387908458709717
828,234,2,3.7217068672180176
828,489,3,3.5969371795654297
828,1136,4,3.349360942840576
828,515,5,4.188997268676758
828,646,6,3.5046451091766357
828,153,7,4.1704559326171875
828,114,8,4.133453369140625
828,602,9,3.474130392074585
828,11,10,3.541717290878296
829,302,1,4.84433126449585
829,811,2,3.9989070892333984
829,230,3,3.8272109031677246
829,69,4,4.50556755065918
829,1104,5,4.064629554748535
829,634,6,3.870131731033325
829,246,7,4.357069969177246
829,511,8,4.340246200561523
829,488,9,4.021462440490723
829,805,10,4.016362190246582
830,318,1,4.9566969871521
830,455,2,3.9807090759277344
830,488,3,4.36162805557251
830,483,4,4.672115802764893
830,533,5,3.914555549621582
830,884,6,3.9619393348693848
830,1531,7,3.8014352321624756
830,615,8,3.8919386863708496
830,1268,9,4.068920612335205
830,97,10,4.404869079589844
831,119,1,4.237288951873779
831,482,2,4.179203987121582
831,431,3,3.847963571548462
831,483,4,4.454586505889893
831,216,5,4.126640319824219
831,82,6,4.125436782836914
831,77,7,3.892442464828491
831,176,8,3.7342276573181152
831,95,9,4.0725016593933105
831,185,10,4.059413433074951
832,922,1,3.9120020866394043
832,82,2,3.9962024688720703
832,100,3,4.456238746643066
832,86,4,3.9502296447753906
832,484,5,4.345729827880859
832,22,6,4.08188009262085
832,520,7,4.154313564300537
832,436,8,3.958944320678711
832,657,9,4.288241386413574
832,61,10,4.274526596069336
833,525,1,4.776339054107666
833,705,2,3.8928327560424805
833,427,3,4.022747039794922
833,420,4,3.410524368286133
833,1099,5,3.6696832180023193
833,382,6,4.226268768310547
833,14,7,4.225987911224365
833,253,8,4.217982292175293
833,963,9,3.6913976669311523
833,644,10,3.604196310043335
834,168,1,4.7295145988464355
834,71,2,4.729319095611572
834,603,3,5.101635932922363
834,1142,4,4.720200538635254
834,921,5,4.669631481170654
834,474,6,4.868456840515137
834,1129,7,4.298325538635254
834,56,8,4.623347282409668
834,528,9,4.288501262664795
834,265,10,4.326915264129639
835,114,1,4.685988426208496
835,1604,2,4.56786584854126
835,603,3,4.96159029006958
835,380,4,4.3774895668029785
835,1211,5,4.650918960571289
835,463,6,4.798687934875488
835,844,7,4.526061058044434
835,360,8,4.309537887573242
835,956,9,4.348541259765625
835,50,10,4.5879106521606445
836,207,1,4.715720176696777
836,1159,2,4.199632167816162
836,482,3,4.6261796951293945
836,408,4,4.450399398803711
836,117,5,4.125594139099121
836,756,6,3.828611373901367
836,710,7,3.7246813774108887
836,465,8,3.719741106033325
836,488,9,4.2662763595581055
836,97,10,4.0805792808532715
837,520,1,4.826486110687256
837,124,2,4.701682090759277
837,211,3,4.428894519805908
837,501,4,4.266226291656494
837,1064,5,4.150843620300293
837,119,6,4.518736362457275
837,408,7,4.515049457550049
837,656,8,4.134464740753174
837,510,9,4.3112006187438965
837,945,10,4.126403331756592
838,515,1,5.28538179397583
838,485,2,4.98760986328125
838,399,3,3.990093231201172
838,179,4,4.77377986907959
838,673,5,4.138148784637451
838,202,6,4.6518988609313965
838,657,7,4.24643611907959
838,19,8,4.1720356941223145
838,1356,9,4.230931758880615
838,492,10,4.292056560516357
839,172,1,4.799992561340332
839,216,2,4.059543609619141
839,483,3,4.058671474456787
839,132,4,4.444531440734863
839,1535,5,3.8647022247314453
839,200,6,4.4060750007629395
839,68,7,3.8638343811035156
839,844,8,3.8531200885772705
839,969,9,4.194347858428955
839,143,10,3.916484832763672
840,601,1,4.116497993469238
840,178,2,4.938610076904297
840,1020,3,4.777890205383301
840,613,4,4.259276866912842
840,610,5,4.4258599281311035
840,604,6,4.633647441864014
840,9,7,4.275966644287109
840,445,8,4.018362998962402
840,39,9,4.191559314727783
840,267,10,4.009722709655762
841,427,1,4.5998663902282715
841,191,2,4.596481800079346
841,144,3,4.363665580749512
841,966,4,4.360931396484375
841,656,5,4.557417869567871
841,208,6,4.55224084854126
841,663,7,4.549640655517578
841,194,8,4.663410186767578
841,528,9,4.648899555206299
841,435,10,4.615207195281982
842,48,1,5.381051063537598
842,966,2,4.009680271148682
842,1585,3,3.911193609237671
842,174,4,4.695827484130859
842,524,5,4.276210308074951
842,611,6,4.366174221038818
842,646,7,3.9918558597564697
842,198,8,4.555926322937012
842,270,9,4.356529712677002
842,478,10,4.331977844238281
843,315,1,3.518220901489258
843,343,2,4.038337230682373
843,190,3,4.3943963050842285
843,730,4,3.478959560394287
843,645,5,3.691471576690674
843,33,6,3.6833231449127197
843,251,7,3.2713866233825684
843,1552,8,3.0389044284820557
843,140,9,3.32479190826416
843,1124,10,3.3186635971069336
844,603,1,4.515013217926025
844,357,2,3.9791669845581055
844,306,3,3.8484549522399902
844,1142,4,3.8387343883514404
844,443,5,3.7202725410461426
844,498,6,4.077527046203613
844,543,7,3.9085793495178223
844,242,8,3.9062862396240234
844,482,9,3.9034347534179688
844,515,10,3.898080348968506
845,11,1,3.546049118041992
845,520,2,3.417426586151123
845,659,3,3.9271717071533203
845,484,4,3.5049870014190674
845,134,5,3.315157890319824
845,427,6,3.6405696868896484
845,490,7,3.2322793006896973
845,79,8,3.586719512939453
845,59,9,3.5746660232543945
845,916,10,3.434413433074951
846,169,1,5.609806060791016
846,156,2,5.025668144226074
846,634,3,4.375659942626953
846,320,4,4.761671543121338
846,53,5,4.7774658203125
846,124,6,4.41580867767334
846,1277,7,4.477194786071777
846,304,8,3.961390733718872
846,1021,9,4.2340617179870605
846,117,10,4.162446022033691
847,515,1,4.806349277496338
847,57,2,4.544830799102783
847,79,3,4.159323692321777
847,291,4,3.332099676132202
847,493,5,3.7301692962646484
847,69,6,4.128604888916016
847,51,7,3.8349127769470215
847,966,8,4.058931827545166
847,208,9,4.032842636108398
847,209,10,3.9979665279388428
848,408,1,5.437789440155029
848,227,2,5.1602702140808105
848,1153,3,4.586142063140869
848,493,4,5.115962028503418
848,417,5,4.568984508514404
848,515,6,4.72308349609375
848,304,7,4.278862953186035
848,96,8,4.278650283813477
848,320,9,4.277914047241211
848,936,10,4.6477203369140625
849,262,1,4.758327007293701
849,286,2,4.630782127380371
849,333,3,4.691762447357178
849,1159,4,4.586155891418457
849,179,5,4.687038898468018
849,498,6,5.122007369995117
849,645,7,4.842757701873779
849,131,8,4.615328311920166
849,524,9,4.904991626739502
849,114,10,4.695663928985596
850,939,1,4.371044158935547
850,143,2,5.361971855163574
850,195,3,4.444429874420166
850,470,4,4.442679405212402
850,735,5,4.84885311126709
850,612,6,4.278265476226807
850,75,7,4.394314289093018
850,1243,8,4.143774032592773
850,648,9,4.665864944458008
850,312,10,4.131534576416016
851,357,1,5.104766368865967
851,69,2,5.072135925292969
851,184,3,4.190382957458496
851,935,4,3.8518991470336914
851,612,5,4.268677234649658
851,603,6,4.7760009765625
851,32,7,4.686285495758057
851,520,8,4.621922016143799
851,50,9,4.557259559631348
851,1413,10,4.002922534942627
852,89,1,4.867618560791016
852,945,2,4.294259071350098
852,519,3,4.15381383895874
852,1268,4,4.39957857131958
852,48,5,4.195888042449951
852,525,6,4.608676910400391
852,175,7,4.601979732513428
852,1611,8,4.031444072723389
852,165,9,4.380858421325684
852,186,10,4.178548812866211
853,498,1,4.4634108543396
853,445,2,3.6460928916931152
853,285,3,4.127156734466553
853,966,4,4.010228157043457
853,408,5,4.290222644805908
853,216,6,3.6271867752075195
853,151,7,4.0662946701049805
853,484,8,3.6237070560455322
853,1172,9,3.938854217529297
853,651,10,4.048486709594727
854,588,1,4.562946796417236
854,91,2,4.459568023681641
854,9,3,4.34022331237793
854,657,4,4.300236701965332
854,428,5,3.9385526180267334
854,601,6,3.5608887672424316
854,262,7,3.63606333732605
854,1451,8,3.493889331817627
854,659,9,3.8718230724334717
854,177,10,3.5945022106170654
855,607,1,3.673717737197876
855,1114,2,3.4360625743865967
855,174,3,4.2495927810668945
855,199,4,4.2407941818237305
855,22,5,4.231735706329346
855,119,6,3.5594422817230225
855,198,7,3.847010850906372
855,902,8,3.548288106918335
855,136,9,3.976314067840576
855,900,10,3.696856737136841
856,89,1,5.055473804473877
856,346,2,4.311970233917236
856,1459,3,4.357335090637207
856,909,4,4.4452290534973145
856,169,5,4.857780933380127
856,520,6,4.526689529418945
856,1020,7,4.201640605926514
856,1269,8,4.664425373077393
856,1642,9,4.193463325500488
856,222,10,4.601417064666748
857,1,1,4.594817638397217
857,467,2,3.7629153728485107
857,498,3,4.106942653656006
857,134,4,4.380039215087891
857,9,5,4.025557518005371
857,479,6,4.011053085327148
857,966,7,4.0573649406433105
857,211,8,4.054509162902832
857,1142,9,3.9579293727874756
857,490,10,3.7265818119049072
858,210,1,4.332435607910156
858,50,2,4.9019293785095215
858,127,3,4.700826644897461
858,515,4,4.667873382568359
858,200,5,4.025243282318115
858,1531,6,4.13700008392334
858,179,7,4.177223205566406
858,11,8,4.048572063446045
858,169,9,4.535479545593262
858,42,10,4.366008281707764
859,357,1,5.258434772491455
859,174,2,5.105517864227295
859,607,3,4.65828800201416
859,612,4,4.492906093597412
859,42,5,4.186657905578613
859,519,6,4.325726509094238
859,202,7,4.6103515625
859,306,8,4.466808795928955
859,968,9,4.587649345397949
859,474,10,4.747914791107178
860,50,1,4.220715522766113
860,1558,2,3.874413013458252
860,489,3,4.036038398742676
860,189,4,4.207801342010498
860,203,5,4.1878557205200195
860,519,6,4.351017951965332
860,487,7,3.995953321456909
860,1617,8,3.841632127761841
860,1233,9,3.7711284160614014
860,1451,10,3.7708234786987305
861,654,1,4.379526138305664
861,114,2,5.067155361175537
861,198,3,4.532417297363281
861,596,4,4.307012557983398
861,1639,5,4.361490726470947
861,1070,6,4.360422611236572
861,966,7,4.896378040313721
861,1194,8,4.617768287658691
861,222,9,4.81081485748291
861,344,10,4.743020534515381
862,156,1,5.536962509155273
862,425,2,5.439245700836182
862,1084,3,4.770497798919678
862,445,4,4.664809703826904
862,966,5,4.762621879577637
862,916,6,4.7412543296813965
862,443,7,5.08209753036499
862,226,8,4.6815643310546875
862,528,9,5.04592227935791
862,1233,10,4.721089839935303
863,203,1,5.0194172859191895
863,318,2,4.847788333892822
863,250,3,4.2283101081848145
863,443,4,4.603143692016602
863,100,5,4.583761692047119
863,428,6,3.9940640926361084
863,1473,7,3.689734935760498
863,915,8,3.6407957077026367
863,500,9,3.8808252811431885
863,694,10,3.717628002166748
864,313,1,5.191003322601318
864,205,2,5.152144908905029
864,115,3,4.6238837242126465
864,1451,4,4.510195255279541
864,1077,5,4.0938615798950195
864,272,6,4.799982070922852
864,1537,7,4.134918212890625
864,656,8,4.358660697937012
864,193,9,4.737005710601807
864,1480,10,4.125176906585693
865,654,1,4.708333969116211
865,487,2,3.461081027984619
865,656,3,3.978851079940796
865,1077,4,3.443195343017578
865,212,5,3.5345406532287598
865,357,6,4.186525821685791
865,174,7,3.934356689453125
865,1154,8,3.82820987701416
865,183,9,3.933474540710449
865,360,10,3.4932258129119873
866,515,1,3.5743308067321777
866,968,2,2.8474225997924805
866,657,3,3.4938716888427734
866,656,4,3.09220027923584
866,694,5,3.414480209350586
866,198,6,3.380652904510498
866,484,7,3.1710708141326904
866,283,8,2.8174405097961426
866,154,9,3.280747413635254
866,136,10,3.0584726333618164
867,269,1,5.606268882751465
867,173,2,5.46634578704834
867,965,3,4.437669277191162
867,462,4,4.37166166305542
867,513,5,4.843123912811279
867,248,6,5.0717363357543945
867,954,7,4.327759742736816
867,434,8,4.775190830230713
867,200,9,4.758652210235596
867,176,10,4.511186599731445
868,519,1,4.912438869476318
868,647,2,4.627575397491455
868,511,3,4.544405460357666
868,1657,4,3.3290910720825195
868,661,5,3.824036121368408
868,478,6,3.9529998302459717
868,1193,7,3.707439661026001
868,483,8,3.787590265274048
868,1405,9,3.4478023052215576
868,404,10,3.4589223861694336
869,1293,1,3.076451301574707
869,505,2,3.1033997535705566
869,1573,3,3.1368064880371094
869,236,4,3.242841958999634
869,32,5,3.525739908218384
869,23,6,3.5052170753479004
869,792,7,3.637096881866455
869,1367,8,3.166233539581299
869,853,9,3.519444465637207
869,7,10,3.616779088973999
870,408,1,4.558194160461426
870,1462,2,4.012345790863037
870,853,3,4.1432600021362305
870,425,4,3.9894299507141113
870,201,5,3.8938636779785156
870,1158,6,3.966738224029541
870,543,7,4.284547805786133
870,1,8,4.2661213874816895
870,1114,9,4.248415470123291
870,515,10,4.243786334991455
871,1462,1,4.346184253692627
871,119,2,4.069258689880371
871,72,3,3.93142032623291
871,601,4,3.990339756011963
871,234,5,4.627603530883789
871,1,6,4.593066215515137
871,900,7,4.452640056610107
871,487,8,3.902724266052246
871,1005,9,4.397375106811523
871,28,10,4.393451690673828
872,95,1,4.651339530944824
872,302,2,4.6341705322265625
872,1243,3,3.7356088161468506
872,292,4,4.2219157218933105
872,922,5,3.8848652839660645
872,223,6,4.335258483886719
872,493,7,4.133726596832275
872,418,8,3.6990771293640137
872,169,9,4.274245262145996
872,134,10,4.253504753112793
873,642,1,3.8710579872131348
873,12,2,4.976981163024902
873,199,3,4.7445068359375
873,115,4,3.8667612075805664
873,510,5,4.624767780303955
873,611,6,3.8258907794952393
873,69,7,4.5530853271484375
873,171,8,4.175891399383545
873,168,9,4.0951032638549805
873,1449,10,4.088488578796387
874,267,1,3.787442207336426
874,474,2,4.466668605804443
874,189,3,4.223342418670654
874,191,4,4.212213039398193
874,195,5,3.884549379348755
874,707,6,4.394073009490967
874,705,7,3.9197206497192383
874,530,8,4.080932140350342
874,608,9,3.8616342544555664
874,241,10,4.00776481628418
875,203,1,5.040202617645264
875,601,2,4.223792552947998
875,60,3,4.9429612159729
875,200,4,4.873644828796387
875,127,5,4.85141658782959
875,1451,6,4.201938152313232
875,175,7,4.271750450134277
875,547,8,4.713128089904785
875,643,9,4.079535007476807
875,1604,10,4.08139181137085
876,1019,1,4.39823579788208
876,709,2,4.613945007324219
876,223,3,4.611717224121094
876,430,4,4.071202278137207
876,246,5,4.352039337158203
876,847,6,4.351990699768066
876,203,7,4.19805383682251
876,119,8,4.325087070465088
876,89,9,4.316043376922607
876,654,10,4.448179244995117
877,482,1,5.071507453918457
877,1007,2,5.064599990844727
877,430,3,4.594137191772461
877,697,4,4.956793785095215
877,265,5,4.068672180175781
877,1233,6,4.241819858551025
877,50,7,4.229547023773193
877,750,8,4.224442958831787
877,48,9,4.163812160491943
877,1,10,4.039804935455322
878,502,1,3.6416354179382324
878,506,2,4.202366828918457
878,408,3,4.638610363006592
878,320,4,4.472773551940918
878,919,5,3.8100955486297607
878,647,6,4.356432914733887
878,661,7,4.046968936920166
878,770,8,3.6005239486694336
878,694,9,3.599741220474243
878,46,10,3.699258327484131
879,489,1,3.841740608215332
879,519,2,4.21916389465332
879,603,3,4.576054573059082
879,493,4,4.086909770965576
879,32,5,3.8670833110809326
879,171,6,3.7323968410491943
879,313,7,4.273697376251221
879,520,8,4.03045129776001
879,661,9,4.2535295486450195
879,196,10,3.9463133811950684
880,114,1,4.820437431335449
880,837,2,4.284309387207031
880,199,3,4.738471508026123
880,1160,4,4.092831611633301
880,1142,5,4.5654706954956055
880,428,6,4.34785795211792
880,520,7,4.344378471374512
880,1069,8,4.018181324005127
880,519,9,4.51257848739624
880,297,10,4.449492454528809
881,684,1,4.5901265144348145
881,149,2,3.852447271347046
881,505,3,3.920975685119629
881,1500,4,4.049720287322998
881,634,5,4.158409118652344
881,644,6,4.504342555999756
881,318,7,4.155366897583008
881,203,8,4.306911468505859
881,320,9,4.278262138366699
881,313,10,4.401848793029785
882,513,1,5.3602094650268555
882,484,2,5.180948734283447
882,1469,3,4.10720682144165
882,519,4,4.50858211517334
882,501,5,4.433262825012207
882,161,6,4.9297919273376465
882,1111,7,4.273091793060303
882,286,8,4.3351263999938965
882,223,9,4.414746284484863
882,12,10,4.777920246124268
883,520,1,5.017728805541992
883,642,2,4.0753350257873535
883,408,3,4.948490619659424
883,273,4,4.845459938049316
883,1203,5,4.79984188079834
883,848,6,4.194360256195068
883,445,7,4.280035495758057
883,838,8,4.189611911773682
883,772,9,3.9788424968719482
883,1251,10,4.12583065032959
884,272,1,4.852252006530762
884,531,2,4.599109649658203
884,603,3,4.57852029800415
884,474,4,4.469623565673828
884,12,5,3.877978801727295
884,646,6,3.7589337825775146
884,96,7,4.420224189758301
884,492,8,4.005311489105225
884,211,9,4.087013244628906
884,207,10,4.136514663696289
885,757,1,3.4211535453796387
885,651,2,3.697411060333252
885,611,3,3.778310537338257
885,966,4,3.7652947902679443
885,530,5,4.190217018127441
885,1118,6,3.682751178741455
885,1243,7,3.3619399070739746
885,143,8,4.174932956695557
885,1531,9,3.4442296028137207
885,1168,10,3.426514148712158
886,694,1,4.624172210693359
886,82,2,3.5023820400238037
886,272,3,4.521123886108398
886,641,4,4.462625980377197
886,480,5,3.9557106494903564
886,1062,6,3.9525606632232666
886,492,7,4.355173587799072
886,1064,8,3.670584201812744
886,1243,9,3.6149086952209473
886,922,10,3.872854709625244
887,11,1,5.703972339630127
887,1481,2,4.395688056945801
887,182,3,4.3961567878723145
887,119,4,4.672269821166992
887,27,5,4.152411460876465
887,859,6,4.373844146728516
887,374,7,4.211831092834473
887,1531,8,4.185238361358643
887,253,9,4.755826950073242
887,194,10,4.114986419677734
888,1122,1,4.164036273956299
888,285,2,4.82237434387207
888,969,3,4.3911213874816895
888,480,4,4.787243366241455
888,213,5,4.788191795349121
888,523,6,4.382226943969727
888,119,7,4.754522800445557
888,204,8,4.223747730255127
888,485,9,4.421159744262695
888,124,10,4.616421699523926
889,1019,1,4.291055202484131
889,487,2,4.273410797119141
889,1533,3,3.5701098442077637
889,360,4,4.001331329345703
889,115,5,3.771235942840576
889,1472,6,3.656052589416504
889,656,7,3.650156021118164
889,735,8,3.8555963039398193
889,525,9,4.066819667816162
889,463,10,3.5435752868652344
890,1194,1,4.25604772567749
890,482,2,4.663397789001465
890,525,3,4.886828422546387
890,1211,4,4.246356964111328
890,430,5,4.4581146240234375
890,1386,6,4.243983745574951
890,302,7,4.82565975189209
890,360,8,4.157034397125244
890,966,9,4.411697864532471
890,850,10,4.505974292755127
891,1523,1,4.369412422180176
891,479,2,5.2034783363342285
891,493,3,4.7688703536987305
891,863,4,4.85531759262085
891,198,5,5.012441158294678
891,269,6,5.0090837478637695
891,164,7,4.9647908210754395
891,675,8,4.951246738433838
891,48,9,4.617239475250244
891,966,10,4.923823833465576
892,198,1,4.6319732666015625
892,115,2,4.463784217834473
892,185,3,5.101174831390381
892,126,4,4.380910873413086
892,922,5,5.051530361175537
892,1428,6,4.497698783874512
892,538,7,4.4854583740234375
892,1198,8,4.407802581787109
892,1523,9,4.348343849182129
892,1064,10,4.472833633422852
893,850,1,4.072709083557129
893,949,2,3.797581434249878
893,199,3,4.538722515106201
893,203,4,4.222756862640381
893,408,5,4.453011512756348
893,1021,6,4.403227806091309
893,602,7,4.109689712524414
893,269,8,4.364042282104492
893,265,9,4.341894149780273
893,389,10,3.8111534118652344
894,203,1,4.817215919494629
894,656,2,3.9670047760009766
894,1172,3,4.290937423706055
894,811,4,4.100193023681641
894,164,5,4.411847114562988
894,238,6,4.690989971160889
894,209,7,4.011917591094971
894,488,8,4.36386775970459
894,432,9,4.2332282066345215
894,498,10,4.546900749206543
895,97,1,4.199498653411865
895,169,2,4.678830623626709
895,298,3,4.044780731201172
895,936,4,4.511463165283203
895,493,5,4.330490589141846
895,1594,6,4.038541793823242
895,451,7,4.025640964508057
895,916,8,4.066451072692871
895,736,9,4.14736270904541
895,12,10,4.38272762298584
896,189,1,3.6308250427246094
896,177,2,4.2744951248168945
896,205,3,4.235074520111084
896,741,4,3.4635732173919678
896,530,5,4.038432598114014
896,433,6,3.663649082183838
896,1531,7,3.77990460395813
896,156,8,3.3178350925445557
896,169,9,3.9382872581481934
896,434,10,3.9258131980895996
897,625,1,4.377126216888428
897,694,2,4.707510948181152
897,671,3,4.64301872253418
897,1131,4,4.208097457885742
897,716,5,4.536992073059082
897,853,6,4.787177085876465
897,844,7,4.19408655166626
897,916,8,4.239928722381592
897,610,9,4.178138256072998
897,753,10,4.712096691131592
898,46,1,4.081910133361816
898,191,2,4.547223091125488
898,745,3,4.145039081573486
898,648,4,3.956552743911743
898,100,5,3.9858720302581787
898,1021,6,4.435850143432617
898,482,7,4.248688697814941
898,188,8,3.928399085998535
898,922,9,4.381770610809326
898,91,10,4.310816287994385
899,887,1,4.664948463439941
899,489,2,3.677175521850586
899,312,3,4.216291904449463
899,793,4,3.828014612197876
899,183,5,4.036217212677002
899,1406,6,4.027328968048096
899,850,7,4.13362455368042
899,328,8,3.728843927383423
899,44,9,4.327430725097656
899,134,10,4.317145347595215
900,172,1,3.887622833251953
900,498,2,3.3090453147888184
900,963,3,3.6636698246002197
900,203,4,3.296142339706421
900,215,5,3.55500864982605
900,307,6,2.9445056915283203
900,197,7,3.5165627002716064
900,143,8,3.155677080154419
900,153,9,3.48260760307312
900,1523,10,2.9290401935577393
901,500,1,4.548366546630859
901,474,2,4.410486698150635
901,119,3,4.526591777801514
901,516,4,4.25053071975708
901,332,5,4.183826446533203
901,177,6,4.466604709625244
901,255,7,4.2475996017456055
901,173,8,4.0142107009887695
901,143,9,4.216399192810059
901,900,10,4.303834438323975
902,525,1,3.6669890880584717
902,265,2,3.7742769718170166
902,316,3,3.6338536739349365
902,274,4,3.251871109008789
902,631,5,3.7547953128814697
902,520,6,3.8934388160705566
902,283,7,3.85520076751709
902,813,8,3.3443331718444824
902,137,9,3.8229756355285645
902,12,10,3.8501288890838623
903,993,1,4.195863246917725
903,603,2,4.19450569152832
903,57,3,3.8905527591705322
903,423,4,4.651777744293213
903,169,5,4.6110992431640625
903,432,6,4.282291412353516
903,200,7,4.538386821746826
903,615,8,4.151093482971191
903,792,9,4.5017900466918945
903,305,10,4.237188816070557
904,313,1,5.182500839233398
904,634,2,4.370959758758545
904,522,3,4.489619255065918
904,1,4,4.170496463775635
904,566,5,4.342391014099121
904,588,6,4.806551456451416
904,324,7,3.9812350273132324
904,213,8,4.6963911056518555
904,71,9,4.6139397621154785
904,547,10,4.300516128540039
905,611,1,4.087549686431885
905,513,2,4.585517406463623
905,489,3,3.96437406539917
905,205,4,4.388719081878662
905,143,5,3.997288703918457
905,854,6,3.9877660274505615
905,119,7,4.034590244293213
905,499,8,3.819281578063965
905,519,9,4.0889692306518555
905,114,10,4.222343444824219
906,143,1,4.23767614364624
906,654,2,4.704827785491943
906,510,3,4.390011787414551
906,48,4,4.389078617095947
906,648,5,4.280791282653809
906,656,6,4.478647708892822
906,190,7,4.47209358215332
906,1367,8,4.081350803375244
906,414,9,4.122448444366455
906,30,10,4.173501968383789
907,333,1,6.063137054443359
907,568,2,4.853991985321045
907,524,3,4.995038032531738
907,633,4,4.850802421569824
907,604,5,5.360159397125244
907,267,6,4.701505661010742
907,466,7,5.077992916107178
907,493,8,4.737700939178467
907,119,9,4.9505295753479
907,177,10,5.203356742858887
908,211,1,4.37239408493042
908,1268,2,3.839139461517334
908,1129,3,3.7443251609802246
908,177,4,3.9511947631835938
908,95,5,3.7251553535461426
908,313,6,4.1547532081604
908,48,7,3.6182079315185547
908,646,8,3.5646049976348877
908,198,9,3.602297782897949
908,257,10,4.03844690322876
909,607,1,4.987010955810547
909,474,2,5.2619194984436035
909,584,3,4.751278400421143
909,513,4,5.088563442230225
909,127,5,5.2060747146606445
909,1142,6,4.851632118225098
909,8,7,5.176481246948242
909,1483,8,4.903720378875732
909,117,9,4.847900390625
909,612,10,5.041715145111084
910,474,1,4.564127445220947
910,770,2,3.5612473487854004
910,1413,3,3.7524144649505615
910,483,4,3.9364237785339355
910,707,5,4.353347301483154
910,89,6,3.810636043548584
910,661,7,3.547546148300171
910,132,8,4.306311130523682
910,200,9,3.499166965484619
910,1159,10,4.151451587677002
911,1190,1,3.869715452194214
911,477,2,5.076613903045654
911,1085,3,4.176013946533203
911,434,4,4.17341947555542
911,358,5,4.024275779724121
911,1594,6,3.891270875930786
911,408,7,4.562242031097412
911,1193,8,4.538463592529297
911,443,9,3.8772902488708496
911,710,10,4.272766590118408
912,208,1,4.533777236938477
912,98,2,4.48651123046875
912,320,3,3.6160857677459717
912,114,4,4.390488624572754
912,966,5,4.061331748962402
912,480,6,4.057783126831055
912,430,7,4.234859466552734
912,701,8,3.8269577026367188
912,763,9,3.6264824867248535
912,313,10,4.144372940063477
913,328,1,4.030538082122803
913,48,2,4.4883832931518555
913,306,3,4.008827209472656
913,694,4,4.365785121917725
913,55,5,4.274054527282715
913,611,6,3.630624771118164
913,115,7,3.927813768386841
913,307,8,3.459372043609619
913,272,9,3.8808810710906982
913,1367,10,3.8745739459991455
914,50,1,4.639523506164551
914,169,2,4.533743381500244
914,119,3,4.027177810668945
914,513,4,4.483382701873779
914,174,5,4.391088008880615
914,1153,6,3.8436357975006104
914,189,7,3.944467306137085
914,217,8,3.7714121341705322
914,127,9,4.0821309089660645
914,1070,10,3.816329002380371
915,1114,1,3.3733551502227783
915,357,2,4.160504341125488
915,479,3,3.700263738632202
915,515,4,4.087502956390381
915,530,5,4.030894756317139
915,496,6,4.027997016906738
915,119,7,3.4854910373687744
915,1201,8,3.35467529296875
915,200,9,3.657024621963501
915,884,10,3.4722676277160645
916,694,1,4.738131523132324
916,166,2,4.090694904327393
916,199,3,4.414368152618408
916,1019,4,4.158572196960449
916,813,5,4.148000717163086
916,607,6,4.329843997955322
916,482,7,4.141313552856445
916,958,8,4.018994331359863
916,51,9,3.708261489868164
916,663,10,4.001405239105225
917,646,1,3.553884983062744
917,177,2,3.987755298614502
917,474,3,4.048325538635254
917,182,4,3.9397225379943848
917,421,5,3.6412911415100098
917,615,6,3.928224802017212
917,119,7,3.7061405181884766
917,853,8,3.698549747467041
917,170,9,4.096486568450928
917,1070,10,3.6090691089630127
918,968,1,3.6033525466918945
918,176,2,3.9264307022094727
918,10,3,4.43631649017334
918,853,4,4.287153244018555
918,694,5,4.248305320739746
918,1167,6,4.226961135864258
918,839,7,3.5705747604370117
918,922,8,4.204716682434082
918,1163,9,4.153471946716309
918,956,10,4.128537654876709
919,872,1,4.7807793617248535
919,1163,2,3.737938642501831
919,606,3,4.456770896911621
919,189,4,4.43770694732666
919,805,5,3.9156341552734375
919,216,6,4.214917182922363
919,1194,7,3.909503698348999
919,234,8,3.9030065536499023
919,922,9,4.182696342468262
919,1021,10,4.145901679992676
920,50,1,4.876550674438477
920,169,2,4.778893947601318
920,165,3,4.567481994628906
920,172,4,4.458719730377197
920,12,5,4.444252967834473
920,1594,6,3.987917423248291
920,613,7,3.9873974323272705
920,423,8,4.200000762939453
920,69,9,3.7657368183135986
920,1101,10,4.298590183258057
921,1357,1,3.6274077892303467
921,705,2,4.419583320617676
921,390,3,3.6163837909698486
921,525,4,3.8293511867523193
921,499,5,3.9563677310943604
921,177,6,3.4275364875793457
921,258,7,4.134164810180664
921,1131,8,3.8119306564331055
921,896,9,3.44936466217041
921,513,10,4.044256210327148
922,513,1,4.8354902267456055
922,488,2,4.3793792724609375
922,1158,3,3.9927711486816406
922,171,4,4.645928382873535
922,519,5,4.556614875793457
922,114,6,4.330278396606445
922,937,7,4.10767936706543
922,611,8,3.9194843769073486
922,1523,9,3.862217903137207
922,484,10,4.302039623260498
923,528,1,5.315835952758789
923,459,2,4.750904083251953
923,484,3,5.157063961029053
923,498,4,4.703322887420654
923,119,5,4.924358367919922
923,1268,6,4.995872974395752
923,208,7,4.916676998138428
923,183,8,4.916133880615234
923,516,9,5.119935989379883
923,1073,10,4.8462443351745605
924,194,1,4.782196521759033
924,393,2,4.100002288818359
924,360,3,3.807009220123291
924,1483,4,3.9053642749786377
924,420,5,3.761983871459961
924,484,6,4.496703147888184
924,79,7,3.801387071609497
924,1142,8,4.138045787811279
924,1467,9,3.8791260719299316
924,164,10,4.369278907775879
925,603,1,4.571519374847412
925,1459,2,3.8344836235046387
925,1137,3,4.02924108505249
925,99,4,3.974609613418579
925,11,5,4.238665580749512
925,82,6,4.36436128616333
925,151,7,4.008079528808594
925,474,8,3.9453389644622803
925,966,9,4.273411750793457
925,707,10,4.2644548416137695
926,89,1,4.547269821166992
926,420,2,3.9027676582336426
926,479,3,4.45582914352417
926,1233,4,3.897573232650757
926,520,5,4.160274028778076
926,248,6,4.406805038452148
926,1462,7,3.9879167079925537
926,518,8,4.253702640533447
926,1143,9,4.223670482635498
926,1240,10,4.068942070007324
927,12,1,5.388326644897461
927,48,2,4.197742938995361
927,684,3,4.264186382293701
927,604,4,4.0087127685546875
927,608,5,4.347385883331299
927,33,6,4.720566749572754
927,646,7,4.054381847381592
927,1103,8,4.160778522491455
927,634,9,4.09854793548584
927,774,10,4.3908915519714355
928,194,1,4.994549751281738
928,1194,2,5.51540470123291
928,282,3,5.113006591796875
928,101,4,5.024636268615723
928,1500,5,5.0145792961120605
928,195,6,4.920671463012695
928,538,7,5.094416618347168
928,958,8,5.142542839050293
928,610,9,5.056003093719482
928,1159,10,5.257057189941406
929,610,1,3.7807984352111816
929,178,2,4.439966201782227
929,208,3,4.421060085296631
929,812,4,3.691843271255493
929,1159,5,4.152463912963867
929,346,6,4.298400402069092
929,48,7,4.247110366821289
929,119,8,4.235104560852051
929,1073,9,3.8437838554382324
929,746,10,3.959019660949707
930,513,1,4.542397499084473
930,272,2,4.521180152893066
930,1594,3,3.592775583267212
930,70,4,3.8264763355255127
930,1551,5,3.538785696029663
930,530,6,3.810835599899292
930,516,7,4.248754501342773
930,119,8,3.953962802886963
930,12,9,3.777867317199707
930,746,10,3.7761216163635254
931,11,1,4.838139533996582
931,451,2,3.7630937099456787
931,101,3,4.210789680480957
931,521,4,4.441354274749756
931,604,5,3.7942416667938232
931,1099,6,4.020102500915527
931,328,7,3.699692726135254
931,838,8,3.9124226570129395
931,707,9,4.2695794105529785
931,1449,10,4.250589370727539
932,694,1,5.051975727081299
932,246,2,4.597216606140137
932,1136,3,4.4617438316345215
932,132,4,4.457975387573242
932,1363,5,4.177551746368408
932,171,6,4.764748573303223
932,273,7,4.4020094871521
932,1501,8,4.253204822540283
932,842,9,4.33353328704834
932,718,10,4.624814033508301
934,32,1,4.13199520111084
934,272,2,4.948814392089844
934,778,3,4.97396183013916
934,528,4,4.7926177978515625
934,603,5,4.28761100769043
934,1119,6,4.10372257232666
934,408,7,4.401107311248779
934,76,8,4.25171422958374
934,129,9,4.531141757965088
934,482,10,4.227710723876953
935,172,1,4.524838924407959
935,923,2,4.353076934814453
935,484,3,4.134932518005371
935,520,4,4.824564456939697
935,494,5,4.348136901855469
935,519,6,4.266260623931885
935,28,7,4.674208641052246
935,79,8,4.6332106590271
935,418,9,4.098948001861572
935,547,10,4.3741679191589355
936,1233,1,4.405327796936035
936,156,2,4.786048412322998
936,58,3,4.7465972900390625
936,969,4,4.264304161071777
936,494,5,4.716075420379639
936,234,6,4.976018905639648
936,154,7,4.651660442352295
936,653,8,4.521882057189941
936,488,9,4.286284446716309
936,423,10,4.804811000823975
937,1103,1,3.7433648109436035
937,582,2,4.712348937988281
937,175,3,4.2375407218933105
937,607,4,4.07033634185791
937,132,5,4.218605995178223
937,493,6,4.429570198059082
937,1367,7,4.1610798835754395
937,12,8,4.374344348907471
937,482,9,4.156239986419678
937,114,10,3.958127498626709
938,501,1,5.242891311645508
938,484,2,5.132692813873291
938,945,3,4.583067893981934
938,629,4,4.056966304779053
938,169,5,4.543182373046875
938,1021,6,4.845434188842773
938,144,7,4.517398357391357
938,192,8,4.387773036956787
938,265,9,4.497353553771973
938,429,10,4.615551471710205
939,199,1,5.936104774475098
939,70,2,5.025294780731201
939,310,3,5.3608808517456055
939,434,4,5.001487731933594
939,1142,5,4.999842166900635
939,117,6,5.107985496520996
939,470,7,5.100128173828125
939,1167,8,4.669183731079102
939,432,9,4.902195930480957
939,1396,10,4.894552707672119
940,211,1,4.633756160736084
940,517,2,4.598826885223389
940,169,3,4.458060264587402
940,419,4,3.8980026245117188
940,966,5,3.8288023471832275
940,1039,6,3.6649482250213623
940,87,7,4.300443649291992
940,488,8,4.051604747772217
940,642,9,3.6477718353271484
940,1160,10,3.927626132965088
941,887,1,4.1630096435546875
941,285,2,4.793337821960449
941,648,3,4.4192328453063965
941,483,4,4.777354717254639
941,513,5,4.746193885803223
941,657,6,4.6635661125183105
941,75,7,4.0915093421936035
941,482,8,4.644162654876709
941,519,9,4.595733165740967
941,494,10,4.299429893493652
942,129,1,5.210422515869141
942,1010,2,4.94558048248291
942,653,3,4.4123148918151855
942,603,4,4.851184368133545
942,589,5,4.191361904144287
942,682,6,4.342790603637695
942,96,7,4.443202495574951
942,1269,8,4.83870792388916
942,966,9,4.510300159454346
942,75,10,4.310060024261475
943,307,1,4.059407711029053
943,1159,2,4.447299003601074
943,530,3,4.798800945281982
943,8,4,4.4080071449279785
943,190,5,4.664571762084961
943,1077,6,4.1156463623046875
943,114,7,4.194972038269043
943,1125,8,3.8435404300689697
943,1062,9,4.541487216949463
943,1331,10,4.073563575744629
