user_id,item_id,rank,pred_rating
1,511,1,5.398755073547363
1,1062,2,4.067911148071289
1,1084,3,4.147456169128418
1,603,4,4.87717866897583
1,969,5,4.039355278015137
1,1109,6,3.889212131500244
1,360,7,4.410861492156982
1,806,8,4.633805274963379
1,445,9,3.992318868637085
1,497,10,4.362321853637695
2,693,1,3.837306022644043
2,1062,2,4.0186357498168945
2,850,3,4.0182881355285645
2,189,4,4.461645126342773
2,511,5,4.424471378326416
2,863,6,3.999318838119507
2,1019,7,4.369648456573486
2,480,8,4.1844987869262695
2,172,9,4.319150924682617
2,239,10,3.724848747253418
3,483,1,3.814101457595825
3,526,2,3.3086936473846436
3,187,3,3.6885225772857666
3,316,4,3.4313559532165527
3,127,5,3.675715923309326
3,427,6,3.151017427444458
3,24,7,3.2048158645629883
3,320,8,3.260806083679199
3,1097,9,3.0603244304656982
3,1251,10,3.4728639125823975
4,185,1,4.879223823547363
4,519,2,5.39070463180542
4,223,3,5.376593589782715
4,217,4,4.808021545410156
4,211,5,5.048060417175293
4,916,6,4.606292247772217
4,697,7,4.775609016418457
4,493,8,5.116515159606934
4,134,9,5.101785659790039
4,12,10,4.761265277862549
5,175,1,5.049330711364746
5,806,2,3.8309948444366455
5,74,3,3.7118797302246094
5,119,4,3.7604031562805176
5,114,5,4.51249885559082
5,249,6,3.6389474868774414
5,489,7,3.6899983882904053
5,1158,8,4.04731559753418
5,316,9,4.124796390533447
5,647,10,4.353560447692871
6,1201,1,3.587146282196045
6,647,2,4.5145063400268555
6,443,3,4.496711730957031
6,705,4,4.064236640930176
6,1269,5,3.7129907608032227
6,150,6,4.283130645751953
6,60,7,4.2245988845825195
6,1233,8,3.544542074203491
6,602,9,3.848226308822632
6,52,10,3.934241771697998
7,718,1,4.690331935882568
7,1523,2,4.07809591293335
7,169,3,5.087761402130127
7,1367,4,4.969987869262695
7,965,5,4.458040714263916
7,1147,6,4.575701713562012
7,283,7,4.109793186187744
7,958,8,4.722660064697266
7,119,9,4.503652572631836
7,1160,10,4.178332805633545
8,169,1,5.396231651306152
8,211,2,4.579938888549805
8,1142,3,4.299680709838867
8,157,4,4.555145263671875
8,1500,5,4.157448768615723
8,48,6,4.269749641418457
8,318,7,4.816864013671875
8,1428,8,3.969888925552368
8,1,9,4.051318645477295
8,297,10,4.435513973236084
9,1194,1,4.265042304992676
9,419,2,4.052605152130127
9,513,3,4.506333351135254
9,633,4,3.9019832611083984
9,647,5,3.9735963344573975
9,1203,6,4.203205585479736
9,1019,7,4.378060817718506
9,904,8,3.9678282737731934
9,178,9,4.297940254211426
9,251,10,4.286836624145508
10,313,1,5.072029113769531
10,318,2,5.017629146575928
10,52,3,4.269665241241455
10,966,4,4.532671928405762
10,1159,5,4.669033527374268
10,608,6,4.118834018707275
10,119,7,4.617624282836914
10,528,8,4.374040603637695
10,1203,9,4.113489627838135
10,193,10,4.19500207901001
11,963,1,4.773994445800781
11,1449,2,4.720887660980225
11,936,3,3.997499942779541
11,533,4,3.7608163356781006
11,607,5,4.115331649780273
11,10,6,4.45833683013916
11,1019,7,4.381979465484619
11,811,8,3.9684319496154785
11,505,9,4.187183856964111
11,1024,10,4.1847405433654785
12,235,1,4.09567928314209
12,483,2,5.101217746734619
12,1121,3,4.6021809577941895
12,945,4,4.59281587600708
12,1367,5,4.48975133895874
12,222,6,4.261014461517334
12,958,7,4.4697489738464355
12,1278,8,4.364393711090088
12,651,9,4.463533401489258
12,1147,10,4.554554462432861
13,694,1,4.376437664031982
13,1367,2,4.348850727081299
13,1142,3,4.313126564025879
13,489,4,3.697411060333252
13,221,5,3.9639525413513184
13,1053,6,3.543107032775879
13,30,7,4.167191028594971
13,1115,8,3.6075377464294434
13,945,9,4.0989813804626465
13,1361,10,3.6474788188934326
14,171,1,5.39224100112915
14,611,2,4.157515048980713
14,208,3,4.358152866363525
14,521,4,4.568960189819336
14,538,5,4.4387054443359375
14,896,6,4.777735710144043
14,198,7,4.201877117156982
14,925,8,4.1274213790893555
14,1313,9,4.194395542144775
14,488,10,4.295558452606201
15,487,1,4.119139194488525
15,198,2,3.439648151397705
15,1617,3,3.8923768997192383
15,465,4,3.8566596508026123
15,160,5,3.430004119873047
15,1450,6,3.843165397644043
15,199,7,4.282017230987549
15,86,8,4.22330379486084
15,423,9,4.183211326599121
15,1534,10,3.448399066925049
16,205,1,5.240726470947266
16,884,2,4.510745048522949
16,223,3,5.1243696212768555
16,491,4,4.8035383224487305
16,530,5,4.504601955413818
16,511,6,4.768757343292236
16,707,7,4.76653528213501
16,1115,8,4.6341552734375
16,1617,9,4.725015640258789
16,408,10,4.610326766967773
17,151,1,3.849886894226074
17,483,2,4.528936862945557
17,19,3,3.525987148284912
17,199,4,3.721470594406128
17,185,5,4.104076385498047
17,485,6,3.5496253967285156
17,487,7,4.0581374168396
17,1131,8,3.5452656745910645
17,189,9,3.759824514389038
17,79,10,4.0112690925598145
18,30,1,3.9515774250030518
18,662,2,4.191195011138916
18,155,3,4.190969944000244
18,1194,4,4.636124610900879
18,923,5,4.489192485809326
18,995,6,4.077174186706543
18,277,7,4.154347896575928
18,302,8,4.4052605628967285
18,963,9,4.384008884429932
18,1139,10,4.205529689788818
19,135,1,4.138896465301514
19,427,2,4.035648345947266
19,916,3,4.129781723022461
19,493,4,4.3724589347839355
19,694,5,4.362932205200195
19,462,6,4.207314968109131
19,1302,7,3.803926467895508
19,1367,8,4.303219318389893
19,200,9,4.286985397338867
19,136,10,4.063086986541748
20,161,1,3.8185977935791016
20,746,2,4.388211250305176
20,482,3,3.717787742614746
20,245,4,4.016791343688965
20,307,5,4.230563163757324
20,589,6,3.700894832611084
20,903,7,3.5121378898620605
20,645,8,3.5973215103149414
20,488,9,3.965872287750244
20,285,10,4.102365016937256
21,187,1,5.110052585601807
21,493,2,3.9755945205688477
21,182,3,4.5753984451293945
21,195,4,3.7710142135620117
21,183,5,4.353663921356201
21,211,6,3.9425156116485596
21,887,7,3.5678162574768066
21,968,8,3.928006649017334
21,589,9,3.9220216274261475
21,143,10,3.609105348587036
22,150,1,5.398861408233643
22,1064,2,4.355136394500732
22,183,3,4.337244510650635
22,20,4,4.033181667327881
22,1573,5,4.10353946685791
22,837,6,4.471736431121826
22,527,7,4.278876304626465
22,497,8,4.431917190551758
22,566,9,4.249832630157471
22,157,10,4.380691051483154
23,210,1,4.300470352172852
23,1203,2,4.5858049392700195
23,168,3,4.508424282073975
23,434,4,4.253656387329102
23,1019,5,4.459782123565674
23,272,6,4.211930751800537
23,645,7,3.953359365463257
23,1017,8,4.207203388214111
23,882,9,3.796165943145752
23,641,10,3.7433435916900635
24,177,1,4.665109634399414
24,663,2,5.097956657409668
24,1367,3,4.852859973907471
24,52,4,4.212893962860107
24,1591,5,4.701178550720215
24,420,6,4.582865238189697
24,87,7,4.209774494171143
24,84,8,4.170467376708984
24,474,9,4.684066295623779
24,664,10,4.668219089508057
25,12,1,4.912093162536621
25,75,2,3.949045419692993
25,487,3,4.387560844421387
25,1589,4,3.862729549407959
25,1468,5,4.07330846786499
25,1103,6,4.350443363189697
25,466,7,4.066891670227051
25,1137,8,4.489516258239746
25,1203,9,4.184633731842041
25,529,10,4.103287220001221
26,603,1,4.158067226409912
26,170,2,3.340752363204956
26,50,3,4.070588111877441
26,89,4,3.655397415161133
26,127,5,3.762789011001587
26,1269,6,3.6147637367248535
26,1193,7,3.4817426204681396
26,482,8,3.73633074760437
26,853,9,3.905933141708374
26,1558,10,3.5272388458251953
27,482,1,3.76350998878479
27,609,2,3.504354953765869
27,513,3,4.150087356567383
27,116,4,4.113984107971191
27,430,5,3.902462959289551
27,1558,6,4.0638885498046875
27,520,7,3.899423122406006
27,213,8,3.5573158264160156
27,313,9,4.0250630378723145
27,607,10,3.7796812057495117
28,156,1,4.600070476531982
28,55,2,4.261598110198975
28,497,3,4.1222825050354
28,659,4,4.2317118644714355
28,124,5,4.404231548309326
28,64,6,4.199141979217529
28,1428,7,4.015727519989014
28,1,8,4.191996097564697
28,399,9,4.094834804534912
28,958,10,4.161196231842041
29,181,1,4.360056400299072
29,483,2,4.856789588928223
29,965,3,4.007491111755371
29,496,4,4.200952529907227
29,1021,5,4.61088228225708
29,1115,6,4.053162097930908
29,172,7,4.5889787673950195
29,607,8,4.42039680480957
29,963,9,4.575742721557617
29,721,10,4.233723163604736
30,513,1,5.065415382385254
30,178,2,4.935290336608887
30,42,3,4.8522233963012695
30,74,4,3.920036554336548
30,209,5,4.2911834716796875
30,194,6,4.40546989440918
30,825,7,4.140832424163818
30,1402,8,3.9739251136779785
30,659,9,4.495720863342285
30,742,10,4.0054168701171875
31,640,1,4.048437118530273
31,657,2,4.269109725952148
31,960,3,4.104482173919678
31,659,4,4.4385199546813965
31,194,5,4.226987838745117
31,178,6,4.421379566192627
31,530,7,4.41063117980957
31,198,8,3.8238420486450195
31,217,9,3.919673204421997
31,1142,10,4.078495979309082
32,603,1,4.686890125274658
32,190,2,3.962310552597046
32,332,3,3.7609920501708984
32,639,4,3.816406488418579
32,855,5,3.86594295501709
32,490,6,3.61470103263855
32,134,7,4.225464820861816
32,189,8,4.178269386291504
32,71,9,4.146076679229736
32,198,10,3.9991915225982666
33,210,1,4.216744422912598
33,498,2,4.304172039031982
33,1451,3,4.059441089630127
33,615,4,4.270545959472656
33,144,5,4.269280433654785
33,22,6,4.444618225097656
33,59,7,4.428051948547363
33,492,8,4.403913974761963
33,1160,9,4.095442295074463
33,614,10,4.075182914733887
34,1142,1,4.474078178405762
34,1211,2,4.242323875427246
34,603,3,4.868941783905029
34,510,4,4.836127281188965
34,613,5,4.580620765686035
34,490,6,4.568453788757324
34,1122,7,4.123180389404297
34,303,8,4.431272029876709
34,199,9,4.718830108642578
34,172,10,4.486215591430664
35,22,1,4.172319412231445
35,12,2,4.915373802185059
35,854,3,4.0903239250183105
35,1612,4,3.873652458190918
35,180,5,4.146175384521484
35,855,6,4.133361339569092
35,705,7,4.057715892791748
35,1396,8,3.9707741737365723
35,1500,9,4.1057281494140625
35,172,10,4.324316024780273
36,922,1,4.165149688720703
36,515,2,4.305639266967773
36,1524,3,4.291420936584473
36,603,4,4.613390922546387
36,210,5,3.9973556995391846
36,4,6,4.193666458129883
36,701,7,3.977548360824585
36,195,8,4.520727634429932
36,119,9,4.513725280761719
36,1193,10,4.237390041351318
37,216,1,4.280064582824707
37,168,2,4.581236839294434
37,98,3,4.33103609085083
37,515,4,4.795063495635986
37,238,5,4.247515678405762
37,431,6,4.157461643218994
37,378,7,4.510876178741455
37,12,8,4.723578929901123
37,181,9,4.684078216552734
37,489,10,4.4488911628723145
38,905,1,4.3502302169799805
38,242,2,5.343660354614258
38,399,3,4.9409074783325195
38,531,4,4.916350364685059
38,1121,5,5.082457542419434
38,228,6,5.078166961669922
38,633,7,4.4230427742004395
38,1153,8,4.8169708251953125
38,513,9,4.8136677742004395
38,1305,10,4.414642810821533
39,98,1,4.618914604187012
39,589,2,3.7779757976531982
39,479,3,3.8621017932891846
39,482,4,4.348241806030273
39,207,5,4.0310282707214355
39,1137,6,3.7540950775146484
39,1,7,3.7140393257141113
39,958,8,4.081541061401367
39,179,9,4.08107852935791
39,187,10,3.877214193344116
40,432,1,4.601117134094238
40,504,2,3.8513050079345703
40,653,3,4.253575801849365
40,1375,4,3.5666630268096924
40,705,5,3.7445147037506104
40,274,6,3.6111600399017334
40,606,7,4.113278865814209
40,250,8,4.089581489562988
40,1169,9,3.7247073650360107
40,233,10,3.5475738048553467
41,489,1,4.217650413513184
41,172,2,4.625323295593262
41,1240,3,4.196071147918701
41,484,4,4.536362171173096
41,1483,5,3.944638967514038
41,1191,6,3.6865735054016113
41,867,7,3.7476587295532227
41,1131,8,3.8485262393951416
41,707,9,4.344045162200928
41,498,10,3.986032485961914
42,22,1,5.624142646789551
42,333,2,3.810250759124756
42,408,3,4.88945198059082
42,622,4,4.2005157470703125
42,1451,5,4.604496002197266
42,879,6,4.304045677185059
42,662,7,4.296036720275879
42,1463,8,3.8837881088256836
42,482,9,4.17603063583374
42,500,10,3.9711034297943115
43,125,1,5.160981178283691
43,477,2,5.11406135559082
43,1080,3,4.342082500457764
43,1516,4,4.171003818511963
43,207,5,4.321717739105225
43,813,6,4.663384437561035
43,915,7,4.221473217010498
43,1240,8,4.157018661499023
43,170,9,4.589144229888916
43,13,10,4.365726470947266
44,223,1,4.258915424346924
44,608,2,4.249532699584961
44,525,3,4.366237640380859
44,467,4,4.371326446533203
44,210,5,4.549415111541748
44,648,6,4.514225006103516
44,502,7,4.342617034912109
44,654,8,4.491053581237793
44,59,9,4.2042555809021
44,425,10,4.073320388793945
45,856,1,4.688812732696533
45,302,2,5.0098185539245605
45,169,3,4.879469871520996
45,484,4,4.80698299407959
45,512,5,4.444891929626465
45,172,6,4.801216125488281
45,134,7,4.795404434204102
45,1019,8,4.376213073730469
45,770,9,4.16900634765625
45,64,10,4.725525856018066
46,789,1,4.03441047668457
46,694,2,4.466804504394531
46,484,3,4.6605963706970215
46,1039,4,4.465320110321045
46,730,5,4.243702411651611
46,306,6,4.605248928070068
46,64,7,4.434815883636475
46,1019,8,4.41041374206543
46,156,9,4.56295919418335
46,1194,10,4.527502536773682
47,1142,1,4.46309757232666
47,408,2,5.088602066040039
47,1021,3,4.886768341064453
47,607,4,4.348504543304443
47,210,5,4.255490303039551
47,56,6,4.5174126625061035
47,663,7,4.298686504364014
47,922,8,4.344598293304443
47,119,9,4.557187080383301
47,1007,10,4.688416004180908
48,316,1,5.09691858291626
48,200,2,4.723837852478027
48,848,3,3.788745403289795
48,747,4,4.20705509185791
48,307,5,4.200071811676025
48,22,6,3.7869229316711426
48,1352,7,3.8296377658843994
48,1166,8,3.865158796310425
48,1005,9,4.251863479614258
48,181,10,4.251059532165527
49,770,1,3.8130910396575928
49,470,2,3.54718279838562
49,1147,3,3.6041762828826904
49,654,4,4.468204498291016
49,137,5,4.369541645050049
49,223,6,3.7779459953308105
49,1019,7,4.329894065856934
49,482,8,3.4551236629486084
49,524,9,3.5179641246795654
49,427,10,4.099656581878662
50,170,1,5.154370307922363
50,152,2,4.845860004425049
50,132,3,4.649343490600586
50,216,4,4.726425647735596
50,408,5,4.709503173828125
50,516,6,4.814651012420654
50,615,7,4.6297125816345215
50,174,8,4.9327616691589355
50,701,9,4.435432434082031
50,136,10,4.9186625480651855
51,661,1,3.9352645874023438
51,318,2,4.701808452606201
51,659,3,3.697953224182129
51,89,4,3.9281256198883057
51,694,5,4.092031002044678
51,525,6,4.085262775421143
51,482,7,3.6460506916046143
51,793,8,3.751498222351074
51,1021,9,4.16326379776001
51,119,10,4.108711242675781
52,169,1,5.127204418182373
52,177,2,4.852070331573486
52,1591,3,4.5581231117248535
52,513,4,4.838313102722168
52,508,5,4.722239017486572
52,484,6,4.455414295196533
52,615,7,4.6503400802612305
52,474,8,4.977353572845459
52,1512,9,4.934901714324951
52,50,10,4.91342830657959
53,603,1,4.7634196281433105
53,127,2,4.6885480880737305
53,210,3,4.092832088470459
53,315,4,4.085214138031006
53,531,5,4.295232772827148
53,172,6,4.547231674194336
53,1142,7,4.5177459716796875
53,1010,8,4.071042060852051
53,313,9,4.341783046722412
53,793,10,4.003224849700928
54,316,1,5.303586006164551
54,64,2,5.16853666305542
54,651,3,4.674377918243408
54,305,4,5.037085056304932
54,428,5,4.993330478668213
54,75,6,4.187607765197754
54,646,7,4.2289862632751465
54,648,8,4.4683709144592285
54,619,9,4.262182235717773
54,936,10,4.7235426902771
55,634,1,3.7916107177734375
55,169,2,4.353924751281738
55,654,3,4.267765998840332
55,639,4,3.673906087875366
55,529,5,4.188409328460693
55,162,6,3.653125762939453
55,526,7,3.649383544921875
55,1302,8,3.703397750854492
55,183,9,4.14083194732666
55,1269,10,4.115943431854248
56,664,1,5.094130516052246
56,52,2,4.703770637512207
56,1612,3,4.329303741455078
56,123,4,3.983767509460449
56,6,5,4.423797607421875
56,736,6,4.188688278198242
56,872,7,4.1088080406188965
56,613,8,4.183922290802002
56,513,9,4.375917911529541
56,177,10,4.367778778076172
57,12,1,4.78321647644043
57,274,2,3.9320125579833984
57,489,3,4.65498161315918
57,648,4,4.096397876739502
57,1482,5,3.784085750579834
57,150,6,4.178451061248779
57,1449,7,4.412898540496826
57,746,8,3.900624990463257
57,272,9,4.130449295043945
57,647,10,4.38258171081543
58,251,1,4.571945667266846
58,316,2,5.263012409210205
58,693,3,4.96397590637207
58,553,4,4.181601524353027
58,1448,5,4.102926731109619
58,1331,6,4.466939926147461
58,874,7,4.026037216186523
58,944,8,4.714841365814209
58,513,9,4.208932876586914
58,320,10,4.409326553344727
59,463,1,5.12709379196167
59,144,2,4.54652738571167
59,6,3,4.380904197692871
59,1116,4,4.370979309082031
59,482,5,4.743584632873535
59,956,6,3.944593906402588
59,634,7,4.085110664367676
59,487,8,4.222054958343506
59,119,9,4.6235551834106445
59,275,10,4.316047668457031
60,1449,1,5.046242713928223
60,177,2,4.200507164001465
60,1512,3,4.9320173263549805
60,793,4,4.382200717926025
60,157,5,4.24686861038208
60,316,6,4.68880033493042
60,190,7,4.523589134216309
60,223,8,4.412147045135498
60,958,9,4.6493754386901855
60,165,10,4.472787857055664
61,474,1,4.158186912536621
61,408,2,4.075511932373047
61,853,3,3.49715256690979
61,10,4,3.958385705947876
61,813,5,3.459756374359131
61,493,6,3.753610372543335
61,514,7,3.952198028564453
61,1500,8,3.7431538105010986
61,1451,9,3.5225629806518555
61,611,10,3.793534755706787
62,1506,1,3.9180619716644287
62,523,2,3.9944357872009277
62,519,3,3.8013522624969482
62,909,4,3.9686646461486816
62,531,5,3.865636110305786
62,1019,6,4.406145095825195
62,919,7,4.117384910583496
62,793,8,4.103850841522217
62,659,9,4.066574573516846
62,1084,10,4.287950038909912
63,318,1,4.80438756942749
63,12,2,4.351557731628418
63,315,3,3.931459665298462
63,59,4,4.276474952697754
63,1166,5,3.450118064880371
63,526,6,3.493793487548828
63,1062,7,3.6559221744537354
63,344,8,4.181844234466553
63,966,9,3.7034926414489746
63,203,10,3.997100830078125
64,285,1,4.871113300323486
64,1144,2,3.6466500759124756
64,216,3,4.486519813537598
64,246,4,4.171935081481934
64,283,5,3.9555017948150635
64,170,6,4.375694274902344
64,408,7,3.944788694381714
64,530,8,4.354783058166504
64,60,9,4.308056354522705
64,954,10,3.994464874267578
65,528,1,4.880963325500488
65,83,2,4.049277305603027
65,316,3,4.821966171264648
65,485,4,4.528324604034424
65,497,5,4.523797035217285
65,420,6,4.389327049255371
65,1097,7,3.989903211593628
65,525,8,4.498279094696045
65,285,9,4.683627128601074
65,304,10,4.1594648361206055
66,1019,1,4.234801769256592
66,423,2,4.403079509735107
66,313,3,5.1912431716918945
66,114,4,4.380974292755127
66,1119,5,3.9534170627593994
66,684,6,4.2113037109375
66,710,7,4.126981735229492
66,265,8,4.719414710998535
66,655,9,4.531119346618652
66,62,10,3.9102859497070312
67,736,1,5.15060567855835
67,813,2,4.543403625488281
67,923,3,4.545506000518799
67,963,4,4.870265960693359
67,185,5,4.489322185516357
67,192,6,4.563905715942383
67,611,7,4.556623458862305
67,174,8,4.701526641845703
67,663,9,4.548616409301758
67,292,10,4.548060417175293
68,603,1,4.393920421600342
68,478,2,4.965603828430176
68,187,3,4.385654449462891
68,850,4,4.09163761138916
68,520,5,4.194523334503174
68,963,6,4.647330284118652
68,710,7,4.240799903869629
68,71,8,4.316214561462402
68,659,9,4.307211875915527
68,209,10,4.595301628112793
69,423,1,4.3260579109191895
69,135,2,4.794633865356445
69,1203,3,4.277079105377197
69,169,4,4.655482292175293
69,234,5,4.3861308097839355
69,478,6,4.172260284423828
69,228,7,4.1159772872924805
69,11,8,3.9239516258239746
69,1531,9,3.973696708679199
69,1524,10,4.111162185668945
70,156,1,4.898733139038086
70,134,2,4.748304843902588
70,12,3,4.623234748840332
70,718,4,4.031263828277588
70,754,5,3.7384793758392334
70,192,6,3.9052090644836426
70,888,7,3.8404228687286377
70,811,8,3.8977367877960205
70,242,9,4.320720195770264
70,56,10,3.9995133876800537
71,1007,1,3.8511033058166504
71,525,2,4.353443622589111
71,1019,3,4.3460211753845215
71,923,4,4.283329010009766
71,198,5,3.9935851097106934
71,644,6,4.241462707519531
71,1406,7,4.090225696563721
71,865,8,3.9704508781433105
71,510,9,3.877000570297241
71,1594,10,3.592914342880249
72,753,1,4.242508888244629
72,648,2,4.803192138671875
72,805,3,3.9625208377838135
72,634,4,4.4411492347717285
72,344,5,4.422397613525391
72,1073,6,4.395946502685547
72,498,7,4.549811840057373
72,185,8,4.530989170074463
72,474,9,4.181262016296387
72,558,10,4.512541770935059
73,55,1,4.973829746246338
73,315,2,4.785917282104492
73,1268,3,4.055196285247803
73,119,4,4.11143159866333
73,337,5,3.888676881790161
73,150,6,4.598506927490234
73,465,7,3.940122127532959
73,502,8,4.093398094177246
73,857,9,3.919884204864502
73,92,10,4.408153057098389
74,603,1,4.783714771270752
74,496,2,4.748969078063965
74,856,3,4.2812089920043945
74,408,4,4.634840965270996
74,170,5,4.2511162757873535
74,651,6,4.119331359863281
74,863,7,4.236210823059082
74,525,8,4.21579122543335
74,207,9,4.429403781890869
74,533,10,4.100336074829102
75,165,1,4.617785453796387
75,181,2,4.129848480224609
75,657,3,4.956725120544434
75,1097,4,4.8527302742004395
75,12,5,4.508947849273682
75,154,6,3.9830832481384277
75,603,7,4.7319440841674805
75,1114,8,3.975166082382202
75,179,9,3.962880849838257
75,519,10,4.648519039154053
77,694,1,4.740750789642334
77,766,2,3.9634995460510254
77,1191,3,3.7606334686279297
77,22,4,4.25335168838501
77,675,5,4.247687339782715
77,1126,6,4.41621732711792
77,850,7,4.226443290710449
77,650,8,3.904658317565918
77,633,9,3.9008734226226807
77,480,10,4.336081504821777
78,694,1,4.202613353729248
78,56,2,3.5213470458984375
78,8,3,3.7757210731506348
78,1062,4,3.7609212398529053
78,165,5,3.5599167346954346
78,496,6,4.04425573348999
78,1,7,3.7427620887756348
78,169,8,3.814059257507324
78,318,9,4.001598834991455
78,853,10,3.79824161529541
79,135,1,4.45145320892334
79,513,2,4.515355110168457
79,718,3,4.852055072784424
79,276,4,4.828702926635742
79,1368,5,4.305972576141357
79,1558,6,4.291935920715332
79,298,7,3.9404361248016357
79,272,8,4.362422466278076
79,875,9,3.8653292655944824
79,132,10,4.490135669708252
80,850,1,3.9093480110168457
80,89,2,4.529864311218262
80,1019,3,3.9080119132995605
80,652,4,4.090749740600586
80,601,5,3.666745662689209
80,190,6,4.366755962371826
80,402,7,4.049943447113037
80,529,8,3.947216033935547
80,511,9,4.194938659667969
80,1193,10,3.844346761703491
81,357,1,4.715407371520996
81,1462,2,3.55188250541687
81,525,3,3.812175989151001
81,792,4,3.7576351165771484
81,628,5,3.8017656803131104
81,493,6,3.8525197505950928
81,1406,7,3.6299915313720703
81,735,8,4.155231952667236
81,520,9,4.181597709655762
81,515,10,4.087630748748779
83,313,1,4.8617939949035645
83,408,2,4.484065055847168
83,419,3,4.745754718780518
83,1506,4,4.099057674407959
83,497,5,4.221865653991699
83,531,6,4.573139190673828
83,119,7,4.41741418838501
83,519,8,4.556797504425049
83,73,9,4.024555683135986
83,787,10,4.0234222412109375
84,50,1,4.883346080780029
84,1449,2,4.758423328399658
84,169,3,4.673331260681152
84,432,4,4.090156555175781
84,1211,5,4.36165189743042
84,124,6,4.426219940185547
84,475,7,4.185038089752197
84,604,8,4.035886287689209
84,74,9,4.254288196563721
84,479,10,4.511385917663574
85,1154,1,3.967648506164551
85,144,2,3.618032932281494
85,470,3,4.074555397033691
85,200,4,4.323044300079346
85,169,5,3.7730071544647217
85,119,6,4.239137172698975
85,505,7,3.597238302230835
85,593,8,3.702876091003418
85,753,9,4.004533290863037
85,1474,10,3.7387168407440186
86,483,1,4.606410503387451
86,965,2,3.5544211864471436
86,656,3,3.925377607345581
86,169,4,4.252117156982422
86,1268,5,3.8193440437316895
86,486,6,3.98331356048584
86,958,7,3.8948423862457275
86,1005,8,3.6985206604003906
86,520,9,3.8036866188049316
86,813,10,4.062893390655518
87,271,1,4.378208160400391
87,516,2,4.967552185058594
87,162,3,4.444202423095703
87,1220,4,4.293698787689209
87,434,5,4.630951404571533
87,265,6,4.823633670806885
87,71,7,4.287304878234863
87,1154,8,4.279135227203369
87,657,9,4.562143802642822
87,491,10,4.32861328125
88,114,1,4.433015823364258
88,497,2,3.873826026916504
88,1143,3,3.7872724533081055
88,589,4,3.874526262283325
88,855,5,3.932046413421631
88,611,6,4.214285373687744
88,420,7,3.9074316024780273
88,488,8,3.8871476650238037
88,1386,9,3.8342771530151367
88,50,10,3.8318026065826416
89,611,1,5.003810882568359
89,232,2,4.826803207397461
89,602,3,4.707021713256836
89,253,4,4.951357364654541
89,95,5,4.516105651855469
89,633,6,5.076210975646973
89,436,7,4.648075103759766
89,98,8,4.849224090576172
89,156,9,5.019674777984619
89,1069,10,4.488132953643799
90,469,1,5.412376403808594
90,329,2,4.391556262969971
90,1211,3,4.481513023376465
90,408,4,4.673231601715088
90,164,5,4.365140914916992
90,520,6,4.910334587097168
90,660,7,4.356764793395996
90,1544,8,4.139054298400879
90,1454,9,4.209242343902588
90,1154,10,4.754112720489502
91,206,1,4.598018646240234
91,250,2,5.0199384689331055
91,713,3,4.555675983428955
91,589,4,3.985145330429077
91,454,5,4.201948642730713
91,1191,6,4.070493221282959
91,418,7,4.106244087219238
91,505,8,4.10623836517334
91,288,9,4.700682640075684
91,320,10,4.614557266235352
92,192,1,4.648242950439453
92,114,2,4.220979690551758
92,750,3,4.068655490875244
92,793,4,4.210071563720703
92,1192,5,4.176483154296875
92,513,6,4.367391109466553
92,966,7,3.8920300006866455
92,187,8,4.006002426147461
92,327,9,3.6723055839538574
92,1191,10,3.7903599739074707
93,320,1,4.320893287658691
93,100,2,5.051138877868652
93,531,3,4.402838230133057
93,1070,4,4.228931427001953
93,580,5,4.0297722816467285
93,408,6,4.67438268661499
93,190,7,4.348316669464111
93,166,8,4.445643901824951
93,114,9,4.584259510040283
93,965,10,4.0344767570495605
94,178,1,5.035126209259033
94,276,2,4.452096939086914
94,199,3,5.02181339263916
94,1174,4,4.138125419616699
94,1451,5,4.264698505401611
94,236,6,4.4380035400390625
94,251,7,4.799415588378906
94,1387,8,4.077859878540039
94,752,9,4.068756580352783
94,346,10,4.719688415527344
95,1039,1,4.899081230163574
95,430,2,4.8552985191345215
95,1115,3,3.7711071968078613
95,301,4,3.7701852321624756
95,408,5,4.604279041290283
95,604,6,4.10946798324585
95,285,7,4.429828643798828
95,1658,8,3.854422092437744
95,1459,9,3.940052032470703
95,528,10,3.8486874103546143
96,185,1,5.1144585609436035
96,1131,2,4.1061625480651855
96,114,3,4.354909896850586
96,293,4,4.228213310241699
96,69,5,4.703037738800049
96,143,6,4.436697959899902
96,966,7,4.4365739822387695
96,1500,8,4.2738518714904785
96,22,9,4.5088791847229
96,157,10,4.4252824783325195
97,663,1,5.70876932144165
97,678,2,3.9661035537719727
97,1195,3,4.021755218505859
97,181,4,4.709171772003174
97,144,5,3.9455342292785645
97,1462,6,4.283085823059082
97,464,7,4.06158971786499
97,187,8,4.2762346267700195
97,211,9,4.358165740966797
97,318,10,4.5170979499816895
98,170,1,4.798724174499512
98,285,2,4.747278213500977
98,522,3,4.178330898284912
98,922,4,3.974299669265747
98,127,5,4.080040454864502
98,1073,6,4.508874893188477
98,1153,7,3.9120240211486816
98,919,8,4.138886451721191
98,511,9,4.379049301147461
98,1449,10,3.9931836128234863
99,318,1,5.746230602264404
99,530,2,4.022322654724121
99,1558,3,4.457479476928711
99,1020,4,4.223250389099121
99,659,5,4.648876667022705
99,1191,6,4.00960111618042
99,57,7,4.600897789001465
99,271,8,3.911421298980713
99,448,9,4.202559947967529
99,8,10,4.264479637145996
100,248,1,3.7705442905426025
100,96,2,4.396892070770264
100,22,3,4.294083595275879
100,1326,4,3.3313355445861816
100,485,5,3.4112348556518555
100,1251,6,3.5787720680236816
100,429,7,3.988821506500244
100,129,8,3.6198251247406006
100,1129,9,3.5038199424743652
100,853,10,3.778852939605713
101,98,1,4.0433855056762695
101,496,2,3.9870667457580566
101,10,3,3.41763973236084
101,83,4,3.928765058517456
101,211,5,3.3782198429107666
101,101,6,3.3392727375030518
101,710,7,3.4038610458374023
101,515,8,3.806156873703003
101,657,9,3.5355587005615234
101,584,10,3.7566404342651367
103,208,1,4.93331241607666
103,483,2,4.495421409606934
103,651,3,4.766134262084961
103,311,4,4.319926738739014
103,921,5,4.055302143096924
103,258,6,4.575806617736816
103,498,7,4.237183094024658
103,508,8,4.284107685089111
103,272,9,4.413266181945801
103,223,10,4.504105567932129
104,960,1,4.203907012939453
104,1448,2,3.351428985595703
104,652,3,3.8269734382629395
104,223,4,3.5035183429718018
104,1159,5,4.055010795593262
104,641,6,4.028787612915039
104,511,7,3.982542037963867
104,478,8,3.9527554512023926
104,1016,9,3.665191650390625
104,524,10,3.417389392852783
105,318,1,5.247722148895264
105,50,2,4.967621803283691
105,171,3,4.62398099899292
105,193,4,4.172303676605225
105,427,5,4.809893608093262
105,1019,6,4.252918720245361
105,1050,7,4.127780437469482
105,292,8,4.298997402191162
105,483,9,4.7228546142578125
105,484,10,4.6854987144470215
106,638,1,3.982476234436035
106,483,2,4.385993957519531
106,144,3,4.3551177978515625
106,443,4,4.204463958740234
106,489,5,4.301845550537109
106,909,6,4.120643615722656
106,1515,7,3.8922061920166016
106,850,8,4.198487281799316
106,603,9,4.4454874992370605
106,494,10,4.1839280128479
107,23,1,4.828499794006348
107,612,2,4.06449031829834
107,33,3,3.8148915767669678
107,656,4,4.462430000305176
107,709,5,4.120569229125977
107,616,6,3.9555420875549316
107,697,7,4.417802810668945
107,60,8,4.398817539215088
107,1129,9,4.091048240661621
107,701,10,3.9300808906555176
108,213,1,5.085029125213623
108,813,2,4.21110725402832
108,320,3,4.7834014892578125
108,611,4,4.198324203491211
108,408,5,4.521299839019775
108,1067,6,4.491822242736816
108,610,7,4.057241916656494
108,492,8,4.087380886077881
108,535,9,4.224245071411133
108,651,10,4.5976104736328125
109,297,1,4.767221450805664
109,651,2,4.0319929122924805
109,328,3,4.191637992858887
109,99,4,4.434119701385498
109,1142,5,3.9530677795410156
109,918,6,3.6022303104400635
109,132,7,4.361008167266846
109,1264,8,3.739543914794922
109,1442,9,3.85414981842041
109,1110,10,3.9742870330810547
110,1064,1,3.8150463104248047
110,1523,2,3.677311897277832
110,519,3,4.09559965133667
110,1131,4,3.953908681869507
110,378,5,4.06051778793335
110,1,6,4.2063727378845215
110,194,7,4.194045543670654
110,227,8,4.0120697021484375
110,793,9,3.6919026374816895
110,1111,10,4.13019323348999
111,169,1,4.939725875854492
111,173,2,4.493190765380859
111,1190,3,4.005059242248535
111,357,4,4.635915756225586
111,178,5,4.463133335113525
111,318,6,4.63134765625
111,191,7,4.2971415519714355
111,443,8,4.1666107177734375
111,135,9,4.13751220703125
111,251,10,4.514900207519531
112,42,1,4.362049579620361
112,1195,2,4.2424163818359375
112,1594,3,4.425917148590088
112,520,4,4.726038932800293
112,1101,5,4.4969072341918945
112,466,6,4.316525459289551
112,958,7,4.4780731201171875
112,694,8,4.603214263916016
112,502,9,4.451664447784424
112,91,10,4.201920032501221
113,603,1,4.300784111022949
113,169,2,4.736298084259033
113,1020,3,3.710725784301758
113,519,4,4.221804141998291
113,966,5,3.8004074096679688
113,693,6,3.7979416847229004
113,119,7,4.045846939086914
113,114,8,4.314960956573486
113,82,9,3.7345776557922363
113,161,10,3.93496036529541
114,50,1,4.91560173034668
114,524,2,3.9037013053894043
114,192,3,4.1258649826049805
114,963,4,4.506590366363525
114,408,5,4.472573280334473
114,1149,6,3.7647013664245605
114,661,7,3.6301767826080322
114,847,8,3.7619688510894775
114,495,9,3.856490135192871
114,265,10,3.729468822479248
115,179,1,5.616657733917236
115,1388,2,3.9537367820739746
115,1097,3,4.1373443603515625
115,175,4,4.993748188018799
115,1302,5,4.397200584411621
115,811,6,4.513922691345215
115,603,7,4.765176773071289
115,609,8,4.182019233703613
115,189,9,4.086596488952637
115,135,10,4.587437629699707
116,239,1,3.6457154750823975
116,659,2,3.578310489654541
116,213,3,3.572550058364868
116,215,4,4.1318135261535645
116,64,5,3.558723211288452
116,100,6,4.004573345184326
116,1159,7,3.6026601791381836
116,470,8,3.5913662910461426
116,513,9,3.9068315029144287
116,1166,10,3.897913932800293
117,22,1,4.488157272338867
117,313,2,5.115359306335449
117,189,3,5.060920715332031
117,813,4,4.47153377532959
117,222,5,4.357807159423828
117,694,6,4.353845596313477
117,750,7,4.901587963104248
117,251,8,4.349168300628662
117,919,9,4.789158821105957
117,603,10,4.78284215927124
118,12,1,5.382397174835205
118,484,2,4.767630577087402
118,690,3,4.656791687011719
118,50,4,5.15410852432251
118,315,5,4.793084621429443
118,209,6,4.978860378265381
118,652,7,5.126541614532471
118,482,8,4.691774845123291
118,483,9,5.083629608154297
118,127,10,5.065751075744629
119,657,1,5.496321678161621
119,79,2,4.390544891357422
119,423,3,5.2816996574401855
119,242,4,4.5863356590271
119,169,5,5.245790481567383
119,191,6,5.217808723449707
119,641,7,4.387314319610596
119,427,8,4.5791096687316895
119,520,9,5.090225696563721
119,1104,10,4.746431350708008
120,275,1,4.494726657867432
120,435,2,4.6088385581970215
120,1114,3,4.097573757171631
120,963,4,4.735106468200684
120,1098,5,4.4558234214782715
120,48,6,4.542277812957764
120,1143,7,4.297770977020264
120,189,8,4.3512468338012695
120,694,9,4.638052940368652
120,199,10,4.426347732543945
121,1142,1,4.60282039642334
121,344,2,4.590938568115234
121,835,3,3.6564362049102783
121,93,4,4.529905319213867
121,52,5,4.508249282836914
121,489,6,4.216484546661377
121,169,7,4.447031497955322
121,1169,8,3.648284673690796
121,91,9,3.8675851821899414
121,79,10,3.7195851802825928
122,1009,1,4.285784721374512
122,426,2,4.051165580749512
122,48,3,4.337719440460205
122,176,4,4.268647193908691
122,524,5,4.848291397094727
122,478,6,4.834840297698975
122,631,7,4.788739204406738
122,965,8,4.253788471221924
122,285,9,4.511107921600342
122,896,10,4.24789571762085
123,654,1,5.080020427703857
123,851,2,3.9991869926452637
123,641,3,4.086596488952637
123,306,4,4.292839050292969
123,603,5,4.753884315490723
123,1068,6,4.288341522216797
123,1194,7,4.271819114685059
123,1529,8,4.016928672790527
123,83,9,4.323037624359131
123,61,10,4.4791364669799805
124,89,1,4.204648494720459
124,316,2,3.685309648513794
124,515,3,3.547703742980957
124,119,4,3.6625289916992188
124,44,5,3.3209707736968994
124,114,6,3.645203113555908
124,269,7,3.3097939491271973
124,965,8,3.4015183448791504
124,178,9,3.759340286254883
124,275,10,3.5887527465820312
125,965,1,4.07401180267334
125,185,2,4.273895263671875
125,525,3,4.401486396789551
125,232,4,4.044832229614258
125,226,5,4.713435173034668
125,589,6,3.913971185684204
125,787,7,4.508437156677246
125,416,8,3.9519524574279785
125,850,9,4.191690921783447
125,429,10,4.31959342956543
126,558,1,3.9361324310302734
126,173,2,4.796039581298828
126,12,3,4.6953301429748535
126,1193,4,3.8446269035339355
126,1449,5,3.8983709812164307
126,181,6,3.829716682434082
126,1594,7,3.7746827602386475
126,50,8,4.337509632110596
126,639,9,3.957979440689087
126,208,10,4.055825233459473
127,710,1,3.805885076522827
127,144,2,4.274730205535889
127,302,3,4.3914265632629395
127,648,4,3.981762409210205
127,496,5,4.6820173263549805
127,1269,6,4.336823463439941
127,223,7,4.654536724090576
127,633,8,4.554494857788086
127,283,9,4.1874847412109375
127,916,10,4.2973198890686035
128,659,1,5.150976181030273
128,607,2,5.098662853240967
128,224,3,4.165832042694092
128,958,4,4.641895771026611
128,787,5,4.032434940338135
128,347,6,4.123188018798828
128,1523,7,4.112987518310547
128,42,8,3.856024742126465
128,613,9,4.015934467315674
128,510,10,3.938786268234253
130,916,1,5.153164863586426
130,535,2,4.840387344360352
130,887,3,4.3811354637146
130,607,4,5.083720684051514
130,1485,5,4.33524751663208
130,969,6,4.817147254943848
130,251,7,4.80384635925293
130,781,8,4.468944549560547
130,211,9,4.463658332824707
130,131,10,4.90837287902832
131,382,1,3.9556705951690674
131,661,2,4.487565040588379
131,236,3,4.454009532928467
131,526,4,3.8436007499694824
131,119,5,4.35014533996582
131,251,6,4.155899524688721
131,1064,7,3.9756453037261963
131,511,8,4.299760341644287
131,211,9,3.871429920196533
131,945,10,3.9131929874420166
132,521,1,3.9880564212799072
132,482,2,4.245715618133545
132,1268,3,3.8437986373901367
132,705,4,3.829606294631958
132,430,5,4.183366298675537
132,48,6,4.087789535522461
132,51,7,3.698972225189209
132,1010,8,3.5962536334991455
132,211,9,3.7908666133880615
132,612,10,3.677055597305298
133,169,1,4.449642181396484
133,513,2,4.362921237945557
133,467,3,3.7672388553619385
133,1020,4,4.025031089782715
133,89,5,4.1217570304870605
133,494,6,4.002048015594482
133,125,7,4.086339473724365
133,165,8,4.2025651931762695
133,966,9,3.968116044998169
133,71,10,3.657452344894409
134,8,1,4.1472954750061035
134,753,2,4.630073547363281
134,1558,3,3.880084753036499
134,88,4,4.389289855957031
134,1451,5,3.7406792640686035
134,705,6,4.035571575164795
134,333,7,4.316227912902832
134,132,8,3.6642613410949707
134,1428,9,3.629923105239868
134,205,10,3.6284189224243164
135,179,1,4.351202011108398
135,515,2,4.852983474731445
135,316,3,4.670483589172363
135,48,4,3.953091621398926
135,135,5,4.09814453125
135,45,6,3.989541530609131
135,805,7,3.942690372467041
135,57,8,4.495346546173096
135,194,9,4.479545593261719
135,837,10,4.2060651779174805
136,483,1,4.412341594696045
136,1406,2,4.275536060333252
136,1449,3,5.025761127471924
136,28,4,4.555941581726074
136,474,5,4.989866256713867
136,837,6,4.359175682067871
136,20,7,4.976284980773926
136,175,8,4.741755962371826
136,519,9,4.723559856414795
136,648,10,4.879692554473877
137,333,1,4.841599941253662
137,478,2,5.512431621551514
137,1269,3,5.475261688232422
137,190,4,4.982520580291748
137,538,5,4.76524019241333
137,169,6,5.267201900482178
137,245,7,4.807101249694824
137,1007,8,4.961640357971191
137,46,9,4.615199089050293
137,1131,10,4.924927234649658
138,220,1,4.240269660949707
138,246,2,4.351688861846924
138,443,3,4.419414520263672
138,510,4,4.704302787780762
138,1169,5,4.522932529449463
138,474,6,4.679118633270264
138,79,7,4.400697708129883
138,483,8,4.329658508300781
138,316,9,4.607804298400879
138,432,10,4.370626449584961
139,1200,1,4.054427146911621
139,513,2,4.608558654785156
139,479,3,4.311716556549072
139,32,4,4.230094909667969
139,1500,5,4.227940082550049
139,7,6,3.9978973865509033
139,174,7,4.504627704620361
139,606,8,4.487644672393799
139,165,9,4.273208141326904
139,607,10,4.348979949951172
140,608,1,3.9714243412017822
140,251,2,4.706798553466797
140,61,3,4.1208271980285645
140,850,4,4.207958221435547
140,513,5,4.307986259460449
140,1268,6,4.1742095947265625
140,221,7,4.27198600769043
140,427,8,4.411490440368652
140,490,9,4.237358570098877
140,657,10,3.9793052673339844
141,178,1,5.047658443450928
141,774,2,4.27644681930542
141,478,3,4.147656440734863
141,481,4,4.247135162353516
141,1589,5,4.0815110206604
141,320,6,4.451637268066406
141,327,7,4.450101852416992
141,520,8,4.659626007080078
141,228,9,4.296920299530029
141,1160,10,4.631339073181152
142,50,1,5.089357376098633
142,505,2,3.9780936241149902
142,811,3,3.9789934158325195
142,489,4,4.420513153076172
142,1194,5,4.3707661628723145
142,1142,6,4.605691909790039
142,1483,7,4.097174644470215
142,470,8,4.326422691345215
142,508,9,4.2894182205200195
142,234,10,4.4786248207092285
143,174,1,4.375830173492432
143,96,2,4.794041633605957
143,1159,3,3.9898126125335693
143,641,4,4.2277727127075195
143,1131,5,4.088027000427246
143,216,6,4.218832015991211
143,185,7,4.524774551391602
143,172,8,4.446056842803955
143,270,9,4.183416843414307
143,525,10,4.060616970062256
144,922,1,4.149973392486572
144,496,2,4.97291374206543
144,207,3,4.239819526672363
144,856,4,4.747489929199219
144,519,5,4.115077018737793
144,602,6,4.110138893127441
144,217,7,4.203548431396484
144,1642,8,4.313838958740234
144,210,9,4.087831974029541
144,697,10,3.91922926902771
145,484,1,5.028398036956787
145,511,2,4.4206109046936035
145,851,3,4.296284198760986
145,520,4,4.963245391845703
145,912,5,3.9408555030822754
145,208,6,4.567178726196289
145,1064,7,4.006282329559326
145,186,8,4.753899574279785
145,165,9,4.690979957580566
145,1599,10,4.030157566070557
146,514,1,4.597976207733154
146,654,2,4.560163974761963
146,1286,3,3.9935381412506104
146,119,4,4.3053436279296875
146,111,5,3.9918737411499023
146,60,6,4.467833042144775
146,474,7,4.179090976715088
146,178,8,4.462087631225586
146,1005,9,4.078610420227051
146,652,10,4.1460065841674805
147,479,1,4.6473212242126465
147,513,2,4.855253219604492
147,524,3,4.416654109954834
147,89,4,4.603874206542969
147,1084,5,4.25950288772583
147,735,6,4.597299098968506
147,265,7,4.781455039978027
147,215,8,4.397235870361328
147,607,9,4.696609020233154
147,853,10,4.391085147857666
148,248,1,4.997403144836426
148,1022,2,4.1275763511657715
148,96,3,4.465185642242432
148,170,4,4.776387691497803
148,156,5,4.420890808105469
148,332,6,4.007213592529297
148,614,7,4.2513628005981445
148,360,8,4.249735355377197
148,1600,9,3.900049924850464
148,262,10,4.221093654632568
150,919,1,4.498423099517822
150,98,2,4.814822196960449
150,633,3,4.759883403778076
150,774,4,4.570291519165039
150,408,5,4.388881206512451
150,176,6,4.721733570098877
150,251,7,4.713184356689453
150,1268,8,4.434571266174316
150,753,9,4.434202194213867
150,515,10,4.421536445617676
151,963,1,5.22066068649292
151,1536,2,4.084478855133057
151,128,3,4.347874164581299
151,856,4,4.601676940917969
151,1405,5,4.859351634979248
151,1115,6,4.185817241668701
151,304,7,4.421993255615234
151,1142,8,4.704943656921387
151,838,9,4.224413871765137
151,1137,10,4.472763538360596
152,196,1,4.782497882843018
152,999,2,4.50519323348999
152,472,3,4.688442707061768
152,300,4,5.358409404754639
152,88,5,5.307721138000488
152,216,6,5.248078346252441
152,805,7,4.665264129638672
152,63,8,4.590865135192871
152,1524,9,4.7359089851379395
152,1104,10,4.574411392211914
153,12,1,4.714149475097656
153,1462,2,3.7165048122406006
153,169,3,4.178197383880615
153,1007,4,4.071496963500977
153,480,5,4.165623188018799
153,272,6,4.451173782348633
153,488,7,3.970597505569458
153,224,8,3.812972068786621
153,199,9,4.229851245880127
153,513,10,4.224599838256836
154,195,1,4.897379398345947
154,186,2,4.073178768157959
154,1449,3,4.280371189117432
154,526,4,4.479259967803955
154,484,5,4.271578788757324
154,387,6,4.108800411224365
154,1639,7,3.897310972213745
154,430,8,3.9346187114715576
154,505,9,4.216987609863281
154,117,10,3.846316337585449
155,178,1,3.8666203022003174
155,99,2,3.5704634189605713
155,480,3,4.118107795715332
155,56,4,3.4082448482513428
155,70,5,3.8385725021362305
155,589,6,4.0237717628479
155,466,7,3.8243637084960938
155,1070,8,3.5929811000823975
155,195,9,3.587449073791504
155,52,10,3.877652168273926
156,511,1,4.567131519317627
156,588,2,3.626626491546631
156,634,3,3.823096752166748
156,482,4,4.4986186027526855
156,856,5,3.8749074935913086
156,607,6,4.3039326667785645
156,611,7,3.9657697677612305
156,1368,8,4.2844133377075195
156,489,9,3.962202310562134
156,1500,10,3.849527597427368
157,496,1,5.264368534088135
157,114,2,5.1768622398376465
157,789,3,4.448420524597168
157,211,4,4.725393772125244
157,429,5,4.648745536804199
157,1007,6,4.645023345947266
157,1558,7,4.629836559295654
157,188,8,5.006387233734131
157,1475,9,4.79777717590332
157,902,10,4.956263542175293
158,48,1,5.196340560913086
158,23,2,5.083563327789307
158,519,3,4.309975624084473
158,855,4,4.445144176483154
158,469,5,4.8859357833862305
158,520,6,4.303913116455078
158,69,7,4.424637317657471
158,654,8,4.797301769256592
158,133,9,4.082396030426025
158,508,10,4.159837245941162
159,199,1,5.388823509216309
159,183,2,4.826786994934082
159,1098,3,4.412344455718994
159,150,4,5.12601375579834
159,165,5,5.005978107452393
159,1277,6,4.451557159423828
159,41,7,4.390694618225098
159,174,8,4.696188926696777
159,408,9,4.694461345672607
159,642,10,4.491416931152344
160,144,1,5.384092807769775
160,1203,2,4.155888557434082
160,853,3,4.589166641235352
160,166,4,4.219869613647461
160,203,5,4.891542434692383
160,602,6,4.733508110046387
160,34,7,3.9774670600891113
160,1466,8,4.181106090545654
160,156,9,4.628270149230957
160,99,10,4.011171817779541
162,276,1,4.970921516418457
162,1169,2,4.541266441345215
162,546,3,4.14058256149292
162,131,4,4.4281535148620605
162,211,5,4.643860816955566
162,853,6,4.283600330352783
162,1481,7,4.15390682220459
162,608,8,4.230055332183838
162,484,9,4.567732810974121
162,656,10,4.326554775238037
163,169,1,3.8843696117401123
163,718,2,3.647902488708496
163,515,3,4.27231502532959
163,166,4,3.932537078857422
163,12,5,4.208719253540039
163,1639,6,3.8681223392486572
163,480,7,4.142505645751953
163,1142,8,3.900038242340088
163,367,9,3.8915305137634277
163,968,10,3.694611072540283
164,385,1,5.132369041442871
164,1449,2,5.119106292724609
164,488,3,5.033785820007324
164,1594,4,4.4567437171936035
164,969,5,4.454709529876709
164,199,6,4.917544364929199
164,165,7,4.720087051391602
164,1167,8,4.39445161819458
164,194,9,4.6216721534729
164,1642,10,4.3903584480285645
165,79,1,4.483945846557617
165,199,2,4.732570648193359
165,1269,3,4.384763240814209
165,1193,4,4.270326614379883
165,1073,5,4.648226261138916
165,302,6,4.353362083435059
165,1153,7,4.253436088562012
165,318,8,4.626845359802246
165,310,9,4.075864791870117
165,274,10,4.179352283477783
166,435,1,3.791239023208618
166,632,2,3.9969122409820557
166,499,3,3.6697287559509277
166,210,4,3.77154803276062
166,443,5,4.118535041809082
166,100,6,4.115776538848877
166,64,7,3.9319708347320557
166,966,8,3.922341823577881
166,83,9,3.8934805393218994
166,710,10,3.7362923622131348
167,165,1,4.755847930908203
167,1021,2,3.7489736080169678
167,609,3,3.6130471229553223
167,124,4,4.672496318817139
167,531,5,4.601128578186035
167,963,6,4.501261234283447
167,298,7,3.64483380317688
167,710,8,4.430335998535156
167,194,9,4.018894195556641
167,1386,10,3.9965217113494873
168,615,1,4.476685047149658
168,150,2,3.965527296066284
168,169,3,4.953559875488281
168,176,4,4.403912544250488
168,68,5,4.216948986053467
168,797,6,3.7337207794189453
168,484,7,3.8436546325683594
168,1449,8,3.900667190551758
168,485,9,4.294279098510742
168,50,10,4.515201568603516
169,1004,1,3.931276321411133
169,169,2,4.88046932220459
169,645,3,4.321737289428711
169,297,4,4.442614555358887
169,189,5,4.441056728363037
169,83,6,4.429807186126709
169,270,7,4.574370861053467
169,527,8,4.063509464263916
169,320,9,4.121713161468506
169,408,10,4.3407673835754395
170,496,1,5.44718599319458
170,211,2,5.025575637817383
170,519,3,5.269683837890625
170,615,4,4.974558353424072
170,182,5,4.562019348144531
170,641,6,5.152923107147217
170,313,7,5.143029689788818
170,1169,8,4.727212905883789
170,608,9,4.85593318939209
170,493,10,5.063574314117432
171,513,1,4.3862457275390625
171,1201,2,3.480158805847168
171,124,3,3.7629003524780273
171,172,4,4.1446533203125
171,429,5,3.8262860774993896
171,61,6,3.6698241233825684
171,615,7,3.561840057373047
171,480,8,4.048626899719238
171,641,9,4.045801162719727
171,189,10,3.998922348022461
172,1657,1,3.2214386463165283
172,510,2,4.081963062286377
172,511,3,3.7667243480682373
172,821,4,3.2083678245544434
172,513,5,3.976012945175171
172,515,6,3.865372657775879
172,185,7,3.689845561981201
172,165,8,3.860748291015625
172,201,9,3.4189531803131104
172,60,10,3.7912728786468506
173,28,1,4.749812602996826
173,318,2,5.325904369354248
173,251,3,5.181145668029785
173,1111,4,4.731089115142822
173,660,5,4.852890968322754
173,189,6,5.130247592926025
173,488,7,4.786046504974365
173,923,8,4.946750640869141
173,357,9,5.091839790344238
173,611,10,4.561503887176514
174,208,1,4.631278991699219
174,134,2,4.625405311584473
174,357,3,5.475646495819092
174,811,4,4.563288688659668
174,114,5,5.29704475402832
174,549,6,5.223731517791748
174,1268,7,4.415304183959961
174,694,8,4.865238666534424
174,943,9,4.663394927978516
174,32,10,4.9861578941345215
175,181,1,5.010210037231445
175,427,2,4.171993255615234
175,511,3,3.944053888320923
175,1433,4,3.632179021835327
175,525,5,4.087928771972656
175,227,6,4.311724662780762
175,1466,7,4.059291839599609
175,210,8,3.762854814529419
175,394,9,3.9002115726470947
175,1005,10,3.960750102996826
176,519,1,4.298765659332275
176,443,2,4.233513355255127
176,171,3,4.868018627166748
176,497,4,4.2110915184021
176,408,5,4.081482887268066
176,317,6,4.6474928855896
176,661,7,4.651651382446289
176,968,8,4.262057781219482
176,524,9,4.4139933586120605
176,191,10,4.593133926391602
177,1585,1,3.772413492202759
177,33,2,3.7722561359405518
177,293,3,4.266580581665039
177,612,4,4.089148044586182
177,180,5,4.648863315582275
177,1011,6,3.690232515335083
177,513,7,4.489274024963379
177,478,8,4.170094013214111
177,1639,9,4.126686096191406
177,603,10,4.299606800079346
178,302,1,4.806826114654541
178,205,2,4.770880699157715
178,251,3,4.478035926818848
178,1585,4,3.9419753551483154
178,1251,5,4.456016540527344
178,645,6,4.146045684814453
178,46,7,3.9860544204711914
178,1062,8,4.245999336242676
178,88,9,3.7950594425201416
178,87,10,3.8365941047668457
179,848,1,3.918611764907837
179,660,2,4.9075026512146
179,1269,3,4.6779656410217285
179,95,4,4.175743579864502
179,214,5,4.174937725067139
179,1007,6,4.143211364746094
179,1449,7,4.5200629234313965
179,248,8,4.250973224639893
179,1451,9,3.7952334880828857
179,425,10,4.052281379699707
180,530,1,5.303653717041016
180,504,2,4.391498565673828
180,89,3,5.072751522064209
180,499,4,4.428927898406982
180,1405,5,4.795290470123291
180,251,6,4.258721351623535
180,95,7,4.137378215789795
180,315,8,4.028347492218018
180,144,9,4.121567249298096
180,33,10,4.300549507141113
181,208,1,2.955409049987793
181,265,2,2.8957104682922363
181,99,3,2.18890118598938
181,91,4,2.860603094100952
181,1101,5,2.8544955253601074
181,1193,6,2.58136248588562
181,863,7,2.352159023284912
181,371,8,2.2239913940429688
181,50,9,2.540182590484619
181,1131,10,2.2171413898468018
182,603,1,4.937783241271973
182,45,2,4.4836883544921875
182,127,3,4.273392677307129
182,502,4,4.263085842132568
182,133,5,4.311049938201904
182,513,6,4.547908782958984
182,222,7,4.380686283111572
182,613,8,4.2333502769470215
182,126,9,4.021053314208984
182,216,10,4.289221286773682
183,519,1,4.122889041900635
183,694,2,3.9826927185058594
183,1251,3,3.9816856384277344
183,485,4,3.891683340072632
183,606,5,4.083574295043945
183,1142,6,3.692995309829712
183,529,7,4.059675216674805
183,493,8,4.173774242401123
183,169,9,3.776885986328125
183,863,10,3.9122891426086426
184,83,1,4.623998641967773
184,408,2,4.5316572189331055
184,484,3,3.992971897125244
184,481,4,4.304705619812012
184,1466,5,4.4707932472229
184,1192,6,3.9821290969848633
184,200,7,3.8929316997528076
184,793,8,4.399783611297607
184,1636,9,3.825533390045166
184,119,10,4.24617862701416
185,204,1,4.238434791564941
185,482,2,4.694353103637695
185,916,3,4.150116443634033
185,965,4,3.9251816272735596
185,101,5,4.016915798187256
185,135,6,4.54149055480957
185,1203,7,4.134246826171875
185,657,8,4.503117084503174
185,656,9,4.481555461883545
185,489,10,4.1234822273254395
186,69,1,5.129272937774658
186,73,2,4.343145370483398
186,1607,3,4.121361255645752
186,9,4,4.322726726531982
186,191,5,4.960024833679199
186,50,6,4.919326305389404
186,131,7,4.868752956390381
186,1039,8,4.833521366119385
186,1102,9,3.99432373046875
186,519,10,4.207855701446533
187,318,1,5.492366313934326
187,485,2,4.381413459777832
187,936,3,4.253619194030762
187,1121,4,4.252829551696777
187,478,5,4.2486724853515625
187,511,6,4.468642234802246
187,507,7,4.207193374633789
187,1269,8,4.444229602813721
187,242,9,4.205962181091309
187,176,10,4.561213493347168
188,313,1,4.901536464691162
188,536,2,4.131351947784424
188,701,3,4.119723320007324
188,662,4,4.780622482299805
188,198,5,4.116349697113037
188,216,6,4.649837970733643
188,1483,7,4.166565895080566
188,317,8,4.343352794647217
188,111,9,4.320880889892578
188,1512,10,4.212697505950928
189,709,1,5.186183452606201
189,958,2,4.544429302215576
189,1286,3,4.1893205642700195
189,1422,4,4.0571746826171875
189,1137,5,4.772693634033203
189,430,6,4.336811542510986
189,519,7,4.7147016525268555
189,357,8,4.675451278686523
189,646,9,4.093635559082031
189,1136,10,4.001500606536865
190,50,1,4.842657089233398
190,22,2,4.838703155517578
190,79,3,4.412757396697998
190,265,4,4.663340091705322
190,459,5,4.167396068572998
190,735,6,4.016339302062988
190,176,7,4.515323162078857
190,513,8,4.502304553985596
190,1367,9,3.94006085395813
190,69,10,4.437539100646973
191,435,1,4.242894649505615
191,1639,2,4.156558990478516
191,251,3,4.075911045074463
191,963,4,4.375161647796631
191,248,5,3.858044147491455
191,50,6,4.060365200042725
191,966,7,4.1966166496276855
191,645,8,4.043426990509033
191,657,9,4.292177677154541
191,173,10,4.262223243713379
192,489,1,4.012372970581055
192,300,2,3.919973373413086
192,191,3,4.590368747711182
192,251,4,4.520883083343506
192,382,5,4.1003031730651855
192,189,6,4.476926326751709
192,272,7,4.470658302307129
192,641,8,3.94519305229187
192,211,9,4.235995769500732
192,210,10,4.394070625305176
193,754,1,3.9628241062164307
193,515,2,4.661867141723633
193,98,3,4.6383891105651855
193,136,4,4.607117176055908
193,34,5,3.7955312728881836
193,850,6,4.091418266296387
193,602,7,3.9166784286499023
193,255,8,3.8516793251037598
193,639,9,3.976219654083252
193,357,10,4.066124439239502
194,1364,1,3.4019713401794434
194,156,2,4.3352155685424805
194,408,3,3.819570541381836
194,114,4,4.120207786560059
194,1124,5,3.2534782886505127
194,201,6,3.2492733001708984
194,641,7,3.6151790618896484
194,313,8,3.864703893661499
194,639,9,3.581533432006836
194,1269,10,3.6895740032196045
195,1450,1,4.030402660369873
195,64,2,4.7307024002075195
195,811,3,4.199687480926514
195,530,4,4.026421546936035
195,1121,5,4.3668646812438965
195,83,6,3.9249513149261475
195,180,7,4.539848327636719
195,705,8,4.306007385253906
195,684,9,4.527729034423828
195,639,10,3.850402355194092
196,582,1,4.574676513671875
196,316,2,4.569040298461914
196,1251,3,3.9466819763183594
196,675,4,4.117415904998779
196,32,5,4.291987895965576
196,114,6,3.9452664852142334
196,509,7,3.9313223361968994
196,185,8,3.74389910697937
196,144,9,3.7755277156829834
196,96,10,4.284926891326904
197,178,1,5.051623344421387
197,191,2,3.976874828338623
197,601,3,3.7149524688720703
197,185,4,4.696202278137207
197,659,5,4.044414043426514
197,119,6,4.442900657653809
197,1463,7,3.6417670249938965
197,497,8,4.17511510848999
197,467,9,3.8990540504455566
197,199,10,4.388227462768555
198,134,1,4.4142961502075195
198,257,2,3.8919262886047363
198,1599,3,3.737149238586426
198,251,4,3.673537254333496
198,966,5,4.0603928565979
198,490,6,4.043222904205322
198,319,7,3.531466007232666
198,445,8,3.5308260917663574
198,482,9,4.019784927368164
198,345,10,3.4092421531677246
199,1268,1,3.8521103858947754
199,224,2,3.7461998462677
199,190,3,4.256627082824707
199,420,4,3.8060555458068848
199,419,5,4.161641597747803
199,251,6,4.147587299346924
199,134,7,4.1406049728393555
199,513,8,3.9337964057922363
199,505,9,3.6155381202697754
199,74,10,3.449483871459961
200,1268,1,4.29433012008667
200,655,2,5.248048782348633
200,487,3,5.155847549438477
200,12,4,4.719585418701172
200,1019,5,4.989806175231934
200,1448,6,4.285151958465576
200,347,7,4.62755012512207
200,42,8,4.607855319976807
200,613,9,4.610866069793701
200,257,10,4.4293928146362305
201,154,1,3.847970962524414
201,250,2,3.6752829551696777
201,91,3,4.124922752380371
201,965,4,3.4812371730804443
201,813,5,4.084283351898193
201,935,6,3.31142520904541
201,484,7,4.059032917022705
201,1043,8,3.2890522480010986
201,1643,9,3.890486717224121
201,170,10,3.5947940349578857
202,483,1,4.178831577301025
202,724,2,3.3558831214904785
202,115,3,3.4451816082000732
202,210,4,3.6450066566467285
202,47,5,3.2733962535858154
202,318,6,3.7334189414978027
202,1251,7,3.7331552505493164
202,198,8,3.9366822242736816
202,127,9,3.8769912719726562
202,156,10,3.797670841217041
203,392,1,4.290645599365234
203,14,2,3.8855535984039307
203,50,3,4.674628257751465
203,1084,4,3.717522144317627
203,74,5,3.8796138763427734
203,189,6,4.070319652557373
203,954,7,3.923252820968628
203,922,8,4.3926286697387695
203,99,9,4.377732276916504
203,445,10,3.8948633670806885
204,647,1,5.041471481323242
204,483,2,4.971350193023682
204,127,3,4.138886451721191
204,189,4,3.8721587657928467
204,15,5,3.5921239852905273
204,404,6,3.640115261077881
204,179,7,4.293656349182129
204,1149,8,3.679577350616455
204,1190,9,3.724583148956299
204,638,10,3.9042892456054688
205,199,1,4.3474602699279785
205,654,2,4.147706985473633
205,186,3,3.695298194885254
205,445,4,3.4554145336151123
205,9,5,3.752708911895752
205,836,6,3.8525967597961426
205,1449,7,4.032215118408203
205,1160,8,3.667921304702759
205,171,9,3.8400180339813232
205,705,10,3.7233963012695312
206,946,1,3.040203809738159
206,1142,2,4.26054048538208
206,19,3,3.3964576721191406
206,302,4,3.032214641571045
206,132,5,3.8921360969543457
206,98,6,3.6511385440826416
206,91,7,3.3679447174072266
206,496,8,3.8379392623901367
206,435,9,3.614403009414673
206,657,10,3.59615159034729
207,753,1,3.599259614944458
207,169,2,4.502652168273926
207,603,3,4.383706569671631
207,1585,4,3.626441240310669
207,863,5,4.078242301940918
207,1449,6,3.789290428161621
207,903,7,3.869863986968994
207,222,8,3.4316153526306152
207,451,9,3.613131046295166
207,151,10,3.489389657974243
208,746,1,3.962475538253784
208,332,2,4.195009231567383
208,83,3,4.178246021270752
208,520,4,4.550623893737793
208,304,5,3.865633010864258
208,178,6,4.47797966003418
208,434,7,4.412797927856445
208,189,8,4.312870025634766
208,64,9,4.297910690307617
208,255,10,3.8414573669433594
209,216,1,4.670740127563477
209,490,2,3.9132962226867676
209,524,3,4.2758941650390625
209,1005,4,3.966522693634033
209,484,5,4.570843696594238
209,496,6,4.513543128967285
209,999,7,3.7574052810668945
209,121,8,4.122547626495361
209,230,9,4.2410407066345215
209,478,10,4.384755611419678
210,169,1,5.2835774421691895
210,647,2,4.491257667541504
210,916,3,4.583885192871094
210,511,4,4.937263488769531
210,887,5,4.472480773925781
210,965,6,4.164342403411865
210,432,7,4.825379371643066
210,1482,8,4.1639485359191895
210,119,9,4.7889251708984375
210,1122,10,4.1899094581604
211,12,1,4.309383392333984
211,187,2,4.276094436645508
211,136,3,4.262347221374512
211,958,4,3.8745176792144775
211,519,5,4.186497688293457
211,1524,6,3.680619478225708
211,525,7,4.154746055603027
211,945,8,3.981442451477051
211,543,9,3.71232533454895
211,1019,10,3.9586005210876465
212,1483,1,3.9383089542388916
212,615,2,4.3557915687561035
212,1233,3,4.662466526031494
212,204,4,4.6375651359558105
212,904,5,4.323566436767578
212,178,6,4.320623397827148
212,60,7,4.48383092880249
212,320,8,4.304750442504883
212,144,9,4.101552963256836
212,64,10,4.397105693817139
213,525,1,4.431034564971924
213,1550,2,4.274702072143555
213,531,3,5.002830982208252
213,313,4,4.830775260925293
213,101,5,4.5991082191467285
213,879,6,4.188930034637451
213,132,7,4.2588300704956055
213,198,8,4.745461463928223
213,183,9,4.455111980438232
213,1220,10,4.545257091522217
214,318,1,4.802623271942139
214,194,2,4.4966864585876465
214,59,3,4.438336372375488
214,519,4,4.306957244873047
214,1524,5,3.9069271087646484
214,190,6,4.306603908538818
214,1639,7,3.973236322402954
214,1201,8,3.9689998626708984
214,628,9,3.9670071601867676
214,648,10,4.208194732666016
215,657,1,4.718856334686279
215,42,2,3.902592897415161
215,710,3,3.8732352256774902
215,445,4,4.080970287322998
215,1139,5,3.6821320056915283
215,525,6,4.370779991149902
215,694,7,4.358587265014648
215,12,8,3.6288394927978516
215,797,9,4.00581693649292
215,705,10,3.816976547241211
216,89,1,4.413804054260254
216,244,2,4.196490287780762
216,641,3,4.266157627105713
216,1137,4,4.713561058044434
216,694,5,4.6778435707092285
216,1172,6,3.9328982830047607
216,1142,7,4.594829559326172
216,660,8,3.9649038314819336
216,483,9,4.454198837280273
216,1103,10,4.085618019104004
217,288,1,4.273339748382568
217,896,2,3.652926445007324
217,346,3,4.562657356262207
217,483,4,4.047130584716797
217,1302,5,3.8382728099823
217,535,6,4.366199016571045
217,204,7,3.8364999294281006
217,488,8,4.354480743408203
217,157,9,4.132498741149902
217,1585,10,3.667414426803589
218,479,1,4.010931491851807
218,1160,2,4.14715576171875
218,854,3,3.8691060543060303
218,1193,4,3.993863344192505
218,655,5,4.3217573165893555
218,1512,6,4.074311256408691
218,298,7,3.653150796890259
218,114,8,4.20954704284668
218,14,9,3.951399803161621
218,320,10,3.8307292461395264
219,223,1,5.2914228439331055
219,48,2,4.481368064880371
219,603,3,5.061233043670654
219,543,4,4.5608649253845215
219,1617,5,4.293492794036865
219,70,6,4.9502034187316895
219,966,7,4.728692531585693
219,1021,8,4.866459846496582
219,45,9,4.849104404449463
219,466,10,4.597293376922607
220,1251,1,4.445426940917969
220,603,2,4.995665550231934
220,143,3,4.950937271118164
220,11,4,4.602532386779785
220,69,5,4.425685405731201
220,251,6,4.832106590270996
220,1617,7,4.328046798706055
220,1639,8,4.296652317047119
220,916,9,4.636114120483398
220,1149,10,4.406775951385498
221,203,1,4.647751808166504
221,529,2,4.630832672119141
221,198,3,4.165287971496582
221,170,4,3.9457895755767822
221,429,5,4.001132011413574
221,195,6,4.561298370361328
221,171,7,4.221630573272705
221,483,8,4.249588966369629
221,1451,9,3.975665807723999
221,494,10,3.9099552631378174
222,203,1,5.077918529510498
222,615,2,3.662762403488159
222,272,3,4.763993263244629
222,435,4,3.7812705039978027
222,114,5,4.636729717254639
222,1542,6,3.457481622695923
222,1155,7,3.6699912548065186
222,1550,8,3.477169990539551
222,1193,9,3.810249090194702
222,487,10,3.5541093349456787
223,79,1,5.024988174438477
223,210,2,3.8572864532470703
223,748,3,4.357375144958496
223,470,4,4.351920127868652
223,747,5,3.5391476154327393
223,794,6,4.047382354736328
223,511,7,3.681166887283325
223,191,8,4.2598395347595215
223,1220,9,4.021344184875488
223,1129,10,3.733937978744507
224,1169,1,3.8177378177642822
224,705,2,3.6760737895965576
224,216,3,3.915839672088623
224,210,4,4.10002326965332
224,713,5,3.986821174621582
224,435,6,3.7687466144561768
224,709,7,4.069111347198486
224,484,8,3.729673385620117
224,963,9,3.8529510498046875
224,958,10,3.9682445526123047
225,653,1,4.368319034576416
225,177,2,4.455318927764893
225,1449,3,4.8666558265686035
225,1005,4,4.513363361358643
225,50,5,4.862379550933838
225,1523,6,4.443704128265381
225,588,7,4.591196060180664
225,837,8,4.480414390563965
225,524,9,4.72163724899292
225,127,10,4.7193779945373535
226,114,1,5.040374279022217
226,429,2,4.706081867218018
226,655,3,3.8700311183929443
226,718,4,3.8689537048339844
226,190,5,4.178020477294922
226,521,6,3.85943865776062
226,1142,7,3.856062412261963
226,1098,8,4.157130718231201
226,837,9,4.130215644836426
226,1367,10,3.962538480758667
227,269,1,3.938671350479126
227,23,2,4.073293209075928
227,91,3,4.768558502197266
227,174,4,3.9646832942962646
227,177,5,4.279224872589111
227,89,6,4.700052738189697
227,466,7,4.535120487213135
227,178,8,4.5320305824279785
227,143,9,4.327676296234131
227,645,10,4.325758457183838
228,603,1,4.655160903930664
228,165,2,3.996870517730713
228,1468,3,3.6127166748046875
228,207,4,4.144250392913818
228,114,5,4.417695999145508
228,189,6,3.9680333137512207
228,100,7,4.201109409332275
228,609,8,3.9427733421325684
228,222,9,3.8672707080841064
228,519,10,3.931098699569702
229,59,1,3.192105293273926
229,318,2,3.5533411502838135
229,835,3,2.9989256858825684
229,171,4,3.1729440689086914
229,238,5,3.522831678390503
229,520,6,3.3958377838134766
229,1269,7,2.868762254714966
229,42,8,3.264754295349121
229,489,9,2.859698534011841
229,473,10,2.5894854068756104
230,286,1,4.063233852386475
230,133,2,5.223022937774658
230,660,3,4.497959136962891
230,655,4,4.833138942718506
230,1512,5,4.736620903015137
230,1169,6,4.09564733505249
230,333,7,4.674167633056641
230,684,8,4.305323600769043
230,249,9,4.205660820007324
230,1121,10,4.266812801361084
231,1500,1,3.7736191749572754
231,513,2,4.050201416015625
231,192,3,3.9288406372070312
231,89,4,4.198986530303955
231,1405,5,3.7373294830322266
231,185,6,3.7366394996643066
231,144,7,4.087205410003662
231,200,8,3.7309634685516357
231,315,9,3.959456443786621
231,430,10,3.8504798412323
232,792,1,4.948693752288818
232,544,2,3.925408124923706
232,171,3,4.7277021408081055
232,12,4,4.714884281158447
232,306,5,4.010620594024658
232,654,6,4.561120986938477
232,1467,7,4.218092918395996
232,115,8,4.144803524017334
232,19,9,4.348650932312012
232,382,10,3.888838768005371
233,493,1,5.1403703689575195
233,399,2,4.173317909240723
233,705,3,4.500414848327637
233,663,4,4.40237283706665
233,794,5,4.705183982849121
233,646,6,4.344241142272949
233,199,7,4.901540756225586
233,52,8,4.8405442237854
233,730,9,4.365717887878418
233,1302,10,4.352189064025879
234,917,1,3.271026611328125
234,372,2,3.613572835922241
234,408,3,3.9893062114715576
234,547,4,3.8773694038391113
234,306,5,3.8628196716308594
234,399,6,3.1956334114074707
234,1154,7,3.4360551834106445
234,593,8,3.4289417266845703
234,753,9,3.4278666973114014
234,884,10,3.411020040512085
235,927,1,3.9821996688842773
235,430,2,4.26490592956543
235,922,3,4.401232719421387
235,482,4,4.658843040466309
235,187,5,4.616509437561035
235,305,6,4.3649139404296875
235,98,7,4.570962905883789
235,420,8,4.305298805236816
235,1020,9,4.043519020080566
235,965,10,3.9867117404937744
236,12,1,4.930085182189941
236,753,2,3.729954719543457
236,169,3,3.8071630001068115
236,95,4,3.7874011993408203
236,656,5,3.8858730792999268
236,316,6,4.377411842346191
236,1149,7,4.030252933502197
236,114,8,4.022364139556885
236,966,9,3.8650224208831787
236,474,10,4.111456871032715
237,750,1,4.650118827819824
237,530,2,4.6286821365356445
237,1019,3,4.3723464012146
237,1636,4,3.9890944957733154
237,156,5,4.357292175292969
237,432,6,4.5404253005981445
237,195,7,4.135883808135986
237,850,8,4.3101396560668945
237,529,9,3.8668324947357178
237,813,10,4.193422317504883
238,1131,1,4.15042781829834
238,923,2,4.415071487426758
238,480,3,3.873788595199585
238,512,4,4.306496620178223
238,527,5,4.304747581481934
238,863,6,4.294626235961914
238,22,7,3.772334337234497
238,124,8,3.8993959426879883
238,525,9,4.102734565734863
238,189,10,3.7552602291107178
239,1511,1,4.286409378051758
239,697,2,5.163057327270508
239,521,3,5.157741546630859
239,639,4,4.7154645919799805
239,197,5,5.0557708740234375
239,308,6,4.5351386070251465
239,519,7,4.8926849365234375
239,1415,8,4.1586737632751465
239,141,9,4.013428688049316
239,1558,10,4.4976582527160645
240,408,1,5.336410045623779
240,177,2,4.4008402824401855
240,116,3,4.723168849945068
240,1268,4,4.870538711547852
240,246,5,4.816760063171387
240,1021,6,4.793651103973389
240,517,7,4.521625518798828
240,484,8,4.922206878662109
240,648,9,4.784916400909424
240,420,10,4.46802282333374
241,248,1,4.025383949279785
241,1367,2,4.100903034210205
241,1122,3,3.7352044582366943
241,192,4,4.483908653259277
241,1639,5,4.003207683563232
241,513,6,4.383412837982178
241,169,7,4.1732177734375
241,520,8,4.352344036102295
241,83,9,4.043795585632324
241,173,10,4.12294340133667
242,1449,1,4.552947998046875
242,652,2,4.505284309387207
242,204,3,3.9269590377807617
242,489,4,4.028824329376221
242,272,5,4.3626298904418945
242,1131,6,4.0847625732421875
242,524,7,4.010249614715576
242,498,8,4.078505992889404
242,922,9,3.949043035507202
242,960,10,4.135040760040283
243,198,1,4.731881618499756
243,603,2,4.408904075622559
243,89,3,4.339356899261475
243,75,4,3.7360904216766357
243,1190,5,3.6142029762268066
243,648,6,3.8609747886657715
243,45,7,4.027666091918945
243,258,8,4.006629943847656
243,176,9,3.679314613342285
243,251,10,4.183457851409912
244,285,1,4.493386745452881
244,483,2,5.118229866027832
244,206,3,4.06904411315918
244,494,4,4.335622310638428
244,705,5,4.175271987915039
244,642,6,4.049605846405029
244,963,7,4.849398612976074
244,137,8,4.823455810546875
244,74,9,4.5652594566345215
244,91,10,4.207833766937256
245,1137,1,4.244248390197754
245,477,2,3.5942251682281494
245,48,3,4.146805763244629
245,144,4,4.114704608917236
245,270,5,3.5545380115509033
245,511,6,3.9255425930023193
245,265,7,3.5496444702148438
245,134,8,4.04160737991333
245,1449,9,3.913485527038574
245,228,10,3.8062124252319336
246,511,1,4.8296895027160645
246,91,2,4.811326026916504
246,966,3,4.130239963531494
246,302,4,4.019603252410889
246,606,5,4.295077323913574
246,965,6,3.6982290744781494
246,119,7,4.2665934562683105
246,1194,8,4.435271739959717
246,171,9,4.23087739944458
246,187,10,4.064273357391357
247,657,1,4.5558061599731445
247,248,2,3.7450597286224365
247,923,3,3.838716983795166
247,641,4,4.161796569824219
247,513,5,4.3424763679504395
247,613,6,4.318819999694824
247,64,7,4.1425981521606445
247,228,8,3.9808402061462402
247,479,9,4.110926628112793
247,520,10,4.097107410430908
248,1154,1,3.605720043182373
248,588,2,4.014773845672607
248,318,3,4.580682754516602
248,1019,4,4.544249057769775
248,603,5,4.396735668182373
248,526,6,3.9748637676239014
248,273,7,4.325377464294434
248,1353,8,3.6549549102783203
248,154,9,4.245356559753418
248,53,10,3.7947068214416504
249,48,1,5.3056440353393555
249,671,2,4.5826544761657715
249,315,3,5.110852241516113
249,134,4,4.76617431640625
249,1147,5,4.570403099060059
249,489,6,4.727104187011719
249,420,7,4.6166672706604
249,488,8,4.483923435211182
249,813,9,4.408748626708984
249,46,10,4.3025007247924805
250,199,1,5.414838790893555
250,1004,2,4.094613552093506
250,506,3,4.455042362213135
250,11,4,4.2150068283081055
250,463,5,4.266168117523193
250,427,6,4.760229587554932
250,133,7,4.714678764343262
250,488,8,4.705948352813721
250,778,9,4.56424617767334
250,48,10,4.686219215393066
251,234,1,5.088212013244629
251,963,2,4.389715194702148
251,197,3,5.056321144104004
251,657,4,4.523412227630615
251,285,5,4.864231109619141
251,462,6,4.318859100341797
251,969,7,4.47114372253418
251,426,8,4.097297191619873
251,434,9,4.456825256347656
251,204,10,4.681334972381592
252,269,1,4.381798267364502
252,56,2,4.427587985992432
252,213,3,4.55528450012207
252,98,4,4.852806091308594
252,64,5,4.841411113739014
252,651,6,4.454339027404785
252,114,7,4.781406402587891
252,203,8,4.7802886962890625
252,709,9,4.25847864151001
252,228,10,4.517017364501953
253,479,1,5.211302757263184
253,1537,2,4.560510635375977
253,608,3,4.420538902282715
253,1099,4,4.468858242034912
253,143,5,4.9124555587768555
253,614,6,4.39226770401001
253,209,7,4.516903400421143
253,313,8,4.736146926879883
253,402,9,4.578415393829346
253,1153,10,4.37375020980835
254,1537,1,3.8350279331207275
254,511,2,3.649768829345703
254,604,3,3.5026867389678955
254,96,4,4.02937650680542
254,1459,5,3.494518280029297
254,1578,6,3.3448452949523926
254,868,7,3.4934537410736084
254,1450,8,3.7527456283569336
254,202,9,3.7100136280059814
254,226,10,3.9140467643737793
255,624,1,3.487396717071533
255,762,2,4.655641555786133
255,127,3,4.642570972442627
255,945,4,3.5905544757843018
255,1405,5,4.189870834350586
255,172,6,4.478404998779297
255,490,7,3.7656774520874023
255,850,8,3.941948652267456
255,174,9,3.6098413467407227
255,811,10,4.254308223724365
256,592,1,4.360225200653076
256,588,2,5.056362628936768
256,238,3,4.569438457489014
256,968,4,4.634322166442871
256,51,5,5.030550956726074
256,1203,6,4.619083404541016
256,613,7,4.683485507965088
256,633,8,4.760923385620117
256,615,9,4.880654335021973
256,653,10,4.526377201080322
257,65,1,4.401955604553223
257,357,2,4.737860679626465
257,320,3,4.700244426727295
257,187,4,4.3354291915893555
257,1344,5,4.1205949783325195
257,12,6,4.593764305114746
257,205,7,4.428468227386475
257,1293,8,4.106584072113037
257,1218,9,4.152496337890625
257,855,10,4.1449713706970215
258,483,1,4.949508190155029
258,1021,2,4.366223335266113
258,306,3,4.346977233886719
258,515,4,4.68704891204834
258,48,5,4.604936122894287
258,459,6,4.230350017547607
258,194,7,3.9517712593078613
258,498,8,4.2000908851623535
258,520,9,4.198102951049805
258,199,10,4.437270641326904
259,518,1,4.517262935638428
259,89,2,5.251127243041992
259,195,3,4.3928446769714355
259,856,4,4.807271957397461
259,127,5,4.383859634399414
259,1558,6,4.5676984786987305
259,432,7,4.318309783935547
259,480,8,4.469213485717773
259,855,9,4.364102840423584
259,205,10,4.356564998626709
260,494,1,3.9346823692321777
260,427,2,4.109245300292969
260,1,3,4.007052421569824
260,275,4,3.8976306915283203
260,493,5,4.301193714141846
260,28,6,4.059262752532959
260,73,7,4.0507402420043945
260,119,8,4.148281097412109
260,1131,9,3.790269136428833
260,1211,10,3.7892892360687256
261,114,1,4.867673873901367
261,313,2,5.349804878234863
261,525,3,4.744852542877197
261,429,4,5.180085182189941
261,1251,5,4.693880081176758
261,357,6,5.122829914093018
261,634,7,4.637385845184326
261,613,8,4.975784778594971
261,57,9,4.880477428436279
261,117,10,4.82780122756958
262,12,1,4.549599647521973
262,207,2,3.716252088546753
262,83,3,3.647526264190674
262,606,4,4.259058952331543
262,272,5,3.683476448059082
262,519,6,3.7417359352111816
262,187,7,4.059181213378906
262,1598,8,3.443086862564087
262,538,9,3.40109920501709
262,523,10,3.9942779541015625
263,1450,1,4.006054878234863
263,718,2,4.717328071594238
263,604,3,4.320317268371582
263,811,4,3.9431307315826416
263,958,5,4.202573776245117
263,404,6,4.192534446716309
263,584,7,4.0984697341918945
263,607,8,4.435055255889893
263,615,9,4.160529136657715
263,61,10,4.397796630859375
264,50,1,5.672975063323975
264,657,2,5.560322284698486
264,408,3,4.488008499145508
264,196,4,4.211592674255371
264,949,5,4.638579845428467
264,293,6,4.763265132904053
264,79,7,4.547521591186523
264,169,8,4.935948848724365
264,1114,9,4.921839237213135
264,1500,10,4.888846397399902
265,22,1,5.125125885009766
265,1251,2,3.9804108142852783
265,521,3,4.5072174072265625
265,95,4,4.052829265594482
265,1364,5,3.686401605606079
265,646,6,4.379456520080566
265,492,7,3.7329909801483154
265,1483,8,3.7711586952209473
265,24,9,4.096473217010498
265,178,10,4.310657501220703
266,22,1,4.393402576446533
266,174,2,4.241260051727295
266,922,3,3.9205493927001953
266,589,4,3.7596118450164795
266,408,5,3.679720640182495
266,387,6,3.5771079063415527
266,487,7,3.9835453033447266
266,656,8,3.533052921295166
266,853,9,3.779416561126709
266,490,10,3.600893974304199
267,408,1,5.369805812835693
267,269,2,5.23382043838501
267,1560,3,4.229799747467041
267,519,4,4.9696197509765625
267,346,5,4.887510299682617
267,606,6,4.263708591461182
267,741,7,4.485227584838867
267,520,8,4.544661521911621
267,15,9,4.3554911613464355
267,172,10,4.5280046463012695
268,524,1,3.7091634273529053
268,1623,2,3.4739904403686523
268,489,3,3.6977033615112305
268,484,4,4.343636512756348
268,344,5,4.338555812835693
268,132,6,4.301168441772461
268,48,7,4.241097927093506
268,533,8,4.21464204788208
268,1368,9,3.657395839691162
268,1286,10,3.4471287727355957
269,480,1,4.503915786743164
269,1142,2,3.6400160789489746
269,56,3,4.332352638244629
269,916,4,3.9883220195770264
269,1466,5,3.610344409942627
269,693,6,4.136678695678711
269,1240,7,3.8959197998046875
269,6,8,3.8923234939575195
269,119,9,4.067452907562256
269,1331,10,3.3250622749328613
270,963,1,5.327678203582764
270,12,2,5.587848663330078
270,1500,3,4.891470909118652
270,47,4,5.210344314575195
270,661,5,5.364885330200195
270,968,6,4.671937465667725
270,55,7,5.155109405517578
270,1203,8,5.372053146362305
270,133,9,5.144869804382324
270,474,10,5.379135608673096
271,484,1,4.725147724151611
271,189,2,4.48166036605835
271,513,3,4.380660533905029
271,508,4,3.5459249019622803
271,811,5,4.00108003616333
271,246,6,3.6735897064208984
271,488,7,3.5641584396362305
271,376,8,3.5611133575439453
271,575,9,3.6578452587127686
271,710,10,3.769016742706299
272,208,1,4.4502272605896
272,488,2,4.9685444831848145
272,131,3,4.8943586349487305
272,524,4,4.695127964019775
272,192,5,4.385520935058594
272,182,6,4.836727142333984
272,223,7,4.58718729019165
272,1264,8,4.264571666717529
272,657,9,4.626040458679199
272,318,10,4.61557674407959
273,487,1,3.5189454555511475
273,1142,2,4.182267189025879
273,302,3,4.103766918182373
273,187,4,3.702040910720825
273,963,5,4.046017646789551
273,172,6,3.6907079219818115
273,484,7,3.8513526916503906
273,641,8,3.9776511192321777
273,509,9,3.5835421085357666
273,1367,10,3.6739237308502197
274,302,1,5.484740257263184
274,248,2,4.543661117553711
274,922,3,5.240471839904785
274,455,4,4.681596279144287
274,124,5,5.200723648071289
274,480,6,4.668400764465332
274,525,7,4.8393096923828125
274,527,8,4.950717926025391
274,1500,9,5.0666823387146
274,543,10,4.8944220542907715
275,79,1,4.179407596588135
275,313,2,3.969736099243164
275,591,3,3.3676116466522217
275,613,4,3.629169225692749
275,493,5,3.3892881870269775
275,963,6,3.8599135875701904
275,970,7,3.2441232204437256
275,558,8,3.789231538772583
275,31,9,3.276310682296753
275,115,10,3.3584792613983154
276,286,1,4.616960525512695
276,602,2,4.257875442504883
276,1103,3,4.254683971405029
276,661,4,4.35515832901001
276,1138,5,3.9112589359283447
276,902,6,4.12229061126709
276,251,7,4.545600891113281
276,1536,8,4.221002578735352
276,752,9,4.1877312660217285
276,165,10,4.2906413078308105
277,694,1,3.96239972114563
277,187,2,4.070525169372559
277,945,3,4.070227146148682
277,596,4,3.9575395584106445
277,484,5,3.793140172958374
277,1104,6,3.9742491245269775
277,87,7,3.9891300201416016
277,96,8,4.194781303405762
277,126,9,3.9796526432037354
277,291,10,3.6204562187194824
278,487,1,4.7242350578308105
278,1251,2,4.213918209075928
278,360,3,3.866476058959961
278,86,4,4.125287055969238
278,275,5,4.53048849105835
278,177,6,3.997990369796753
278,631,7,4.293229103088379
278,511,8,4.452301502227783
278,22,9,4.427615165710449
278,1541,10,3.853637933731079
279,11,1,4.16160774230957
279,1388,2,3.7261621952056885
279,610,3,4.8966522216796875
279,463,4,3.9532527923583984
279,954,5,3.8228559494018555
279,633,6,4.248644828796387
279,697,7,4.5088348388671875
279,1050,8,4.383235931396484
279,1552,9,3.6898651123046875
279,285,10,4.170571804046631
280,249,1,4.542989730834961
280,42,2,4.799874305725098
280,434,3,4.7853288650512695
280,657,4,4.496036529541016
280,969,5,4.139599800109863
280,502,6,4.479587078094482
280,515,7,4.676639556884766
280,513,8,4.050210475921631
280,836,9,4.043149471282959
280,1405,10,4.090208530426025
281,190,1,4.5215229988098145
281,218,2,3.523505926132202
281,1125,3,3.4770991802215576
281,482,4,3.783735513687134
281,1,5,4.135424613952637
281,344,6,4.083784580230713
281,489,7,3.780937433242798
281,174,8,3.8394007682800293
281,269,9,3.443296432495117
281,86,10,3.6770009994506836
282,173,1,5.123106479644775
282,131,2,4.233857154846191
282,169,3,4.834023475646973
282,183,4,4.742828845977783
282,1137,5,4.397583961486816
282,887,6,4.122698783874512
282,211,7,4.377889156341553
282,648,8,4.3104472160339355
282,588,9,4.293481349945068
282,57,10,4.292656421661377
283,1194,1,4.827610969543457
283,603,2,5.123954772949219
283,1517,3,4.448428153991699
283,251,4,5.059436321258545
283,425,5,5.075130462646484
283,113,6,4.494903564453125
283,177,7,4.769356727600098
283,694,8,4.760424613952637
283,614,9,4.488494396209717
283,221,10,4.745692253112793
284,14,1,5.001801490783691
284,675,2,3.99481463432312
284,462,3,3.9914724826812744
284,498,4,4.137725830078125
284,425,5,4.284296035766602
284,360,6,4.194979190826416
284,114,7,4.464196681976318
284,653,8,4.171633243560791
284,1143,9,3.929738998413086
284,42,10,3.9281721115112305
285,132,1,5.20362663269043
285,144,2,4.244039535522461
285,1155,3,4.238046646118164
285,657,4,5.008183479309082
285,174,5,4.630151748657227
285,1536,6,4.289402008056641
285,408,7,4.5696516036987305
285,208,8,4.437662601470947
285,196,9,4.499211311340332
285,434,10,4.294600486755371
286,904,1,5.103222370147705
286,136,2,5.070599555969238
286,470,3,4.3862175941467285
286,434,4,5.051599025726318
286,1062,5,4.585799694061279
286,740,6,4.760449409484863
286,516,7,4.533382892608643
286,813,8,4.300343990325928
286,896,9,4.176433563232422
286,443,10,4.239696502685547
287,1451,1,4.350962162017822
287,434,2,4.403887748718262
287,1449,3,5.072216987609863
287,8,4,4.750846862792969
287,408,5,5.0269551277160645
287,119,6,4.625396728515625
287,589,7,4.534343719482422
287,1084,8,4.377468109130859
287,197,9,4.706230163574219
287,847,10,4.696865081787109
288,963,1,4.512496471405029
288,603,2,4.92194938659668
288,946,3,4.114375591278076
288,811,4,3.9543139934539795
288,71,5,4.725196361541748
288,419,6,4.4574689865112305
288,1500,7,4.324190139770508
288,1084,8,4.020083427429199
288,534,9,4.358375549316406
288,189,10,4.190609455108643
289,344,1,3.985553503036499
289,248,2,3.966768503189087
289,527,3,4.20706033706665
289,603,4,4.174375057220459
289,173,5,3.945176601409912
289,168,6,4.103350639343262
289,516,7,3.8277323246002197
289,1459,8,3.8885817527770996
289,445,9,3.756869077682495
289,178,10,3.752498149871826
290,25,1,3.9979453086853027
290,1039,2,3.599454641342163
290,1639,3,3.9897971153259277
290,166,4,4.188121318817139
290,866,5,4.176463603973389
290,356,6,3.898981809616089
290,410,7,3.564117908477783
290,1102,8,3.4733071327209473
290,486,9,4.050302982330322
290,608,10,4.006802558898926
291,318,1,5.444072723388672
291,416,2,4.593162536621094
291,753,3,4.166503429412842
291,132,4,4.9196953773498535
291,52,5,4.697000503540039
291,242,6,4.51384162902832
291,241,7,4.483560562133789
291,922,8,4.623862266540527
291,1060,9,4.3422040939331055
291,198,10,4.339749813079834
292,435,1,4.920650482177734
292,966,2,4.533419132232666
292,512,3,4.432857513427734
292,14,4,4.8807220458984375
292,182,5,4.827422142028809
292,1448,6,4.406832695007324
292,12,7,4.779242038726807
292,489,8,4.622009754180908
292,811,9,4.208686828613281
292,633,10,4.755624771118164
294,26,1,4.645984172821045
294,707,2,4.455212593078613
294,12,3,4.892722129821777
294,604,4,4.4344868659973145
294,530,5,4.784947395324707
294,302,6,4.413821220397949
294,936,7,4.323172092437744
294,853,8,4.37520694732666
294,187,9,4.4778523445129395
294,59,10,4.666193962097168
295,514,1,5.338541030883789
295,770,2,4.4195122718811035
295,922,3,5.207036972045898
295,119,4,4.412342071533203
295,1483,5,4.825012683868408
295,835,6,4.401169300079346
295,189,7,4.705498695373535
295,170,8,4.803420543670654
295,1098,9,4.996535778045654
295,148,10,4.9777984619140625
296,209,1,5.279168128967285
296,1560,2,4.549044609069824
296,1085,3,4.295090198516846
296,174,4,4.348066806793213
296,479,5,5.056040287017822
296,1193,6,4.730109214782715
296,850,7,4.725108623504639
296,517,8,4.956795692443848
296,380,9,4.104883670806885
296,223,10,4.573798656463623
297,580,1,3.8336234092712402
297,1405,2,3.9697675704956055
297,516,3,4.675111770629883
297,126,4,4.627631664276123
297,611,5,3.8946964740753174
297,486,6,4.058520317077637
297,735,7,4.152451992034912
297,1524,8,3.8712074756622314
297,538,9,4.316251277923584
297,132,10,4.292520523071289
298,566,1,4.531765937805176
298,519,2,4.940762996673584
298,262,3,4.681066036224365
298,657,4,4.381056308746338
298,420,5,4.080456733703613
298,1104,6,4.366801738739014
298,131,7,4.169477939605713
298,1108,8,4.3556647300720215
298,82,9,4.041788578033447
298,157,10,4.544149875640869
299,1019,1,3.629939556121826
299,1203,2,4.42363166809082
299,694,3,4.3966569900512695
299,1605,4,3.622070074081421
299,416,5,3.7872085571289062
299,654,6,3.8527541160583496
299,1251,7,3.917736291885376
299,656,8,4.246904373168945
299,1007,9,3.752392530441284
299,203,10,4.196484565734863
300,490,1,4.312564849853516
300,174,2,5.097610950469971
300,474,3,4.264331817626953
300,496,4,4.7819318771362305
300,404,5,4.17957878112793
300,204,6,4.577751159667969
300,887,7,4.562178134918213
300,14,8,4.366645812988281
300,656,9,4.316214561462402
300,114,10,4.65588903427124
301,923,1,4.180987358093262
301,257,2,4.771230220794678
301,520,3,3.9918506145477295
301,966,4,4.04941463470459
301,1269,5,3.7447285652160645
301,307,6,4.640643119812012
301,298,7,3.977201461791992
301,492,8,3.971118450164795
301,525,9,4.009504318237305
301,1243,10,4.0911102294921875
302,185,1,4.2665863037109375
302,318,2,4.075250148773193
302,423,3,3.2690372467041016
302,223,4,3.5540270805358887
302,165,5,3.8257548809051514
302,1020,6,3.2922160625457764
302,428,7,3.611616373062134
302,851,8,3.3930115699768066
302,487,9,3.5097239017486572
302,1010,10,3.4283535480499268
303,205,1,5.172885417938232
303,718,2,5.137392044067383
303,447,3,4.058306694030762
303,868,4,4.050101280212402
303,48,5,4.524424076080322
303,285,6,4.851487159729004
303,428,7,3.940122127532959
303,963,8,4.792635917663574
303,119,9,4.1020307540893555
303,52,10,4.303149223327637
304,498,1,3.5331854820251465
304,519,2,4.030182361602783
304,478,3,3.7953290939331055
304,270,4,3.9953136444091797
304,107,5,3.568589687347412
304,589,6,3.562190055847168
304,487,7,3.8843257427215576
304,525,8,3.872941493988037
304,172,9,3.610567092895508
304,116,10,3.4964582920074463
305,137,1,4.054495334625244
305,344,2,4.564276695251465
305,850,3,4.04606819152832
305,519,4,3.645718574523926
305,316,5,4.41263484954834
305,1252,6,3.667461395263672
305,656,7,4.15496301651001
305,194,8,3.4191555976867676
305,718,9,4.112308025360107
305,968,10,3.909334659576416
306,1143,1,4.650032997131348
306,607,2,4.716073513031006
306,524,3,4.532896041870117
306,463,4,4.405953884124756
306,1536,5,4.624056816101074
306,137,6,4.691034317016602
306,659,7,4.874285697937012
306,489,8,4.3838605880737305
306,10,9,4.445855140686035
306,47,10,4.8463134765625
307,256,1,4.166801929473877
307,493,2,4.408995628356934
307,127,3,4.790218830108643
307,302,4,4.406981945037842
307,709,5,4.721818923950195
307,584,6,4.746131896972656
307,357,7,4.6119585037231445
307,1019,8,4.214738368988037
307,1474,9,3.9662699699401855
307,1190,10,3.9547457695007324
308,478,1,4.95241641998291
308,66,2,4.011322498321533
308,268,3,4.582089900970459
308,1159,4,4.41487979888916
308,691,5,3.7214581966400146
308,1500,6,4.0699968338012695
308,1533,7,3.7894060611724854
308,882,8,3.7828195095062256
308,1240,9,4.138558387756348
308,315,10,4.127469062805176
309,173,1,4.607461452484131
309,611,2,4.376404762268066
309,275,3,3.9236695766448975
309,1159,4,3.8306045532226562
309,538,5,3.6395413875579834
309,1062,6,3.887760639190674
309,1251,7,3.757850408554077
309,710,8,3.9995594024658203
309,22,9,3.86698317527771
309,126,10,3.85872220993042
310,33,1,4.314652442932129
310,190,2,4.874848365783691
310,174,3,4.859955310821533
310,1020,4,4.440768241882324
310,1019,5,4.541314601898193
310,89,6,4.711327075958252
310,1007,7,4.516120910644531
310,178,8,4.681678295135498
310,200,9,4.098400592803955
310,1158,10,4.1039557456970215
311,690,1,4.073429107666016
311,879,2,3.831824541091919
311,237,3,4.606213092803955
311,55,4,4.150691032409668
311,1269,5,4.150482654571533
311,166,6,4.457376480102539
311,344,7,4.403529167175293
311,222,8,3.8373863697052
311,489,9,4.347365379333496
311,466,10,4.011564254760742
312,1313,1,4.393862724304199
312,515,2,5.489124298095703
312,435,3,4.608347415924072
312,1367,4,4.441664695739746
312,226,5,4.602499961853027
312,634,6,4.258569240570068
312,60,7,4.416231632232666
312,701,8,4.68950891494751
312,476,9,4.871054649353027
312,1137,10,4.472301483154297
313,320,1,3.851343870162964
313,1362,2,3.719317674636841
313,1501,3,4.04958963394165
313,241,4,4.129800319671631
313,1019,5,4.285813808441162
313,491,6,4.268423557281494
313,313,7,4.120461463928223
313,1537,8,4.437376976013184
313,32,9,4.364027976989746
313,612,10,4.201663970947266
314,272,1,5.5867838859558105
314,1592,2,4.4796037673950195
314,1537,3,4.144777297973633
314,694,4,4.306811809539795
314,1448,5,4.451801776885986
314,200,6,4.234250068664551
314,98,7,5.053698539733887
314,449,8,4.5708160400390625
314,1266,9,4.428933143615723
314,177,10,4.314694881439209
315,124,1,5.172336578369141
315,197,2,4.937424659729004
315,481,3,3.956547975540161
315,165,4,4.750899791717529
315,169,5,4.722301959991455
315,89,6,3.9514052867889404
315,1114,7,4.329293727874756
315,919,8,4.433363914489746
315,489,9,4.40842342376709
315,609,10,4.30771541595459
316,116,1,4.702051162719727
316,19,2,4.688938617706299
316,958,3,3.8256049156188965
316,1404,4,3.5425589084625244
316,811,5,3.6732349395751953
316,806,6,3.3993163108825684
316,1264,7,3.427654504776001
316,603,8,4.040945053100586
316,631,9,3.885615110397339
316,99,10,3.6322569847106934
317,48,1,4.868956089019775
317,50,2,4.3541035652160645
317,185,3,4.176880836486816
317,211,4,4.729950428009033
317,479,5,4.42800235748291
317,524,6,4.159992218017578
317,648,7,4.373908996582031
317,285,8,4.485886096954346
317,1512,9,4.311727046966553
317,709,10,4.483942031860352
318,568,1,5.409853935241699
318,694,2,4.421014308929443
318,86,3,4.583703994750977
318,177,4,4.5413007736206055
318,303,5,4.248229026794434
318,498,6,4.8806281089782715
318,1190,7,4.086474895477295
318,533,8,4.3753743171691895
318,466,9,4.062453269958496
318,11,10,4.202688217163086
319,169,1,4.741615295410156
319,42,2,4.167430877685547
319,190,3,4.679322242736816
319,88,4,4.405473709106445
319,850,5,4.065150260925293
319,615,6,4.394224166870117
319,963,7,4.5824503898620605
319,361,8,4.098222732543945
319,1142,9,4.271857738494873
319,479,10,4.456932544708252
320,302,1,5.12069034576416
320,12,2,5.099669456481934
320,1085,3,3.981279134750366
320,603,4,4.947261810302734
320,515,5,4.464792728424072
320,258,6,4.27246618270874
320,631,7,4.185072898864746
320,1505,8,3.993271589279175
320,115,9,4.543500900268555
320,295,10,4.248194217681885
321,520,1,4.56375789642334
321,963,2,4.549645900726318
321,673,3,3.7675912380218506
321,641,4,4.19462776184082
321,1512,5,4.171038627624512
321,1251,6,4.351260185241699
321,257,7,3.9773073196411133
321,119,8,4.297521114349365
321,1063,9,3.8282203674316406
321,504,10,3.7825489044189453
322,285,1,5.1368818283081055
322,512,2,4.315741539001465
322,302,3,4.313680648803711
322,200,4,4.407926082611084
322,320,5,3.9789791107177734
322,491,6,4.252400875091553
322,98,7,4.252071857452393
322,1153,8,4.156670570373535
322,611,9,3.9169106483459473
322,1064,10,4.094337463378906
323,427,1,4.95033073425293
323,114,2,4.084772109985352
323,174,3,4.327856540679932
323,474,4,3.950187921524048
323,191,5,4.46749210357666
323,512,6,4.403765678405762
323,183,7,4.144149303436279
323,428,8,3.7607827186584473
323,1535,9,3.8505570888519287
323,529,10,4.115833282470703
324,272,1,4.6144890785217285
324,845,2,4.612368583679199
324,1450,3,4.7129807472229
324,214,4,4.561546802520752
324,83,5,5.22619104385376
324,313,6,5.2425737380981445
324,498,7,5.199380874633789
324,854,8,5.176863670349121
324,1203,9,5.127718925476074
324,408,10,4.800549507141113
325,171,1,4.096778869628906
325,1482,2,3.4008545875549316
325,178,3,4.473404884338379
325,302,4,3.750969171524048
325,778,5,4.397491455078125
325,318,6,3.94248104095459
325,207,7,3.522770643234253
325,48,8,4.258075714111328
325,1103,9,4.235112190246582
325,20,10,3.512420892715454
326,958,1,3.6223442554473877
326,922,2,4.531888961791992
326,736,3,4.340346813201904
326,28,4,4.220837593078613
326,114,5,3.7741453647613525
326,604,6,3.546251058578491
326,1019,7,4.167208671569824
326,800,8,3.594621181488037
326,1513,9,3.6296942234039307
326,275,10,3.832502841949463
327,483,1,4.739461898803711
327,86,2,4.030107021331787
327,443,3,4.351432800292969
327,515,4,3.753361225128174
327,207,5,3.725998640060425
327,496,6,4.203941822052002
327,202,7,3.5060276985168457
327,60,8,3.9775002002716064
327,1022,9,3.6920008659362793
327,1405,10,3.4394307136535645
328,958,1,4.766005992889404
328,1367,2,4.211857318878174
328,137,3,4.519445419311523
328,491,4,3.8090968132019043
328,169,5,4.042403221130371
328,1137,6,3.6932482719421387
328,945,7,4.132962703704834
328,168,8,4.023739337921143
328,727,9,3.7777678966522217
328,313,10,4.239179611206055
329,1449,1,4.527987003326416
329,653,2,4.097353935241699
329,694,3,4.456820487976074
329,641,4,4.1737165451049805
329,718,5,3.8384194374084473
329,492,6,4.164586067199707
329,480,7,4.049813747406006
329,221,8,4.264358043670654
329,607,9,4.1336774826049805
329,491,10,4.130484104156494
330,176,1,5.615708827972412
330,615,2,5.134606838226318
330,659,3,4.809429168701172
330,813,4,4.979592800140381
330,119,5,4.889965057373047
330,488,6,4.745632648468018
330,79,7,5.0436811447143555
330,482,8,5.041408061981201
330,611,9,5.164729595184326
330,164,10,4.699900150299072
331,12,1,4.524953365325928
331,659,2,4.336294651031494
331,316,3,4.2446370124816895
331,531,4,4.184176445007324
331,647,5,4.114895820617676
331,320,6,4.069496154785156
331,174,7,3.5460093021392822
331,916,8,3.6744537353515625
331,208,9,3.5362708568573
331,628,10,3.4298765659332275
332,909,1,4.739286422729492
332,498,2,5.2009172439575195
332,736,3,4.7263383865356445
332,343,4,5.168065071105957
332,638,5,4.707440376281738
332,922,6,5.017045021057129
332,888,7,4.6837897300720215
332,519,8,4.948337078094482
332,246,9,4.776113033294678
332,28,10,4.549068927764893
333,275,1,4.604466915130615
333,428,2,4.0415778160095215
333,915,3,3.838742733001709
333,487,4,4.097280979156494
333,251,5,4.554658889770508
333,318,6,4.553572654724121
333,966,7,4.160818099975586
333,169,8,4.158803939819336
333,50,9,4.4908976554870605
333,1344,10,4.1437788009643555
334,603,1,4.661809921264648
334,735,2,4.582999229431152
334,177,3,3.736025333404541
334,32,4,4.0636067390441895
334,48,5,4.501010894775391
334,1194,6,3.892914295196533
334,351,7,4.039150714874268
334,1125,8,3.7607052326202393
334,1005,9,4.369522571563721
334,1500,10,3.87056565284729
335,179,1,4.916131496429443
335,483,2,4.652878284454346
335,315,3,3.9620885848999023
335,1137,4,4.159828186035156
335,346,5,4.1568193435668945
335,482,6,4.07687520980835
335,195,7,3.950687885284424
335,193,8,4.141748428344727
335,276,9,4.219726085662842
335,89,10,3.8749232292175293
336,169,1,4.8078389167785645
336,12,2,4.774763107299805
336,465,3,3.6421918869018555
336,584,4,4.04811954498291
336,1364,5,3.6801791191101074
336,1269,6,3.909166097640991
336,1368,7,4.0176825523376465
336,176,8,4.486488342285156
336,633,9,3.597919464111328
336,1505,10,3.5978357791900635
337,484,1,4.685648441314697
337,968,2,4.290462017059326
337,199,3,4.085489273071289
337,1589,4,4.140308856964111
337,966,5,4.5996623039245605
337,923,6,4.2087531089782715
337,1585,7,4.058440685272217
337,79,8,4.334930419921875
337,655,9,4.317407608032227
337,223,10,4.316257953643799
338,238,1,5.015547275543213
338,307,2,4.1456618309021
338,92,3,4.4004926681518555
338,1193,4,4.390373706817627
338,753,5,4.385756015777588
338,1261,6,4.115023612976074
338,223,7,4.3834662437438965
338,1114,8,4.032930850982666
338,1064,9,4.097740650177002
338,320,10,4.342158794403076
339,919,1,5.530769348144531
339,604,2,5.194662094116211
339,645,3,4.20056676864624
339,242,4,4.499895095825195
339,1131,5,4.487757205963135
339,1533,6,4.190862655639648
339,922,7,4.919421195983887
339,863,8,4.6789960861206055
339,517,9,4.450526237487793
339,966,10,4.630824089050293
340,64,1,5.258851528167725
340,755,2,4.1009368896484375
340,1021,3,5.129312038421631
340,409,4,4.396894931793213
340,300,5,4.216487407684326
340,692,6,4.734340190887451
340,1636,7,4.14933443069458
340,1080,8,4.286839485168457
340,285,9,4.638942241668701
340,119,10,4.611439228057861
341,302,1,4.7097859382629395
341,173,2,5.291098117828369
341,483,3,5.285531044006348
341,657,4,5.013394355773926
341,290,5,4.540682792663574
341,1367,6,4.763615608215332
341,1080,7,4.441744327545166
341,50,8,4.5208821296691895
341,191,9,4.517730712890625
341,963,10,4.834930896759033
342,1332,1,4.319884300231934
342,646,2,3.9694571495056152
342,162,3,4.2825398445129395
342,648,4,3.7558937072753906
342,872,5,3.862851858139038
342,653,6,4.402749061584473
342,372,7,4.400178909301758
342,1203,8,4.387922763824463
342,636,9,3.6804184913635254
342,730,10,4.349598407745361
343,513,1,5.209558486938477
343,806,2,4.267864227294922
343,1251,3,4.650089263916016
343,701,4,4.376172065734863
343,512,5,4.234461784362793
343,216,6,4.445511341094971
343,491,7,4.596169471740723
343,482,8,4.434665679931641
343,172,9,4.57445764541626
343,1056,10,4.549250602722168
344,56,1,5.05649471282959
344,919,2,4.497669219970703
344,221,3,4.861686706542969
344,1192,4,4.21454381942749
344,498,5,3.961697816848755
344,836,6,4.45088529586792
344,902,7,4.063902378082275
344,558,8,4.288274765014648
344,92,9,4.117944717407227
344,180,10,4.1638078689575195
345,1512,1,4.100215435028076
345,213,2,4.998724460601807
345,603,3,4.8363542556762695
345,474,4,4.82703971862793
345,657,5,4.810093879699707
345,1396,6,3.94638991355896
345,850,7,3.9740381240844727
345,97,8,4.639824867248535
345,516,9,4.389908313751221
345,959,10,4.053460121154785
346,1559,1,3.7310845851898193
346,848,2,3.782285690307617
346,302,3,4.502684116363525
346,313,4,4.398401737213135
346,150,5,3.883193016052246
346,272,6,4.343600749969482
346,427,7,4.335254669189453
346,408,8,4.095388889312744
346,1080,9,3.7012088298797607
346,1269,10,4.272182941436768
347,965,1,4.068234443664551
347,493,2,4.232298374176025
347,92,3,5.016363620758057
347,479,4,4.515066146850586
347,923,5,4.049416542053223
347,526,6,4.113499164581299
347,673,7,4.445805549621582
347,1506,8,4.177488327026367
347,431,9,4.687420845031738
347,133,10,4.3942766189575195
348,1450,1,4.436068534851074
348,119,2,4.653591632843018
348,904,3,4.504929065704346
348,208,4,4.83102560043335
348,768,5,4.228279113769531
348,531,6,4.743625640869141
348,1062,7,4.474254608154297
348,521,8,4.732999801635742
348,48,9,4.547999382019043
348,275,10,4.717286109924316
349,223,1,4.062436580657959
349,1388,2,3.9177756309509277
349,32,3,4.142612934112549
349,850,4,4.023155689239502
349,200,5,4.484795093536377
349,520,6,3.7396373748779297
349,488,7,4.110873699188232
349,168,8,4.415441989898682
349,916,9,4.080514907836914
349,530,10,4.186577796936035
350,197,1,5.327919960021973
350,302,2,4.9730048179626465
350,513,3,4.969419002532959
350,1500,4,4.484711170196533
350,45,5,4.926607608795166
350,1159,6,4.465516567230225
350,904,7,4.464208602905273
350,1019,8,4.463400363922119
350,131,9,4.819653034210205
350,512,10,4.730810642242432
351,64,1,5.4678120613098145
351,1233,2,4.916640758514404
351,318,3,4.7409138679504395
351,166,4,5.051004409790039
351,95,5,5.0147576332092285
351,101,6,4.483415126800537
351,936,7,4.812839031219482
351,730,8,4.441052436828613
351,421,9,4.785591125488281
351,144,10,4.950494766235352
352,133,1,4.413641929626465
352,316,2,4.980012893676758
352,805,3,4.100435256958008
352,484,4,4.760955333709717
352,520,5,4.7228169441223145
352,187,6,4.722391128540039
352,357,7,4.381160736083984
352,613,8,4.504518985748291
352,606,9,4.261107921600342
352,1623,10,4.118465900421143
353,30,1,3.7478184700012207
353,241,2,3.946460723876953
353,318,3,4.522820472717285
353,1268,4,4.0901780128479
353,995,5,3.549245834350586
353,519,6,4.0688323974609375
353,127,7,3.913954734802246
353,1154,8,3.902893543243408
353,963,9,4.108932971954346
353,174,10,3.655994176864624
354,1536,1,4.657865047454834
354,646,2,4.652816295623779
354,1388,3,4.061425685882568
354,1193,4,4.5918660163879395
354,1214,5,3.8211469650268555
354,425,6,4.041447639465332
354,747,7,4.1194562911987305
354,1022,8,4.115278244018555
354,177,9,4.106462478637695
354,271,10,3.8362722396850586
355,813,1,4.809375762939453
355,657,2,5.159631729125977
355,505,3,4.755107879638672
355,936,4,4.754109859466553
355,208,5,4.868171215057373
355,198,6,5.149346351623535
355,1536,7,4.782829761505127
355,966,8,4.658311367034912
355,1010,9,5.09150505065918
355,152,10,4.582959175109863
356,480,1,4.906022071838379
356,489,2,4.293696880340576
356,64,3,4.705254554748535
356,277,4,3.954768419265747
356,22,5,4.620307445526123
356,966,6,4.4513397216796875
356,611,7,4.006617546081543
356,613,8,4.178160667419434
356,661,9,4.041569709777832
356,657,10,4.448779582977295
357,709,1,4.961536884307861
357,529,2,5.147059440612793
357,701,3,4.65897798538208
357,30,4,5.035245418548584
357,333,5,5.136712551116943
357,684,6,4.979445457458496
357,513,7,5.266324043273926
357,71,8,4.838154315948486
357,99,9,4.912729263305664
357,51,10,5.056603908538818
358,1101,1,4.230770111083984
358,432,2,4.713736534118652
358,921,3,4.467796325683594
358,320,4,4.694040775299072
358,487,5,4.461184978485107
358,168,6,4.268402099609375
358,603,7,4.6001386642456055
358,748,8,4.426480770111084
358,98,9,4.540770530700684
358,210,10,4.381701946258545
359,1449,1,4.952466011047363
359,172,2,4.774753093719482
359,1268,3,4.101909160614014
359,11,4,4.047963619232178
359,79,5,4.645629405975342
359,89,6,4.586979389190674
359,591,7,4.001656532287598
359,853,8,4.07459020614624
359,1084,9,4.228827476501465
359,705,10,4.5081610679626465
360,811,1,4.132608890533447
360,659,2,4.816279411315918
360,498,3,4.607254505157471
360,1639,4,4.19386625289917
360,525,5,4.572139739990234
360,1073,6,4.0162811279296875
360,408,7,4.552760124206543
360,792,8,4.0128936767578125
360,344,9,4.490926265716553
360,648,10,4.135524272918701
361,48,1,4.977226257324219
361,1139,2,3.8715343475341797
361,520,3,4.626192569732666
361,127,4,4.369087219238281
361,58,5,4.595051288604736
361,487,6,4.251087665557861
361,187,7,4.095056533813477
361,1515,8,3.842359781265259
361,51,9,4.071475505828857
361,360,10,4.067099094390869
362,516,1,4.687148094177246
362,1405,2,4.418138027191162
362,169,3,4.941056251525879
362,200,4,4.921173095703125
362,1505,5,4.269174575805664
362,275,6,4.811068058013916
362,502,7,4.451960563659668
362,1142,8,4.25413703918457
362,656,9,4.328497409820557
362,1211,10,4.566965103149414
363,1304,1,3.9963629245758057
363,963,2,4.448397636413574
363,883,3,3.4013795852661133
363,269,4,3.9773550033569336
363,13,5,4.3584089279174805
363,14,6,3.670879364013672
363,479,7,4.234450340270996
363,902,8,3.480616331100464
363,1388,9,3.6520400047302246
363,529,10,3.4756619930267334
364,318,1,5.0333991050720215
364,1428,2,4.133180618286133
364,134,3,4.732747554779053
364,463,4,3.96771240234375
364,615,5,4.277479648590088
364,64,6,4.578459739685059
364,9,7,4.564620494842529
364,83,8,4.339006423950195
364,516,9,4.00746488571167
364,811,10,4.052609920501709
365,179,1,4.861875534057617
365,851,2,3.8287925720214844
365,346,3,4.749250411987305
365,701,4,3.7350332736968994
365,1158,5,3.817007541656494
365,1377,6,3.851048707962036
365,12,7,4.511604309082031
365,42,8,3.875168561935425
365,519,9,4.082383632659912
365,199,10,4.155102252960205
366,531,1,5.44087553024292
366,427,2,5.2052388191223145
366,709,3,5.188982963562012
366,1211,4,4.533585071563721
366,127,5,5.143850326538086
366,305,6,4.952840805053711
366,702,7,4.390500068664551
366,498,8,4.594400882720947
366,285,9,4.944965362548828
366,166,10,4.9262166023254395
367,1125,1,4.738528251647949
367,657,2,5.4228386878967285
367,611,3,5.0558576583862305
367,205,4,5.236711025238037
367,45,5,4.830236434936523
367,1449,6,5.160343647003174
367,625,7,4.717206954956055
367,208,8,4.868968963623047
367,610,9,4.671058654785156
367,854,10,4.781702995300293
368,114,1,3.989696502685547
368,1160,2,3.9262499809265137
368,152,3,4.211684226989746
368,256,4,3.804813861846924
368,474,5,4.48646354675293
368,488,6,4.201833724975586
368,228,7,4.443530082702637
368,659,8,3.9101264476776123
368,615,9,4.013176918029785
368,208,10,4.25309944152832
369,256,1,4.106387138366699
369,523,2,4.5622758865356445
369,124,3,4.163095474243164
369,1269,4,4.290386199951172
369,285,5,4.39101505279541
369,499,6,4.125418186187744
369,185,7,4.367959022521973
369,132,8,4.23811149597168
369,656,9,4.265982151031494
369,639,10,4.077970504760742
370,530,1,4.263996601104736
370,1116,2,3.391183853149414
370,186,3,3.781903028488159
370,1450,4,3.6253676414489746
370,646,5,3.5157363414764404
370,602,6,4.120035171508789
370,96,7,3.673623561859131
370,762,8,3.8842484951019287
370,478,9,4.089840412139893
370,474,10,3.8461852073669434
371,483,1,3.930217742919922
371,56,2,4.601508617401123
371,451,3,4.248981475830078
371,601,4,4.019083499908447
371,603,5,4.505347728729248
371,79,6,4.225661277770996
371,287,7,4.418491840362549
371,904,8,3.9933533668518066
371,515,9,4.346716403961182
371,129,10,4.107259750366211
372,642,1,4.6594557762146
372,50,2,5.363759994506836
372,863,3,5.0799174308776855
372,474,4,4.590725898742676
372,170,5,4.950430870056152
372,378,6,5.2868828773498535
372,28,7,5.260238170623779
372,490,8,5.232262134552002
372,132,9,5.00042200088501
372,727,10,4.60310173034668
373,1136,1,3.8886709213256836
373,714,2,3.9747138023376465
373,484,3,4.773858070373535
373,119,4,4.7144646644592285
373,1638,5,4.061107635498047
373,258,6,4.520632743835449
373,656,7,3.949641227722168
373,116,8,4.478487491607666
373,8,9,4.093751430511475
373,861,10,4.0234527587890625
374,191,1,4.959019184112549
374,300,2,4.574254989624023
374,543,3,3.874607563018799
374,22,4,4.4963788986206055
374,661,5,4.061951637268066
374,484,6,4.159049987792969
374,520,7,4.39740514755249
374,609,8,3.95747709274292
374,690,9,3.78411865234375
374,522,10,3.9086861610412598
375,100,1,4.7626633644104
375,1159,2,4.403886318206787
375,223,3,4.672062873840332
375,203,4,4.393923282623291
375,528,5,4.267800331115723
375,1451,6,4.023834705352783
375,52,7,3.907552719116211
375,135,8,4.3448591232299805
375,474,9,4.460834503173828
375,1600,10,3.99595046043396
376,515,1,4.4705491065979
376,963,2,4.345184326171875
376,1084,3,3.791208028793335
376,178,4,4.07246732711792
376,1367,5,4.071791648864746
376,1099,6,3.8381001949310303
376,1252,7,3.6481635570526123
376,134,8,4.000527381896973
376,168,9,4.225162506103516
376,1449,10,4.126419544219971
377,318,1,5.25589656829834
377,936,2,4.063798427581787
377,1302,3,4.204112529754639
377,87,4,4.38554573059082
377,1594,5,4.135860919952393
377,208,6,4.568279266357422
377,265,7,4.54179048538208
377,709,8,4.361172676086426
377,304,9,4.188673973083496
377,732,10,3.9791460037231445
378,657,1,4.78599739074707
378,1129,2,4.288159370422363
378,589,3,3.661776304244995
378,965,4,4.00480318069458
378,529,5,4.544207572937012
378,511,6,4.478976726531982
378,753,7,4.222957611083984
378,1428,8,3.678030490875244
378,918,9,3.7130038738250732
378,1154,10,3.760349750518799
379,1402,1,4.236843585968018
379,302,2,4.971926689147949
379,1193,3,4.186408042907715
379,1021,4,4.869575023651123
379,519,5,4.758166790008545
379,1073,6,4.7092132568359375
379,648,7,4.420258045196533
379,1607,8,4.106874465942383
379,1024,9,4.51234245300293
379,250,10,4.248888969421387
381,357,1,5.17086124420166
381,408,2,5.061192512512207
381,251,3,4.898395538330078
381,1643,4,4.0583062171936035
381,273,5,4.676194190979004
381,213,6,4.656126022338867
381,382,7,4.084521293640137
381,86,8,4.23553991317749
381,1129,9,4.232260227203369
381,393,10,3.9619197845458984
382,661,1,4.352923393249512
382,285,2,3.247185707092285
382,11,3,3.9825053215026855
382,381,4,3.698366403579712
382,856,5,3.574875831604004
382,1104,6,3.4484639167785645
382,209,7,3.9227287769317627
382,42,8,3.3842437267303467
382,1240,9,3.2977843284606934
382,178,10,3.634162425994873
383,408,1,5.6035614013671875
383,1451,2,4.656067848205566
383,916,3,4.8398823738098145
383,175,4,5.10849142074585
383,1251,5,4.697742462158203
383,177,6,5.078689098358154
383,1406,7,4.415685653686523
383,430,8,4.468515872955322
383,320,9,4.517339706420898
383,707,10,4.516615390777588
384,119,1,4.502985000610352
384,87,2,4.296298027038574
384,1194,3,4.606290817260742
384,97,4,4.334242820739746
384,936,5,4.781679630279541
384,12,6,4.592615604400635
384,606,7,4.579676628112793
384,251,8,4.43888521194458
384,657,9,4.671785831451416
384,963,10,4.662671089172363
385,652,1,5.070923805236816
385,489,2,3.851393222808838
385,1073,3,3.705693006515503
385,517,4,4.04401969909668
385,1020,5,4.020987033843994
385,856,6,4.39054012298584
385,202,7,3.43049955368042
385,1,8,3.4020588397979736
385,709,9,3.732837677001953
385,1558,10,3.8646342754364014
386,496,1,4.744026184082031
386,211,2,4.5682291984558105
386,189,3,4.232762813568115
386,256,4,3.963940143585205
386,60,5,4.51658296585083
386,1046,6,3.961883783340454
386,262,7,4.445807456970215
386,936,8,4.3287272453308105
386,183,9,4.075944423675537
386,482,10,4.187403678894043
387,1142,1,5.174978256225586
387,119,2,3.7879598140716553
387,242,3,4.644580841064453
387,1020,4,3.5498974323272705
387,1302,5,3.692063808441162
387,108,6,3.7833962440490723
387,316,7,4.360361099243164
387,1405,8,3.865987777709961
387,420,9,3.816619396209717
387,1380,10,3.6494364738464355
388,419,1,5.085432052612305
388,1149,2,4.532177448272705
388,575,3,4.406203746795654
388,487,4,4.834196090698242
388,1449,5,5.035984992980957
388,1102,6,4.404824256896973
388,963,7,4.798120021820068
388,174,8,4.990830421447754
388,868,9,4.7656660079956055
388,50,10,4.762051105499268
389,30,1,4.558950424194336
389,201,2,4.830900192260742
389,270,3,4.758808612823486
389,863,4,4.468453407287598
389,1101,5,4.717723369598389
389,1114,6,4.429348468780518
389,708,7,4.340959072113037
389,641,8,4.654080390930176
389,633,9,3.989655017852783
389,169,10,4.307719707489014
390,45,1,5.000914096832275
390,480,2,4.765689373016357
390,837,3,4.76417350769043
390,844,4,4.273709297180176
390,1367,5,4.5225629806518555
390,513,6,4.715672016143799
390,190,7,4.820034980773926
390,1500,8,4.678179740905762
390,673,9,4.339219093322754
390,34,10,4.379583358764648
391,515,1,3.931703567504883
391,199,2,4.702962875366211
391,302,3,4.629007339477539
391,488,4,4.0188469886779785
391,887,5,3.570979118347168
391,657,6,4.280178546905518
391,81,7,3.7259421348571777
391,693,8,4.104732036590576
391,493,9,4.237523078918457
391,909,10,3.5514464378356934
392,292,1,4.371234893798828
392,404,2,4.093865871429443
392,238,3,5.116520881652832
392,187,4,4.742666244506836
392,215,5,4.436008453369141
392,69,6,5.043241500854492
392,641,7,4.710561752319336
392,91,8,4.69920015335083
392,135,9,4.862462043762207
392,491,10,4.838297367095947
393,1623,1,4.148725986480713
393,242,2,4.13464879989624
393,187,3,3.850665807723999
393,753,4,4.539113998413086
393,426,5,3.6260921955108643
393,515,6,4.28031587600708
393,214,7,3.815697193145752
393,966,8,4.176513195037842
393,1394,9,3.690572500228882
393,482,10,3.8030238151550293
394,484,1,4.371117115020752
394,408,2,5.300559997558594
394,187,3,5.033802032470703
394,603,4,4.909668922424316
394,1459,5,4.2369914054870605
394,1007,6,4.335150241851807
394,448,7,4.766972064971924
394,1388,8,4.266329288482666
394,1158,9,4.220383167266846
394,249,10,4.52275276184082
395,480,1,4.8124098777771
395,79,2,4.3796210289001465
395,135,3,5.066596984863281
395,178,4,4.983712196350098
395,603,5,4.974462985992432
395,99,6,4.495571613311768
395,69,7,4.546464443206787
395,1401,8,4.492455005645752
395,511,9,4.699601650238037
395,697,10,4.527582168579102
396,513,1,4.560011863708496
396,641,2,4.3276166915893555
396,278,3,4.194273471832275
396,519,4,3.888636350631714
396,394,5,4.019346714019775
396,216,6,4.402161598205566
396,709,7,4.11940860748291
396,227,8,4.3904128074646
396,378,9,4.265358924865723
396,127,10,3.9084649085998535
397,151,1,4.48693323135376
397,180,2,5.124789237976074
397,531,3,4.111709117889404
397,463,4,4.031574249267578
397,175,5,4.457666873931885
397,470,6,4.673850059509277
397,115,7,3.8731870651245117
397,69,8,4.081362724304199
397,302,9,4.40092134475708
397,200,10,4.504785537719727
398,709,1,4.834724426269531
398,499,2,4.1034626960754395
398,1062,3,4.275997638702393
398,380,4,4.2352800369262695
398,251,5,4.462309837341309
398,1201,6,3.993762254714966
398,900,7,4.079476356506348
398,1585,8,3.8132760524749756
398,236,9,4.160745143890381
398,526,10,3.9604008197784424
400,429,1,4.3191938400268555
400,199,2,4.407201290130615
400,520,3,4.390865325927734
400,79,4,4.572726249694824
400,1131,5,4.287909030914307
400,302,6,4.373839378356934
400,589,7,4.206923007965088
400,378,8,4.042114734649658
400,1062,9,4.030327320098877
400,174,10,4.437848091125488
401,258,1,4.519177436828613
401,238,2,4.321133136749268
401,15,3,3.4411399364471436
401,1131,4,3.6116867065429688
401,1101,5,3.8713572025299072
401,1462,6,3.188654661178589
401,496,7,3.2869961261749268
401,306,8,3.468674421310425
401,851,9,3.389850378036499
401,1194,10,3.5367331504821777
402,178,1,4.378350734710693
402,489,2,4.365146636962891
402,95,3,4.042382717132568
402,1114,4,4.081186294555664
402,114,5,4.601505279541016
402,1187,6,3.9720582962036133
402,265,7,4.406802654266357
402,213,8,4.4005913734436035
402,59,9,4.553431510925293
402,505,10,4.522898197174072
403,126,1,5.051185607910156
403,611,2,4.169338226318359
403,496,3,4.909036636352539
403,434,4,4.57318115234375
403,344,5,4.330811977386475
403,70,6,4.468520164489746
403,190,7,4.762405872344971
403,1007,8,4.721089839935303
403,659,9,4.221103191375732
403,223,10,4.538234233856201
404,657,1,4.44441032409668
404,1104,2,4.016984462738037
404,1306,3,3.9386019706726074
404,468,4,3.887512683868408
404,60,5,4.416183948516846
404,210,6,4.368194580078125
404,1115,7,4.176389217376709
404,513,8,4.150359630584717
404,694,9,4.149056434631348
404,42,10,3.749717950820923
406,474,1,5.847824573516846
406,1019,2,4.090211391448975
406,1097,3,3.8156299591064453
406,549,4,4.22280740737915
406,694,5,4.467959880828857
406,394,6,3.9418773651123047
406,603,7,4.019270896911621
406,1143,8,4.0100483894348145
406,1298,9,3.8399484157562256
406,902,10,4.100584030151367
407,811,1,3.6424357891082764
407,431,2,3.9254775047302246
407,114,3,4.561145782470703
407,1462,4,3.7784557342529297
407,1449,5,4.2156548500061035
407,12,6,4.520845890045166
407,223,7,4.514697074890137
407,958,8,4.340005874633789
407,868,9,3.80031418800354
407,936,10,3.795787811279297
408,813,1,3.9711179733276367
408,404,2,3.9182143211364746
408,194,3,4.460672378540039
408,9,4,4.259644508361816
408,558,5,4.259636878967285
408,494,6,4.383505821228027
408,498,7,4.0555901527404785
408,602,8,3.939751386642456
408,1251,9,3.8988218307495117
408,180,10,4.340996742248535
409,1142,1,4.339564800262451
409,1482,2,3.894702911376953
409,74,3,4.301000118255615
409,1268,4,4.550031661987305
409,114,5,4.46074104309082
409,436,6,3.840392827987671
409,482,7,4.419140815734863
409,628,8,3.817404270172119
409,602,9,3.7575268745422363
409,1368,10,4.3501458168029785
410,174,1,4.139655113220215
410,514,2,3.713447332382202
410,205,3,3.228457450866699
410,1192,4,3.2580149173736572
410,61,5,3.3600244522094727
410,96,6,3.6667823791503906
410,50,7,3.8399858474731445
410,646,8,3.3928191661834717
410,98,9,3.804255485534668
410,482,10,3.6294915676116943
411,520,1,3.753692626953125
411,199,2,4.754286289215088
411,28,3,4.157280445098877
411,267,4,3.8397839069366455
411,863,5,4.133613586425781
411,189,6,4.103013038635254
411,490,7,4.408318996429443
411,513,8,4.3948073387146
411,850,9,3.852255344390869
411,610,10,3.807708501815796
412,1153,1,3.9784176349639893
412,157,2,4.36787223815918
412,489,3,4.169010162353516
412,251,4,4.555726528167725
412,127,5,4.3481831550598145
412,484,6,4.4781694412231445
412,850,7,4.121009826660156
412,265,8,4.38098669052124
412,615,9,4.263422966003418
412,232,10,3.9352569580078125
413,83,1,4.244144916534424
413,228,2,4.663963317871094
413,1147,3,3.88889479637146
413,28,4,3.9363796710968018
413,661,5,4.201292037963867
413,136,6,4.423119068145752
413,603,7,4.4004011154174805
413,425,8,3.7988929748535156
413,963,9,4.133147716522217
413,174,10,3.954676389694214
414,479,1,4.7670440673828125
414,114,2,5.335392951965332
414,1193,3,4.842281341552734
414,269,4,4.43373441696167
414,718,5,4.668618679046631
414,939,6,4.6623382568359375
414,1448,7,4.460641860961914
414,922,8,4.910100936889648
414,119,9,4.784116268157959
414,1137,10,4.773102283477783
415,60,1,4.979989528656006
415,408,2,4.869524002075195
415,1524,3,4.1978230476379395
415,1449,4,4.869428634643555
415,83,5,4.523364543914795
415,427,6,4.749489784240723
415,144,7,4.402155876159668
415,100,8,4.137683391571045
415,955,9,4.467141151428223
415,1020,10,4.089479446411133
416,673,1,4.3077392578125
416,192,2,4.8278398513793945
416,1190,3,3.6853127479553223
416,608,4,4.266596794128418
416,169,5,4.262310028076172
416,490,6,3.81656551361084
416,963,7,4.477228164672852
416,745,8,3.947873592376709
416,1278,9,4.074958324432373
416,679,10,4.148260593414307
417,805,1,4.0346856117248535
417,1115,2,3.6615195274353027
417,850,3,4.160852909088135
417,753,4,4.5517449378967285
417,61,5,4.524511814117432
417,22,6,4.360593795776367
417,1109,7,3.6415905952453613
417,26,8,4.337972164154053
417,237,9,4.276880741119385
417,143,10,3.979694128036499
418,28,1,4.490292549133301
418,588,2,4.381929397583008
418,515,3,3.8854920864105225
418,171,4,3.6570398807525635
418,50,5,4.086320400238037
418,916,6,3.4474966526031494
418,239,7,3.7215137481689453
418,320,8,3.6365244388580322
418,174,9,3.9456000328063965
418,427,10,3.9310429096221924
419,526,1,4.392203330993652
419,114,2,4.890719413757324
419,176,3,4.850573539733887
419,1482,4,4.151883125305176
419,285,5,4.816183567047119
419,1405,6,4.379907131195068
419,484,7,4.716479778289795
419,1114,8,4.309556484222412
419,1020,9,4.482921123504639
419,297,10,4.405457496643066
420,558,1,4.373412132263184
420,506,2,4.692900657653809
420,129,3,4.459640979766846
420,1172,4,4.358293056488037
420,132,5,4.42827033996582
420,8,6,4.554803371429443
420,170,7,4.553122520446777
420,199,8,4.247077941894531
420,900,9,4.005856990814209
420,234,10,4.138811111450195
421,228,1,4.93284273147583
421,661,2,3.872239828109741
421,367,3,4.30482816696167
421,172,4,4.5437703132629395
421,1512,5,4.083937168121338
421,84,6,3.9015393257141113
421,532,7,4.261679649353027
421,1021,8,4.42820930480957
421,418,9,3.9395065307617188
421,522,10,3.9908978939056396
422,427,1,4.334091663360596
422,65,2,4.6621198654174805
422,530,3,4.281897068023682
422,855,4,4.021214485168457
422,1021,5,4.461598873138428
422,60,6,4.28176212310791
422,1462,7,3.7392144203186035
422,170,8,4.095292091369629
422,190,9,4.386953830718994
422,615,10,3.866339921951294
423,285,1,4.872316360473633
423,408,2,4.442354679107666
423,1190,3,3.984541416168213
423,98,4,4.436093330383301
423,427,5,4.414273738861084
423,432,6,4.593844890594482
423,320,7,4.25747537612915
423,435,8,4.575773239135742
423,190,9,4.346126079559326
423,251,10,4.322953701019287
424,59,1,4.292653560638428
424,483,2,4.8937835693359375
424,966,3,4.287231922149658
424,164,4,4.874734878540039
424,8,5,4.188140869140625
424,1462,6,4.267454624176025
424,806,7,3.961698293685913
424,1016,8,4.228694915771484
424,494,9,4.333115577697754
424,601,10,4.137120246887207
425,966,1,3.651416063308716
425,150,2,4.603436470031738
425,518,3,3.7535974979400635
425,434,4,3.629427909851074
425,1019,5,3.8724727630615234
425,1137,6,3.6053335666656494
425,615,7,4.13607120513916
425,633,8,3.8014025688171387
425,958,9,3.5651280879974365
425,936,10,3.5464653968811035
426,202,1,4.8540754318237305
426,1154,2,3.939981698989868
426,183,3,3.687424659729004
426,1245,4,3.72251296043396
426,1198,5,4.160616874694824
426,96,6,4.290431499481201
426,521,7,4.02374792098999
426,392,8,3.8949084281921387
426,216,9,4.1250529289245605
426,1129,10,4.120003700256348
427,56,1,5.31101131439209
427,1021,2,5.175220966339111
427,169,3,4.3983659744262695
427,205,4,4.354869842529297
427,28,5,5.012670993804932
427,156,6,4.745495796203613
427,1500,7,4.742949485778809
427,425,8,4.521847724914551
427,935,9,4.3392558097839355
427,868,10,4.822206020355225
428,224,1,4.585489273071289
428,608,2,4.794399738311768
428,429,3,5.208386421203613
428,432,4,4.861329555511475
428,168,5,5.099203109741211
428,202,6,4.843975067138672
428,408,7,4.931151390075684
428,513,8,5.042077541351318
428,28,9,5.02008581161499
428,963,10,5.0197672843933105
429,262,1,4.157580852508545
429,408,2,4.409364700317383
429,1202,3,3.7898828983306885
429,331,4,4.150733470916748
429,198,5,4.111485004425049
429,174,6,4.100815773010254
429,318,7,4.319591522216797
429,1073,8,3.604111433029175
429,949,9,3.752718925476074
429,1142,10,3.8133018016815186
430,238,1,3.8541483879089355
430,652,2,4.739707946777344
430,317,3,3.6227736473083496
430,1636,4,3.8342955112457275
430,408,5,4.354644298553467
430,171,6,3.5769357681274414
430,520,7,4.219813823699951
430,144,8,4.217700481414795
430,1503,9,3.8146984577178955
430,755,10,3.6443326473236084
431,963,1,4.5604424476623535
431,1058,2,3.8400630950927734
431,89,3,4.040631294250488
431,1251,4,4.108423709869385
431,520,5,4.382577896118164
431,856,6,4.032936096191406
431,185,7,4.17933988571167
431,199,8,4.169126510620117
431,1537,9,3.7888026237487793
431,958,10,4.257368564605713
432,183,1,4.3822340965271
432,316,2,4.984192848205566
432,811,3,4.370975971221924
432,285,4,4.710583209991455
432,423,5,4.689427375793457
432,513,6,4.665874481201172
432,529,7,4.093194484710693
432,850,8,4.089943885803223
432,1451,9,4.211940288543701
432,966,10,4.204990863800049
433,514,1,4.811756610870361
433,647,2,4.733275890350342
433,498,3,4.080938816070557
433,20,4,4.714667320251465
433,654,5,4.273799896240234
433,116,6,4.053748607635498
433,651,7,4.4708638191223145
433,1643,8,4.441904067993164
433,178,9,4.440483570098877
433,657,10,4.391573905944824
434,603,1,5.248024940490723
434,506,2,4.336679458618164
434,504,3,4.334676742553711
434,89,4,4.018354415893555
434,498,5,4.741994857788086
434,1594,6,3.93607759475708
434,462,7,4.004395961761475
434,958,8,4.2754926681518555
434,815,9,4.047896862030029
434,326,10,4.0361480712890625
435,316,1,4.988603591918945
435,150,2,4.972531795501709
435,1201,3,3.798719644546509
435,859,4,4.000357151031494
435,1019,5,4.705534934997559
435,615,6,4.24557638168335
435,1388,7,3.831050157546997
435,513,8,4.45474910736084
435,1463,9,3.6736035346984863
435,1483,10,4.147390842437744
436,69,1,4.999611854553223
436,319,2,4.18845796585083
436,12,3,4.817979335784912
436,653,4,4.016109466552734
436,533,5,4.325152397155762
436,753,6,4.8052568435668945
436,209,7,4.296344757080078
436,202,8,4.770663261413574
436,237,9,4.16460657119751
436,724,10,4.459184646606445
437,1269,1,4.045335292816162
437,1201,2,4.155348300933838
437,488,3,3.971064805984497
437,506,4,4.735116958618164
437,267,5,4.000468730926514
437,519,6,4.611414909362793
437,1367,7,4.550528049468994
437,522,8,4.528051376342773
437,604,9,4.2451934814453125
437,34,10,3.677494764328003
438,520,1,5.023585319519043
438,1268,2,4.358902454376221
438,613,3,4.477706432342529
438,12,4,4.886810302734375
438,732,5,4.4412078857421875
438,1302,6,4.253154754638672
438,1449,7,4.839926719665527
438,1142,8,4.6099724769592285
438,222,9,4.569150447845459
438,499,10,4.2043375968933105
439,134,1,4.8067755699157715
439,12,2,4.766889572143555
439,482,3,4.340992450714111
439,317,4,4.164501667022705
439,608,5,3.99849796295166
439,70,6,4.28718376159668
439,31,7,3.930467128753662
439,48,8,4.402002334594727
439,705,9,4.271186351776123
439,639,10,3.923356294631958
440,178,1,5.7678351402282715
440,135,2,5.699136734008789
440,320,3,4.780990123748779
440,1153,4,4.602357387542725
440,432,5,5.2661309242248535
440,866,6,4.697841167449951
440,408,7,5.23190975189209
440,1599,8,4.748770713806152
440,648,9,4.741943359375
440,45,10,4.894499778747559
441,513,1,4.4321770668029785
441,718,2,3.919508934020996
441,86,3,4.231056213378906
441,170,4,3.9096591472625732
441,203,5,3.769221305847168
441,253,6,3.686408281326294
441,408,7,4.144601345062256
441,656,8,3.8225975036621094
441,378,9,3.72370982170105
441,603,10,4.070799827575684
442,183,1,4.681152820587158
442,513,2,4.485952377319336
442,493,3,4.02883243560791
442,524,4,3.5534439086914062
442,32,5,3.620987892150879
442,515,6,3.840799331665039
442,1536,7,3.666762351989746
442,506,8,3.66160249710083
442,432,9,4.101168155670166
442,298,10,3.804377317428589
443,185,1,4.50367546081543
443,526,2,4.174807548522949
443,223,3,4.92410135269165
443,510,4,4.900273323059082
443,612,5,4.464155197143555
443,945,6,4.195298194885254
443,320,7,4.372325420379639
443,117,8,4.372119426727295
443,134,9,4.709323406219482
443,200,10,4.318601608276367
444,470,1,4.850752353668213
444,949,2,4.844867706298828
444,114,3,4.429993152618408
444,463,4,4.824236869812012
444,1154,5,4.076827049255371
444,357,6,4.549012184143066
444,1148,7,4.146753311157227
444,32,8,4.1074371337890625
444,1070,9,4.387552738189697
444,482,10,4.191553592681885
445,519,1,2.9954559803009033
445,427,2,3.4295084476470947
445,134,3,3.2611711025238037
445,485,4,2.97037935256958
445,474,5,2.9589598178863525
445,606,6,2.958815574645996
445,705,7,2.6494362354278564
445,954,8,2.714719295501709
445,97,9,2.8770625591278076
445,60,10,2.4792585372924805
446,302,1,4.359347343444824
446,654,2,4.178228378295898
446,171,3,3.630258083343506
446,641,4,3.78467059135437
446,282,5,3.4773173332214355
446,208,6,4.072328567504883
446,1021,7,3.693267822265625
446,1251,8,3.7621238231658936
446,1201,9,3.4245524406433105
446,504,10,3.9695210456848145
447,172,1,5.051650524139404
447,724,2,3.839543342590332
447,430,3,4.374159336090088
447,603,4,4.619655609130859
447,661,5,4.56204891204834
447,192,6,4.546642303466797
447,463,7,4.09737491607666
447,639,8,3.864905834197998
447,966,9,4.427968978881836
447,72,10,4.236659049987793
448,479,1,4.831845760345459
448,408,2,4.537858009338379
448,511,3,3.8360958099365234
448,459,4,3.5147781372070312
448,806,5,4.094605922698975
448,613,6,4.0807204246521
448,543,7,3.6771183013916016
448,520,8,3.7612082958221436
448,821,9,3.6505842208862305
448,857,10,3.4256772994995117
449,474,1,5.040744781494141
449,1143,2,4.180417060852051
449,205,3,3.9281301498413086
449,96,4,4.290760517120361
449,602,5,3.8526759147644043
449,1138,6,3.9681224822998047
449,644,7,4.264359474182129
449,7,8,4.487127780914307
449,57,9,3.8377161026000977
449,70,10,4.007587909698486
450,515,1,4.887496471405029
450,1356,2,4.062223434448242
450,701,3,4.026442050933838
450,1512,4,4.572414875030518
450,919,5,4.0957350730896
450,1077,6,4.233001708984375
450,1159,7,4.531866073608398
450,1148,8,4.14295768737793
450,1194,9,4.214014530181885
450,1636,10,4.285959720611572
452,813,1,3.8359522819519043
452,1073,2,3.7279233932495117
452,1278,3,3.7929883003234863
452,484,4,4.25119161605835
452,408,5,3.788450241088867
452,1007,6,3.7856740951538086
452,512,7,3.655346393585205
452,1266,8,3.9140191078186035
452,1596,9,3.362238645553589
452,46,10,3.36151123046875
454,1160,1,3.9983317852020264
454,217,2,3.4698262214660645
454,689,3,3.214829921722412
454,408,4,3.8722736835479736
454,28,5,3.850611686706543
454,613,6,3.767876625061035
454,1656,7,3.3494956493377686
454,1021,8,3.5032074451446533
454,835,9,3.3370630741119385
454,1521,10,3.2740461826324463
455,480,1,4.720903396606445
455,1005,2,4.304391384124756
455,661,3,4.636456489562988
455,509,4,4.151760101318359
455,589,5,3.7994399070739746
455,641,6,4.262229919433594
455,607,7,4.490323543548584
455,178,8,4.474936485290527
455,1007,9,3.850067377090454
455,612,10,3.815263032913208
456,89,1,4.846778392791748
456,724,2,4.189670085906982
456,408,3,4.67868709564209
456,519,4,4.175289154052734
456,613,5,3.9419281482696533
456,1064,6,3.7757644653320312
456,1160,7,4.038508415222168
456,513,8,4.345730781555176
456,492,9,4.219257354736328
456,195,10,4.296107292175293
457,74,1,4.555037498474121
457,1500,2,4.554320812225342
457,487,3,5.082983016967773
457,187,4,5.052988052368164
457,99,5,4.534401893615723
457,23,6,4.724047660827637
457,1084,7,4.523576736450195
457,1159,8,4.960168838500977
457,536,9,4.343414783477783
457,1020,10,4.67486572265625
458,419,1,3.9750137329101562
458,1126,2,4.198863506317139
458,850,3,4.33666467666626
458,659,4,4.102139949798584
458,856,5,4.6225762367248535
458,1233,6,3.9484174251556396
458,657,7,4.483819007873535
458,1473,8,3.876264810562134
458,188,9,4.127323150634766
458,445,10,4.032646179199219
459,174,1,4.758940696716309
459,312,2,3.9512999057769775
459,923,3,4.6902570724487305
459,1159,4,4.622766017913818
459,1599,5,3.8903653621673584
459,251,6,4.181392192840576
459,692,7,4.315065383911133
459,230,8,4.466520309448242
459,194,9,4.460944652557373
459,482,10,3.87688946723938
460,645,1,3.521618604660034
460,162,2,3.634100914001465
460,813,3,3.6804041862487793
460,836,4,3.4997246265411377
460,470,5,3.8742587566375732
460,835,6,4.0839080810546875
460,169,7,4.077732563018799
460,504,8,3.7219574451446533
460,134,9,3.9375171661376953
460,515,10,3.8094794750213623
461,12,1,4.425737380981445
461,1019,2,3.832798480987549
461,1147,3,3.554391384124756
461,114,4,4.0662407875061035
461,177,5,3.594149351119995
461,173,6,3.9210245609283447
461,499,7,3.5818634033203125
461,79,8,3.3973405361175537
461,490,9,3.519418716430664
461,238,10,3.6435728073120117
462,513,1,4.868249416351318
462,223,2,5.29050350189209
462,318,3,5.2380452156066895
462,57,4,4.852138042449951
462,675,5,4.659787654876709
462,868,6,4.759001731872559
462,429,7,4.752108097076416
462,745,8,4.879789352416992
462,607,9,4.650989532470703
462,1159,10,4.793221473693848
463,1515,1,3.602015972137451
463,527,2,4.351819038391113
463,1084,3,4.283084869384766
463,345,4,3.882021427154541
463,58,5,4.521052837371826
463,204,6,4.4961981773376465
463,531,7,4.215605735778809
463,533,8,4.194680213928223
463,11,9,4.382928371429443
463,705,10,3.6511991024017334
464,1449,1,5.06265115737915
464,415,2,4.265627861022949
464,1020,3,4.767976760864258
464,425,4,4.965005397796631
464,622,5,4.421246528625488
464,612,6,4.613941669464111
464,316,7,4.872472763061523
464,543,8,4.466758728027344
464,166,9,4.305403232574463
464,922,10,4.811787128448486
466,1428,1,3.9904723167419434
466,199,2,4.880064010620117
466,318,3,4.861550331115723
466,48,4,4.295585632324219
466,1308,5,3.888073444366455
466,916,6,4.289778709411621
466,211,7,4.267312049865723
466,418,8,4.394237518310547
466,533,9,4.39072322845459
466,1021,10,4.554574489593506
467,182,1,4.928897857666016
467,584,2,4.37138032913208
467,179,3,4.821232318878174
467,615,4,4.063129425048828
467,488,5,4.218471527099609
467,178,6,4.520223140716553
467,603,7,4.483835220336914
467,968,8,3.8631484508514404
467,1007,9,4.175654411315918
467,168,10,4.172995090484619
468,169,1,4.987979412078857
468,136,2,4.967441082000732
468,429,3,4.560824871063232
468,489,4,4.552316188812256
468,924,5,4.049966812133789
468,99,6,4.731123924255371
468,188,7,4.723215579986572
468,228,8,4.433295726776123
468,945,9,4.4274420738220215
468,1009,10,4.028670310974121
469,48,1,5.594020843505859
469,1134,2,4.275424957275391
469,175,3,4.859374046325684
469,1158,4,4.60032844543457
469,657,5,4.491337299346924
469,1268,6,4.317044734954834
469,169,7,4.763888835906982
469,493,8,4.298158168792725
469,205,9,4.4061970710754395
469,1111,10,4.2040510177612305
470,496,1,4.895363807678223
470,208,2,4.860770225524902
470,603,3,4.533955097198486
470,538,4,4.1881208419799805
470,513,5,4.294776916503906
470,853,6,3.8838510513305664
470,60,7,4.421451091766357
470,173,8,4.154447078704834
470,385,9,4.01981258392334
470,99,10,4.140351295471191
471,204,1,4.651520252227783
471,317,2,4.453643798828125
471,746,3,4.101808071136475
471,484,4,4.037837028503418
471,54,5,3.7358179092407227
471,479,6,3.8775112628936768
471,202,7,3.510063409805298
471,502,8,3.785400867462158
471,177,9,3.846529960632324
471,253,10,3.600259304046631
472,12,1,6.121158123016357
472,511,2,4.828124523162842
472,107,3,4.720232009887695
472,1558,4,5.352355480194092
472,1367,5,4.606060981750488
472,958,6,4.48384952545166
472,517,7,4.6488566398620605
472,709,8,5.10764741897583
472,213,9,4.547704696655273
472,656,10,4.744179725646973
473,64,1,5.033680438995361
473,344,2,4.495663642883301
473,513,3,4.375060558319092
473,663,4,4.134941101074219
473,747,5,4.11993408203125
473,1122,6,4.112402439117432
473,133,7,4.072597980499268
473,381,8,4.427909851074219
473,305,9,4.556583881378174
473,484,10,4.535224914550781
474,1466,1,4.17448091506958
474,762,2,4.35602331161499
474,156,3,4.9685378074646
474,226,4,4.04959774017334
474,1459,5,4.160452842712402
474,533,6,4.466477394104004
474,1198,7,4.46435546875
474,1448,8,4.451502323150635
474,746,9,3.970742702484131
474,433,10,4.628409385681152
475,188,1,3.605987071990967
475,483,2,4.130573272705078
475,1500,3,3.614271402359009
475,513,4,4.057529926300049
475,478,5,3.6573996543884277
475,615,6,3.9727554321289062
475,922,7,3.6539766788482666
475,1269,8,3.7737183570861816
475,187,9,3.726410388946533
475,1211,10,3.4526827335357666
476,50,1,4.634402751922607
476,1251,2,4.1052751541137695
476,22,3,4.474262237548828
476,127,4,4.085999488830566
476,1211,5,3.936753511428833
476,497,6,3.9995217323303223
476,1005,7,4.16192626953125
476,172,8,4.1593499183654785
476,207,9,3.9775309562683105
476,1019,10,4.111873149871826
477,12,1,4.933137893676758
477,169,2,5.027502059936523
477,963,3,5.200733661651611
477,787,4,4.666092395782471
477,1194,5,5.111904621124268
477,399,6,4.864587306976318
477,1428,7,5.078366756439209
477,813,8,4.863001346588135
477,166,9,4.946430206298828
477,47,10,4.944819450378418
478,13,1,3.8943121433258057
478,200,2,4.099208831787109
478,694,3,4.196517467498779
478,1137,4,4.757262706756592
478,1021,5,4.332547187805176
478,510,6,4.622330665588379
478,520,7,4.566967964172363
478,514,8,4.122829437255859
478,604,9,4.052642822265625
478,1065,10,3.8991825580596924
479,1019,1,4.126673698425293
479,1523,2,3.7368557453155518
479,1066,3,3.590406656265259
479,1098,4,4.247430801391602
479,317,5,4.223115921020508
479,1240,6,4.206665992736816
479,1367,7,4.185860633850098
479,811,8,4.16592264175415
479,166,9,4.379907131195068
479,478,10,4.029769420623779
480,205,1,4.327557563781738
480,1367,2,3.8180880546569824
480,75,3,3.550766706466675
480,922,4,4.242751121520996
480,93,5,3.755237340927124
480,813,6,4.167426586151123
480,750,7,4.154717445373535
480,183,8,3.8709497451782227
480,958,9,4.147443771362305
480,1142,10,4.111900806427002
481,525,1,4.444758415222168
481,1512,2,4.9655890464782715
481,959,3,4.222964763641357
481,1305,4,4.135780334472656
481,134,5,4.807887554168701
481,89,6,4.4799418449401855
481,174,7,4.579763889312744
481,1524,8,4.456420421600342
481,515,9,4.452049255371094
481,480,10,4.661645889282227
482,513,1,4.359965801239014
482,498,2,4.723947525024414
482,168,3,4.437423229217529
482,705,4,4.6321845054626465
482,164,5,4.34079647064209
482,1589,6,4.193085670471191
482,233,7,4.189386367797852
482,132,8,4.565605163574219
482,482,9,4.5222296714782715
482,936,10,4.507783889770508
483,174,1,4.424820423126221
483,1533,2,3.6186513900756836
483,694,3,4.270489692687988
483,1159,4,3.868457555770874
483,119,5,3.7030527591705322
483,1448,6,3.520723342895508
483,575,7,3.629051685333252
483,98,8,4.110731601715088
483,198,9,3.809800148010254
483,8,10,4.097729682922363
484,190,1,5.190581321716309
484,1126,2,4.27902364730835
484,165,3,4.924540996551514
484,12,4,4.9107441902160645
484,1449,5,4.87673807144165
484,1356,6,4.25774621963501
484,1386,7,4.080182075500488
484,408,8,4.555202007293701
484,31,9,4.384669303894043
484,520,10,4.433658123016357
485,654,1,4.95094108581543
485,187,2,3.7965025901794434
485,641,3,4.604577541351318
485,1050,4,3.7504358291625977
485,50,5,4.468564510345459
485,285,6,4.422417163848877
485,836,7,3.7835466861724854
485,100,8,3.873161554336548
485,481,9,4.313577175140381
485,486,10,3.8171474933624268
486,1599,1,3.8134946823120117
486,482,2,4.631396293640137
486,98,3,4.573117256164551
486,498,4,4.328070163726807
486,653,5,4.029698848724365
486,527,6,4.484280586242676
486,671,7,4.245088577270508
486,404,8,4.120729446411133
486,1585,9,3.7757651805877686
486,521,10,3.916658639907837
487,171,1,4.614283561706543
487,168,2,4.968506813049316
487,184,3,3.9224841594696045
487,1005,4,4.54410982131958
487,208,5,4.955020427703857
487,611,6,4.907551288604736
487,1468,7,4.3354082107543945
487,655,8,4.815918922424316
487,498,9,3.9515888690948486
487,190,10,4.46124792098999
488,1321,1,3.2321412563323975
488,657,2,4.159601211547852
488,1464,3,3.4442644119262695
488,34,4,3.3457493782043457
488,735,5,3.9414916038513184
488,479,6,3.344576358795166
488,513,7,3.9113330841064453
488,1483,8,3.481397867202759
488,749,9,3.858732223510742
488,257,10,3.8309450149536133
489,357,1,5.648233890533447
489,55,2,4.583299160003662
489,181,3,5.443535804748535
489,69,4,5.2320451736450195
489,663,5,4.984772682189941
489,1535,6,4.616825580596924
489,147,7,5.1589460372924805
489,478,8,4.605465888977051
489,17,9,4.704941749572754
489,705,10,4.78671407699585
490,12,1,4.038352012634277
490,654,2,3.875898838043213
490,474,3,3.3448500633239746
490,168,4,3.060384511947632
490,51,5,2.8897147178649902
490,479,6,3.701885461807251
490,732,7,3.1082515716552734
490,315,8,3.6348116397857666
490,285,9,3.0880913734436035
490,481,10,3.0251271724700928
491,1535,1,3.784137010574341
491,652,2,4.873668670654297
491,96,3,4.677247047424316
491,1592,4,4.059484481811523
491,238,5,4.439338684082031
491,151,6,4.1076884269714355
491,656,7,3.910498857498169
491,95,8,4.083854675292969
491,654,9,4.020558834075928
491,30,10,4.141530513763428
492,197,1,3.1581807136535645
492,239,2,3.6088314056396484
492,675,3,3.813861846923828
492,603,4,3.797049045562744
492,736,5,3.42344069480896
492,114,6,3.7200844287872314
492,74,7,3.3402140140533447
492,165,8,3.1279618740081787
492,448,9,3.505833148956299
492,1203,10,3.326664686203003
493,660,1,5.066897869110107
493,1367,2,4.387063026428223
493,400,3,4.022078037261963
493,4,4,4.144144058227539
493,290,5,3.958812952041626
493,420,6,4.326176643371582
493,525,7,4.669280052185059
493,518,8,4.290551662445068
493,197,9,4.630455017089844
493,474,10,3.982276678085327
494,423,1,4.500507354736328
494,754,2,4.036343574523926
494,12,3,5.197080612182617
494,298,4,5.255344867706299
494,1021,5,4.088338851928711
494,613,6,4.445140838623047
494,1039,7,4.655041217803955
494,273,8,4.41328763961792
494,1098,9,4.20850944519043
494,88,10,4.125782012939453
495,333,1,4.163393497467041
495,117,2,4.971193313598633
495,430,3,4.533396244049072
495,410,4,4.649860382080078
495,499,5,4.343564510345459
495,966,6,4.412195205688477
495,209,7,4.808067798614502
495,45,8,4.595513820648193
495,262,9,4.467077732086182
495,484,10,4.72941255569458
496,474,1,3.470742702484131
496,455,2,4.42115592956543
496,645,3,4.252983093261719
496,169,4,3.894585609436035
496,272,5,4.215157508850098
496,354,6,3.527921676635742
496,448,7,3.376499652862549
496,904,8,3.663729429244995
496,1600,9,3.7392208576202393
496,445,10,3.5551891326904297
497,15,1,4.200916767120361
497,483,2,4.719799518585205
497,694,3,4.356003284454346
497,196,4,4.140033721923828
497,429,5,4.125005722045898
497,493,6,4.113699913024902
497,958,7,4.293700218200684
497,902,8,3.9699721336364746
497,513,9,4.258606910705566
497,1142,10,3.9486024379730225
498,414,1,3.564460277557373
498,1005,2,3.7647364139556885
498,119,3,3.4427595138549805
498,1143,4,3.329326629638672
498,611,5,3.438936233520508
498,286,6,3.982435703277588
498,958,7,3.9779610633850098
498,205,8,3.611196517944336
498,741,9,3.5730912685394287
498,654,10,3.682537794113159
499,42,1,5.117929458618164
499,185,2,4.477103233337402
499,1148,3,4.261593341827393
499,470,4,4.321165561676025
499,604,5,4.040678977966309
499,1642,6,4.15739631652832
499,114,7,4.5884575843811035
499,1269,8,4.582993507385254
499,1459,9,3.9794669151306152
499,850,10,4.285238265991211
500,1449,1,4.907434463500977
500,1007,2,4.127528190612793
500,657,3,4.636290550231934
500,864,4,3.7997140884399414
500,169,5,4.6006598472595215
500,1574,6,3.8198628425598145
500,614,7,4.058069229125977
500,57,8,4.2729692459106445
500,960,9,4.153944969177246
500,1362,10,4.04368257522583
501,607,1,4.661954879760742
501,513,2,4.931219577789307
501,474,3,4.87448787689209
501,705,4,4.278117656707764
501,137,5,4.464885711669922
501,136,6,4.617687702178955
501,1386,7,4.393095016479492
501,1589,8,4.190288543701172
501,194,9,4.681655406951904
501,1302,10,4.412135124206543
502,1019,1,4.359760284423828
502,285,2,4.5248870849609375
502,199,3,4.81930685043335
502,98,4,4.790041923522949
502,11,5,4.759822368621826
502,302,6,4.321991443634033
502,127,7,4.428062915802002
502,778,8,4.4161787033081055
502,117,9,3.967900514602661
502,82,10,4.589385032653809
503,265,1,5.115581512451172
503,1005,2,4.361105442047119
503,500,3,4.167964458465576
503,853,4,4.860976696014404
503,320,5,4.511348724365234
503,589,6,4.8396759033203125
503,519,7,4.833858966827393
503,285,8,4.502964973449707
503,1019,9,4.407286643981934
503,641,10,4.283052921295166
504,313,1,5.035688400268555
504,484,2,4.181463241577148
504,124,3,4.245656490325928
504,922,4,4.338438987731934
504,492,5,4.8054704666137695
504,119,6,4.234589576721191
504,1500,7,4.224838733673096
504,1466,8,4.5785112380981445
504,498,9,4.382678031921387
504,1098,10,4.020838260650635
505,119,1,4.036719799041748
505,833,2,3.6635916233062744
505,1121,3,4.150590419769287
505,318,4,4.455779075622559
505,645,5,4.001190185546875
505,393,6,4.1424760818481445
505,216,7,4.376170635223389
505,60,8,4.259122371673584
505,549,9,4.216006755828857
505,28,10,4.195737838745117
506,22,1,4.454927921295166
506,83,2,4.7438554763793945
506,117,3,4.721201419830322
506,1643,4,4.235172748565674
506,1012,5,4.418702602386475
506,653,6,4.391117572784424
506,1483,7,3.891479730606079
506,192,8,4.173490047454834
506,11,9,4.282750129699707
506,602,10,3.918442726135254
507,561,1,4.905472755432129
507,588,2,5.654275417327881
507,226,3,5.198694229125977
507,205,4,5.589529037475586
507,275,5,5.549600124359131
507,1573,6,5.022265911102295
507,12,7,5.01146125793457
507,1153,8,4.954121112823486
507,1142,9,4.988192558288574
507,1194,10,5.225817680358887
508,653,1,4.460951805114746
508,1103,2,4.066256523132324
508,1064,3,3.9194607734680176
508,114,4,4.72029972076416
508,14,5,4.640485763549805
508,490,6,4.038267612457275
508,1065,7,4.192928314208984
508,922,8,4.189065456390381
508,10,9,4.158499717712402
508,1531,10,3.788362741470337
509,1269,1,3.2957234382629395
509,615,2,3.0979785919189453
509,223,3,3.8746323585510254
509,647,4,3.4125821590423584
509,64,5,3.784212589263916
509,448,6,3.530771493911743
509,1098,7,3.331740379333496
509,83,8,3.392681360244751
509,718,9,3.2520928382873535
509,181,10,3.6672656536102295
510,923,1,4.021420955657959
510,50,2,4.134645462036133
510,12,3,4.560140132904053
510,1500,4,3.6099090576171875
510,189,5,3.9991607666015625
510,318,6,4.297884464263916
510,121,7,3.6883199214935303
510,89,8,3.9445371627807617
510,1067,9,3.849754810333252
510,887,10,4.147482872009277
511,1101,1,4.677299499511719
511,483,2,5.329970836639404
511,119,3,5.038177013397217
511,172,4,4.914031982421875
511,178,5,5.018962383270264
511,659,6,4.885012626647949
511,1084,7,4.883660793304443
511,1021,8,5.108627796173096
511,193,9,4.806694030761719
511,647,10,5.095488548278809
512,48,1,4.6818108558654785
512,50,2,4.675668716430664
512,205,3,4.548366546630859
512,408,4,4.5045905113220215
512,750,5,4.073750972747803
512,199,6,4.46677303314209
512,613,7,3.957670211791992
512,493,8,4.20566987991333
512,124,9,4.30793571472168
512,887,10,3.8452389240264893
513,519,1,4.203630447387695
513,12,2,4.6572265625
513,174,3,4.652736186981201
513,1451,4,4.098323345184326
513,966,5,4.370445728302002
513,483,6,4.564614772796631
513,494,7,4.141025543212891
513,419,8,4.128620624542236
513,193,9,4.127767562866211
513,1402,10,4.030395984649658
514,51,1,3.9725470542907715
514,248,2,4.793209552764893
514,1084,3,4.448058128356934
514,270,4,4.717084884643555
514,868,5,4.305705547332764
514,679,6,4.590644836425781
514,923,7,4.152675151824951
514,1233,8,4.086510181427002
514,180,9,4.041083812713623
514,1269,10,4.49770450592041
516,170,1,5.088806629180908
516,200,2,4.3321967124938965
516,603,3,5.084002494812012
516,192,4,4.80043363571167
516,303,5,4.592731475830078
516,1131,6,4.445606231689453
516,470,7,4.431629657745361
516,480,8,4.855005741119385
516,193,9,4.720914840698242
516,114,10,4.832348346710205
517,1500,1,3.3843531608581543
517,203,2,3.4432854652404785
517,188,3,3.439980983734131
517,320,4,3.642662763595581
517,1019,5,3.8882827758789062
517,23,6,3.854079008102417
517,519,7,3.4192311763763428
517,198,8,3.585681438446045
517,356,9,3.192307472229004
517,99,10,3.754946708679199
518,223,1,4.237442970275879
518,316,2,5.128767490386963
518,1103,3,4.178336143493652
518,922,4,4.376405715942383
518,1483,5,4.46082878112793
518,114,6,4.751733779907227
518,1203,7,4.753703594207764
518,1154,8,4.440536975860596
518,530,9,4.72574520111084
518,144,10,4.6667914390563965
519,124,1,5.625694274902344
519,1233,2,4.6705780029296875
519,173,3,5.303114891052246
519,520,4,5.279843807220459
519,482,5,5.248837947845459
519,487,6,4.618923187255859
519,530,7,5.003347396850586
519,50,8,5.1568498611450195
519,170,9,4.537357807159424
519,203,10,5.123680114746094
520,963,1,4.743584632873535
520,178,2,5.0420451164245605
520,1211,3,4.304673194885254
520,203,4,4.996201038360596
520,204,5,4.709249496459961
520,1266,6,4.483976364135742
520,651,7,4.674533367156982
520,478,8,4.832150936126709
520,659,9,4.361196994781494
520,1194,10,4.647327423095703
521,64,1,4.383552074432373
521,55,2,4.363430023193359
521,83,3,3.6406912803649902
521,192,4,3.7954602241516113
521,543,5,3.7371773719787598
521,487,6,3.366828680038452
521,525,7,3.8880250453948975
521,348,8,3.2979166507720947
521,1169,9,3.4682157039642334
521,1137,10,3.578256607055664
522,171,1,4.4369611740112305
522,510,2,4.270321369171143
522,210,3,4.16137170791626
522,511,4,4.655996322631836
522,484,5,4.373723983764648
522,1055,6,3.9660868644714355
522,9,7,4.542949676513672
522,132,8,4.53486442565918
522,641,9,4.479696273803711
522,646,10,4.173780918121338
524,604,1,4.080925941467285
524,661,2,4.151980400085449
524,1194,3,4.581001281738281
524,1515,4,3.8665244579315186
524,744,5,4.138925075531006
524,428,6,4.501502513885498
524,507,7,4.231982231140137
524,251,8,4.395524024963379
524,256,9,3.831820011138916
524,966,10,4.357086658477783
525,735,1,4.352911949157715
525,131,2,3.7946598529815674
525,313,3,4.112499237060547
525,501,4,3.538774251937866
525,119,5,3.8475615978240967
525,455,6,3.766542434692383
525,993,7,3.766155242919922
525,916,8,3.8342485427856445
525,963,9,3.948817729949951
525,793,10,3.523723602294922
526,634,1,3.6792385578155518
526,132,2,4.401620864868164
526,30,3,4.027944564819336
526,135,4,4.023661136627197
526,92,5,3.6246328353881836
526,463,6,4.264734268188477
526,1192,7,3.6542563438415527
526,14,8,3.5548102855682373
526,425,9,3.8632302284240723
526,615,10,4.129789352416992
527,939,1,3.873892068862915
527,1598,2,3.8156850337982178
527,114,3,4.211214065551758
527,136,4,4.553953170776367
527,525,5,4.519435882568359
527,205,6,4.479179382324219
527,1063,7,4.389584541320801
527,922,8,4.163271427154541
527,1115,9,3.9202091693878174
527,1169,10,3.9007928371429443
528,1193,1,4.178459167480469
528,265,2,4.972260475158691
528,1194,3,4.759369850158691
528,195,4,4.235897064208984
528,613,5,4.2344746589660645
528,958,6,4.089745998382568
528,1474,7,4.046870708465576
528,222,8,4.205203056335449
528,500,9,4.076225757598877
528,919,10,4.115713119506836
529,500,1,4.944764614105225
529,50,2,4.630058765411377
529,174,3,4.7883806228637695
529,483,4,4.762061595916748
529,1159,5,4.3171539306640625
529,511,6,4.716241836547852
529,169,7,4.560580253601074
529,262,8,4.144894599914551
529,896,9,4.438657283782959
529,506,10,4.428294658660889
530,656,1,4.45298957824707
530,478,2,4.480812072753906
530,169,3,4.444048881530762
530,968,4,3.9980151653289795
530,318,5,4.427315711975098
530,514,6,4.667823791503906
530,213,7,4.615461826324463
530,1396,8,4.124926567077637
530,192,9,4.11886739730835
530,1367,10,4.262788772583008
531,611,1,4.890241622924805
531,483,2,4.540985584259033
531,735,3,4.716573715209961
531,480,4,4.695456027984619
531,844,5,4.062312126159668
531,753,6,4.4500412940979
531,1193,7,4.346609115600586
531,337,8,4.092676162719727
531,269,9,4.323411464691162
531,1298,10,3.9979360103607178
532,64,1,5.405330181121826
532,811,2,4.460427761077881
532,847,3,4.322964191436768
532,50,4,5.0018110275268555
532,1269,5,4.448928356170654
532,9,6,4.446619510650635
532,467,7,4.301858901977539
532,966,8,4.793256759643555
532,648,9,4.29595422744751
532,1367,10,4.746955394744873
533,656,1,3.783477306365967
533,736,2,4.697139739990234
533,300,3,4.363137245178223
533,1138,4,3.687251567840576
533,850,5,3.9112701416015625
533,1126,6,3.3593151569366455
533,428,7,3.656209707260132
533,652,8,3.8409674167633057
533,1269,9,3.711778163909912
533,207,10,3.7097716331481934
534,316,1,5.563621520996094
534,198,2,5.406187057495117
534,210,3,5.312709808349609
534,156,4,5.253271579742432
534,272,5,4.734232425689697
534,850,6,4.734066009521484
534,367,7,4.521775245666504
534,119,8,4.85341739654541
534,1203,9,4.9340386390686035
534,1448,10,4.763457298278809
535,175,1,4.826747417449951
535,650,2,3.8565444946289062
535,513,3,4.366096496582031
535,321,4,4.121280193328857
535,835,5,3.848633289337158
535,631,6,4.549901485443115
535,510,7,4.321303844451904
535,199,8,4.47517728805542
535,143,9,4.009331703186035
535,659,10,4.4101433753967285
536,178,1,4.528620719909668
536,1318,2,4.100454330444336
536,721,3,4.70428991317749
536,1466,4,4.0141215324401855
536,114,5,4.67742395401001
536,494,6,4.460842132568359
536,1515,7,3.969510555267334
536,651,8,4.642404079437256
536,268,9,4.251929759979248
536,478,10,4.568512439727783
537,813,1,4.191435813903809
537,1541,2,3.1119930744171143
537,9,3,3.8303043842315674
537,396,4,3.2536025047302246
537,422,5,2.931537389755249
537,465,6,2.895885705947876
537,154,7,3.700201988220215
537,954,8,3.0190703868865967
537,1629,9,2.908656597137451
537,1251,10,3.52634334564209
538,283,1,4.117607116699219
538,514,2,4.110346794128418
538,192,3,3.7001497745513916
538,511,4,4.2970967292785645
538,1142,5,4.190116882324219
538,32,6,3.626819133758545
538,151,7,3.9882078170776367
538,315,8,3.981600761413574
538,1450,9,3.853011131286621
538,945,10,4.118345737457275
539,190,1,5.375136852264404
539,233,2,4.554232120513916
539,1368,3,4.083431720733643
539,488,4,4.921555995941162
539,1137,5,3.9523508548736572
539,675,6,4.853964805603027
539,1450,7,4.075556755065918
539,199,8,4.4649786949157715
539,1462,9,4.190664291381836
539,1524,10,4.185730934143066
540,8,1,4.469315528869629
540,1039,2,5.0372314453125
540,153,3,4.544358730316162
540,98,4,4.543699741363525
540,1325,5,4.0659308433532715
540,483,6,4.759808540344238
540,965,7,4.121388912200928
540,357,8,4.41888427734375
540,48,9,4.501970291137695
540,219,10,4.148406982421875
541,904,1,4.666881561279297
541,22,2,4.360320091247559
541,313,3,4.854896068572998
541,484,4,4.801033020019531
541,949,5,4.395529270172119
541,1005,6,4.563407897949219
541,1131,7,4.71702241897583
541,1589,8,4.688720226287842
541,1124,9,4.158189296722412
541,144,10,4.668251037597656
542,1449,1,4.575680255889893
542,466,2,3.930337905883789
542,492,3,4.486103057861328
542,504,4,4.440531253814697
542,963,5,4.111912250518799
542,285,6,4.2875847816467285
542,694,7,4.071895122528076
542,624,8,3.6534910202026367
542,1216,9,3.646272897720337
542,156,10,4.221123218536377
543,505,1,3.897374391555786
543,316,2,4.387393951416016
543,935,3,3.664038896560669
543,835,4,3.8129422664642334
543,611,5,3.9607648849487305
543,1500,6,4.091293811798096
543,302,7,4.328128814697266
543,193,8,4.071057319641113
543,520,9,3.869903087615967
543,100,10,4.0167412757873535
544,724,1,3.9133033752441406
544,603,2,4.566175937652588
544,482,3,4.457221031188965
544,1143,4,3.789818286895752
544,357,5,4.3077073097229
544,1524,6,3.9672930240631104
544,1203,7,3.8784360885620117
544,32,8,3.6373751163482666
544,223,9,4.199975967407227
544,1459,10,3.6699798107147217
545,1220,1,4.036945819854736
545,297,2,4.354536056518555
545,528,3,4.577498435974121
545,488,4,4.560455322265625
545,1159,5,4.125943660736084
545,300,6,4.112508773803711
545,1367,7,4.434415340423584
545,305,8,4.404910087585449
545,1537,9,3.9597792625427246
545,86,10,4.393008232116699
546,1203,1,4.513123035430908
546,173,2,5.562095642089844
546,199,3,5.5270466804504395
546,794,4,4.42012882232666
546,490,5,4.319255352020264
546,342,6,4.772010803222656
546,127,7,4.943291187286377
546,1010,8,4.4619140625
546,226,9,4.35270357131958
546,1268,10,4.52255916595459
547,1098,1,4.162533283233643
547,1142,2,4.20362663269043
547,488,3,4.552853107452393
547,515,4,4.459400177001953
547,511,5,4.525445461273193
547,505,6,4.4358930587768555
547,1251,7,4.495532989501953
547,435,8,4.480096340179443
547,922,9,4.58563756942749
547,427,10,4.574965953826904
548,173,1,5.503237724304199
548,285,2,4.3293681144714355
548,96,3,5.161526203155518
548,228,4,5.141141414642334
548,568,5,4.404447555541992
548,82,6,4.402976989746094
548,853,7,4.090310573577881
548,824,8,4.163242340087891
548,199,9,4.846372604370117
548,602,10,4.79410457611084
549,174,1,5.037724494934082
549,1154,2,3.921788454055786
549,1073,3,4.1485276222229
549,661,4,4.195381164550781
549,498,5,4.3822503089904785
549,223,6,4.551337242126465
549,192,7,4.340041160583496
549,485,8,4.1679229736328125
549,958,9,4.2181925773620605
549,208,10,4.440075874328613
551,633,1,5.384747505187988
551,792,2,4.655483245849609
551,1604,3,4.473979473114014
551,1483,4,4.2384185791015625
551,48,5,5.183483123779297
551,794,6,4.759098052978516
551,1266,7,4.229684352874756
551,614,8,4.514495849609375
551,519,9,4.688495635986328
551,1558,10,4.824304580688477
552,79,1,3.877749443054199
552,500,2,3.607433795928955
552,385,3,3.866748809814453
552,195,4,3.9623382091522217
552,211,5,4.193255424499512
552,251,6,3.9426348209381104
552,1211,7,3.7029199600219727
552,850,8,3.618601083755493
552,87,9,4.057117938995361
552,1448,10,3.7457871437072754
553,213,1,4.583991527557373
553,1104,2,4.377915382385254
553,317,3,4.97068977355957
553,32,4,4.441388130187988
553,408,5,4.785818576812744
553,504,6,4.776071548461914
553,701,7,4.281408309936523
553,664,8,4.323001861572266
553,1269,9,4.464986324310303
553,735,10,4.393797397613525
554,185,1,4.4805474281311035
554,515,2,4.388680458068848
554,168,3,3.631574869155884
554,136,4,4.060105323791504
554,1462,5,3.89801025390625
554,705,6,4.016353130340576
554,1450,7,3.8728861808776855
554,1143,8,3.641026258468628
554,59,9,4.164811134338379
554,114,10,3.639193534851074
555,31,1,4.655060768127441
555,14,2,5.29421329498291
555,603,3,5.0290398597717285
555,506,4,4.749837875366211
555,494,5,4.8077497482299805
555,430,6,5.072444915771484
555,1,7,4.626730918884277
555,1103,8,4.800235271453857
555,228,9,4.659834861755371
555,837,10,4.868708610534668
556,337,1,3.9783926010131836
556,644,2,4.598869323730469
556,14,3,5.00221586227417
556,273,4,4.322020053863525
556,124,5,4.947664737701416
556,56,6,4.307150363922119
556,488,7,4.811766624450684
556,1367,8,4.4780378341674805
556,718,9,4.077736854553223
556,947,10,4.022982120513916
557,344,1,5.019456386566162
557,169,2,4.981444358825684
557,645,3,4.356116771697998
557,98,4,4.900032043457031
557,480,5,4.499430179595947
557,1005,6,4.650064945220947
557,614,7,4.129968166351318
557,1143,8,4.303129196166992
557,922,9,4.622703552246094
557,53,10,4.3811869621276855
558,483,1,4.46352481842041
558,1114,2,3.942728281021118
558,156,3,4.131574630737305
558,498,4,3.9416983127593994
558,887,5,4.10444450378418
558,191,6,4.2583394050598145
558,519,7,3.9785470962524414
558,1021,8,3.9708030223846436
558,1367,9,4.0550007820129395
558,198,10,3.872690439224243
559,493,1,4.746671199798584
559,418,2,3.844991445541382
559,302,3,4.049235820770264
559,177,4,4.107724189758301
559,474,5,4.567378520965576
559,479,6,4.496857166290283
559,1070,7,4.419155120849609
559,648,8,4.404873847961426
559,47,9,3.893571138381958
559,525,10,4.399748802185059
561,33,1,3.8859963417053223
561,1238,2,3.215465545654297
561,134,3,4.210997581481934
561,516,4,3.829608678817749
561,763,5,3.1730031967163086
561,1474,6,3.3336868286132812
561,1160,7,4.026392459869385
561,1125,8,3.3178889751434326
561,535,9,3.4618313312530518
561,114,10,3.912442684173584
562,851,1,3.63973331451416
562,513,2,4.845432758331299
562,492,3,3.7012856006622314
562,22,4,4.490147590637207
562,423,5,4.485334396362305
562,525,6,4.46079683303833
562,394,7,3.6790213584899902
562,350,8,3.8556089401245117
562,178,9,4.335757255554199
562,848,10,3.5194883346557617
563,316,1,5.622342109680176
563,651,2,4.5121636390686035
563,194,3,4.6135334968566895
563,258,4,4.547460079193115
563,423,5,4.856300354003906
563,1142,6,4.483595848083496
563,654,7,4.756232738494873
563,83,8,4.660001754760742
563,1021,9,4.5977373123168945
563,64,10,4.739001274108887
564,136,1,4.427141189575195
564,213,2,3.667574167251587
564,513,3,4.200653553009033
564,171,4,3.6657097339630127
564,604,5,3.8324646949768066
564,182,6,3.907750368118286
564,50,7,3.8787083625793457
564,1169,8,3.8030667304992676
564,1139,9,3.5475289821624756
564,318,10,3.9859280586242676
565,657,1,5.198910236358643
565,853,2,4.636023998260498
565,48,3,5.086215019226074
565,434,4,4.826189994812012
565,483,5,5.0349345207214355
565,588,6,4.6739702224731445
565,638,7,4.613040924072266
565,11,8,4.438262939453125
565,1080,9,4.4826507568359375
565,1125,10,4.395941734313965
566,9,1,5.1736741065979
566,236,2,3.9332995414733887
566,507,3,4.922194957733154
566,497,4,4.231821537017822
566,188,5,4.126999378204346
566,510,6,4.694093704223633
566,198,7,3.8955602645874023
566,1070,8,4.5088887214660645
566,1501,9,3.77756667137146
566,1160,10,4.2739715576171875
567,180,1,5.11937952041626
567,435,2,3.9510490894317627
567,1500,3,4.790531158447266
567,1367,4,3.9819111824035645
567,1635,5,3.972559928894043
567,1125,6,4.025696754455566
567,945,7,4.595161437988281
567,612,8,4.397370338439941
567,776,9,4.242695331573486
567,1585,10,4.236083984375
568,514,1,3.9203972816467285
568,190,2,3.9121549129486084
568,340,3,3.246211051940918
568,71,4,4.336763381958008
568,360,5,3.715139389038086
568,498,6,3.4784352779388428
568,513,7,4.155452728271484
568,1190,8,3.2941477298736572
568,357,9,3.960500955581665
568,857,10,3.2856836318969727
569,498,1,4.543518543243408
569,705,2,4.494979381561279
569,382,3,3.9871859550476074
569,134,4,4.828996658325195
569,211,5,4.334428787231445
569,169,6,4.324399471282959
569,850,7,4.138613700866699
569,1367,8,4.403071403503418
569,936,9,4.109532356262207
569,1512,10,4.577580451965332
570,136,1,4.516211032867432
570,89,2,4.935873985290527
570,502,3,4.211200714111328
570,174,4,4.500743865966797
570,512,5,4.486405849456787
570,59,6,4.310131549835205
570,469,7,4.298989772796631
570,657,8,4.290294170379639
570,514,9,4.527875900268555
570,129,10,4.280324935913086
571,242,1,3.407334566116333
571,1201,2,3.515324592590332
571,408,3,4.291208267211914
571,479,4,4.17832612991333
571,1019,5,3.5495636463165283
571,59,6,4.057898044586182
571,205,7,3.6475517749786377
571,709,8,3.716613292694092
571,210,9,3.694371223449707
571,114,10,3.9053962230682373
572,659,1,4.374991416931152
572,169,2,5.037420749664307
572,1084,3,4.096884727478027
572,496,4,4.421861171722412
572,42,5,4.284876823425293
572,408,6,4.506103038787842
572,705,7,4.338438510894775
572,12,8,4.67801570892334
572,199,9,4.494999885559082
572,28,10,4.628261566162109
573,272,1,4.600912570953369
573,1512,2,4.291314125061035
573,316,3,4.496066570281982
573,512,4,4.055166244506836
573,533,5,3.9516983032226562
573,484,6,4.437523365020752
573,1122,7,3.947141647338867
573,694,8,4.172850608825684
573,1302,9,4.074894905090332
573,1421,10,3.8010413646698
574,740,1,4.107979774475098
574,298,2,4.223757743835449
574,50,3,4.687373638153076
574,234,4,4.196642875671387
574,519,5,4.320087432861328
574,603,6,4.525938510894775
574,506,7,4.172610759735107
574,101,8,4.466993808746338
574,251,9,4.4220967292785645
574,1643,10,3.9887852668762207
575,1459,1,3.4326109886169434
575,11,2,3.9264116287231445
575,1203,3,3.90645694732666
575,199,4,4.0800909996032715
575,51,5,4.065945625305176
575,192,6,3.5502755641937256
575,633,7,3.8671813011169434
575,42,8,3.7365546226501465
575,493,9,3.851139545440674
575,694,10,3.92730450630188
576,530,1,4.2476701736450195
576,480,2,4.515429496765137
576,195,3,4.724125862121582
576,202,4,4.710438251495361
576,523,5,4.239137172698975
576,966,6,4.467597007751465
576,180,7,4.455605506896973
576,300,8,4.274213790893555
576,1639,9,4.328948020935059
576,82,10,4.057638168334961
577,430,1,4.481310844421387
577,523,2,4.756124496459961
577,661,3,4.73711633682251
577,492,4,4.700855731964111
577,520,5,4.402279853820801
577,1598,6,3.9776525497436523
577,855,7,4.067373275756836
577,606,8,4.3659491539001465
577,498,9,4.145239353179932
577,745,10,4.141272068023682
578,589,1,4.132077693939209
578,694,2,4.624645709991455
578,131,3,4.560647964477539
578,746,4,4.202469825744629
578,1524,5,4.190098762512207
578,603,6,4.4759745597839355
578,651,7,4.268544673919678
578,647,8,3.890777826309204
578,506,9,4.1806230545043945
578,134,10,4.094258785247803
579,42,1,3.748198986053467
579,223,2,4.54936408996582
579,64,3,4.312226295471191
579,197,4,3.607978582382202
579,588,5,4.242988586425781
579,81,6,4.2190728187561035
579,154,7,3.7807135581970215
579,612,8,3.9638447761535645
579,265,9,3.7620458602905273
579,164,10,3.712175130844116
580,194,1,5.244865417480469
580,467,2,5.189163684844971
580,490,3,4.223321914672852
580,603,4,5.132166385650635
580,664,5,4.450469017028809
580,169,6,4.632696628570557
580,1600,7,4.21274471282959
580,1220,8,4.249562740325928
580,96,9,4.4826788902282715
580,1301,10,4.289900779724121
581,360,1,4.052443504333496
581,30,2,4.094775199890137
581,191,3,4.684554100036621
581,154,4,4.044983863830566
581,659,5,4.636712074279785
581,558,6,4.130665302276611
581,520,7,4.305742263793945
581,778,8,4.220076084136963
581,153,9,4.557405471801758
581,12,10,4.506955623626709
582,209,1,5.320882797241211
582,285,2,4.519646644592285
582,205,3,4.67056131362915
582,1449,4,4.313726902008057
582,197,5,3.9359216690063477
582,48,6,3.931546688079834
582,173,7,4.381446361541748
582,491,8,4.560075759887695
582,432,9,4.042021751403809
582,518,10,4.349225997924805
583,302,1,4.960605621337891
583,98,2,4.947713375091553
583,199,3,4.531748294830322
583,242,4,4.5986456871032715
583,425,5,4.652138710021973
583,661,6,4.404626369476318
583,1131,7,4.503991603851318
583,1512,8,4.345097541809082
583,297,9,4.54083776473999
583,174,10,4.540713787078857
584,64,1,5.126959800720215
584,178,2,4.871348857879639
584,251,3,4.499150276184082
584,242,4,4.292057037353516
584,484,5,4.554759979248047
584,603,6,4.692662239074707
584,168,7,4.309961318969727
584,215,8,4.536988258361816
584,1142,9,4.206350326538086
584,1523,10,4.253443717956543
585,607,1,3.87064528465271
585,161,2,5.180959224700928
585,515,3,5.3104143142700195
585,436,4,3.8163719177246094
585,64,5,4.264519691467285
585,95,6,3.978853464126587
585,1143,7,3.8050949573516846
585,1599,8,3.836296319961548
585,127,9,4.205471992492676
585,675,10,4.322127342224121
586,1153,1,4.141343116760254
586,463,2,3.83831524848938
586,404,3,4.0005106925964355
586,1451,4,3.982358932495117
586,201,5,4.23915958404541
586,10,6,4.406191825866699
586,1007,7,4.217153072357178
586,580,8,4.186638832092285
586,1122,9,4.026504039764404
586,868,10,4.3170366287231445
588,425,1,5.075847148895264
588,190,2,4.74689245223999
588,657,3,4.145530700683594
588,787,4,4.027186393737793
588,705,5,4.676351547241211
588,754,6,4.266310214996338
588,474,7,4.638874053955078
588,464,8,4.117767810821533
588,1534,9,4.30666971206665
588,1122,10,4.005443096160889
589,423,1,4.542253494262695
589,12,2,5.034843921661377
589,1142,3,4.494065761566162
589,147,4,3.9234719276428223
589,805,5,4.088391304016113
589,66,6,4.701492786407471
589,1269,7,4.713044166564941
589,86,8,3.9652457237243652
589,531,9,4.247992992401123
589,1139,10,4.231163024902344
590,496,1,4.223576068878174
590,566,2,4.325617790222168
590,50,3,4.475646495819092
590,51,4,3.8998379707336426
590,694,5,4.491002559661865
590,922,6,4.449580192565918
590,659,7,4.822580337524414
590,661,8,4.299635887145996
590,61,9,3.9851009845733643
590,171,10,4.566686630249023
591,515,1,4.86409854888916
591,633,2,4.167495250701904
591,1367,3,4.164728164672852
591,499,4,4.30588436126709
591,197,5,4.574234485626221
591,589,6,4.045389175415039
591,205,7,4.03615140914917
591,429,8,3.8826582431793213
591,223,9,4.363114356994629
591,547,10,4.087057113647461
592,498,1,5.1819305419921875
592,515,2,5.106611251831055
592,171,3,4.548263072967529
592,993,4,4.333988189697266
592,404,5,4.848198890686035
592,736,6,4.272600173950195
592,1326,7,4.093738555908203
592,523,8,4.595705509185791
592,492,9,4.167567729949951
592,837,10,4.163154125213623
593,1286,1,3.8525490760803223
593,215,2,4.092463493347168
593,835,3,4.890938758850098
593,194,4,4.257664680480957
593,517,5,4.243214130401611
593,124,6,4.147189140319824
593,48,7,4.217125415802002
593,177,8,4.321343421936035
593,89,9,4.514813423156738
593,1418,10,3.8246023654937744
594,528,1,4.012745380401611
594,275,2,4.006015300750732
594,60,3,4.37709379196167
594,408,4,4.3291449546813965
594,813,5,4.086396217346191
594,510,6,4.216879367828369
594,1064,7,3.661939859390259
594,634,8,3.7375829219818115
594,59,9,4.049386501312256
594,598,10,3.6593399047851562
595,694,1,4.075942039489746
595,13,2,4.269780158996582
595,479,3,4.757219314575195
595,1503,4,3.9475128650665283
595,445,5,4.056589126586914
595,547,6,3.8623037338256836
595,1143,7,4.04838752746582
595,853,8,3.904695987701416
595,23,9,4.532350540161133
595,527,10,4.476947784423828
596,603,1,4.989342212677002
596,602,2,4.240143299102783
596,657,3,4.814905166625977
596,238,4,4.17979097366333
596,732,5,4.325455665588379
596,124,6,4.220690727233887
596,479,7,4.5548553466796875
596,492,8,4.162043571472168
596,1142,9,4.085556507110596
596,187,10,4.462693214416504
597,164,1,4.191418170928955
597,1142,2,4.298674583435059
597,270,3,4.448370456695557
597,195,4,4.937050819396973
597,434,5,4.1804986000061035
597,10,6,4.725192546844482
597,344,7,4.714156150817871
597,223,8,4.627622127532959
597,419,9,4.6219892501831055
597,432,10,4.378525257110596
598,966,1,3.987807035446167
598,608,2,3.6426808834075928
598,513,3,4.162775993347168
598,171,4,3.8097288608551025
598,61,5,3.8984925746917725
598,318,6,4.039763927459717
598,1585,7,3.5303544998168945
598,543,8,3.56339955329895
598,210,9,3.558805465698242
598,200,10,3.865363597869873
599,228,1,4.837483882904053
599,520,2,5.383664131164551
599,527,3,5.3740997314453125
599,318,4,5.316858768463135
599,190,5,5.23441743850708
599,1073,6,4.963496685028076
599,648,7,4.859495639801025
599,1531,8,4.534959316253662
599,216,9,4.786885738372803
599,905,10,4.614444732666016
600,461,1,4.1619873046875
600,98,2,5.113187789916992
600,483,3,4.694982528686523
600,408,4,4.958440780639648
600,275,5,4.350301742553711
600,200,6,4.873682975769043
600,1104,7,4.384163856506348
600,694,8,4.619213104248047
600,1193,9,4.473184585571289
600,671,10,4.372215270996094
601,209,1,4.713885307312012
601,634,2,3.4847702980041504
601,79,3,4.223707675933838
601,1010,4,3.734093427658081
601,1482,5,3.4475603103637695
601,235,6,3.5196468830108643
601,190,7,3.5224695205688477
601,607,8,3.8791675567626953
601,853,9,3.8499326705932617
601,403,10,3.8434932231903076
602,191,1,4.90416145324707
602,197,2,4.299903869628906
602,204,3,4.365703582763672
602,1019,4,4.277188301086426
602,478,5,4.607753276824951
602,533,6,4.077505588531494
602,8,7,4.219326972961426
602,28,8,4.568136215209961
602,313,9,4.529356002807617
602,1098,10,4.391389846801758
603,512,1,4.369818687438965
603,23,2,5.004831790924072
603,129,3,4.23804235458374
603,1203,4,4.557864189147949
603,611,5,4.639157295227051
603,1160,6,4.344446182250977
603,500,7,4.856479167938232
603,81,8,4.266286849975586
603,210,9,4.5193328857421875
603,91,10,4.796596527099609
604,685,1,3.9178929328918457
604,271,2,3.8256826400756836
604,124,3,4.7694268226623535
604,213,4,3.808817148208618
604,30,5,3.7123019695281982
604,611,6,4.243939399719238
604,811,7,3.9402670860290527
604,69,8,3.6671853065490723
604,251,9,3.934922695159912
604,191,10,4.11873722076416
605,510,1,5.324101448059082
605,430,2,5.313284397125244
605,429,3,4.641725540161133
605,707,4,4.204299449920654
605,190,5,4.384886264801025
605,1039,6,4.121978759765625
605,185,7,4.844571113586426
605,262,8,4.748344898223877
605,1269,9,4.3185715675354
605,285,10,4.152710914611816
606,656,1,4.566952228546143
606,511,2,4.085683822631836
606,718,3,4.17605447769165
606,1589,4,4.287965297698975
606,584,5,4.51750373840332
606,603,6,4.698358535766602
606,496,7,4.368627071380615
606,1466,8,4.67338752746582
606,698,9,4.474108695983887
606,645,10,4.193478584289551
607,1449,1,4.685165882110596
607,525,2,4.560505390167236
607,141,3,3.7536654472351074
607,506,4,4.262942314147949
607,1639,5,3.892879009246826
607,246,6,3.7807834148406982
607,478,7,4.352506160736084
607,589,8,4.109183311462402
607,251,9,4.350613594055176
607,1203,10,4.102712631225586
608,14,1,4.663748741149902
608,34,2,3.7901840209960938
608,429,3,4.0527238845825195
608,1019,4,3.6110100746154785
608,19,5,4.393668174743652
608,1084,6,3.8423244953155518
608,346,7,4.367117881774902
608,512,8,4.291179180145264
608,230,9,3.720088481903076
608,498,10,3.805310010910034
609,197,1,4.7616376876831055
609,269,2,4.248046875
609,1220,3,4.027830123901367
609,191,4,4.122244358062744
609,993,5,4.0235161781311035
609,484,6,3.9307096004486084
609,50,7,4.3236083984375
609,1482,8,3.8108859062194824
609,828,9,3.7639522552490234
609,1536,10,3.8092002868652344
610,603,1,4.967225074768066
610,813,2,4.624973297119141
610,198,3,4.544315338134766
610,132,4,4.106987953186035
610,661,5,3.65568208694458
610,1171,6,3.7573587894439697
610,963,7,3.9558053016662598
610,207,8,3.699934720993042
610,357,9,4.32712459564209
610,466,10,3.8520162105560303
611,357,1,5.496616363525391
611,718,2,4.155794620513916
611,589,3,4.333034038543701
611,169,4,4.846629619598389
611,194,5,4.107417583465576
611,199,6,4.254968166351318
611,129,7,4.704199314117432
611,53,8,4.04351806640625
611,966,9,4.344245433807373
611,654,10,4.341423511505127
612,488,1,4.89915657043457
612,945,2,4.3806891441345215
612,1070,3,4.225306034088135
612,48,4,4.616465091705322
612,515,5,4.615477561950684
612,1426,6,4.040048122406006
612,213,7,4.541662216186523
612,192,8,4.527849197387695
612,276,9,4.2371954917907715
612,606,10,4.393167018890381
613,1169,1,4.075011730194092
613,174,2,4.523908615112305
613,168,3,4.273568153381348
613,178,4,4.4676995277404785
613,408,5,4.4564385414123535
613,57,6,4.097329139709473
613,663,7,3.8806936740875244
613,48,8,4.383505344390869
613,646,9,3.877446174621582
613,169,10,4.247788429260254
614,313,1,4.693035125732422
614,45,2,3.899840831756592
614,1367,3,4.000378131866455
614,966,4,3.8913116455078125
614,531,5,4.3128437995910645
614,724,6,3.7842555046081543
614,211,7,4.160491943359375
614,650,8,3.513367176055908
614,854,9,3.6909000873565674
614,218,10,4.024184226989746
615,603,1,5.081943988800049
615,50,2,5.023995876312256
615,466,3,4.073075771331787
615,469,4,4.163394451141357
615,1269,5,4.122633934020996
615,654,6,4.339426517486572
615,498,7,4.477457523345947
615,251,8,4.326928615570068
615,482,9,4.46479606628418
615,588,10,4.441926956176758
616,190,1,4.6562724113464355
616,178,2,4.6190924644470215
616,285,3,4.578073501586914
616,474,4,4.513050556182861
616,513,5,4.509541988372803
616,481,6,3.9464271068573
616,435,7,4.173001289367676
616,223,8,4.262942314147949
616,1065,9,3.9121198654174805
616,9,10,4.0729169845581055
617,654,1,4.34542989730835
617,223,2,4.172057151794434
617,435,3,3.976935863494873
617,207,4,3.2152342796325684
617,285,5,3.868468761444092
617,1070,6,3.063007354736328
617,93,7,3.7391185760498047
617,1211,8,3.193164348602295
617,1372,9,2.9895577430725098
617,1143,10,3.0313751697540283
618,1505,1,3.8046488761901855
618,511,2,4.39037561416626
618,584,3,3.9556357860565186
618,661,4,4.227083683013916
618,1193,5,3.524880886077881
618,251,6,3.6535298824310303
618,1405,7,3.8716015815734863
618,302,8,3.8597373962402344
618,487,9,3.615180492401123
618,1159,10,3.995728015899658
619,75,1,4.304678440093994
619,848,2,3.854093313217163
619,177,3,4.655569553375244
619,1462,4,4.2173614501953125
619,97,5,4.565196990966797
619,200,6,3.7862753868103027
619,147,7,3.939997434616089
619,1619,8,3.7164857387542725
619,602,9,4.00998067855835
619,1070,10,3.921618700027466
620,179,1,4.0413737297058105
620,483,2,5.107000827789307
620,143,3,4.603225231170654
620,1539,4,4.085137844085693
620,12,5,4.805370807647705
620,430,6,4.029154300689697
620,42,7,4.75081729888916
620,161,8,4.717524528503418
620,902,9,4.274604797363281
620,1103,10,4.182667255401611
621,203,1,4.533092021942139
621,195,2,4.936319828033447
621,1152,3,4.352975845336914
621,1131,4,4.243246555328369
621,603,5,4.4673542976379395
621,144,6,4.670060157775879
621,209,7,4.223196029663086
621,210,8,4.6035051345825195
621,499,9,4.150180816650391
621,1466,10,4.568353652954102
623,1193,1,3.8628077507019043
623,50,2,4.784697532653809
623,59,3,3.860563278198242
623,22,4,4.308894157409668
623,114,5,3.9951658248901367
623,1599,6,3.6785337924957275
623,483,7,4.184507846832275
623,1512,8,3.6746110916137695
623,191,9,4.124669551849365
623,589,10,3.488129138946533
624,315,1,4.907400608062744
624,474,2,4.412349700927734
624,493,3,4.4112701416015625
624,169,4,4.296136379241943
624,1007,5,4.285556793212891
624,194,6,4.379274845123291
624,525,7,4.649653911590576
624,466,8,4.20582914352417
624,182,9,4.001906871795654
624,484,10,4.578666687011719
625,904,1,3.702341318130493
625,12,2,4.4469099044799805
625,1449,3,4.292657375335693
625,549,4,3.960251808166504
625,175,5,4.183854103088379
625,9,6,4.135032653808594
625,1538,7,3.499890089035034
625,1211,8,3.830507278442383
625,482,9,4.045655250549316
625,630,10,3.5228960514068604
626,1104,1,3.603078603744507
626,544,2,3.4966204166412354
626,116,3,3.8012959957122803
626,455,4,3.666271686553955
626,603,5,3.799140453338623
626,511,6,3.94394588470459
626,115,7,3.872976303100586
626,15,8,3.8719115257263184
626,156,9,3.4502995014190674
626,499,10,3.705479145050049
627,513,1,4.105382442474365
627,185,2,4.854589939117432
627,189,3,4.273799896240234
627,1488,4,3.8530664443969727
627,134,5,4.576360702514648
627,169,6,3.9037399291992188
627,671,7,4.517256736755371
627,310,8,3.961176633834839
627,1129,9,3.8128185272216797
627,625,10,3.7509353160858154
628,169,1,5.526193141937256
628,183,2,5.239871025085449
628,904,3,5.5144124031066895
628,502,4,5.006773471832275
628,603,5,5.4910888671875
628,168,6,5.056155681610107
628,1153,7,5.161199569702148
628,191,8,5.299899578094482
628,504,9,5.2995147705078125
628,612,10,5.150722026824951
629,285,1,5.445655345916748
629,603,2,4.663458824157715
629,31,3,4.180237293243408
629,980,4,4.237954139709473
629,661,5,4.762722969055176
629,868,6,4.216036319732666
629,588,7,4.483611583709717
629,155,8,4.383676052093506
629,902,9,4.67017936706543
629,114,10,4.457624912261963
630,966,1,3.930504560470581
630,663,2,4.1681647300720215
630,554,3,4.163827419281006
630,89,4,4.67850923538208
630,805,5,4.303507328033447
630,79,6,3.7903409004211426
630,530,7,4.158513069152832
630,177,8,4.506027698516846
630,1607,9,4.128552436828613
630,2,10,3.8579745292663574
631,318,1,4.266397953033447
631,64,2,3.866183042526245
631,496,3,4.204184055328369
631,902,4,3.6442039012908936
631,474,5,4.102720737457275
631,936,6,3.7286460399627686
631,1269,7,4.054056644439697
631,60,8,3.7224669456481934
631,896,9,3.625413179397583
631,96,10,3.8383069038391113
632,1137,1,4.08315372467041
632,657,2,4.236386775970459
632,48,3,4.632740497589111
632,169,4,4.0524001121521
632,1658,5,3.662308692932129
632,249,6,3.712327241897583
632,210,7,4.380384922027588
632,163,8,3.979404926300049
632,141,9,3.772258996963501
632,490,10,4.253636360168457
633,161,1,3.395930767059326
633,1194,2,4.264384746551514
633,173,3,4.182714939117432
633,194,4,3.442948341369629
633,215,5,3.708341121673584
633,191,6,3.6354050636291504
633,1594,7,3.3420777320861816
633,222,8,3.9594802856445312
633,608,9,3.328104019165039
633,837,10,3.8851981163024902
634,776,1,3.7297987937927246
634,272,2,4.360773086547852
634,1098,3,3.9996535778045654
634,580,4,3.6256163120269775
634,189,5,4.1108269691467285
634,524,6,3.865229368209839
634,1169,7,3.7842891216278076
634,1481,8,3.739457130432129
634,513,9,4.042533874511719
634,320,10,4.039958477020264
635,433,1,5.109929084777832
635,23,2,4.9134345054626465
635,14,3,4.341796875
635,372,4,4.42858362197876
635,963,5,4.696207046508789
635,70,6,4.304405212402344
635,606,7,4.564766883850098
635,1191,8,3.958575963973999
635,216,9,4.279702186584473
635,611,10,4.361245155334473
636,694,1,4.579880714416504
636,316,2,5.011266708374023
636,60,3,4.464521408081055
636,515,4,4.818267345428467
636,661,5,4.259139537811279
636,1541,6,4.211663246154785
636,173,7,4.365164756774902
636,516,8,4.295083045959473
636,659,9,4.633862018585205
636,83,10,4.6110053062438965
637,604,1,3.3150713443756104
637,265,2,4.059094429016113
637,11,3,3.381239414215088
637,357,4,3.4885354042053223
637,1240,5,3.3574445247650146
637,427,6,3.5922327041625977
637,71,7,3.576381206512451
637,1547,8,3.1508901119232178
637,1269,9,3.3272616863250732
637,89,10,3.7250075340270996
638,173,1,5.043603420257568
638,1016,2,3.8942582607269287
638,751,3,3.6291511058807373
638,15,4,4.000407695770264
638,328,5,3.998356819152832
638,1304,6,3.5468544960021973
638,659,7,4.1390862464904785
638,1122,8,3.9327704906463623
638,742,9,4.095733165740967
638,1397,10,3.6459062099456787
639,134,1,3.9526124000549316
639,1448,2,3.579927444458008
639,136,3,3.9508438110351562
639,521,4,3.937814712524414
639,2,5,3.1843767166137695
639,1251,6,3.433640241622925
639,922,7,3.425732374191284
639,1098,8,3.2367165088653564
639,474,9,3.508749485015869
639,1203,10,3.48842191696167
640,603,1,5.597755432128906
640,127,2,5.314557075500488
640,644,3,4.861601829528809
640,837,4,4.778697490692139
640,179,5,4.52155876159668
640,479,6,5.063042163848877
640,525,7,5.045403957366943
640,1345,8,4.5165228843688965
640,694,9,4.518418312072754
640,203,10,4.742317199707031
641,276,1,4.668522357940674
641,156,2,4.339963436126709
641,1118,3,3.952258348464966
641,116,4,4.514947414398193
641,199,5,4.1190266609191895
641,182,6,4.115214824676514
641,1642,7,4.11154317855835
641,916,8,4.311342716217041
641,316,9,4.461533546447754
641,607,10,4.422154426574707
642,493,1,4.261329650878906
642,484,2,4.4547882080078125
642,394,3,4.566581726074219
642,850,4,4.394593715667725
642,614,5,4.548607349395752
642,511,6,4.543871879577637
642,207,7,4.762638092041016
642,791,8,4.099515914916992
642,621,9,4.196262836456299
642,517,10,4.077465057373047
643,427,1,4.375290870666504
643,850,2,4.023868560791016
643,480,3,4.233048915863037
643,1131,4,3.892408609390259
643,1166,5,4.240161895751953
643,1019,6,4.584863185882568
643,199,7,4.219261169433594
643,887,8,4.576071739196777
643,853,9,4.418609619140625
643,498,10,4.399441719055176
644,482,1,5.199399471282959
644,50,2,4.509645462036133
644,210,3,4.658742904663086
644,1020,4,4.415063858032227
644,174,5,4.921038627624512
644,936,6,4.892773628234863
644,1380,7,4.322329998016357
644,660,8,4.487751007080078
644,493,9,4.606484413146973
644,489,10,4.85038423538208
645,511,1,5.106480598449707
645,868,2,3.840611219406128
645,584,3,4.0990214347839355
645,954,4,3.8360540866851807
645,1367,5,4.270513534545898
645,1194,6,4.248187065124512
645,169,7,4.143947124481201
645,14,8,4.449802398681641
645,445,9,3.8521969318389893
645,517,10,3.80464243888855
647,603,1,4.930441379547119
647,19,2,4.555981159210205
647,513,3,4.909960746765137
647,1589,4,4.451204776763916
647,615,5,4.635974407196045
647,89,6,4.483516216278076
647,55,7,4.36669921875
647,1005,8,4.3179931640625
647,611,9,4.687217712402344
647,171,10,4.591150760650635
648,518,1,3.6311850547790527
648,768,2,4.136262893676758
648,482,3,4.486087799072266
648,51,4,4.388003349304199
648,1194,5,4.381011962890625
648,487,6,4.109300136566162
648,322,7,3.8125393390655518
648,1397,8,4.0507493019104
648,1218,9,3.740659236907959
648,1239,10,3.7359704971313477
649,211,1,4.197112560272217
649,513,2,4.884185791015625
649,196,3,4.189866542816162
649,100,4,4.465409755706787
649,497,5,4.181789398193359
649,490,6,4.433977127075195
649,730,7,4.076650619506836
649,174,8,4.585769176483154
649,177,9,4.563857555389404
649,180,10,4.543367385864258
650,513,1,4.179359436035156
650,1377,2,3.622687816619873
650,285,3,3.8375120162963867
650,302,4,3.497037887573242
650,119,5,4.018571376800537
650,610,6,3.609567642211914
650,1367,7,3.987185478210449
650,1511,8,3.345689296722412
650,33,9,3.421499729156494
650,124,10,3.9005002975463867
651,197,1,4.006121635437012
651,234,2,4.053157806396484
651,1203,3,3.7900962829589844
651,403,4,3.752408504486084
651,466,5,3.5245914459228516
651,432,6,3.746206045150757
651,603,7,4.168554306030273
651,133,8,4.170591831207275
651,152,9,3.519090175628662
651,498,10,3.890350341796875
652,119,1,3.877971887588501
652,12,2,4.334725856781006
652,64,3,4.287208557128906
652,806,4,3.784860849380493
652,221,5,3.7137868404388428
652,582,6,3.55387806892395
652,466,7,3.7498979568481445
652,175,8,4.0970234870910645
652,117,9,3.5409128665924072
652,313,10,3.8897409439086914
653,1142,1,4.115658760070801
653,443,2,3.0967276096343994
653,192,3,3.9666848182678223
653,774,4,3.4763121604919434
653,1573,5,3.8294894695281982
653,488,6,3.5723018646240234
653,400,7,3.354213237762451
653,95,8,3.219712734222412
653,134,9,3.7823538780212402
653,99,10,3.4342644214630127
654,427,1,4.7576069831848145
654,228,2,4.064644813537598
654,73,3,4.719927787780762
654,96,4,4.59320592880249
654,909,5,4.165515422821045
654,1604,6,3.703042984008789
654,165,7,4.149788856506348
654,190,8,4.328926086425781
654,485,9,4.311840057373047
654,1269,10,3.6752116680145264
655,606,1,3.5610620975494385
655,836,2,3.5552268028259277
655,361,3,3.368696689605713
655,854,4,3.8666248321533203
655,613,5,3.870966911315918
655,169,6,3.8434853553771973
655,999,7,3.034379005432129
655,1142,8,3.698103189468384
655,1073,9,3.0217087268829346
655,851,10,3.183631181716919
656,657,1,4.489029407501221
656,496,2,4.201736927032471
656,614,3,3.6127889156341553
656,47,4,3.5497663021087646
656,432,5,3.7743895053863525
656,1558,6,3.588376760482788
656,474,7,3.530627965927124
656,482,8,3.9011833667755127
656,194,9,3.722407817840576
656,694,10,3.8023784160614014
657,645,1,3.7974724769592285
657,753,2,4.065505027770996
657,603,3,4.478504180908203
657,195,4,3.9157798290252686
657,190,5,3.895460605621338
657,372,6,3.561896324157715
657,1124,7,3.750840187072754
657,792,8,3.559333086013794
657,52,9,3.8823206424713135
657,736,10,4.11085844039917
658,56,1,5.121136665344238
658,205,2,4.660764694213867
658,23,3,4.145750045776367
658,508,4,4.3668928146362305
658,1066,5,3.6692235469818115
658,1467,6,3.66910982131958
658,1585,7,3.8064615726470947
658,649,8,3.866020679473877
658,228,9,3.9183998107910156
658,478,10,4.230548858642578
659,270,1,4.544404029846191
659,966,2,4.544281005859375
659,1070,3,4.021570205688477
659,300,4,4.007614612579346
659,114,5,3.9374160766601562
659,1,6,4.302844047546387
659,1251,7,4.053902626037598
659,1134,8,4.277490615844727
659,12,9,4.045081615447998
659,394,10,3.8210933208465576
660,10,1,4.108379364013672
660,1208,2,3.1802704334259033
660,697,3,3.3090360164642334
660,694,4,3.908644199371338
660,297,5,3.474769115447998
660,531,6,3.857309341430664
660,425,7,3.575627565383911
660,533,8,3.357866048812866
660,455,9,3.2002696990966797
660,1251,10,3.257539987564087
661,724,1,4.108946800231934
661,483,2,4.921472549438477
661,513,3,4.724705696105957
661,1639,4,4.2169270515441895
661,489,5,4.469521522521973
661,133,6,4.415905475616455
661,604,7,4.409067153930664
661,61,8,4.577343463897705
661,525,9,4.231024742126465
661,1252,10,4.110855579376221
662,408,1,4.568421363830566
662,64,2,4.50926399230957
662,87,3,3.818535327911377
662,127,4,4.083499908447266
662,916,5,3.8544132709503174
662,483,6,4.053597927093506
662,265,7,3.9638142585754395
662,1203,8,3.956796407699585
662,718,9,4.143502712249756
662,79,10,3.8381571769714355
663,357,1,4.762383460998535
663,178,2,4.6610107421875
663,922,3,4.294528484344482
663,1122,4,3.9173009395599365
663,673,5,3.853727340698242
663,648,6,4.258996486663818
663,1269,7,4.425575256347656
663,63,8,3.850503921508789
663,493,9,4.400134086608887
663,1512,10,4.112973690032959
664,497,1,4.830918788909912
664,1396,2,3.873035192489624
664,134,3,4.549785137176514
664,133,4,3.9466166496276855
664,170,5,4.381756782531738
664,922,6,4.122339248657227
664,511,7,4.346423149108887
664,1194,8,3.9806225299835205
664,265,9,3.839432716369629
664,115,10,3.8383891582489014
665,480,1,4.1739373207092285
665,55,2,4.064729690551758
665,174,3,4.262919902801514
665,166,4,4.62445068359375
665,394,5,4.2570719718933105
665,1264,6,3.869656562805176
665,315,7,4.491378307342529
665,740,8,4.11763334274292
665,291,9,4.013579368591309
665,333,10,4.297708988189697
666,408,1,4.816463470458984
666,1512,2,4.658181667327881
666,1368,3,4.153399467468262
666,481,4,3.8102238178253174
666,1192,5,3.9562108516693115
666,746,6,3.9741768836975098
666,285,7,3.963266372680664
666,966,8,4.171896934509277
666,425,9,4.2051682472229
666,811,10,3.8288376331329346
667,919,1,4.383808612823486
667,811,2,4.0464186668396
667,14,3,5.095040321350098
667,200,4,4.959279537200928
667,344,5,4.237640380859375
667,189,6,4.779541492462158
667,923,7,4.115107536315918
667,1103,8,4.268825054168701
667,89,9,4.4191999435424805
667,303,10,4.326762676239014
668,742,1,4.0055999755859375
668,425,2,4.481084823608398
668,199,3,4.752176761627197
668,180,4,4.71351432800293
668,285,5,4.435614109039307
668,730,6,3.9566187858581543
668,189,7,4.34027624130249
668,6,8,4.265207767486572
668,179,9,4.0110883712768555
668,513,10,4.48316764831543
669,709,1,4.908208847045898
669,136,2,4.506916046142578
669,589,3,3.566472053527832
669,606,4,4.432423114776611
669,1148,5,3.5528085231781006
669,573,6,3.5481886863708496
669,528,7,4.182618618011475
669,1070,8,4.0227580070495605
669,491,9,3.5828471183776855
669,530,10,3.971287250518799
670,478,1,5.2974042892456055
670,1483,2,4.050139427185059
670,100,3,4.715839385986328
670,114,4,4.273273944854736
670,660,5,3.949202060699463
670,525,6,4.490085124969482
670,638,7,3.9470179080963135
670,152,8,4.472958087921143
670,761,9,4.056725978851318
670,487,10,3.8994650840759277
671,1431,1,3.79634952545166
671,208,2,4.725830554962158
671,660,3,4.704216003417969
671,611,4,3.834867477416992
671,615,5,3.7791974544525146
671,705,6,4.494802474975586
671,394,7,3.9727284908294678
671,1537,8,4.264927864074707
671,493,9,4.042243957519531
671,690,10,4.351271629333496
672,850,1,3.695878267288208
672,169,2,4.466830253601074
672,524,3,3.6872293949127197
672,482,4,3.966965913772583
672,150,5,3.6824676990509033
672,435,6,4.055383682250977
672,119,7,4.049087047576904
672,320,8,4.2430195808410645
672,1159,9,4.200514793395996
672,633,10,3.7648401260375977
673,427,1,4.9171929359436035
673,648,2,4.494983673095703
673,143,3,3.954458236694336
673,493,4,4.772390365600586
673,428,5,4.00433349609375
673,1594,6,3.9975719451904297
673,835,7,3.9917562007904053
673,1194,8,4.60154390335083
673,657,9,4.5943922996521
673,963,10,4.395905494689941
674,98,1,4.261828422546387
674,945,2,4.015312194824219
674,64,3,4.885947227478027
674,435,4,4.317387580871582
674,28,5,4.656864166259766
674,488,6,4.5361785888671875
674,847,7,4.0233612060546875
674,1413,8,4.170281887054443
674,48,9,4.523231029510498
674,648,10,4.488396167755127
675,483,1,5.371204853057861
675,127,2,4.9966888427734375
675,582,3,4.607329845428467
675,408,4,4.382176399230957
675,657,5,4.588164806365967
675,177,6,4.308451175689697
675,430,7,4.514649868011475
675,1171,8,4.076173782348633
675,1005,9,4.690422534942627
675,181,10,4.490017890930176
676,115,1,4.0061469078063965
676,872,2,3.642051935195923
676,513,3,4.49952507019043
676,1377,4,3.992616653442383
676,116,5,4.407310962677002
676,251,6,3.6729304790496826
676,179,7,3.618603229522705
676,1451,8,3.559889793395996
676,215,9,4.261406421661377
676,641,10,4.250753879547119
677,12,1,5.430663108825684
677,735,2,4.691868782043457
677,525,3,4.398840427398682
677,694,4,4.851042747497559
677,115,5,4.520108699798584
677,1021,6,4.314925670623779
677,612,7,5.020621299743652
677,156,8,4.55844783782959
677,89,9,4.927269458770752
677,520,10,4.901815414428711
678,1021,1,3.984715700149536
678,203,2,4.3878936767578125
678,675,3,3.975238800048828
678,1019,4,4.15367317199707
678,589,5,3.5799248218536377
678,657,6,3.932244062423706
678,679,7,3.6496191024780273
678,1098,8,3.8204398155212402
678,385,9,4.018435955047607
678,175,10,3.6001808643341064
679,607,1,4.291821479797363
679,89,2,4.726484298706055
679,1456,3,3.890610933303833
679,615,4,4.192917823791504
679,1005,5,4.265161514282227
679,192,6,4.686108589172363
679,1131,7,4.259821891784668
679,81,8,4.249294281005859
679,922,9,4.547879695892334
679,177,10,3.911384105682373
680,95,1,3.965242624282837
680,12,2,4.904038906097412
680,48,3,4.909742832183838
680,69,4,4.137001037597656
680,615,5,4.2536773681640625
680,1167,6,4.085106372833252
680,75,7,4.041687488555908
680,100,8,4.227013111114502
680,709,9,4.449370384216309
680,272,10,4.4210991859436035
681,496,1,5.055494785308838
681,318,2,4.661509990692139
681,192,3,3.9177088737487793
681,60,4,4.354949951171875
681,423,5,4.280714511871338
681,509,6,3.7952356338500977
681,484,7,4.264763355255127
681,1137,8,3.9634928703308105
681,793,9,3.7202534675598145
681,1139,10,3.7780404090881348
682,1021,1,4.028853416442871
682,419,2,3.9931976795196533
682,497,3,3.8255441188812256
682,656,4,3.986048698425293
682,616,5,3.5145134925842285
682,310,6,3.7392866611480713
682,1515,7,3.731503963470459
682,250,8,3.943830728530884
682,313,9,4.1017255783081055
682,129,10,4.098682403564453
683,483,1,4.5518670082092285
683,408,2,4.0806169509887695
683,48,3,4.436261177062988
683,7,4,4.082674026489258
683,381,5,3.9090940952301025
683,999,6,3.7239036560058594
683,498,7,4.029170036315918
683,189,8,4.013809680938721
683,1402,9,3.4965884685516357
683,1368,10,3.6407735347747803
684,179,1,4.069576740264893
684,513,2,5.009358882904053
684,1134,3,3.815977096557617
684,1405,4,4.3506083488464355
684,856,5,3.987074375152588
684,511,6,4.579963207244873
684,227,7,4.199319839477539
684,657,8,4.272841930389404
684,656,9,4.430474281311035
684,96,10,4.176628589630127
686,100,1,4.9705328941345215
686,661,2,5.5869269371032715
686,285,3,5.25248908996582
686,709,4,5.1209635734558105
686,484,5,4.500689506530762
686,207,6,4.533020496368408
686,1098,7,4.9004082679748535
686,493,8,4.888731002807617
686,657,9,4.731192111968994
686,1506,10,4.470535755157471
687,144,1,4.628368377685547
687,191,2,4.6044158935546875
687,302,3,4.42424201965332
687,176,4,4.414791107177734
687,530,5,4.283372402191162
687,506,6,4.548559188842773
687,966,7,4.338136672973633
687,848,8,4.1804914474487305
687,431,9,4.32296895980835
687,492,10,4.509882926940918
688,423,1,5.218305587768555
688,1313,2,4.902362823486328
688,488,3,5.083645343780518
688,210,4,5.026998519897461
688,963,5,5.495177268981934
688,1449,6,5.471796989440918
688,958,7,5.075059413909912
688,430,8,5.276504039764404
688,61,9,5.121591091156006
688,657,10,5.225732803344727
689,611,1,4.400050640106201
689,318,2,4.986964225769043
689,966,3,4.3756513595581055
689,50,4,4.816829681396484
689,531,5,4.6838698387146
689,1137,6,4.68242073059082
689,630,7,4.182446479797363
689,1450,8,4.34344482421875
689,684,9,4.615561485290527
689,1594,10,4.221488952636719
690,313,1,4.835898399353027
690,1187,2,3.5372159481048584
690,479,3,3.936704397201538
690,872,4,3.606612205505371
690,1342,5,3.90579891204834
690,735,6,4.1219987869262695
690,615,7,3.456474542617798
690,318,8,4.078965663909912
690,512,9,4.033787250518799
690,236,10,4.0246968269348145
691,968,1,4.1851487159729
691,533,2,4.1191725730896
691,521,3,4.036008358001709
691,483,4,4.785644054412842
691,357,5,4.772000789642334
691,467,6,4.159555912017822
691,96,7,4.743842601776123
691,651,8,4.4013590812683105
691,116,9,4.700156211853027
691,484,10,4.670754432678223
692,246,1,3.739213705062866
692,156,2,3.5932161808013916
692,169,3,4.152156352996826
692,515,4,4.098819255828857
692,615,5,3.617326259613037
692,302,6,4.053629398345947
692,958,7,3.645704746246338
692,1367,8,3.6955931186676025
692,165,9,3.9774556159973145
692,916,10,3.9564106464385986
693,73,1,4.55488395690918
693,272,2,4.299322128295898
693,624,3,4.204690933227539
693,900,4,3.2855186462402344
693,166,5,3.6998605728149414
693,298,6,4.077094078063965
693,285,7,4.032653331756592
693,971,8,3.353475570678711
693,603,9,3.787593126296997
693,1144,10,3.4257612228393555
694,916,1,4.383718013763428
694,14,2,4.174150466918945
694,513,3,4.869880676269531
694,127,4,4.37946081161499
694,963,5,4.849528789520264
694,1101,6,4.697688102722168
694,718,7,4.507529258728027
694,479,8,4.6549882888793945
694,156,9,4.49662446975708
694,171,10,4.3269758224487305
695,169,1,4.9581427574157715
695,227,2,3.8642866611480713
695,671,3,4.285850524902344
695,1203,4,4.460265636444092
695,285,5,4.2641215324401855
695,171,6,4.436647415161133
695,510,7,4.6350908279418945
695,872,8,4.138631343841553
695,166,9,4.129061698913574
695,119,10,4.0498480796813965
696,408,1,5.226171970367432
696,1449,2,4.316922664642334
696,203,3,4.075615406036377
696,133,4,3.9759509563446045
696,904,5,4.501809120178223
696,74,6,3.9230194091796875
696,1139,7,3.9645586013793945
696,241,8,4.179317474365234
696,522,9,4.264949321746826
696,194,10,4.155862331390381
697,475,1,4.565135955810547
697,68,2,5.161019325256348
697,1137,3,5.030730247497559
697,646,4,4.450438499450684
697,1284,5,4.263273239135742
697,185,6,4.625397205352783
697,1104,7,4.614968776702881
697,12,8,4.612125873565674
697,1269,9,4.358363628387451
697,1211,10,4.735890865325928
699,603,1,4.795144081115723
699,494,2,3.790742874145508
699,1021,3,4.0366668701171875
699,1639,4,3.773087501525879
699,538,5,4.188124179840088
699,1066,6,3.5556747913360596
699,272,7,4.146556854248047
699,1594,8,3.9882700443267822
699,662,9,3.540741443634033
699,528,10,3.8045222759246826
700,318,1,4.679295063018799
700,1154,2,3.7539401054382324
700,606,3,3.8487911224365234
700,1643,4,3.84846830368042
700,694,5,3.930483102798462
700,223,6,4.145948886871338
700,185,7,4.0041351318359375
700,445,8,3.7715635299682617
700,210,9,3.7699620723724365
700,484,10,3.9157021045684814
701,513,1,5.084649562835693
701,191,2,4.5309600830078125
701,661,3,4.934174537658691
701,135,4,4.626623153686523
701,527,5,4.8963117599487305
701,50,6,4.620367527008057
701,505,7,4.497715950012207
701,157,8,4.355339527130127
701,611,9,4.4010820388793945
701,496,10,4.472770690917969
702,958,1,3.2523398399353027
702,318,2,4.041781902313232
702,1039,3,3.459580898284912
702,427,4,3.885040283203125
702,170,5,3.2160043716430664
702,483,6,3.4242866039276123
702,174,7,3.4214324951171875
702,655,8,3.5527405738830566
702,735,9,3.539067029953003
702,886,10,3.1809768676757812
703,204,1,4.278674602508545
703,922,2,4.202091217041016
703,466,3,4.756201267242432
703,186,4,4.479315757751465
703,1159,5,4.252514362335205
703,234,6,4.6399688720703125
703,732,7,4.154379844665527
703,202,8,4.559228420257568
703,850,9,4.218337535858154
703,190,10,4.546306133270264
704,520,1,4.300537586212158
704,420,2,3.9666972160339355
704,267,3,4.028330326080322
704,484,4,4.595932960510254
704,42,5,4.581640243530273
704,462,6,4.100172996520996
704,214,7,4.072240829467773
704,634,8,4.189441204071045
704,1368,9,4.17754602432251
704,1019,10,4.061344623565674
705,516,1,4.969359397888184
705,493,2,4.479004859924316
705,310,3,4.8249897956848145
705,674,4,4.233476638793945
705,796,5,4.22198486328125
705,52,6,4.081043720245361
705,958,7,4.316938877105713
705,658,8,4.0295634269714355
705,1159,9,4.537108421325684
705,602,10,4.526309490203857
706,169,1,4.505962371826172
706,96,2,4.500907897949219
706,509,3,4.132421493530273
706,298,4,3.6008403301239014
706,48,5,4.392042636871338
706,177,6,3.85248064994812
706,22,7,4.290059566497803
706,735,8,4.045754432678223
706,121,9,3.9996397495269775
706,19,10,3.7425429821014404
707,48,1,4.696341514587402
707,61,2,3.650452136993408
707,1070,3,4.26800537109375
707,205,4,4.495350360870361
707,433,5,4.483244895935059
707,75,6,3.8198130130767822
707,463,7,4.003906726837158
707,870,8,3.7483301162719727
707,451,9,3.7405405044555664
707,625,10,4.113796234130859
708,1041,1,4.150496959686279
708,64,2,4.972825527191162
708,357,3,4.956490516662598
708,484,4,4.049781799316406
708,1098,5,4.712036609649658
708,316,6,4.650598049163818
708,232,7,4.224530220031738
708,82,8,4.033714294433594
708,1193,9,4.100096225738525
708,190,10,4.020176410675049
709,750,1,4.3386945724487305
709,185,2,4.610779762268066
709,657,3,4.249930381774902
709,1483,4,3.917125701904297
709,1122,5,3.8113670349121094
709,493,6,4.534143447875977
709,1169,7,4.277868747711182
709,661,8,4.261715412139893
709,533,9,4.397712707519531
709,381,10,4.054125785827637
710,923,1,4.077049255371094
710,484,2,4.38946533203125
710,209,3,3.75415301322937
710,644,4,3.791712760925293
710,520,5,3.749851942062378
710,262,6,4.253482818603516
710,657,7,3.9185638427734375
710,856,8,4.177419185638428
710,1367,9,3.6910595893859863
710,1024,10,3.7723212242126465
711,482,1,5.015440464019775
711,1153,2,3.8984375
711,633,3,3.9341318607330322
711,850,4,4.540116310119629
711,201,5,4.714225769042969
711,487,6,4.38940954208374
711,519,7,4.508366584777832
711,498,8,4.691858768463135
711,1159,9,4.261935710906982
711,189,10,4.077520370483398
712,347,1,3.924163818359375
712,318,2,4.9015703201293945
712,52,3,4.44636344909668
712,916,4,4.001989364624023
712,429,5,4.722955703735352
712,611,6,4.6638078689575195
712,474,7,3.9369640350341797
712,1269,8,4.640904426574707
712,354,9,4.097719192504883
712,1604,10,4.23557186126709
713,178,1,4.050847053527832
713,408,2,3.998645305633545
713,228,3,3.4717535972595215
713,60,4,3.7416021823883057
713,135,5,3.885183334350586
713,64,6,3.4993622303009033
713,515,7,3.706160068511963
713,966,8,3.53100323677063
713,1643,9,3.433079719543457
713,198,10,3.695507287979126
714,133,1,3.916710376739502
714,607,2,3.7431259155273438
714,615,3,3.387187957763672
714,480,4,4.131953239440918
714,1194,5,3.836660146713257
714,216,6,3.772745370864868
714,965,7,3.397596597671509
714,963,8,3.9626564979553223
714,239,9,3.8017003536224365
714,515,10,3.9403162002563477
715,211,1,4.333460330963135
715,251,2,4.018853187561035
715,133,3,4.3250532150268555
715,185,4,4.633759021759033
715,529,5,3.7830400466918945
715,317,6,3.9901297092437744
715,968,7,3.8307883739471436
715,499,8,4.42351770401001
715,611,9,4.201382637023926
715,44,10,3.9394030570983887
716,575,1,4.5433478355407715
716,169,2,5.030679702758789
716,1115,3,4.057680130004883
716,644,4,4.054476737976074
716,1258,5,4.197841167449951
716,1512,6,4.8181562423706055
716,297,7,4.817334175109863
716,921,8,4.182868003845215
716,899,9,3.881138563156128
716,922,10,4.331878185272217
717,164,1,4.311493396759033
717,657,2,5.109133243560791
717,694,3,4.914470672607422
717,213,4,4.7096028327941895
717,638,5,4.813265800476074
717,203,6,4.610544204711914
717,607,7,4.769744873046875
717,1251,8,4.600866317749023
717,1158,9,4.594402313232422
717,922,10,4.762334823608398
718,1142,1,4.304708957672119
718,657,2,5.157668113708496
718,481,3,4.299263000488281
718,318,4,5.023463726043701
718,483,5,4.721274375915527
718,1558,6,4.330848217010498
718,661,7,4.8609185218811035
718,1137,8,4.67299222946167
718,269,9,4.4056878089904785
718,568,10,4.465229034423828
719,408,1,3.9164316654205322
719,462,2,3.9074251651763916
719,224,3,3.8894264698028564
719,632,4,3.481236219406128
719,657,5,4.122898101806641
719,603,6,4.057185649871826
719,315,7,4.046176910400391
719,190,8,3.8519978523254395
719,66,9,3.6720080375671387
719,210,10,3.510127544403076
720,697,1,4.202689170837402
720,1449,2,4.826564788818359
720,357,3,4.762326717376709
720,50,4,4.521305561065674
720,89,5,4.625911235809326
720,52,6,4.1723313331604
720,501,7,4.293911933898926
720,506,8,4.290928363800049
720,611,9,4.462245941162109
720,98,10,4.565773010253906
721,615,1,4.148355484008789
721,805,2,4.334207534790039
721,511,3,4.331450939178467
721,645,4,4.01193380355835
721,89,5,4.119541645050049
721,12,6,4.502352714538574
721,519,7,4.171817302703857
721,226,8,4.045480728149414
721,434,9,4.416563987731934
721,517,10,4.40078067779541
722,114,1,5.162768840789795
722,496,2,4.2537922859191895
722,169,3,5.037906646728516
722,12,4,4.963268280029297
722,186,5,4.777610778808594
722,811,6,4.491794586181641
722,493,7,4.266541957855225
722,83,8,4.337357044219971
722,675,9,4.1795525550842285
722,923,10,4.440212726593018
723,12,1,4.8762922286987305
723,56,2,4.4850664138793945
723,198,3,4.468266010284424
723,601,4,3.744960069656372
723,96,5,4.364502429962158
723,745,6,3.7449088096618652
723,1129,7,4.046402454376221
723,209,8,3.881040573120117
723,257,9,3.693025588989258
723,99,10,3.9416744709014893
725,273,1,4.0086894035339355
725,169,2,4.5114545822143555
725,493,3,4.453132629394531
725,1194,4,4.40716028213501
725,1122,5,4.058729648590088
725,191,6,4.153801918029785
725,408,7,4.150790691375732
725,487,8,4.04109525680542
725,520,9,3.8898327350616455
725,382,10,3.8851773738861084
726,172,1,4.9956583976745605
726,208,2,3.967893362045288
726,547,3,3.815364122390747
726,378,4,4.207640647888184
726,641,5,3.8919870853424072
726,958,6,4.412982940673828
726,513,7,4.364480018615723
726,498,8,4.151828765869141
726,265,9,4.137831211090088
726,157,10,3.987917184829712
727,487,1,4.416591644287109
727,603,2,4.368302822113037
727,1451,3,4.01505708694458
727,925,4,3.4757394790649414
727,694,5,4.238445281982422
727,320,6,3.9737021923065186
727,937,7,3.967453956604004
727,1233,8,3.7553369998931885
727,514,9,4.149356365203857
727,1330,10,3.6157357692718506
728,169,1,4.750720977783203
728,171,2,4.200984954833984
728,470,3,3.959789514541626
728,174,4,4.571849346160889
728,805,5,3.9928765296936035
728,190,6,4.073822498321533
728,306,7,4.243575572967529
728,963,8,4.4648308753967285
728,1450,9,4.02908182144165
728,22,10,4.423421382904053
729,174,1,4.021900653839111
729,1,2,3.443406581878662
729,496,3,3.442348003387451
729,1537,4,3.264267921447754
729,963,5,3.7361550331115723
729,525,6,3.2171709537506104
729,659,7,3.0648388862609863
729,511,8,3.614426851272583
729,1268,9,3.1841187477111816
729,1449,10,3.464726448059082
730,56,1,4.90104341506958
730,178,2,4.290537357330322
730,651,3,3.7162747383117676
730,357,4,4.2636494636535645
730,136,5,3.9815101623535156
730,318,6,3.7661843299865723
730,524,7,4.103047847747803
730,1143,8,3.6194636821746826
730,113,9,4.087893962860107
730,191,10,4.065728664398193
731,423,1,4.912543296813965
731,255,2,4.901893138885498
731,70,3,4.713189125061035
731,1125,4,3.531914710998535
731,156,5,4.129262447357178
731,638,6,3.6183102130889893
731,443,7,4.108109474182129
731,1506,8,3.5625057220458984
731,285,9,4.007635593414307
731,718,10,4.446362018585205
732,195,1,4.73106050491333
732,285,2,5.166734218597412
732,511,3,5.114290237426758
732,746,4,4.49136209487915
732,524,5,4.869426727294922
732,1368,6,4.701143741607666
732,114,7,4.858597755432129
732,936,8,4.840165615081787
732,611,9,4.751442909240723
732,134,10,4.949471950531006
734,133,1,4.679806709289551
734,951,2,3.659238815307617
734,995,3,3.926605224609375
734,71,4,3.9201037883758545
734,1466,5,4.259856700897217
734,533,6,3.7551915645599365
734,516,7,3.881725549697876
734,1558,8,3.627119541168213
734,608,9,4.206881999969482
734,923,10,4.201337814331055
735,114,1,4.309848308563232
735,8,2,4.753111839294434
735,654,3,4.300393581390381
735,318,4,4.0270233154296875
735,839,5,3.845243215560913
735,172,6,4.225137710571289
735,173,7,3.8966076374053955
735,1451,8,3.881967306137085
735,427,9,4.074367523193359
735,208,10,4.067411422729492
736,56,1,3.9598069190979004
736,60,2,3.932821273803711
736,529,3,3.2897722721099854
736,116,4,3.583937406539917
736,12,5,3.835172414779663
736,1021,6,3.667880058288574
736,185,7,3.777338743209839
736,1064,8,3.2663004398345947
736,613,9,3.62929368019104
736,119,10,3.3692023754119873
737,483,1,4.7356719970703125
737,435,2,3.8744771480560303
737,488,3,4.5428972244262695
737,513,4,4.379554271697998
737,1011,5,4.196529388427734
737,1097,6,4.064046382904053
737,1439,7,3.763500213623047
737,937,8,3.7608439922332764
737,517,9,3.835862159729004
737,608,10,3.8862924575805664
738,647,1,4.324216842651367
738,223,2,4.0343194007873535
738,515,3,4.2751593589782715
738,127,4,4.2416839599609375
738,490,5,4.129978656768799
738,317,6,3.8632819652557373
738,613,7,3.965202808380127
738,1466,8,3.72878098487854
738,604,9,3.6548516750335693
738,165,10,4.047612190246582
739,519,1,4.295649528503418
739,657,2,4.156262397766113
739,408,3,3.835599422454834
739,774,4,3.9628615379333496
739,433,5,4.144765377044678
739,1464,6,3.7432632446289062
739,83,7,4.4529595375061035
739,1278,8,4.4236907958984375
739,19,9,4.4017534255981445
739,64,10,4.203140735626221
740,1302,1,3.4993577003479004
740,528,2,3.773857593536377
740,223,3,4.268172740936279
740,644,4,3.648318290710449
740,265,5,3.76021409034729
740,97,6,4.111641883850098
740,181,7,3.6287550926208496
740,196,8,3.8705997467041016
740,657,9,3.856996536254883
740,79,10,3.994356155395508
741,850,1,4.033718109130859
741,315,2,4.7682929039001465
741,533,3,4.215470314025879
741,718,4,4.21502685546875
741,91,5,3.917935371398926
741,1451,6,4.640597343444824
741,707,7,4.6404218673706055
741,644,8,3.9085798263549805
741,171,9,4.116031169891357
741,916,10,4.040833950042725
742,100,1,4.9879984855651855
742,179,2,4.08859920501709
742,316,3,4.6891350746154785
742,589,4,4.130614280700684
742,1198,5,3.9416773319244385
742,474,6,4.5143585205078125
742,131,7,4.550314903259277
742,484,8,4.523733139038086
742,190,9,4.049483776092529
742,923,10,4.139420032501221
743,558,1,4.161083221435547
743,516,2,4.371628284454346
743,100,3,4.903241157531738
743,675,4,4.05725622177124
743,382,5,4.462002277374268
743,611,6,4.3476386070251465
743,837,7,4.44398832321167
743,498,8,4.325716972351074
743,217,9,4.1739501953125
743,79,10,4.102865695953369
744,251,1,4.059118270874023
744,315,2,4.487109184265137
744,1459,3,3.9640755653381348
744,615,4,4.3097968101501465
744,528,5,4.030497074127197
744,169,6,4.241527557373047
744,119,7,4.010226249694824
744,79,8,4.07602071762085
744,187,9,4.074833869934082
744,434,10,4.07280969619751
745,208,1,4.120691776275635
745,33,2,3.2098240852355957
745,419,3,3.6890389919281006
745,11,4,3.876340389251709
745,270,5,3.859135866165161
745,91,6,3.8501763343811035
745,311,7,3.767047643661499
745,429,8,3.437215566635132
745,1028,9,3.355544090270996
745,1592,10,3.5842599868774414
746,191,1,4.810977458953857
746,648,2,4.647699356079102
746,205,3,4.317070960998535
746,64,4,4.527506351470947
746,480,5,4.184336185455322
746,527,6,4.113349914550781
746,503,7,4.177733898162842
746,736,8,4.283363342285156
746,419,9,4.092949390411377
746,1449,10,4.3981614112854
747,1240,1,4.6241536140441895
747,306,2,5.230707168579102
747,1154,3,4.918118000030518
747,200,4,4.575870513916016
747,854,5,4.12094259262085
747,692,6,4.365054607391357
747,1171,7,4.290757179260254
747,1187,8,4.425561904907227
747,137,9,4.525045871734619
747,10,10,4.4092488288879395
748,520,1,4.831236362457275
748,602,2,4.1907267570495605
748,430,3,4.435306072235107
748,1482,4,3.9570937156677246
748,1156,5,3.780097484588623
748,316,6,4.154650688171387
748,493,7,3.813129186630249
748,239,8,3.801931381225586
748,248,9,4.214697360992432
748,851,10,4.204370975494385
749,499,1,4.267424583435059
749,945,2,4.795897006988525
749,922,3,3.955244541168213
749,165,4,4.617445945739746
749,189,5,4.608003616333008
749,1102,6,4.103804588317871
749,1511,7,3.9097280502319336
749,651,8,4.420625686645508
749,223,9,4.405552864074707
749,256,10,3.9496634006500244
750,736,1,4.940094470977783
750,633,2,3.8164710998535156
750,272,3,4.832772254943848
750,50,4,4.640798091888428
750,612,5,3.9989280700683594
750,204,6,3.9429285526275635
750,1125,7,3.7923712730407715
750,792,8,4.385767936706543
750,201,9,4.027908802032471
750,642,10,3.7810475826263428
751,694,1,4.817955493927002
751,868,2,4.204559803009033
751,134,3,3.9390833377838135
751,492,4,4.660735130310059
751,686,5,3.982358932495117
751,963,6,4.316420555114746
751,265,7,4.303639888763428
751,242,8,4.302152156829834
751,811,9,4.038990020751953
751,1450,10,4.1419243812561035
752,12,1,4.86672830581665
752,195,2,4.31210994720459
752,186,3,4.161433696746826
752,298,4,3.880197525024414
752,17,5,3.7097973823547363
752,14,6,4.0648884773254395
752,612,7,3.8000364303588867
752,211,8,3.7992172241210938
752,394,9,3.4326882362365723
752,1269,10,3.65427827835083
753,610,1,4.1273698806762695
753,1,2,4.743964672088623
753,525,3,3.928241729736328
753,967,4,3.842241048812866
753,211,5,4.067276477813721
753,497,6,3.8946893215179443
753,478,7,4.184870719909668
753,274,8,4.176270961761475
753,237,9,4.06217098236084
753,919,10,4.050117492675781
754,169,1,4.495378494262695
754,59,2,4.0382232666015625
754,656,3,3.9639484882354736
754,745,4,3.7272865772247314
754,520,5,4.11806058883667
754,64,6,4.27862548828125
754,603,7,3.935018301010132
754,183,8,3.864500045776367
754,1021,9,3.741150379180908
754,318,10,4.17784309387207
755,89,1,4.867252349853516
755,968,2,3.8213140964508057
755,1102,3,3.8141305446624756
755,1524,4,3.8651788234710693
755,1449,5,4.628227233886719
755,19,6,4.151927471160889
755,178,7,4.540930271148682
755,533,8,3.890681266784668
755,176,9,4.127570152282715
755,203,10,4.416938304901123
756,1524,1,3.625967264175415
756,59,2,4.087405204772949
756,1004,3,3.558784246444702
756,316,4,4.082564353942871
756,1643,5,4.077871799468994
756,525,6,3.7264912128448486
756,1159,7,3.8247342109680176
756,1656,8,3.4184446334838867
756,482,9,3.6641945838928223
756,645,10,3.928956985473633
757,119,1,4.2340803146362305
757,285,2,4.3326897621154785
757,520,3,4.588873386383057
757,1495,4,3.847810745239258
757,478,5,4.315107345581055
757,1462,6,3.8175508975982666
757,114,7,4.495827674865723
757,169,8,4.466953277587891
757,657,9,4.263925075531006
757,486,10,3.8584699630737305
758,97,1,5.430852890014648
758,156,2,4.688989639282227
758,10,3,5.214391708374023
758,878,4,4.131283283233643
758,813,5,4.636391639709473
758,602,6,4.350866794586182
758,811,7,4.633035659790039
758,194,8,4.266707897186279
758,649,9,4.405479907989502
758,896,10,4.324149131774902
759,318,1,5.115509033203125
759,1558,2,4.428347110748291
759,513,3,4.541651725769043
759,50,4,4.960276126861572
759,1449,5,4.87895393371582
759,484,6,4.320340156555176
759,286,7,4.8144402503967285
759,524,8,4.471585273742676
759,1512,9,4.580649375915527
759,98,10,4.296726703643799
760,1449,1,4.472853183746338
760,132,2,4.036890029907227
760,478,3,4.387519359588623
760,837,4,3.6638853549957275
760,1138,5,3.3616838455200195
760,430,6,4.1693596839904785
760,19,7,3.651569366455078
760,502,8,3.6461172103881836
760,488,9,3.6366851329803467
760,4,10,4.0663676261901855
761,343,1,3.8028957843780518
761,863,2,3.9207212924957275
761,173,3,4.516724586486816
761,835,4,3.7795825004577637
761,520,5,4.245339870452881
761,851,6,4.207882404327393
761,405,7,3.758821487426758
761,1010,8,3.6947760581970215
761,746,9,3.692842483520508
761,320,10,3.6198863983154297
762,185,1,4.014185905456543
762,168,2,4.7006096839904785
762,479,3,4.396067142486572
762,189,4,4.387779712677002
762,611,5,4.347652435302734
762,96,6,4.517866611480713
762,57,7,4.516369342803955
762,199,8,4.463420867919922
762,916,9,4.0946125984191895
762,59,10,4.428457736968994
763,525,1,5.00167989730835
763,853,2,4.48785400390625
763,169,3,4.7086615562438965
763,250,4,3.9367361068725586
763,193,5,4.439100742340088
763,966,6,4.191399574279785
763,488,7,4.420472145080566
763,589,8,4.403196811676025
763,647,9,4.385229110717773
763,851,10,3.9102914333343506
764,194,1,4.3724684715271
764,298,2,4.36002254486084
764,511,3,4.3501877784729
764,408,4,3.9915170669555664
764,662,5,4.494070053100586
764,419,6,4.279352188110352
764,1449,7,4.474672317504883
764,197,8,3.919632911682129
764,835,9,4.068943023681641
764,657,10,4.3889994621276855
765,519,1,4.545778751373291
765,736,2,4.39265775680542
765,1073,3,4.481377601623535
765,631,4,4.363804817199707
765,513,5,4.414541721343994
765,11,6,4.465351581573486
765,320,7,4.636198043823242
765,12,8,4.622795581817627
765,177,9,4.417540073394775
765,1642,10,4.269816875457764
766,855,1,3.3686864376068115
766,169,2,4.6829681396484375
766,515,3,4.338038444519043
766,1194,4,3.6682064533233643
766,922,5,4.218083381652832
766,853,6,3.6509969234466553
766,42,7,3.831390857696533
766,46,8,3.3501107692718506
766,685,9,3.6926658153533936
766,11,10,3.4723474979400635
767,285,1,5.205099105834961
767,318,2,5.169238090515137
767,496,3,5.07407808303833
767,608,4,4.6795549392700195
767,649,5,4.28003454208374
767,491,6,4.765990257263184
767,1131,7,4.338063716888428
767,133,8,4.89563512802124
767,657,9,4.818670749664307
767,1449,10,4.696746349334717
768,48,1,4.527585029602051
768,98,2,3.9171650409698486
768,507,3,3.812596321105957
768,232,4,3.6404764652252197
768,223,5,4.275332450866699
768,1104,6,4.222342491149902
768,71,7,4.161039352416992
768,648,8,3.676788568496704
768,469,9,3.6255757808685303
768,588,10,4.095614910125732
769,50,1,4.787973880767822
769,505,2,3.9025168418884277
769,185,3,3.8497796058654785
769,850,4,4.0709004402160645
769,172,5,4.329875946044922
769,1070,6,4.057855606079102
769,137,7,4.320277690887451
769,1449,8,4.318402290344238
769,1159,9,3.8676977157592773
769,136,10,4.290475368499756
770,730,1,4.662654399871826
770,286,2,4.86539888381958
770,745,3,4.962948799133301
770,1515,4,4.596221446990967
770,656,5,4.845090866088867
770,48,6,5.129756450653076
770,1009,7,4.830960273742676
770,1019,8,5.079012870788574
770,1064,9,4.906393527984619
770,428,10,4.81613302230835
771,293,1,4.085476875305176
771,1450,2,4.004732131958008
771,285,3,4.744154453277588
771,513,4,4.72520637512207
771,524,5,4.440986156463623
771,500,6,4.070831775665283
771,223,7,4.400314807891846
771,1233,8,3.9881179332733154
771,400,9,3.8569600582122803
771,510,10,4.36288595199585
772,513,1,5.451528072357178
772,153,2,4.820939540863037
772,169,3,5.24748420715332
772,257,4,4.604111671447754
772,482,5,4.896296501159668
772,515,6,5.179569721221924
772,434,7,4.8069047927856445
772,1536,8,4.6609907150268555
772,8,9,4.624533176422119
772,207,10,4.840986251831055
773,135,1,5.075565338134766
773,463,2,4.096914768218994
773,124,3,4.213995933532715
773,525,4,4.352351188659668
773,81,5,4.53552770614624
773,223,6,4.711202621459961
773,506,7,4.186640739440918
773,601,8,4.05405330657959
773,663,9,3.8660383224487305
773,488,10,4.639442443847656
775,179,1,4.692545413970947
775,169,2,4.643625259399414
775,170,3,4.511758327484131
775,1500,4,4.024387836456299
775,1268,5,4.17915678024292
775,189,6,4.417032718658447
775,510,7,4.416296482086182
775,1643,8,3.9267115592956543
775,306,9,4.39389705657959
775,653,10,4.042476177215576
776,750,1,4.520509719848633
776,919,2,3.779265880584717
776,52,3,4.837127208709717
776,213,4,4.460725784301758
776,1262,5,4.141477584838867
776,156,6,4.772828578948975
776,694,7,4.238771915435791
776,209,8,4.702007293701172
776,1067,9,4.638157844543457
776,1450,10,4.292582988739014
777,663,1,5.014776229858398
777,211,2,4.928142547607422
777,133,3,4.869197845458984
777,2,4,4.173900604248047
777,1073,5,4.0629963874816895
777,697,6,4.1686530113220215
777,230,7,4.72346305847168
777,428,8,4.5099592208862305
777,915,9,4.1049113273620605
777,1451,10,4.356940269470215
778,199,1,4.942416667938232
778,745,2,4.3088836669921875
778,1131,3,3.8378608226776123
778,23,4,4.282266616821289
778,432,5,4.4877448081970215
778,663,6,4.247491836547852
778,606,7,4.235503673553467
778,427,8,4.427820205688477
778,486,9,3.866853952407837
778,73,10,3.8156659603118896
779,694,1,4.636946201324463
779,183,2,4.340784072875977
779,170,3,4.61867094039917
779,963,4,4.611117839813232
779,647,5,4.855433464050293
779,659,6,4.809551239013672
779,1536,7,4.324560642242432
779,811,8,4.1816253662109375
779,853,9,4.175867080688477
779,1483,10,4.2768635749816895
780,519,1,4.33408260345459
780,181,2,4.636884689331055
780,513,3,4.371606826782227
780,404,4,4.039669990539551
780,525,5,4.503556251525879
780,1022,6,3.9342079162597656
780,1451,7,3.85809326171875
780,501,8,4.284997463226318
780,481,9,4.382665634155273
780,1158,10,3.9295177459716797
781,12,1,4.283483028411865
781,165,2,4.4949445724487305
781,60,3,4.255983829498291
781,192,4,4.254456043243408
781,603,5,4.09229850769043
781,490,6,4.250533103942871
781,185,7,4.430377960205078
781,177,8,3.8732593059539795
781,604,9,4.222762584686279
781,778,10,3.752016067504883
783,603,1,5.058828353881836
783,272,2,4.80792760848999
783,14,3,4.384931564331055
783,1067,4,4.172843933105469
783,614,5,4.056649684906006
783,963,6,4.6477885246276855
783,1367,7,4.165294170379639
783,50,8,4.337116718292236
783,513,9,4.57829475402832
783,650,10,4.403778076171875
784,641,1,4.197817802429199
784,493,2,4.441891193389893
784,692,3,4.136007308959961
784,658,4,4.081412315368652
784,360,5,4.002458572387695
784,611,6,4.509645938873291
784,195,7,4.731185436248779
784,50,8,4.713994026184082
784,169,9,4.708502292633057
784,119,10,4.478904724121094
785,173,1,4.714749813079834
785,258,2,4.100616931915283
785,615,3,3.833470106124878
785,520,4,3.71012544631958
785,963,5,4.258090496063232
785,693,6,3.81230092048645
785,15,7,4.206042766571045
785,776,8,3.9255666732788086
785,215,9,3.781118869781494
785,117,10,3.9786086082458496
786,169,1,5.184449672698975
786,1019,2,4.389528751373291
786,1062,3,4.056618690490723
786,1124,4,4.056103229522705
786,174,5,4.354434490203857
786,277,6,4.070148468017578
786,525,7,4.177270412445068
786,466,8,3.9795119762420654
786,213,9,4.299025535583496
786,410,10,3.964324474334717
787,210,1,4.579935073852539
787,482,2,3.797135591506958
787,1592,3,3.9835221767425537
787,1019,4,4.439823627471924
787,226,5,3.657806873321533
787,64,6,4.397110939025879
787,694,7,4.1323561668396
787,1558,8,4.11954927444458
787,466,9,3.8755431175231934
787,744,10,4.08321475982666
788,1367,1,4.580041408538818
788,320,2,4.066554546356201
788,750,3,4.459437370300293
788,634,4,4.0350494384765625
788,580,5,3.7941477298736572
788,675,6,4.1291327476501465
788,425,7,3.737882375717163
788,868,8,4.295431613922119
788,1160,9,4.10555362701416
788,1406,10,3.6892542839050293
789,954,1,4.017376899719238
789,114,2,4.466434001922607
789,526,3,4.705286979675293
789,513,4,4.456568717956543
789,79,5,4.456201553344727
789,694,6,4.692693710327148
789,317,7,4.4512715339660645
789,189,8,4.446791648864746
789,172,9,4.43328332901001
789,654,10,4.521913051605225
790,497,1,3.583662986755371
790,12,2,4.866209506988525
790,835,3,3.513718605041504
790,1269,4,3.6902666091918945
790,653,5,4.4147186279296875
790,1585,6,3.7569785118103027
790,1406,7,3.5524535179138184
790,87,8,3.5902016162872314
790,853,9,4.18630313873291
790,922,10,4.004364013671875
791,479,1,4.654493808746338
791,514,2,4.4609832763671875
791,1251,3,4.3516364097595215
791,463,4,4.153751373291016
791,1643,5,4.424388885498047
791,1269,6,4.252225399017334
791,657,7,4.544309139251709
791,813,8,4.30400276184082
791,566,9,4.052154064178467
791,710,10,4.378411769866943
792,100,1,4.038774490356445
792,1019,2,3.998961925506592
792,137,3,3.591063976287842
792,1367,4,3.994410514831543
792,634,5,4.166830539703369
792,1269,6,3.7305655479431152
792,1007,7,3.661424398422241
792,916,8,3.793609380722046
792,484,9,3.874828577041626
792,654,10,3.9284756183624268
793,430,1,4.15165376663208
793,172,2,4.7493133544921875
793,1021,3,4.3780059814453125
793,429,4,4.605915069580078
793,170,5,4.34035587310791
793,661,6,4.049574375152588
793,466,7,4.043560028076172
793,847,8,3.927233934402466
793,1233,9,4.173095226287842
793,272,10,4.388420104980469
794,180,1,5.170629501342773
794,479,2,5.138678550720215
794,1531,3,4.279006481170654
794,170,4,5.046018600463867
794,113,5,4.590757369995117
794,654,6,5.02003288269043
794,497,7,4.586523532867432
794,531,8,4.972090244293213
794,697,9,4.424489498138428
794,119,10,4.851547718048096
795,1585,1,3.6079325675964355
795,484,2,4.174094200134277
795,745,3,3.876891613006592
795,211,4,3.96417236328125
795,179,5,3.6983015537261963
795,128,6,4.089170932769775
795,488,7,4.3107008934021
795,481,8,4.041767120361328
795,513,9,4.214840888977051
795,516,10,4.180404186248779
796,868,1,4.9639668464660645
796,645,2,3.888416290283203
796,1512,3,3.9860379695892334
796,492,4,3.7653253078460693
796,504,5,4.442940711975098
796,306,6,4.125218868255615
796,805,7,4.2137227058410645
796,1302,8,4.206007480621338
796,895,9,4.395114421844482
796,1129,10,3.8988192081451416
797,285,1,4.391396999359131
797,718,2,3.429687023162842
797,64,3,3.542771100997925
797,675,4,3.360619068145752
797,1643,5,3.41721248626709
797,199,6,3.9410324096679688
797,435,7,3.8769731521606445
797,174,8,3.8728981018066406
797,168,9,3.8494248390197754
797,45,10,3.256258726119995
798,75,1,3.9065380096435547
798,455,2,4.63424015045166
798,430,3,4.634041786193848
798,920,4,3.713911294937134
798,313,5,4.581707954406738
798,86,6,4.12515115737915
798,1599,7,3.651729106903076
798,343,8,4.025454521179199
798,31,9,3.8465383052825928
798,1243,10,3.7868573665618896
799,114,1,4.878057479858398
799,659,2,4.8643083572387695
799,479,3,4.118170738220215
799,916,4,4.516993045806885
799,525,5,4.389673233032227
799,172,6,4.118203163146973
799,248,7,4.112239360809326
799,178,8,4.473665237426758
799,1166,9,4.098688125610352
799,694,10,4.218662261962891
800,318,1,4.568184852600098
800,1084,2,3.766075849533081
800,189,3,4.104271411895752
800,272,4,4.280936241149902
800,647,5,3.820674419403076
800,221,6,3.784388542175293
800,12,7,4.249775409698486
800,98,8,4.01969575881958
800,615,9,3.778186082839966
800,196,10,4.186262607574463
801,763,1,5.069306373596191
801,528,2,4.802708625793457
801,50,3,5.456440448760986
801,745,4,4.568002223968506
801,48,5,5.01445198059082
801,423,6,4.861708641052246
801,483,7,5.1972575187683105
801,632,8,4.8325700759887695
801,520,9,5.1077985763549805
801,589,10,4.637956142425537
802,177,1,4.059072494506836
802,1240,2,4.1508026123046875
802,694,3,4.287400722503662
802,663,4,4.2697672843933105
802,64,5,4.133191108703613
802,1589,6,3.8025522232055664
802,246,7,4.481524467468262
802,485,8,4.111504554748535
802,97,9,4.4105706214904785
802,513,10,4.374003887176514
803,48,1,5.225960731506348
803,502,2,3.963496446609497
803,494,3,4.330647945404053
803,170,4,4.894250392913818
803,180,5,4.1977386474609375
803,514,6,4.689240455627441
803,305,7,4.046762466430664
803,95,8,4.038341999053955
803,1103,9,4.031382083892822
803,863,10,4.247539043426514
804,836,1,4.202028751373291
804,1600,2,4.319274425506592
804,1122,3,4.460053443908691
804,1268,4,4.440065860748291
804,519,5,4.741690635681152
804,117,6,4.739060878753662
804,535,7,4.398109436035156
804,189,8,4.380331516265869
804,506,9,4.479907035827637
804,606,10,4.160184383392334
805,306,1,4.292341709136963
805,408,2,5.115037441253662
805,498,3,3.958218574523926
805,474,4,4.926237106323242
805,134,5,4.921661376953125
805,789,6,4.033432960510254
805,1429,7,4.117778301239014
805,1251,8,4.212081432342529
805,124,9,4.639430522918701
805,1233,10,3.9698686599731445
806,474,1,5.612187385559082
806,136,2,4.0972771644592285
806,1142,3,4.750361919403076
806,1139,4,4.288967132568359
806,963,5,4.076229095458984
806,83,6,4.241947174072266
806,113,7,3.8778157234191895
806,489,8,4.133522987365723
806,718,9,3.918180465698242
806,135,10,4.3458356857299805
807,1449,1,5.004385948181152
807,686,2,4.974030494689941
807,274,3,4.507772922515869
807,166,4,4.720770359039307
807,508,5,4.118999004364014
807,1103,6,4.349213123321533
807,603,7,4.446463108062744
807,1160,8,4.327295780181885
807,302,9,4.150513648986816
807,538,10,4.0043044090271
808,12,1,4.255430221557617
808,603,2,4.600775718688965
808,265,3,4.020605087280273
808,1098,4,4.230547904968262
808,470,5,4.017252445220947
808,584,6,3.9434421062469482
808,612,7,4.090963363647461
808,173,8,4.294232368469238
808,119,9,4.434502601623535
808,394,10,4.141824722290039
809,357,1,4.908775806427002
809,474,2,4.856387138366699
809,513,3,4.803133964538574
809,922,4,4.311887741088867
809,479,5,4.703830242156982
809,1448,6,4.192510604858398
809,663,7,4.293752670288086
809,945,8,4.3440046310424805
809,1190,9,4.153203010559082
809,1203,10,4.620567321777344
810,1103,1,4.924643039703369
810,611,2,4.922054767608643
810,483,3,5.343531131744385
810,1020,4,4.797767162322998
810,634,5,4.779231548309326
810,210,6,5.113783836364746
810,209,7,5.090890884399414
810,509,8,5.07246208190918
810,1278,9,4.732931137084961
810,434,10,4.657331943511963
811,190,1,5.379614353179932
811,603,2,5.033346652984619
811,408,3,5.0246171951293945
811,527,4,4.797380447387695
811,493,5,4.803061008453369
811,474,6,4.538421630859375
811,664,7,4.529706001281738
811,223,8,4.897523880004883
811,357,9,4.844849109649658
811,1158,10,4.427729606628418
812,673,1,3.979646921157837
812,1005,2,4.191874980926514
812,923,3,4.28543758392334
812,83,4,4.795219898223877
812,615,5,4.1816840171813965
812,856,6,4.105984687805176
812,1594,7,4.152676582336426
812,285,8,4.084228515625
812,234,9,4.083343505859375
812,485,10,4.029776573181152
813,514,1,4.816065788269043
813,201,2,3.8655126094818115
813,187,3,4.271115303039551
813,504,4,3.7621049880981445
813,176,5,4.268342971801758
813,1203,6,3.9614477157592773
813,408,7,4.475307941436768
813,488,8,3.8444137573242188
813,177,9,4.1922149658203125
813,192,10,4.010112285614014
814,89,1,3.7843122482299805
814,28,2,3.9104559421539307
814,1449,3,3.9056553840637207
814,657,4,3.7445788383483887
814,302,5,3.744731903076172
814,603,6,3.629136085510254
814,661,7,3.6183528900146484
814,923,8,3.805222988128662
814,838,9,3.317950487136841
814,1462,10,3.5308837890625
815,210,1,4.959560394287109
815,8,2,4.471797466278076
815,500,3,4.132264614105225
815,657,4,4.334329128265381
815,1070,5,4.3332977294921875
815,516,6,4.4361467361450195
815,510,7,4.415841579437256
815,344,8,4.5911760330200195
815,480,9,4.039795875549316
815,1367,10,4.150082588195801
816,1428,1,4.421449184417725
816,1449,2,5.106081485748291
816,582,3,4.679996013641357
816,1190,4,4.443220615386963
816,656,5,4.92153787612915
816,493,6,4.9213032722473145
816,705,7,4.589822769165039
816,59,8,4.8204145431518555
816,966,9,4.708297252655029
816,485,10,4.507661819458008
817,524,1,4.029292106628418
817,12,2,4.622994899749756
817,1523,3,4.088020324707031
817,198,4,4.622447967529297
817,945,5,4.221461772918701
817,661,6,4.218751430511475
817,615,7,4.496657371520996
817,1450,8,3.875365972518921
817,204,9,4.002674102783203
817,483,10,4.431405067443848
818,177,1,4.38023042678833
818,1537,2,3.869316577911377
818,199,3,4.611543655395508
818,724,4,3.9471311569213867
818,1201,5,3.9463961124420166
818,50,6,4.6079840660095215
818,648,7,4.187908172607422
818,14,8,4.067493438720703
818,13,9,4.067124366760254
818,48,10,4.433360576629639
819,603,1,5.363293647766113
819,1122,2,4.3743896484375
819,1187,3,4.562056064605713
819,489,4,4.539469242095947
819,179,5,5.152045726776123
819,48,6,5.128380298614502
819,318,7,5.0313720703125
819,508,8,4.693490505218506
819,1211,9,4.503363132476807
819,100,10,4.3813090324401855
820,268,1,4.645143508911133
820,483,2,4.5002031326293945
820,1450,3,3.971579074859619
820,479,4,4.4534592628479
820,607,5,4.061874866485596
820,520,6,4.409802436828613
820,904,7,4.053701400756836
820,257,8,4.045436382293701
820,1405,9,4.180843353271484
820,923,10,4.091865062713623
821,1159,1,4.557357311248779
821,531,2,4.817293167114258
821,134,3,5.007900238037109
821,699,4,4.752963542938232
821,692,5,4.45875883102417
821,316,6,4.905266761779785
821,208,7,4.452272891998291
821,1142,8,4.852491855621338
821,1591,9,4.680210590362549
821,1203,10,4.496789455413818
822,173,1,4.860019207000732
822,1589,2,3.655167579650879
822,479,3,3.7848386764526367
822,515,4,4.1943678855896
822,642,5,4.009598255157471
822,22,6,3.8647007942199707
822,1039,7,4.161418437957764
822,1413,8,3.803222894668579
822,193,9,3.762948513031006
822,736,10,3.6895155906677246
823,527,1,5.242161273956299
823,199,2,5.150567054748535
823,519,3,4.373998165130615
823,1515,4,4.0841522216796875
823,603,5,4.882546901702881
823,495,6,4.459272384643555
823,132,7,4.5894012451171875
823,1101,8,4.346860885620117
823,1147,9,4.274762153625488
823,1062,10,4.201045036315918
824,174,1,4.104640007019043
824,89,2,3.842198371887207
824,496,3,4.337989807128906
824,132,4,3.873861074447632
824,150,5,3.954803466796875
824,958,6,4.047220706939697
824,315,7,4.0526204109191895
824,1005,8,4.01043176651001
824,393,9,3.809363603591919
824,479,10,4.138355731964111
825,89,1,5.006248474121094
825,1129,2,4.628026008605957
825,520,3,4.615196228027344
825,134,4,4.13623571395874
825,525,5,4.283467769622803
825,1214,6,4.134095668792725
825,1159,7,4.71976900100708
825,745,8,4.342297554016113
825,71,9,4.707374572753906
825,203,10,4.185279369354248
826,633,1,4.524319648742676
826,642,2,4.179459571838379
826,853,3,4.520382404327393
826,144,4,4.802792072296143
826,1636,5,4.218235015869141
826,248,6,4.3050761222839355
826,1098,7,4.040332317352295
826,513,8,4.635799884796143
826,1481,9,4.160671710968018
826,1451,10,4.277210235595703
827,478,1,4.467050552368164
827,169,2,4.417133331298828
827,194,3,4.021815776824951
827,193,4,4.012063503265381
827,963,5,4.327709197998047
827,42,6,4.276865482330322
827,1450,7,3.753783702850342
827,606,8,3.8402140140533447
827,835,9,3.7920916080474854
827,285,10,4.158890247344971
828,22,1,4.387908458709717
828,486,2,3.4023449420928955
828,153,3,4.1704559326171875
828,634,4,3.334346294403076
828,793,5,3.389467716217041
828,1591,6,3.4242048263549805
828,206,7,4.049118518829346
828,100,8,4.042018890380859
828,511,9,4.016999244689941
828,633,10,3.413226842880249
829,302,1,4.84433126449585
829,69,2,4.50556755065918
829,813,3,3.985630989074707
829,179,4,4.073298931121826
829,474,5,4.364229679107666
829,64,6,4.1558756828308105
829,1367,7,3.8090291023254395
829,134,8,4.125824928283691
829,173,9,3.9444265365600586
829,922,10,3.74428653717041
830,608,1,4.130398750305176
830,530,2,4.895358085632324
830,402,3,4.251368999481201
830,488,4,4.36162805557251
830,12,5,4.34525203704834
830,902,6,3.968735456466675
830,639,7,4.090168476104736
830,1159,8,4.179948806762695
830,485,9,4.082190036773682
830,257,10,3.953035831451416
831,172,1,4.040154933929443
831,963,2,4.711195468902588
831,909,3,4.009029865264893
831,483,4,4.454586505889893
831,1462,5,3.8823325634002686
831,71,6,3.8905646800994873
831,523,7,4.0833330154418945
831,661,8,4.083302021026611
831,1388,9,3.629755973815918
831,484,10,4.063760280609131
832,428,1,3.9154465198516846
832,178,2,4.567791938781738
832,516,3,4.204132080078125
832,936,4,4.113659381866455
832,958,5,3.989595890045166
832,483,6,4.447505950927734
832,22,7,4.08188009262085
832,648,8,4.32871675491333
832,1104,9,4.151089191436768
832,488,10,4.058445453643799
833,525,1,4.776339054107666
833,1007,2,4.011481285095215
833,1558,3,4.000894546508789
833,347,4,3.5671262741088867
833,1197,5,3.495682716369629
833,811,6,3.485071897506714
833,709,7,4.154483795166016
833,169,8,3.940964698791504
833,9,9,4.126867294311523
833,304,10,3.6763288974761963
834,71,1,4.729319095611572
834,603,2,5.101635932922363
834,1142,3,4.720200538635254
834,234,4,4.558529853820801
834,42,5,4.539016246795654
834,937,6,4.308570861816406
834,484,7,4.871764659881592
834,1368,8,4.369530200958252
834,1251,9,4.4092020988464355
834,265,10,4.326915264129639
835,24,1,4.341388702392578
835,165,2,4.978480339050293
835,1604,3,4.56786584854126
835,1211,4,4.650918960571289
835,516,5,4.528407573699951
835,463,6,4.798687934875488
835,661,7,4.317807674407959
835,500,8,4.764837265014648
835,360,9,4.309537887573242
835,956,10,4.348541259765625
836,270,1,3.762876272201538
836,427,2,4.711925506591797
836,114,3,4.636068820953369
836,64,4,4.629202365875244
836,478,5,4.453432083129883
836,848,6,3.832599639892578
836,648,7,4.110859394073486
836,213,8,3.8309645652770996
836,488,9,4.2662763595581055
836,215,10,3.711996555328369
837,520,1,4.826486110687256
837,423,2,4.45615816116333
837,124,3,4.701682090759277
837,86,4,4.39024543762207
837,1512,5,4.362058639526367
837,185,6,4.5330610275268555
837,1073,7,4.152871608734131
837,427,8,4.524434566497803
837,202,9,4.1431427001953125
837,657,10,3.9862570762634277
838,316,1,5.09028434753418
838,205,2,4.961353778839111
838,239,3,3.982851982116699
838,1136,4,4.047815799713135
838,169,5,4.580020427703857
838,133,6,4.337915897369385
838,210,7,4.4508185386657715
838,97,8,4.346250534057617
838,1143,9,4.170004844665527
838,1639,10,4.224183559417725
839,408,1,4.303585052490234
839,74,2,3.9116768836975098
839,114,3,4.7131571769714355
839,1269,4,4.151141166687012
839,97,5,4.486999034881592
839,1021,6,4.142341136932373
839,429,7,4.029074668884277
839,659,8,3.9208223819732666
839,10,9,4.353707313537598
839,1169,10,4.329016208648682
840,408,1,5.218525409698486
840,1449,2,5.059539794921875
840,1070,3,3.9223709106445312
840,491,4,4.706928253173828
840,136,5,4.482821464538574
840,1500,6,4.301673889160156
840,770,7,4.209531307220459
840,1021,8,4.598114967346191
840,119,9,4.40167760848999
840,207,10,3.9277076721191406
841,427,1,4.5998663902282715
841,191,2,4.596481800079346
841,144,3,4.363665580749512
841,966,4,4.360931396484375
841,656,5,4.557417869567871
841,208,6,4.55224084854126
841,663,7,4.549640655517578
841,194,8,4.663410186767578
841,528,9,4.648899555206299
841,435,10,4.615207195281982
842,174,1,4.695827484130859
842,135,2,4.033306121826172
842,487,3,4.366421699523926
842,611,4,4.366174221038818
842,603,5,4.24689245223999
842,970,6,4.028003692626953
842,192,7,4.245377540588379
842,275,8,3.98408842086792
842,96,9,4.511038303375244
842,1154,10,3.978990077972412
843,315,1,3.518220901489258
843,694,2,3.7842912673950195
843,811,3,3.1499414443969727
843,461,4,3.0474517345428467
843,1191,5,3.1967411041259766
843,140,6,3.32479190826416
843,558,7,3.5975403785705566
843,648,8,3.3170382976531982
843,128,9,3.5531816482543945
843,116,10,3.119981527328491
844,1243,1,3.479424476623535
844,603,2,4.515013217926025
844,333,3,3.553407907485962
844,234,4,3.988513708114624
844,188,5,3.677349805831909
844,1142,6,3.8387343883514404
844,848,7,3.531776189804077
844,1449,8,4.145930290222168
844,42,9,4.119972229003906
844,236,10,3.5266342163085938
845,12,1,4.028901100158691
845,659,2,3.9271717071533203
845,1604,3,3.1489570140838623
845,483,4,3.3977293968200684
845,657,5,3.8425843715667725
845,119,6,3.309695243835449
845,215,7,3.0648677349090576
845,258,8,3.6092123985290527
845,1544,9,3.1240439414978027
845,1,10,3.5858635902404785
846,169,1,5.609806060791016
846,1171,2,4.225168704986572
846,408,3,4.979471206665039
846,1125,4,4.0809783935546875
846,905,5,4.365379810333252
846,114,6,4.713509559631348
846,1277,7,4.477194786071777
846,936,8,4.330202102661133
846,1330,9,4.10867166519165
846,310,10,4.1015095710754395
847,57,1,4.544830799102783
847,79,2,4.159323692321777
847,199,3,3.8590660095214844
847,174,4,3.7270429134368896
847,69,5,4.128604888916016
847,194,6,3.708636999130249
847,205,7,3.378406047821045
847,718,8,3.688514471054077
847,251,9,3.998603105545044
847,606,10,3.5679242610931396
848,544,1,4.806694030761719
848,408,2,5.437789440155029
848,1142,3,4.592422962188721
848,1269,4,4.464536190032959
848,956,5,4.229764461517334
848,776,6,4.704879283905029
848,699,7,4.679717540740967
848,1124,8,4.246602535247803
848,622,9,4.6573710441589355
848,1500,10,4.236130714416504
849,608,1,4.559345722198486
849,405,2,4.535146713256836
849,119,3,4.50474739074707
849,498,4,5.122007369995117
849,87,5,4.848094940185547
849,1019,6,5.081705570220947
849,169,7,4.915067672729492
849,746,8,5.041461944580078
849,500,9,4.591024875640869
849,524,10,4.904991626739502
850,143,1,5.361971855163574
850,927,2,4.086091041564941
850,1450,3,4.208563327789307
850,148,4,4.896055698394775
850,270,5,4.787841320037842
850,119,6,4.293500900268555
850,83,7,4.706425666809082
850,88,8,4.500060558319092
850,253,9,4.331258773803711
850,937,10,4.320568084716797
851,96,1,5.523015975952148
851,357,2,5.104766368865967
851,1114,3,3.9984052181243896
851,195,4,4.784148693084717
851,1642,5,4.258816242218018
851,872,6,4.357464790344238
851,750,7,4.1415839195251465
851,1065,8,3.9203836917877197
851,1121,9,4.12960958480835
851,813,10,3.9524505138397217
852,96,1,4.001764297485352
852,435,2,4.215351104736328
852,484,3,4.7128424644470215
852,116,4,4.2768402099609375
852,1604,5,3.957531690597534
852,199,6,4.5996832847595215
852,427,7,4.369320392608643
852,1203,8,4.347897052764893
852,1451,9,4.242957592010498
852,242,10,4.224497318267822
853,498,1,4.4634108543396
853,416,2,3.852241039276123
853,285,3,4.127156734466553
853,132,4,4.386110305786133
853,59,5,4.007911205291748
853,611,6,3.785094738006592
853,151,7,4.0662946701049805
853,360,8,3.7467572689056396
853,174,9,4.046287536621094
853,694,10,3.9332070350646973
854,169,1,4.8572235107421875
854,524,2,3.9622962474823
854,813,3,4.325051307678223
854,1623,4,3.5147411823272705
854,408,5,4.143445014953613
854,770,6,3.6372015476226807
854,614,7,3.364908218383789
854,671,8,3.355201005935669
854,854,9,4.054971694946289
854,190,10,4.066057205200195
855,174,1,4.2495927810668945
855,199,2,4.2407941818237305
855,467,3,3.4681568145751953
855,198,4,3.847010850906372
855,265,5,4.085556507110596
855,902,6,3.548288106918335
855,48,7,3.595686912536621
855,136,8,3.976314067840576
855,100,9,3.7788243293762207
855,657,10,3.519009590148926
856,484,1,4.578670501708984
856,12,2,5.010266304016113
856,316,3,4.4525532722473145
856,519,4,4.177742004394531
856,794,5,4.098567008972168
856,479,6,4.79185676574707
856,320,7,4.693548679351807
856,162,8,4.195151329040527
856,70,9,4.38223934173584
856,222,10,4.601417064666748
857,675,1,3.9335339069366455
857,645,2,4.139068603515625
857,1,3,4.594817638397217
857,1136,4,3.7615973949432373
857,169,5,4.429189682006836
857,608,6,3.6754658222198486
857,1137,7,3.9979794025421143
857,119,8,3.744046211242676
857,1159,9,4.054515838623047
857,1233,10,3.6509687900543213
858,603,1,4.969125747680664
858,48,2,4.196571350097656
858,1500,3,4.435969352722168
858,491,4,4.092562675476074
858,177,5,4.301029205322266
858,176,6,4.555474281311035
858,187,7,4.542233943939209
858,525,8,4.535518646240234
858,238,9,4.074838161468506
858,119,10,4.10632848739624
859,357,1,5.258434772491455
859,26,2,4.313351631164551
859,654,3,4.435122489929199
859,191,4,4.660336017608643
859,234,5,4.874261379241943
859,523,6,4.496344089508057
859,479,7,4.4677734375
859,131,8,4.465089797973633
859,196,9,4.464991092681885
859,33,10,4.388919830322266
860,659,1,3.952678680419922
860,921,2,3.827831506729126
860,265,3,3.760651111602783
860,489,4,4.036038398742676
860,519,5,4.351017951965332
860,651,6,4.321339130401611
860,527,7,4.289759635925293
860,8,8,4.289139747619629
860,1193,9,4.075242519378662
860,1251,10,4.054962158203125
861,74,1,4.434905052185059
861,1129,2,4.245412349700928
861,514,3,4.677992820739746
861,134,4,4.961143493652344
861,923,5,4.905994415283203
861,28,6,4.507039546966553
861,258,7,4.6031951904296875
861,79,8,4.806042671203613
861,405,9,4.393086910247803
861,318,10,4.389916896820068
862,156,1,5.536962509155273
862,203,2,5.434928894042969
862,1233,3,4.721089839935303
862,1099,4,4.888962268829346
862,332,5,4.993914604187012
862,1211,6,4.633264064788818
862,838,7,4.7319488525390625
862,443,8,5.08209753036499
862,87,9,5.053483486175537
862,1103,10,4.91006326675415
863,531,1,3.8411903381347656
863,114,2,4.909120082855225
863,919,3,4.102840423583984
863,633,4,4.087569236755371
863,100,5,4.583761692047119
863,514,6,4.536749839782715
863,127,7,4.145265102386475
863,922,8,4.121453285217285
863,1558,9,4.297454357147217
863,1070,10,3.625016212463379
864,313,1,5.191003322601318
864,205,2,5.152144908905029
864,115,3,4.6238837242126465
864,1451,4,4.510195255279541
864,1077,5,4.0938615798950195
864,272,6,4.799982070922852
864,1537,7,4.134918212890625
864,656,8,4.358660697937012
864,193,9,4.737005710601807
864,1480,10,4.125176906585693
865,185,1,3.6467084884643555
865,741,2,3.7650444507598877
865,1338,3,3.3476319313049316
865,611,4,4.2415924072265625
865,81,5,3.975984811782837
865,173,6,4.20028018951416
865,740,7,3.9358601570129395
865,183,8,3.933474540710449
865,152,9,3.5796468257904053
865,647,10,4.094454765319824
866,205,1,3.2506542205810547
866,135,2,3.550882339477539
866,23,3,3.0328316688537598
866,170,4,3.209259271621704
866,705,5,3.1939268112182617
866,8,6,2.832091808319092
866,169,7,3.3293120861053467
866,1099,8,2.873117208480835
866,186,9,3.1546826362609863
866,190,10,3.2632570266723633
867,207,1,5.367069244384766
867,285,2,5.155618667602539
867,923,3,4.727367401123047
867,463,4,4.878299236297607
867,275,5,5.027703285217285
867,83,6,4.994852066040039
867,61,7,4.795370578765869
867,607,8,4.977452278137207
867,320,9,4.583216190338135
867,850,10,4.4497270584106445
868,647,1,4.627575397491455
868,490,2,4.219794273376465
868,661,3,3.824036121368408
868,1462,4,3.613269090652466
868,1449,5,3.8213682174682617
868,478,6,3.9529998302459717
868,1269,7,3.59989857673645
868,526,8,3.943784713745117
868,357,9,4.208979606628418
868,499,10,3.888042688369751
869,156,1,4.121708869934082
869,603,2,4.109791278839111
869,22,3,3.146747589111328
869,701,4,3.1410562992095947
869,709,5,3.2456469535827637
869,136,6,3.4597854614257812
869,73,7,3.093275785446167
869,1084,8,3.36492657661438
869,60,9,3.6226449012756348
869,7,10,3.616779088973999
870,607,1,4.170823574066162
870,612,2,3.60898756980896
870,221,3,4.447369575500488
870,218,4,3.6548476219177246
870,201,5,3.8938636779785156
870,1245,6,3.807379722595215
870,1,7,4.2661213874816895
870,1368,8,4.263936996459961
870,515,9,4.243786334991455
870,1500,10,3.9504547119140625
871,1167,1,3.933718204498291
871,445,2,3.835775852203369
871,132,3,4.701138973236084
871,601,4,3.990339756011963
871,297,5,3.9984631538391113
871,604,6,4.050378799438477
871,144,7,4.554932594299316
871,378,8,4.270524978637695
871,466,9,4.150287628173828
871,521,10,4.221875190734863
872,126,1,3.9849891662597656
872,315,2,4.194674015045166
872,119,3,4.058459758758545
872,945,4,4.182614803314209
872,165,5,4.436823844909668
872,12,6,4.390105724334717
872,966,7,4.15355110168457
872,493,8,4.133726596832275
872,1544,9,3.8422820568084717
872,863,10,4.105550765991211
873,199,1,4.7445068359375
873,1594,2,4.201189041137695
873,648,3,4.122875213623047
873,611,4,3.8258907794952393
873,958,5,4.4763617515563965
873,423,6,4.104640007019043
873,963,7,4.423506259918213
873,250,8,3.9994616508483887
873,1142,9,4.2284626960754395
873,528,10,4.2189741134643555
874,202,1,4.2668914794921875
874,469,2,3.776963710784912
874,192,3,3.9886558055877686
874,203,4,3.9904592037200928
874,1585,5,3.922774076461792
874,519,6,4.185908794403076
874,408,7,4.185864448547363
874,497,8,4.373332500457764
874,1643,9,4.3573384284973145
874,241,10,4.00776481628418
875,285,1,5.018705368041992
875,151,2,4.451066970825195
875,60,3,4.9429612159729
875,494,4,4.569382667541504
875,492,5,4.368778705596924
875,200,6,4.873644828796387
875,92,7,4.355365753173828
875,526,8,4.813868522644043
875,408,9,4.708644390106201
875,1293,10,4.15242338180542
876,512,1,4.683707237243652
876,478,2,4.379158973693848
876,191,3,4.523192405700684
876,958,4,4.328320026397705
876,491,5,4.020669937133789
876,10,6,4.239839553833008
876,513,7,4.512143611907959
876,516,8,3.958099365234375
876,510,9,4.409872055053711
876,656,10,4.152688026428223
877,1122,1,3.9850549697875977
877,697,2,4.956793785095215
877,661,3,4.861927032470703
877,604,4,4.7853288650512695
877,427,5,4.74871301651001
877,813,6,4.72492790222168
877,389,7,4.124878883361816
877,187,8,4.706860542297363
877,50,9,4.229547023773193
877,1019,10,4.217998504638672
878,315,1,4.660573959350586
878,408,2,4.638610363006592
878,483,3,4.62522029876709
878,150,4,3.6770198345184326
878,86,5,4.351949214935303
878,114,6,4.3254170417785645
878,30,7,3.793175458908081
878,661,8,4.046968936920166
878,214,9,3.8645272254943848
878,223,10,3.998408794403076
879,174,1,4.693209171295166
879,835,2,3.8452389240264893
879,478,3,4.570228576660156
879,493,4,4.086909770965576
879,315,5,4.478579998016357
879,1194,6,4.155750274658203
879,490,7,3.9094126224517822
879,850,8,3.90531849861145
879,69,9,4.026782035827637
879,287,10,3.8058903217315674
880,1585,1,3.9870712757110596
880,199,2,4.738471508026123
880,1269,3,4.393817901611328
880,521,4,4.631473064422607
880,313,5,4.37126350402832
880,205,6,4.589698314666748
880,969,7,3.8720407485961914
880,498,8,4.230042457580566
880,360,9,4.219714641571045
880,1251,10,4.331369876861572
881,1063,1,3.868990898132324
881,1104,2,4.175408363342285
881,963,3,4.492778778076172
881,203,4,4.306911468505859
881,554,5,4.309000015258789
881,137,6,3.738612413406372
881,1268,7,4.461681365966797
881,326,8,4.401528835296631
881,1262,9,3.959503173828125
881,1367,10,4.113762855529785
882,513,1,5.3602094650268555
882,484,2,5.180948734283447
882,182,3,5.1317572593688965
882,1501,4,4.104189395904541
882,501,5,4.433262825012207
882,1020,6,4.278509616851807
882,1111,7,4.273091793060303
882,251,8,4.340531349182129
882,448,9,4.210118770599365
882,1268,10,4.318805694580078
883,525,1,4.914705753326416
883,75,2,4.3096723556518555
883,257,3,4.309020042419434
883,498,4,4.799323081970215
883,23,5,3.9974911212921143
883,1302,6,4.190685272216797
883,246,7,4.559064865112305
883,1233,8,3.984781503677368
883,608,9,4.267683029174805
883,1063,10,4.246780872344971
884,530,1,4.231950759887695
884,493,2,4.634530067443848
884,603,3,4.57852029800415
884,1368,4,4.185297012329102
884,511,5,4.346305847167969
884,1084,6,3.975512981414795
884,301,7,3.985262393951416
884,601,8,3.7258734703063965
884,189,9,4.133567810058594
884,671,10,3.7796387672424316
885,64,1,4.815924167633057
885,504,2,4.3091325759887695
885,705,3,4.220653533935547
885,251,4,3.4414076805114746
885,968,5,3.3583009243011475
885,282,6,3.7390317916870117
885,31,7,3.4756717681884766
885,1268,8,3.620591163635254
885,183,9,4.03814697265625
885,922,10,3.712571382522583
886,495,1,3.5480916500091553
886,185,2,4.565258979797363
886,480,3,3.9557106494903564
886,1394,4,3.8138926029205322
886,651,5,4.4294209480285645
886,1243,6,3.6149086952209473
886,922,7,3.872854709625244
886,904,8,4.172120094299316
886,1085,9,3.5066885948181152
886,499,10,4.151960372924805
887,271,1,4.714567184448242
887,175,2,5.1065850257873535
887,922,3,4.390707969665527
887,480,4,5.040043830871582
887,1401,5,4.089151382446289
887,425,6,4.842258453369141
887,265,7,4.837947845458984
887,1558,8,4.472695827484131
887,1203,9,4.131901741027832
887,73,10,4.435052871704102
888,1122,1,4.164036273956299
888,285,2,4.82237434387207
888,969,3,4.3911213874816895
888,480,4,4.787243366241455
888,213,5,4.788191795349121
888,523,6,4.382226943969727
888,119,7,4.754522800445557
888,204,8,4.223747730255127
888,485,9,4.421159744262695
888,124,10,4.616421699523926
889,143,1,4.705597400665283
889,176,2,4.306821346282959
889,1386,3,3.529376745223999
889,197,4,4.014404773712158
889,287,5,3.569448232650757
889,133,6,3.772563934326172
889,632,7,3.8941779136657715
889,111,8,3.7571139335632324
889,432,9,3.798624038696289
889,525,10,4.066819667816162
890,511,1,4.16771125793457
890,478,2,4.365291595458984
890,661,3,4.6232099533081055
890,302,4,4.82565975189209
890,1021,5,4.570807456970215
890,517,6,4.5413007736206055
890,1201,7,4.420144557952881
890,966,8,4.411697864532471
890,188,9,4.184873580932617
890,656,10,4.674624443054199
891,178,1,5.284558296203613
891,588,2,4.447712421417236
891,479,3,5.2034783363342285
891,79,4,4.764410495758057
891,302,5,4.7529296875
891,89,6,4.733766078948975
891,164,7,4.9647908210754395
891,270,8,4.424924850463867
891,490,9,4.564269065856934
891,1643,10,4.561030864715576
892,115,1,4.463784217834473
892,316,2,4.534692764282227
892,750,3,5.1346116065979
892,675,4,5.085988998413086
892,33,5,4.185988426208496
892,922,6,5.051530361175537
892,491,7,4.615134239196777
892,469,8,4.504166126251221
892,170,9,4.693907260894775
892,156,10,4.810727119445801
893,204,1,4.552669525146484
893,1451,2,3.824354887008667
893,602,3,4.109689712524414
893,1021,4,4.403227806091309
893,523,5,4.107903480529785
893,514,6,4.206367015838623
893,641,7,4.200003623962402
893,265,8,4.341894149780273
893,494,9,4.320268154144287
893,205,10,4.309889316558838
894,1104,1,4.316009521484375
894,739,2,4.037744522094727
894,64,3,4.742747783660889
894,1313,4,3.887068510055542
894,164,5,4.411847114562988
894,644,6,4.653787612915039
894,209,7,4.011917591094971
894,1233,8,4.168200492858887
894,498,9,4.546900749206543
894,432,10,4.2332282066345215
895,169,1,4.678830623626709
895,191,2,4.6036834716796875
895,172,3,4.26719856262207
895,659,4,4.089917182922363
895,464,5,3.9431867599487305
895,647,6,4.239600658416748
895,305,7,4.107935905456543
895,1131,8,4.223508834838867
895,427,9,4.286411285400391
895,12,10,4.38272762298584
896,1468,1,3.638500690460205
896,1039,2,4.342700004577637
896,116,3,3.9518606662750244
896,465,4,3.8493010997772217
896,1466,5,3.7120378017425537
896,612,6,4.121343612670898
896,611,7,3.589136838912964
896,1203,8,4.007842063903809
896,1483,9,3.4511027336120605
896,1367,10,3.307577133178711
897,531,1,4.6925835609436035
897,119,2,4.686434268951416
897,1269,3,4.62430477142334
897,499,4,4.440868854522705
897,644,5,4.050981521606445
897,854,6,4.782271862030029
897,216,7,4.411386489868164
897,1444,8,4.260586738586426
897,963,9,4.746212959289551
897,285,10,4.534148216247559
898,513,1,4.691518306732178
898,1251,2,3.7655203342437744
898,191,3,4.547223091125488
898,1361,4,3.7614095211029053
898,813,5,4.276186943054199
898,606,6,4.4457597732543945
898,1005,7,3.868868112564087
898,12,8,4.0428361892700195
898,234,9,4.215975284576416
898,529,10,3.8602874279022217
899,251,1,4.740528106689453
899,429,2,4.72671365737915
899,916,3,4.073360443115234
899,530,4,4.256647109985352
899,210,5,4.483859062194824
899,1367,6,3.7361958026885986
899,936,7,4.174955368041992
899,494,8,3.930870532989502
899,166,9,3.7531604766845703
899,868,10,4.302053928375244
900,79,1,3.309189558029175
900,172,2,3.887622833251953
900,1103,3,3.186251163482666
900,705,4,3.3864262104034424
900,88,5,3.1077189445495605
900,927,6,2.9923453330993652
900,588,7,3.3573055267333984
900,143,8,3.155677080154419
900,22,9,3.3445098400115967
900,465,10,3.1988964080810547
901,520,1,5.112451553344727
901,1515,2,4.199108600616455
901,659,3,4.797061920166016
901,526,4,4.706692695617676
901,1050,5,4.355110168457031
901,589,6,4.337531566619873
901,519,7,4.649960041046143
901,185,8,4.633341312408447
901,59,9,4.155898094177246
901,333,10,4.05579137802124
902,526,1,3.8203139305114746
902,1005,2,3.5626678466796875
902,922,3,4.212113380432129
902,313,4,3.657576322555542
902,316,5,3.6338536739349365
902,1084,6,3.4644339084625244
902,273,7,3.464132308959961
902,921,8,3.363389015197754
902,283,9,3.85520076751709
902,12,10,3.8501288890838623
903,132,1,4.737643718719482
903,527,2,4.614708423614502
903,311,3,3.9883716106414795
903,1524,4,3.9846997261047363
903,1012,5,3.9242348670959473
903,919,6,4.057081699371338
903,1154,7,4.140419960021973
903,144,8,4.474511623382568
903,528,9,4.409295082092285
903,1203,10,4.197581768035889
904,313,1,5.182500839233398
904,132,2,5.010677814483643
904,604,3,4.243468284606934
904,483,4,4.3322014808654785
904,923,5,4.699138641357422
904,1553,6,4.0719170570373535
904,136,7,4.624922275543213
904,247,8,3.979572057723999
904,147,9,3.9776883125305176
904,200,10,4.403536319732666
905,287,1,4.018473148345947
905,480,2,4.500822067260742
905,1251,3,4.0850348472595215
905,963,4,4.495877265930176
905,479,5,4.370945930480957
905,136,6,4.151688098907471
905,1139,7,3.845479965209961
905,185,8,4.096745014190674
905,197,9,4.240556716918945
905,604,10,4.232784748077393
906,64,1,4.908935546875
906,187,2,4.873380661010742
906,526,3,4.032541275024414
906,692,4,4.310930252075195
906,251,5,4.6860880851745605
906,48,6,4.389078617095947
906,519,7,4.144501686096191
906,705,8,4.373933792114258
906,511,9,4.329848289489746
906,762,10,4.0796003341674805
907,655,1,5.169252395629883
907,443,2,4.804257869720459
907,34,3,4.670207977294922
907,1594,4,5.086004734039307
907,12,5,5.2866387367248535
907,1505,6,4.693425178527832
907,394,7,4.941011905670166
907,22,8,5.2294487953186035
907,1240,9,4.866307735443115
907,1159,10,5.197054862976074
908,1218,1,4.018531322479248
908,1129,2,3.7443251609802246
908,604,3,3.9802708625793457
908,95,4,3.7251553535461426
908,519,5,3.659113645553589
908,169,6,4.124192714691162
908,1084,7,3.615708827972412
908,86,8,4.083469390869141
908,198,9,3.602297782897949
908,257,10,4.03844690322876
909,1449,1,5.567684173583984
909,653,2,4.983545303344727
909,500,3,4.8373589515686035
909,1005,4,4.835432529449463
909,520,5,5.0989909172058105
909,657,6,5.250884056091309
909,526,7,5.095555305480957
909,1269,8,5.084277629852295
909,316,9,4.902779579162598
909,1500,10,5.022958755493164
910,144,1,3.6907010078430176
910,114,2,4.09644079208374
910,404,3,3.9383158683776855
910,657,4,4.361205577850342
910,179,5,4.041660308837891
910,659,6,4.032832622528076
910,119,7,3.5371627807617188
910,207,8,3.848449945449829
910,236,9,3.8430442810058594
910,1512,10,4.146082878112793
911,477,1,5.076613903045654
911,1405,2,4.17401123046875
911,192,3,4.369259357452393
911,161,4,3.977789878845215
911,511,5,4.341069221496582
911,958,6,4.141159534454346
911,500,7,4.590503215789795
911,658,8,4.19933557510376
911,645,9,4.126418113708496
911,710,10,4.272766590118408
912,98,1,4.48651123046875
912,484,2,4.106425762176514
912,1268,3,3.9455840587615967
912,89,4,3.9344687461853027
912,480,5,4.057783126831055
912,255,6,3.782277822494507
912,1007,7,4.285461902618408
912,511,8,3.638780117034912
912,701,9,3.8269577026367188
912,676,10,3.5807299613952637
913,48,1,4.4883832931518555
913,10,2,4.0239691734313965
913,662,3,3.73982310295105
913,125,4,3.817171096801758
913,694,5,4.365785121917725
913,1166,6,3.6336753368377686
913,248,7,3.696202516555786
913,272,8,3.8808810710906982
913,1367,9,3.8745739459991455
913,45,10,3.758866548538208
914,686,1,3.6855037212371826
914,48,2,3.8125596046447754
914,172,3,4.586512088775635
914,169,4,4.533743381500244
914,513,5,4.483382701873779
914,1193,6,4.019186496734619
914,484,7,4.335208892822266
914,12,8,4.000692844390869
914,268,9,3.694197416305542
914,1070,10,3.816329002380371
915,475,1,3.8547608852386475
915,48,2,3.7284374237060547
915,50,3,4.09679651260376
915,207,4,3.6968326568603516
915,70,5,3.5514485836029053
915,316,6,3.9865593910217285
915,498,7,3.9805283546447754
915,96,8,3.351660966873169
915,513,9,3.92812180519104
915,132,10,3.5788800716400146
916,1103,1,4.186540603637695
916,1240,2,3.7316651344299316
916,479,3,4.3593597412109375
916,487,4,3.932480812072754
916,813,5,4.148000717163086
916,607,6,4.329843997955322
916,482,7,4.141313552856445
916,520,8,3.92090106010437
916,1097,9,3.7778992652893066
916,778,10,4.271448135375977
917,603,1,4.670139789581299
917,608,2,3.51584529876709
917,522,3,3.4648611545562744
917,45,4,3.925670623779297
917,176,5,3.626904010772705
917,606,6,3.9156768321990967
917,966,7,3.6218974590301514
917,9,8,4.114306449890137
917,923,9,3.913113832473755
917,114,10,4.051163673400879
918,272,1,3.753690481185913
918,919,2,3.7453627586364746
918,10,3,4.43631649017334
918,129,4,4.0663042068481445
918,675,5,3.9068098068237305
918,853,6,4.287153244018555
918,1193,7,4.032734394073486
918,1167,8,4.226961135864258
918,361,9,3.5723164081573486
918,589,10,3.607675313949585
919,416,1,4.015859603881836
919,177,2,3.784820079803467
919,1405,3,4.498230934143066
919,606,4,4.456770896911621
919,189,5,4.43770694732666
919,805,6,3.9156341552734375
919,631,7,3.8710761070251465
919,216,8,4.214917182922363
919,1154,9,3.9914538860321045
919,1147,10,4.328474521636963
920,165,1,4.567481994628906
920,963,2,4.50006628036499
920,198,3,4.482938766479492
920,114,4,4.254115581512451
920,196,5,3.810011386871338
920,199,6,4.1673150062561035
920,478,7,4.32351541519165
920,651,8,4.125095844268799
920,1451,9,3.8292691707611084
920,493,10,3.955936908721924
921,1357,1,3.6274077892303467
921,705,2,4.419583320617676
921,390,3,3.6163837909698486
921,525,4,3.8293511867523193
921,499,5,3.9563677310943604
921,177,6,3.4275364875793457
921,258,7,4.134164810180664
921,1131,8,3.8119306564331055
921,896,9,3.44936466217041
921,513,10,4.044256210327148
922,189,1,4.252535820007324
922,513,2,4.8354902267456055
922,1194,3,4.605359077453613
922,896,4,4.357785701751709
922,185,5,4.218104839324951
922,487,6,3.867114543914795
922,199,7,4.487940311431885
922,1169,8,4.102571964263916
922,530,9,4.176263809204102
922,1050,10,3.8885397911071777
923,12,1,5.5061469078063965
923,615,2,5.058974742889404
923,528,3,5.315835952758789
923,320,4,5.036196231842041
923,91,5,4.755378246307373
923,285,6,5.207643032073975
923,86,7,4.848018169403076
923,709,8,4.919793128967285
923,529,9,5.148666858673096
923,530,10,4.993137359619141
924,850,1,4.207040786743164
924,530,2,4.094740390777588
924,484,3,4.496703147888184
924,432,4,4.4910078048706055
924,1286,5,4.174846172332764
924,1466,6,3.9956023693084717
924,608,7,4.054447650909424
924,866,8,3.9762117862701416
924,1266,9,3.8181405067443848
924,234,10,4.117105960845947
925,603,1,4.571519374847412
925,1459,2,3.8344836235046387
925,1137,3,4.02924108505249
925,99,4,3.974609613418579
925,11,5,4.238665580749512
925,82,6,4.36436128616333
925,151,7,4.008079528808594
925,474,8,3.9453389644622803
925,966,9,4.273411750793457
925,707,10,4.2644548416137695
926,205,1,4.315020561218262
926,89,2,4.547269821166992
926,474,3,4.541296482086182
926,514,4,3.943910598754883
926,191,5,4.091322898864746
926,459,6,4.0411763191223145
926,248,7,4.406805038452148
926,633,8,4.242224216461182
926,1594,9,3.8793699741363525
926,922,10,3.91522479057312
927,12,1,5.388326644897461
927,272,2,5.101526260375977
927,546,3,3.9431257247924805
927,497,4,4.276570796966553
927,615,5,4.269802570343018
927,1019,6,4.8611555099487305
927,1111,7,4.24345064163208
927,33,8,4.720566749572754
927,596,9,4.055285930633545
927,528,10,4.225973129272461
928,1462,1,4.877667427062988
928,1245,2,4.937505722045898
928,45,3,4.758435249328613
928,1293,4,5.113723278045654
928,9,5,5.268252372741699
928,479,6,5.185811996459961
928,73,7,5.014549255371094
928,923,8,5.304095268249512
928,32,9,5.288952827453613
928,115,10,5.130701065063477
929,223,1,4.191890239715576
929,131,2,3.955653429031372
929,316,3,4.490074157714844
929,208,4,4.421060085296631
929,812,5,3.691843271255493
929,1190,6,3.93389892578125
929,1639,7,4.125996112823486
929,48,8,4.247110366821289
929,1073,9,3.8437838554382324
929,180,10,4.037055492401123
930,213,1,3.8742947578430176
930,272,2,4.521180152893066
930,1558,3,3.989609956741333
930,863,4,3.9673051834106445
930,530,5,3.810835599899292
930,896,6,3.803698778152466
930,119,7,3.953962802886963
930,96,8,3.717630624771118
930,1154,9,3.6424143314361572
930,746,10,3.7761216163635254
931,1154,1,3.655287504196167
931,638,2,4.050261497497559
931,191,3,4.485354900360107
931,513,4,4.446473121643066
931,170,5,4.152884483337402
931,837,6,3.9409070014953613
931,487,7,4.036798000335693
931,503,8,3.9182496070861816
931,1450,9,3.775062084197998
931,1251,10,4.092893600463867
932,694,1,5.051975727081299
932,707,2,4.985713005065918
932,1176,3,4.106165885925293
932,856,4,4.8160271644592285
932,731,5,4.091348648071289
932,404,6,4.255852222442627
932,451,7,4.330399036407471
932,399,8,4.2356648445129395
932,699,9,4.391622543334961
932,102,10,4.194991588592529
934,686,1,4.0887250900268555
934,778,2,4.97396183013916
934,272,3,4.948814392089844
934,479,4,4.923027038574219
934,896,5,4.760219097137451
934,1098,6,4.6303510665893555
934,1064,7,4.1027069091796875
934,1459,8,4.160791397094727
934,847,9,4.136381149291992
934,332,10,4.3293585777282715
935,490,1,4.488300323486328
935,1302,2,4.1334052085876465
935,419,3,4.459930896759033
935,265,4,4.454710006713867
935,1137,5,4.320022106170654
935,1594,6,4.020195960998535
935,936,7,4.637060165405273
935,958,8,4.592347145080566
935,1268,9,4.305609226226807
935,1143,10,4.095509052276611
936,1158,1,4.324259281158447
936,490,2,4.393746376037598
936,58,3,4.7465972900390625
936,969,4,4.264304161071777
936,32,5,4.4605712890625
936,234,6,4.976018905639648
936,154,7,4.651660442352295
936,653,8,4.521882057189941
936,423,9,4.804811000823975
936,315,10,4.795640468597412
937,1122,1,3.692580461502075
937,133,2,4.509520530700684
937,474,3,4.2252020835876465
937,217,4,3.7791876792907715
937,127,5,4.411360740661621
937,89,6,4.120294570922852
937,479,7,4.37389612197876
937,182,8,3.876260995864868
937,511,9,4.0264668464660645
937,923,10,3.862945079803467
938,922,1,3.958449363708496
938,12,2,5.047415733337402
938,483,3,4.880624294281006
938,602,4,4.21168851852417
938,480,5,4.840599060058594
938,1218,6,4.293976306915283
938,271,7,4.285233974456787
938,270,8,4.683989524841309
938,4,9,4.47297477722168
938,129,10,4.256588459014893
939,661,1,5.573891639709473
939,262,2,5.375229358673096
939,134,3,5.134983539581299
939,429,4,4.721671104431152
939,197,5,5.292216777801514
939,211,6,4.993221759796143
939,615,7,5.098940372467041
939,272,8,5.266639709472656
939,811,9,4.786418914794922
939,1007,10,4.900179386138916
940,211,1,4.633756160736084
940,241,2,3.7720277309417725
940,787,3,3.9187397956848145
940,776,4,3.6442620754241943
940,489,5,4.358424663543701
940,208,6,4.314021110534668
940,1098,7,4.312161445617676
940,1138,8,3.709557294845581
940,30,9,3.9766173362731934
940,1160,10,3.927626132965088
941,474,1,4.340331077575684
941,174,2,4.772787570953369
941,71,3,4.413877964019775
941,423,4,4.32356071472168
941,23,5,4.689115047454834
941,489,6,4.401176452636719
941,657,7,4.6635661125183105
941,276,8,4.174552917480469
941,22,9,4.565154552459717
941,183,10,4.461239337921143
942,136,1,4.370609760284424
942,129,2,5.210422515869141
942,133,3,4.991722106933594
942,653,4,4.4123148918151855
942,181,5,4.411492824554443
942,482,6,4.860318660736084
942,682,7,4.342790603637695
942,96,8,4.443202495574951
942,966,9,4.510300159454346
942,1070,10,4.419794082641602
943,789,1,4.165122032165527
943,515,2,4.8331990242004395
943,1159,3,4.447299003601074
943,478,4,4.759984970092773
943,1137,5,4.7398457527160645
943,778,6,4.6666483879089355
943,199,7,4.197375774383545
943,1600,8,3.845496654510498
943,1131,9,4.30274772644043
943,963,10,4.276853561401367
