user_id,item_id,rank,pred_rating
1,511,1,5.398755073547363
1,302,2,5.3057684898376465
1,357,3,5.22554874420166
1,1269,4,4.519245624542236
1,919,5,4.505507946014404
1,657,6,4.97519588470459
1,647,7,4.932039260864258
1,408,8,4.912804126739502
1,455,9,4.482508659362793
1,171,10,4.756487846374512
2,604,1,4.7391228675842285
2,603,2,4.524489402770996
2,902,3,4.235976219177246
2,132,4,4.2192864418029785
2,98,5,4.475303649902344
2,114,6,4.088510036468506
2,488,7,4.451228618621826
2,515,8,4.408217430114746
2,530,9,4.354286193847656
2,686,10,4.257365703582764
3,487,1,3.3472366333007812
3,483,2,3.814101457595825
3,499,3,3.4628002643585205
3,124,4,3.4589412212371826
3,114,5,3.7843263149261475
3,173,6,3.46571683883667
3,922,7,3.4664151668548584
3,657,8,3.795142889022827
3,48,9,3.7586476802825928
3,285,10,3.7255074977874756
4,191,1,5.5109076499938965
4,519,2,5.39070463180542
4,478,3,5.080615043640137
4,611,4,4.955544948577881
4,223,5,5.376593589782715
4,435,6,5.29103946685791
4,513,7,5.272797107696533
4,482,8,5.250922203063965
4,178,9,5.24725341796875
4,320,10,5.030762672424316
5,175,1,5.049330711364746
5,318,2,4.237140655517578
5,615,3,4.232138633728027
5,179,4,4.919163227081299
5,194,5,4.698831558227539
5,483,6,4.670859336853027
5,566,7,4.0777506828308105
5,604,8,4.512553691864014
5,750,9,4.419558525085449
5,1073,10,4.275597095489502
6,154,1,4.605729103088379
6,654,2,4.600251197814941
6,1500,3,4.07598876953125
6,443,4,4.496711730957031
6,93,5,4.452526569366455
6,661,6,4.438422203063965
6,478,7,4.405495643615723
6,603,8,4.384155750274658
6,61,9,4.293710708618164
6,919,10,4.197964191436768
7,718,1,4.690331935882568
7,347,2,5.228699684143066
7,735,3,5.189477920532227
7,317,4,5.147485256195068
7,357,5,5.221813678741455
7,169,6,5.087761402130127
7,1451,7,4.473873138427734
7,1367,8,4.969987869262695
7,185,9,4.871572971343994
7,302,10,4.81264591217041
8,644,1,4.607833385467529
8,132,2,4.592113971710205
8,124,3,5.017632007598877
8,357,4,5.214134216308594
8,169,5,5.396231651306152
8,507,6,4.966232776641846
8,408,7,4.992733478546143
8,223,8,4.922719955444336
8,474,9,4.888520240783691
8,265,10,4.713494777679443
9,272,1,5.059638023376465
9,318,2,4.652157306671143
9,64,3,4.615423202514648
9,203,4,4.245236873626709
9,916,5,4.234384059906006
9,1449,6,4.4989013671875
9,315,7,4.496100425720215
9,511,8,4.386958599090576
9,12,9,4.379092693328857
9,320,10,4.278543472290039
10,313,1,5.072029113769531
10,189,2,4.447303771972656
10,1101,3,4.963320255279541
10,132,4,4.919808387756348
10,1193,5,4.795253753662109
10,634,6,4.427587032318115
10,684,7,4.697783470153809
10,1159,8,4.669033527374268
10,1131,9,4.585294246673584
10,853,10,4.579687118530273
11,189,1,4.855263710021973
11,485,2,4.170639991760254
11,143,3,4.847218036651611
11,1449,4,4.720887660980225
11,172,5,4.581220626831055
11,272,6,4.565352439880371
11,174,7,4.279412746429443
11,958,8,4.447965621948242
11,132,9,4.442390441894531
11,966,10,4.418898582458496
12,963,1,5.335416316986084
12,1,2,5.268036365509033
12,45,3,4.60556697845459
12,483,4,5.101217746734619
12,1523,5,4.3180389404296875
12,506,6,4.609722137451172
12,291,7,4.135731220245361
12,210,8,5.229771137237549
12,60,9,4.892117023468018
12,520,10,4.8334269523620605
13,660,1,4.676496505737305
13,171,2,4.597821235656738
13,136,3,4.458226680755615
13,93,4,3.8651864528656006
13,500,5,4.037747859954834
13,1278,6,4.028425216674805
13,694,7,4.376437664031982
13,1142,8,4.313126564025879
13,479,9,4.234626293182373
13,408,10,4.143553256988525
14,171,1,5.39224100112915
14,55,2,5.392187118530273
14,328,3,5.180544853210449
14,1449,4,5.009116172790527
14,150,5,4.458920001983643
14,223,6,4.911831855773926
14,675,7,4.893890380859375
14,183,8,4.940033912658691
14,177,9,4.891147136688232
14,114,10,4.877512454986572
15,515,1,4.702654838562012
15,648,2,4.676779270172119
15,189,3,4.604997158050537
15,496,4,4.529760837554932
15,530,5,3.8932697772979736
15,427,6,4.508297443389893
15,692,7,4.497365474700928
15,966,8,4.067304611206055
15,199,9,4.282017230987549
15,434,10,4.1601481437683105
16,187,1,4.8472442626953125
16,165,2,5.455711841583252
16,520,3,5.408869743347168
16,205,4,5.240726470947266
16,320,5,4.513237476348877
16,265,6,5.182726860046387
16,177,7,5.158311367034912
16,519,8,4.808356285095215
16,419,9,4.776270389556885
16,853,10,4.869212627410889
17,1159,1,3.8659701347351074
17,318,2,4.843687057495117
17,483,3,4.528936862945557
17,50,4,4.41778564453125
17,174,5,3.998997688293457
17,313,6,4.388627052307129
17,251,7,4.352444171905518
17,168,8,4.5857744216918945
17,480,9,4.249547958374023
17,474,10,3.951235055923462
18,904,1,4.338220119476318
18,344,2,4.9573540687561035
18,644,3,4.331239223480225
18,657,4,4.705619812011719
18,466,5,4.70031213760376
18,966,6,4.101152420043945
18,1194,7,4.636124610900879
18,811,8,4.092731952667236
18,114,9,4.491243362426758
18,1500,10,4.1762590408325195
19,478,1,4.595541954040527
19,169,2,4.549213886260986
19,1449,3,4.537470817565918
19,589,4,4.244665622711182
19,50,5,4.509062767028809
19,48,6,4.473179340362549
19,511,7,4.4563517570495605
19,474,8,4.437225341796875
19,175,9,4.423274040222168
19,315,10,4.330558776855469
20,611,1,4.631542682647705
20,399,2,4.061080455780029
20,654,3,4.4716033935546875
20,746,4,4.388211250305176
20,119,5,4.049060344696045
20,1098,6,4.363992691040039
20,478,7,4.296701431274414
20,10,8,4.292194366455078
20,226,9,4.2874250411987305
20,169,10,4.144879341125488
21,357,1,5.1122145652771
21,187,2,5.110052585601807
21,251,3,3.982597827911377
21,425,4,4.187593936920166
21,203,5,4.8028883934021
21,316,6,4.622265815734863
21,135,7,4.162098407745361
21,182,8,4.5753984451293945
21,1154,9,3.866257429122925
21,276,10,4.588333606719971
22,150,1,5.398861408233643
22,389,2,3.8191215991973877
22,357,3,5.2659525871276855
22,197,4,5.076162815093994
22,408,5,5.05838680267334
22,1101,6,4.537977695465088
22,661,7,5.054078578948975
22,165,8,5.001275539398193
22,484,9,4.966371536254883
22,169,10,4.743705749511719
23,12,1,4.899600982666016
23,210,2,4.300470352172852
23,137,3,4.719560146331787
23,491,4,4.621305465698242
23,119,5,4.297389984130859
23,318,6,4.758254528045654
23,1203,7,4.5858049392700195
23,1137,8,4.267442226409912
23,169,9,4.542334079742432
23,488,10,4.514542102813721
24,603,1,5.160995960235596
24,177,2,4.665109634399414
24,663,3,5.097956657409668
24,170,4,4.5600152015686035
24,496,5,5.023154258728027
24,513,6,5.0036211013793945
24,114,7,4.45026969909668
24,192,8,4.9830403327941895
24,57,9,4.928916931152344
24,89,10,4.908148765563965
25,12,1,4.912093162536621
25,511,2,4.727147102355957
25,172,3,4.713169574737549
25,1194,4,4.387932300567627
25,223,5,4.658989429473877
25,1367,6,4.3811540603637695
25,484,7,4.256608963012695
25,166,8,4.564016819000244
25,1269,9,4.473228454589844
25,613,10,4.468689918518066
26,603,1,4.158067226409912
26,22,2,4.144412040710449
26,530,3,3.8052737712860107
26,12,4,4.080214977264404
26,50,5,4.070588111877441
26,132,6,3.81087327003479
26,963,7,4.033953666687012
26,480,8,4.023869514465332
26,511,9,4.022136211395264
26,64,10,4.003236293792725
27,525,1,3.9330570697784424
27,633,2,3.834460973739624
27,419,3,3.928738832473755
27,272,4,4.22258996963501
27,318,5,4.265841960906982
27,513,6,4.150087356567383
27,408,7,4.2473320960998535
27,116,8,4.113984107971191
27,479,9,4.1109089851379395
27,12,10,3.9534027576446533
28,156,1,4.600070476531982
28,178,2,4.577447891235352
28,302,3,4.573295593261719
28,132,4,4.568347930908203
28,137,5,4.50535249710083
28,210,6,4.480661392211914
28,172,7,4.471423625946045
28,223,8,4.467250347137451
28,613,9,4.118427753448486
28,320,10,4.232250213623047
29,483,1,4.856789588928223
29,11,2,4.837182998657227
29,529,3,4.497763633728027
29,33,4,4.821232795715332
29,171,5,4.491992473602295
29,56,6,4.782363414764404
29,657,7,4.5443644523620605
29,114,8,4.777433395385742
29,463,9,4.335508346557617
29,511,10,4.741401195526123
30,697,1,4.467391014099121
30,513,2,5.065415382385254
30,657,3,4.458510875701904
30,318,4,5.09431791305542
30,1,5,4.903681755065918
30,470,6,4.231420516967773
30,191,7,4.847083568572998
30,709,8,4.741061687469482
30,100,9,4.654693603515625
30,313,10,4.468480110168457
31,173,1,4.881058692932129
31,168,2,4.8059611320495605
31,199,3,4.606547832489014
31,64,4,4.596343994140625
31,183,5,4.275545597076416
31,813,6,4.2974982261657715
31,493,7,4.48536491394043
31,530,8,4.41063117980957
31,479,9,4.33528995513916
31,174,10,4.330301284790039
32,661,1,4.129271507263184
32,603,2,4.686890125274658
32,127,3,4.449703693389893
32,673,4,3.9805521965026855
32,709,5,3.9866998195648193
32,178,6,4.375984191894531
32,694,7,3.8786349296569824
32,419,8,4.317065238952637
32,12,9,4.398297309875488
32,143,10,4.264708042144775
33,318,1,4.742278575897217
33,98,2,4.729171276092529
33,56,3,4.703404426574707
33,316,4,4.624353408813477
33,174,5,4.61885404586792
33,50,6,4.603794097900391
33,515,7,4.500450134277344
33,1449,8,4.482780933380127
33,615,9,4.270545959472656
33,71,10,4.086080551147461
34,479,1,5.115836143493652
34,515,2,4.636265754699707
34,641,3,5.03101921081543
34,492,4,4.914757251739502
34,514,5,4.628344535827637
34,603,6,4.868941783905029
34,480,7,4.613607883453369
34,519,8,4.30067777633667
34,510,9,4.836127281188965
34,134,10,4.662320613861084
35,483,1,4.921998977661133
35,12,2,4.915373802185059
35,64,3,4.640641212463379
35,936,4,4.527656555175781
35,963,5,4.497280120849609
35,487,6,4.451133728027344
35,71,7,4.402316570281982
35,60,8,4.361781120300293
35,174,9,4.344501972198486
35,89,10,3.9580678939819336
36,922,1,4.165149688720703
36,12,2,4.744025230407715
36,174,3,4.743870258331299
36,887,4,4.31464958190918
36,98,5,4.853893280029297
36,204,6,4.411519527435303
36,132,7,4.651586055755615
36,318,8,4.694840908050537
36,408,9,4.620233535766602
36,603,10,4.613390922546387
37,169,1,5.313345909118652
37,187,2,4.611345291137695
37,318,3,5.027406692504883
37,525,4,4.33199405670166
37,191,5,4.917537689208984
37,1142,6,4.836518287658691
37,606,7,4.586431503295898
37,8,8,4.810053825378418
37,12,9,4.723578929901123
37,181,10,4.684078216552734
38,753,1,5.826146125793457
38,143,2,5.6591997146606445
38,306,3,5.542407512664795
38,333,4,5.352163791656494
38,242,5,5.343660354614258
38,54,6,4.9322967529296875
38,228,7,5.078166961669922
38,434,8,5.021439075469971
38,895,9,4.591955184936523
38,685,10,4.966549396514893
39,98,1,4.618914604187012
39,589,2,3.7779757976531982
39,482,3,4.348241806030273
39,12,4,4.200517654418945
39,483,5,4.193102836608887
39,1159,6,4.034519195556641
39,1007,7,4.172909736633301
39,657,8,4.189095497131348
39,50,9,4.154304504394531
39,173,10,4.071604251861572
40,432,1,4.601117134094238
40,98,2,4.441887855529785
40,513,3,4.003747940063477
40,966,4,3.9918510913848877
40,524,5,4.262029647827148
40,381,6,3.9986798763275146
40,50,7,4.211885929107666
40,1142,8,4.210647106170654
40,868,9,4.175451278686523
40,174,10,4.131777763366699
41,114,1,4.783626556396484
41,1194,2,4.066532135009766
41,645,3,4.225564002990723
41,483,4,4.703886985778809
41,172,5,4.625323295593262
41,89,6,4.705798149108887
41,169,7,4.657564163208008
41,489,8,4.217650413513184
41,408,9,4.5210137367248535
41,694,10,4.509803771972656
42,177,1,4.075848579406738
42,520,2,5.141758441925049
42,313,3,5.126532554626465
42,22,4,5.624142646789551
42,495,5,4.072463512420654
42,326,6,4.385046005249023
42,328,7,5.087735176086426
42,193,8,4.859407901763916
42,1039,9,4.71761417388916
42,478,10,4.554865837097168
43,125,1,5.160981178283691
43,515,2,5.151045322418213
43,1233,3,4.509477138519287
43,477,4,5.11406135559082
43,45,5,5.132637023925781
43,968,6,4.3444600105285645
43,511,7,4.492116451263428
43,746,8,4.508397102355957
43,184,9,4.797831058502197
43,916,10,4.728893756866455
44,60,1,4.971225738525391
44,634,2,4.436590671539307
44,430,3,4.437626838684082
44,705,4,4.9038166999816895
44,12,5,4.932184219360352
44,787,6,4.423649787902832
44,1159,7,4.665712833404541
44,205,8,4.779664039611816
44,455,9,4.402886867523193
44,1439,10,4.174626350402832
45,316,1,5.048172473907471
45,137,2,5.025734901428223
45,302,3,5.0098185539245605
45,709,4,4.98759126663208
45,530,5,4.903916358947754
45,199,6,4.8253960609436035
45,172,7,4.801216125488281
45,656,8,4.787098407745361
45,96,9,4.755673885345459
45,8,10,4.714771747589111
46,661,1,4.517650127410889
46,652,2,4.830952167510986
46,488,3,4.365140914916992
46,408,4,4.769150733947754
46,603,5,4.7597198486328125
46,479,6,4.751163482666016
46,277,7,4.466873645782471
46,135,8,4.709968566894531
46,611,9,4.595588207244873
46,641,10,4.524051189422607
47,506,1,4.688164710998535
47,408,2,5.088602066040039
47,12,3,5.024723529815674
47,1021,4,4.886768341064453
47,497,5,4.8568644523620605
47,173,6,4.856242656707764
47,98,7,4.855266094207764
47,168,8,4.803998947143555
47,484,9,4.7890825271606445
47,265,10,4.735970973968506
48,1142,1,4.391266822814941
48,316,2,5.09691858291626
48,298,3,4.030025959014893
48,1367,4,4.367530345916748
48,10,5,4.804727554321289
48,89,6,4.826066017150879
48,165,7,4.749794006347656
48,694,8,4.633929252624512
48,315,9,4.528004169464111
48,526,10,4.437297344207764
49,188,1,4.05597448348999
49,169,2,4.648779392242432
49,408,3,4.6140828132629395
49,512,4,4.542093276977539
49,114,5,4.533689498901367
49,654,6,4.468204498291016
49,170,7,4.027491569519043
49,497,8,4.4041852951049805
49,127,9,4.339812278747559
49,516,10,4.305497646331787
50,493,1,4.781373977661133
50,98,2,5.33778715133667
50,61,3,4.889869689941406
50,69,4,5.305593967437744
50,60,5,5.193816184997559
50,484,6,5.18466329574585
50,285,7,5.168002128601074
50,170,8,5.154370307922363
50,659,9,5.1249542236328125
50,435,10,5.102982044219971
51,42,1,4.104522705078125
51,318,2,4.701808452606201
51,293,3,4.100644111633301
51,316,4,4.404714107513428
51,89,5,3.9281256198883057
51,22,6,4.336264610290527
51,195,7,4.316303253173828
51,12,8,4.285543918609619
51,525,9,4.085262775421143
51,133,10,4.211323261260986
52,173,1,5.36822509765625
52,490,2,4.911284446716309
52,408,3,5.283637046813965
52,178,4,5.211653232574463
52,357,5,5.175264358520508
52,520,6,4.877780437469482
52,169,7,5.127204418182373
52,1449,8,5.0446343421936035
52,114,9,5.044196128845215
52,177,10,4.852070331573486
53,48,1,4.8987321853637695
53,192,2,4.842175483703613
53,92,3,4.099954605102539
53,127,4,4.6885480880737305
53,98,5,4.688127040863037
53,1428,6,4.299638271331787
53,223,7,4.560388088226318
53,208,8,4.37908411026001
53,173,9,4.519819259643555
53,12,10,4.511807441711426
54,316,1,5.303586006164551
54,483,2,5.242012023925781
54,872,3,4.362273693084717
54,223,4,5.1500091552734375
54,195,5,5.018673896789551
54,966,6,5.010697364807129
54,428,7,4.993330478668213
54,1159,8,4.623837471008301
54,1449,9,4.949528694152832
54,12,10,4.848898887634277
55,127,1,4.463603496551514
55,813,2,4.114401340484619
55,320,3,3.9411637783050537
55,653,4,4.1005353927612305
55,205,5,4.345216751098633
55,1137,6,4.282238960266113
55,513,7,4.278238773345947
55,654,8,4.267765998840332
55,408,9,4.267039775848389
55,95,10,3.8097517490386963
56,664,1,5.094130516052246
56,192,2,4.913601398468018
56,180,3,4.8620805740356445
56,129,4,4.7798027992248535
56,1125,5,4.238246917724609
56,495,6,4.468346118927002
56,313,7,4.716190338134766
56,52,8,4.703770637512207
56,663,9,4.664633750915527
56,479,10,4.554738998413086
57,161,1,4.917307376861572
57,408,2,4.254648685455322
57,171,3,4.121408939361572
57,435,4,4.790627479553223
57,12,5,4.78321647644043
57,479,6,4.340096473693848
57,172,7,4.836487770080566
57,489,8,4.65498161315918
57,22,9,4.629715442657471
57,95,10,4.583699703216553
58,1115,1,4.252562522888184
58,484,2,4.557497024536133
58,285,3,5.261765480041504
58,276,4,5.204166412353516
58,478,5,5.283434867858887
58,114,6,5.001373291015625
58,48,7,4.516571044921875
58,86,8,4.956628322601318
58,205,9,4.953869819641113
58,251,10,4.571945667266846
59,246,1,5.299431800842285
59,319,2,4.559872627258301
59,1245,3,4.292789459228516
59,144,4,4.54652738571167
59,491,5,5.02992582321167
59,272,6,5.2342529296875
59,502,7,4.406074523925781
59,1020,8,4.540807723999023
59,1524,9,4.939501762390137
59,1142,10,4.843905448913574
60,272,1,4.938343524932861
60,1512,2,4.9320173263549805
60,192,3,4.778200149536133
60,520,4,4.546778202056885
60,156,5,4.773993492126465
60,850,6,4.543415546417236
60,1500,7,4.722883224487305
60,968,8,4.289424419403076
60,916,9,4.694149017333984
60,663,10,4.651486873626709
61,12,1,4.241710662841797
61,474,2,4.158186912536621
61,1159,3,4.128689765930176
61,1449,4,4.084142208099365
61,1098,5,3.8748652935028076
61,922,6,3.785449504852295
61,657,7,4.027011871337891
61,523,8,3.861900806427002
61,483,9,4.040946006774902
61,48,10,4.0180344581604
62,478,1,4.27765417098999
62,185,2,4.793720722198486
62,601,3,3.6573147773742676
62,211,4,4.04460334777832
62,1005,5,4.5806074142456055
62,480,6,4.245852947235107
62,200,7,4.613685607910156
62,265,8,4.567028999328613
62,197,9,4.537867546081543
62,187,10,4.528781414031982
63,318,1,4.80438756942749
63,525,2,4.57501745223999
63,385,3,3.6810503005981445
63,60,4,4.556583881378174
63,89,5,4.083179950714111
63,320,6,3.9397106170654297
63,604,7,4.458868503570557
63,12,8,4.351557731628418
63,513,9,4.066600799560547
63,179,10,4.55971097946167
64,285,1,4.871113300323486
64,721,2,4.0920023918151855
64,433,3,4.638901710510254
64,513,4,4.5153045654296875
64,474,5,4.506156921386719
64,805,6,4.227394104003906
64,216,7,4.486519813537598
64,811,8,4.457667350769043
64,651,9,4.411215782165527
64,936,10,4.383950233459473
65,45,1,4.990603923797607
65,198,2,4.602391242980957
65,652,3,4.608911514282227
65,502,4,4.9020490646362305
65,462,5,4.590341091156006
65,945,6,4.429118633270264
65,133,7,4.931354999542236
65,528,8,4.880963325500488
65,189,9,4.868267059326172
65,504,10,4.725008010864258
66,313,1,5.1912431716918945
66,423,2,4.403079509735107
66,136,3,4.403563499450684
66,79,4,4.839485168457031
66,1019,5,4.234801769256592
66,12,6,4.921932697296143
66,114,7,4.380974292755127
66,487,8,4.682419776916504
66,963,9,4.667114734649658
66,173,10,4.636797904968262
67,736,1,5.15060567855835
67,302,2,4.677083492279053
67,735,3,5.048961162567139
67,169,4,5.018196105957031
67,644,5,4.53624153137207
67,1019,6,4.674080848693848
67,12,7,5.0857133865356445
67,124,8,4.848556041717529
67,408,9,4.792032241821289
67,172,10,4.772120952606201
68,172,1,5.211336135864258
68,344,2,5.067106246948242
68,705,3,4.396554470062256
68,603,4,4.393920421600342
68,478,5,4.965603828430176
68,316,6,5.029361724853516
68,174,7,4.889529228210449
68,169,8,4.805189609527588
68,963,9,4.647330284118652
68,194,10,4.617467880249023
69,423,1,4.3260579109191895
69,272,2,4.827754497528076
69,963,3,4.827723503112793
69,269,4,4.822463035583496
69,135,5,4.794633865356445
69,514,6,4.779293060302734
69,463,7,4.452494144439697
69,171,8,4.712390899658203
69,176,9,4.428496360778809
69,234,10,4.3861308097839355
70,156,1,4.898733139038086
70,853,2,3.9923365116119385
70,124,3,4.764394283294678
70,530,4,4.13097620010376
70,480,5,4.642299652099609
70,98,6,4.621077537536621
70,127,7,4.593940734863281
70,603,8,4.559432029724121
70,114,9,4.4595947265625
70,707,10,4.2816877365112305
71,316,1,4.760645389556885
71,484,2,4.190642833709717
71,483,3,4.751718521118164
71,813,4,4.531508922576904
71,601,5,3.9532227516174316
71,318,6,4.560330867767334
71,134,7,4.514255046844482
71,661,8,4.149943828582764
71,340,9,4.528403282165527
71,211,10,4.259847640991211
72,272,1,5.138998508453369
72,661,2,4.956165313720703
72,22,3,4.899526119232178
72,178,4,4.843103885650635
72,333,5,4.492290496826172
72,216,6,4.792189598083496
72,1203,7,4.7695794105529785
72,485,8,4.747626781463623
72,1141,9,4.015734672546387
72,1073,10,4.395946502685547
73,302,1,5.100698471069336
73,200,2,4.363900661468506
73,408,3,4.892139434814453
73,497,4,4.826962471008301
73,1368,5,4.350512504577637
73,177,6,4.3497419357299805
73,238,7,4.762157440185547
73,185,8,4.749412536621094
73,603,9,4.747988700866699
73,178,10,4.483361721038818
74,316,1,4.78972053527832
74,603,2,4.783714771270752
74,48,3,4.759329319000244
74,199,4,4.397445201873779
74,211,5,4.684671401977539
74,647,6,4.584361553192139
74,134,7,4.524113178253174
74,493,8,4.496161460876465
74,488,9,4.230210304260254
74,484,10,4.467090606689453
75,514,1,5.180838108062744
75,114,2,5.092865943908691
75,497,3,5.0602192878723145
75,647,4,5.0391411781311035
75,52,5,4.984766006469727
75,318,6,4.611931800842285
75,657,7,4.956725120544434
75,169,8,4.940652370452881
75,611,9,4.793549537658691
75,1449,10,4.7021965980529785
77,525,1,4.3020195960998535
77,186,2,4.286808490753174
77,430,3,4.16042947769165
77,408,4,4.83238410949707
77,116,5,4.279348373413086
77,520,6,4.631516456604004
77,1142,7,4.476518630981445
77,753,8,4.41172981262207
77,7,9,4.373204708099365
77,968,10,4.307260990142822
78,174,1,4.259000301361084
78,11,2,4.246174335479736
78,173,3,3.904559373855591
78,528,4,3.7916460037231445
78,963,5,4.2440080642700195
78,694,6,4.202613353729248
78,1019,7,4.178811550140381
78,114,8,4.166991233825684
78,707,9,4.160640239715576
78,478,10,4.044907569885254
79,408,1,4.950722694396973
79,654,2,4.467033863067627
79,357,3,4.9247870445251465
79,589,4,4.249331474304199
79,135,5,4.45145320892334
79,174,6,4.328155040740967
79,718,7,4.852055072784424
79,276,8,4.828702926635742
79,242,9,4.574097156524658
79,132,10,4.490135669708252
80,272,1,4.935351371765137
80,69,2,4.675876617431641
80,164,3,4.112313270568848
80,89,4,4.529864311218262
80,223,5,4.496092319488525
80,239,6,4.095325469970703
80,12,7,4.569193363189697
80,435,8,3.9805374145507812
80,190,9,4.366755962371826
80,936,10,4.297080039978027
81,357,1,4.715407371520996
81,521,2,4.651566505432129
81,316,3,4.618575096130371
81,603,4,4.052814483642578
81,443,5,3.90842604637146
81,96,6,4.602203369140625
81,223,7,4.062225818634033
81,59,8,4.466200351715088
81,50,9,4.257354259490967
81,251,10,4.084415435791016
83,1449,1,4.899876594543457
83,313,2,4.8617939949035645
83,856,3,4.352071762084961
83,513,4,4.805966377258301
83,173,5,4.80181884765625
83,511,6,4.796178817749023
83,1019,7,4.242048263549805
83,1558,8,4.650289535522461
83,656,9,4.429945468902588
83,519,10,4.556797504425049
84,589,1,4.3885345458984375
84,50,2,4.883346080780029
84,1449,3,4.758423328399658
84,1194,4,4.508403301239014
84,654,5,4.750969409942627
84,653,6,4.502188205718994
84,8,7,4.752724647521973
84,483,8,4.622039318084717
84,205,9,4.612323760986328
84,208,10,4.573805809020996
85,316,1,4.655473232269287
85,302,2,4.6021037101745605
85,506,3,4.48037052154541
85,61,4,4.080955505371094
85,470,5,4.074555397033691
85,1005,6,4.368454456329346
85,48,7,4.058998107910156
85,119,8,4.239137172698975
85,525,9,4.186989784240723
85,408,10,4.144877910614014
86,531,1,4.638616561889648
86,313,2,4.046840667724609
86,318,3,4.480075836181641
86,191,4,4.381805419921875
86,114,5,4.034862995147705
86,611,6,4.317351818084717
86,209,7,4.032060146331787
86,100,8,4.269103050231934
86,604,9,4.182292938232422
86,661,10,4.007628917694092
87,129,1,4.545083045959473
87,512,2,5.005836486816406
87,28,3,5.001906394958496
87,500,4,4.372464179992676
87,811,5,4.915834903717041
87,193,6,4.629872798919678
87,483,7,4.8629150390625
87,69,8,4.620124816894531
87,497,9,4.816211223602295
87,265,10,4.823633670806885
88,644,1,3.943143844604492
88,114,2,4.433015823364258
88,603,3,4.394273281097412
88,316,4,4.355259418487549
88,48,5,4.299526214599609
88,23,6,4.279381275177002
88,607,7,4.056375503540039
88,1449,8,4.259281635284424
88,694,9,4.200165748596191
88,12,10,4.188179016113281
89,11,1,5.7245635986328125
89,611,2,5.003810882568359
89,175,3,5.452312469482422
89,61,4,5.379264831542969
89,513,5,5.3524041175842285
89,483,6,4.839753150939941
89,813,7,5.288028240203857
89,28,8,5.218167304992676
89,109,9,5.210257530212402
89,521,10,5.137627124786377
90,661,1,4.559727191925049
90,469,2,5.412376403808594
90,484,3,5.169025421142578
90,633,4,5.135809421539307
90,853,5,4.722458839416504
90,129,6,4.537155628204346
90,81,7,4.680935382843018
90,298,8,4.6790947914123535
90,93,9,5.248721122741699
90,520,10,4.910334587097168
91,173,1,5.461420059204102
91,250,2,5.0199384689331055
91,189,3,4.982867240905762
91,268,4,4.608299255371094
91,206,5,4.598018646240234
91,525,6,4.955705642700195
91,116,7,4.855935096740723
91,526,8,4.836925983428955
91,209,9,4.820895195007324
91,811,10,4.2773895263671875
92,512,1,4.950449466705322
92,484,2,4.8453521728515625
92,192,3,4.648242950439453
92,114,4,4.220979690551758
92,1500,5,3.9164347648620605
92,615,6,4.211368083953857
92,652,7,4.557398796081543
92,968,8,4.205272197723389
92,511,9,4.358705520629883
92,70,10,4.343641757965088
93,603,1,5.069992542266846
93,100,2,5.051138877868652
93,483,3,4.9742751121521
93,313,4,4.887439250946045
93,813,5,4.400928974151611
93,318,6,4.877194881439209
93,656,7,4.527444362640381
93,258,8,4.7456374168396
93,272,9,4.686105251312256
93,513,10,4.621840953826904
94,493,1,4.487861156463623
94,427,2,5.321627616882324
94,262,3,4.653200626373291
94,558,4,5.133902549743652
94,169,5,5.196805477142334
94,705,6,4.380412578582764
94,178,7,5.035126209259033
94,269,8,5.101781845092773
94,14,9,4.6659674644470215
94,482,10,5.0040788650512695
95,169,1,5.150444984436035
95,270,2,4.309115886688232
95,1039,3,4.899081230163574
95,430,4,4.8552985191345215
95,732,5,4.725072860717773
95,633,6,4.7113165855407715
95,408,7,4.604279041290283
95,1104,8,4.503536701202393
95,315,9,4.498888969421387
95,958,10,4.461526870727539
96,316,1,5.227059364318848
96,185,2,5.1144585609436035
96,313,3,5.066380023956299
96,604,4,4.38884162902832
96,923,5,4.40202522277832
96,271,6,4.48615837097168
96,297,7,4.9926018714904785
96,1142,8,5.014065265655518
96,607,9,4.5531487464904785
96,1367,10,4.749813556671143
97,647,1,4.485073089599609
97,500,2,4.099108695983887
97,56,3,4.9206461906433105
97,521,4,5.158186912536621
97,663,5,5.70876932144165
97,203,6,4.773626804351807
97,1203,7,4.434141635894775
97,12,8,4.7548980712890625
97,181,9,4.709171772003174
97,96,10,4.611961841583252
98,513,1,4.6732258796691895
98,61,2,4.287084102630615
98,611,3,4.5874433517456055
98,213,4,4.5707550048828125
98,183,5,4.283579349517822
98,169,6,4.513312339782715
98,607,7,4.444168567657471
98,86,8,4.437278747558594
98,175,9,4.244149208068848
98,48,10,4.380398750305176
99,318,1,5.746230602264404
99,520,2,5.077811241149902
99,195,3,4.916722297668457
99,302,4,4.908405780792236
99,165,5,4.894148826599121
99,425,6,4.506298542022705
99,922,7,4.474908828735352
99,408,8,4.761713981628418
99,190,9,4.761626243591309
99,659,10,4.648876667022705
100,1019,1,3.667559862136841
100,156,2,3.8810391426086426
100,96,3,4.396892070770264
100,22,4,4.294083595275879
100,172,5,4.256044387817383
100,15,6,4.672418594360352
100,272,7,4.1402974128723145
100,318,8,4.446722030639648
100,64,9,4.0070648193359375
100,203,10,3.9867382049560547
101,97,1,4.0999627113342285
101,98,2,4.0433855056762695
101,64,3,3.997669219970703
101,496,4,3.9870667457580566
101,143,5,3.7146785259246826
101,483,6,3.9786345958709717
101,210,7,3.7095189094543457
101,215,8,3.9530107975006104
101,83,9,3.928765058517456
101,71,10,3.8262410163879395
103,208,1,4.93331241607666
103,1159,2,4.398910045623779
103,100,3,4.771615028381348
103,174,4,4.4860005378723145
103,136,5,4.745174407958984
103,659,6,4.323279857635498
103,651,7,4.766134262084961
103,190,8,4.680922031402588
103,923,9,4.665870189666748
103,493,10,4.590582847595215
104,705,1,3.298076629638672
104,22,2,4.4413862228393555
104,1098,3,3.8676881790161133
104,173,4,4.29810905456543
104,960,5,4.203907012939453
104,12,6,4.178790092468262
104,483,7,4.542812824249268
104,189,8,4.148699760437012
104,922,9,4.113173484802246
104,936,10,4.071549892425537
105,318,1,5.247722148895264
105,50,2,4.967621803283691
105,178,3,4.946107387542725
105,603,4,4.914441108703613
105,171,5,4.62398099899292
105,430,6,4.637100696563721
105,357,7,4.8841633796691895
105,525,8,4.812369346618652
105,127,9,4.7945733070373535
105,493,10,4.46274995803833
106,525,1,4.411138534545898
106,98,2,4.721424102783203
106,966,3,4.400770664215088
106,79,4,4.676645278930664
106,1449,5,4.386356353759766
106,520,6,4.633476257324219
106,132,7,4.822177886962891
106,496,8,4.717368125915527
106,50,9,4.5606513023376465
106,1500,10,4.317564010620117
107,9,1,4.883565902709961
107,524,2,4.077602863311768
107,171,3,4.723784923553467
107,589,4,4.067129611968994
107,169,5,4.623788356781006
107,23,6,4.828499794006348
107,1021,7,4.580539703369141
107,657,8,4.606904983520508
107,178,9,4.529584884643555
107,656,10,4.462430000305176
108,190,1,5.412710666656494
108,143,2,4.395902633666992
108,514,3,5.037109851837158
108,251,4,4.839919567108154
108,603,5,4.274168968200684
108,213,6,5.085029125213623
108,483,7,4.783727645874023
108,320,8,4.7834014892578125
108,488,9,4.558159351348877
108,606,10,4.67318058013916
109,355,1,3.82078218460083
109,313,2,5.223725318908691
109,316,3,4.497668266296387
109,300,4,4.483763694763184
109,418,5,4.206190586090088
109,73,6,4.471602916717529
109,86,7,4.404413223266602
109,1269,8,4.163107395172119
109,501,9,4.151981830596924
109,119,10,4.341217041015625
110,531,1,4.650586128234863
110,522,2,4.103309154510498
110,510,3,4.500026702880859
110,57,4,4.4637579917907715
110,1101,5,4.4053874015808105
110,656,6,3.894531726837158
110,1131,7,3.953908681869507
110,519,8,4.09559965133667
110,588,9,4.097204685211182
110,316,10,4.590689659118652
111,19,1,4.511572360992432
111,50,2,4.928098678588867
111,169,3,4.939725875854492
111,479,4,4.482259750366211
111,174,5,4.703210830688477
111,114,6,4.7224297523498535
111,178,7,4.463133335113525
111,143,8,4.251705169677734
111,208,9,4.606626033782959
111,474,10,4.600895881652832
112,423,1,4.911234378814697
112,316,2,4.845635414123535
112,30,3,4.545173168182373
112,513,4,4.784678936004639
112,176,5,4.777228832244873
112,1396,6,4.7741923332214355
112,241,7,4.763330459594727
112,520,8,4.726038932800293
112,588,9,4.511932849884033
112,485,10,4.585994720458984
113,282,1,4.309272289276123
113,181,2,4.919249057769775
113,127,3,4.292438983917236
113,172,4,4.892917156219482
113,493,5,4.11171293258667
113,169,6,4.736298084259033
113,186,7,4.291140556335449
113,603,8,4.300784111022949
113,512,9,4.6880340576171875
113,173,10,4.982725143432617
114,50,1,4.91560173034668
114,511,2,4.795624732971191
114,156,3,4.665338516235352
114,524,4,3.9037013053894043
114,169,5,4.502834320068359
114,510,6,4.36144495010376
114,638,7,4.083244323730469
114,48,8,4.277848243713379
114,528,9,4.262843132019043
114,114,10,4.2349748611450195
115,179,1,5.616657733917236
115,408,2,5.2761125564575195
115,520,3,4.4064249992370605
115,316,4,5.1050519943237305
115,96,5,5.0369181632995605
115,850,6,4.275864601135254
115,10,7,4.8983473777771
115,134,8,4.787864685058594
115,489,9,4.75760555267334
115,114,10,4.422290325164795
116,172,1,3.8949007987976074
116,69,2,4.349068641662598
116,945,3,4.268261909484863
116,656,4,4.1923017501831055
116,132,5,3.8842015266418457
116,705,6,3.8946585655212402
116,114,7,4.1337571144104
116,215,8,4.1318135261535645
116,316,9,4.023421287536621
116,811,10,3.7899069786071777
117,170,1,5.442201614379883
117,611,2,4.7762932777404785
117,64,3,5.260569095611572
117,134,4,4.582476615905762
117,511,5,5.306189060211182
117,114,6,5.150393962860107
117,169,7,5.141918659210205
117,1386,8,4.426842212677002
117,651,9,4.980851650238037
117,208,10,4.876805782318115
118,178,1,5.452830791473389
118,12,2,5.382397174835205
118,478,3,5.378115653991699
118,1449,4,5.287727355957031
118,489,5,5.033392906188965
118,1368,6,5.017565727233887
118,613,7,5.240871429443359
118,150,8,5.283156394958496
118,96,9,4.909745216369629
118,487,10,5.148581504821777
119,513,1,5.354109764099121
119,183,2,5.304369926452637
119,648,3,4.945685386657715
119,423,4,5.2816996574401855
119,176,5,4.793673038482666
119,169,6,5.245790481567383
119,191,7,5.217808723449707
119,251,8,5.148945331573486
119,177,9,4.854086399078369
119,1062,10,5.018946170806885
120,1449,1,4.892144203186035
120,83,2,4.497371196746826
120,435,3,4.6088385581970215
120,525,4,4.819736480712891
120,513,5,4.810415744781494
120,603,6,4.789565563201904
120,178,7,4.770196914672852
120,134,8,4.738616466522217
120,203,9,4.731332778930664
120,694,10,4.638052940368652
121,20,1,4.2923455238342285
121,510,2,4.815927982330322
121,178,3,4.777770042419434
121,191,4,5.014225959777832
121,511,5,4.673364639282227
121,490,6,4.289605617523193
121,1142,7,4.60282039642334
121,1537,8,3.997206449508667
121,659,9,4.541676998138428
121,93,10,4.529905319213867
122,507,1,5.473424911499023
122,484,2,4.353156566619873
122,654,3,5.052342891693115
122,884,4,4.342896461486816
122,1512,5,4.952263832092285
122,59,6,4.956315994262695
122,813,7,4.579084396362305
122,524,8,4.848291397094727
122,656,9,4.753998756408691
122,50,10,4.656754493713379
123,654,1,5.080020427703857
123,661,2,4.906035423278809
123,131,3,4.900232315063477
123,1500,4,4.406670570373535
123,224,5,4.833436965942383
123,408,6,4.814457893371582
123,414,7,4.806860446929932
123,603,8,4.753884315490723
123,694,9,4.568009853363037
123,607,10,4.54378604888916
124,246,1,4.244243621826172
124,89,2,4.204648494720459
124,87,3,4.1021881103515625
124,316,4,3.685309648513794
124,100,5,4.0585713386535645
124,1098,6,4.013024806976318
124,119,7,3.6625289916992188
124,12,8,3.974153757095337
124,519,9,3.8187060356140137
124,1203,10,3.7229061126708984
125,121,1,5.274702548980713
125,310,2,4.421662330627441
125,326,3,4.415832996368408
125,228,4,4.875234603881836
125,328,5,4.990303039550781
125,735,6,4.849637031555176
125,1367,7,4.16977071762085
125,966,8,4.819143295288086
125,89,9,4.807219505310059
125,129,10,4.7965006828308105
126,169,1,4.233270168304443
126,173,2,4.796039581298828
126,436,3,4.22853946685791
126,12,4,4.6953301429748535
126,603,5,4.190242767333984
126,165,6,4.577519416809082
126,496,7,4.528232574462891
126,7,8,4.53402853012085
126,96,9,4.496828556060791
126,172,10,4.289979457855225
127,50,1,5.08242654800415
127,12,2,5.051490306854248
127,378,3,4.481525421142578
127,211,4,4.968684196472168
127,1450,5,4.47010612487793
127,429,6,4.865120887756348
127,568,7,4.8870415687561035
127,66,8,4.829289436340332
127,119,9,4.782504081726074
127,8,10,4.289647579193115
128,298,1,4.335019111633301
128,607,2,5.098662853240967
128,269,3,4.927911758422852
128,313,4,4.847325801849365
128,792,5,4.846120834350586
128,922,6,4.308657646179199
128,746,7,4.294106483459473
128,61,8,4.779929161071777
128,958,9,4.641895771026611
128,176,10,4.232568264007568
130,191,1,5.2666449546813965
130,48,2,5.224732398986816
130,916,3,5.153164863586426
130,136,4,5.122739315032959
130,119,5,4.853683948516846
130,609,6,4.838350772857666
130,607,7,5.083720684051514
130,302,8,4.825231075286865
130,1153,9,5.042654991149902
130,663,10,5.041811943054199
131,357,1,4.9546027183532715
131,178,2,4.22368049621582
131,603,3,4.619988918304443
131,443,4,4.217877388000488
131,655,5,4.532918930053711
131,634,6,4.197679042816162
131,661,7,4.487565040588379
131,657,8,4.6116533279418945
131,144,9,4.176052093505859
131,114,10,4.36669397354126
132,316,1,4.367745399475098
132,482,2,4.245715618133545
132,435,3,4.236311912536621
132,661,4,4.197052001953125
132,114,5,3.985626220703125
132,603,6,4.186074256896973
132,1073,7,3.9734036922454834
132,498,8,3.822580337524414
132,48,9,4.087789535522461
132,189,10,4.060968399047852
133,511,1,4.648638725280762
133,169,2,4.449642181396484
133,513,3,4.362921237945557
133,191,4,4.134696006774902
133,408,5,4.313600540161133
133,1251,6,4.291220664978027
133,213,7,4.016283988952637
133,651,8,4.097757816314697
133,183,9,4.2499237060546875
133,474,10,4.205282211303711
134,164,1,4.7312798500061035
134,735,2,4.558578968048096
134,12,3,4.135456562042236
134,79,4,4.111091613769531
134,153,5,4.413517475128174
134,56,6,3.9705045223236084
134,88,7,4.389289855957031
134,28,8,4.531890869140625
134,429,9,4.324753284454346
134,136,10,4.270947456359863
135,179,1,4.351202011108398
135,165,2,4.901166915893555
135,10,3,4.750804901123047
135,316,4,4.670483589172363
135,515,5,4.852983474731445
135,736,6,4.600112438201904
135,519,7,4.5130414962768555
135,318,8,4.433465480804443
135,615,9,4.060593128204346
135,1007,10,4.353129863739014
136,135,1,5.257876396179199
136,530,2,5.0943684577941895
136,663,3,4.821350574493408
136,511,4,5.00861930847168
136,171,5,5.001396656036377
136,661,6,4.981189727783203
136,20,7,4.976284980773926
136,697,8,4.973217010498047
136,344,9,4.932351112365723
136,850,10,4.701159954071045
137,922,1,5.77221155166626
137,12,2,5.641489505767822
137,645,3,5.058583736419678
137,478,4,5.512431621551514
137,114,5,5.047565460205078
137,430,6,5.3958234786987305
137,603,7,5.364722728729248
137,520,8,5.3043532371521
137,169,9,5.267201900482178
137,958,10,4.968858242034912
138,178,1,5.109859943389893
138,282,2,4.557144641876221
138,265,3,4.859017372131348
138,1194,4,4.831570148468018
138,71,5,4.547438144683838
138,916,6,4.536134719848633
138,648,7,4.695226669311523
138,177,8,4.688004016876221
138,169,9,4.65740966796875
138,520,10,4.620176315307617
139,97,1,4.334100723266602
139,514,2,4.739678382873535
139,615,3,4.45938777923584
139,1021,4,4.720775127410889
139,12,5,4.329869747161865
139,513,6,4.608558654785156
139,588,7,4.445328712463379
139,134,8,4.599913120269775
139,200,9,4.5782694816589355
139,177,10,4.55305290222168
140,483,1,4.78993558883667
140,484,2,4.334794044494629
140,251,3,4.706798553466797
140,183,4,4.672047138214111
140,12,5,4.721268177032471
140,223,6,4.589252948760986
140,89,7,4.583445072174072
140,198,8,4.18599796295166
140,647,9,4.528705596923828
140,242,10,4.39688777923584
141,922,1,4.282405853271484
141,143,2,5.162822246551514
141,178,3,5.047658443450928
141,190,4,4.904138565063477
141,300,5,5.127220153808594
141,241,6,4.868743896484375
141,79,7,4.83967399597168
141,434,8,4.48244571685791
141,217,9,4.715386867523193
141,485,10,4.673993110656738
142,50,1,5.089357376098633
142,357,2,4.92650842666626
142,1101,3,4.275522232055664
142,187,4,4.747901439666748
142,963,5,4.682710647583008
142,269,6,4.6237311363220215
142,1194,7,4.3707661628723145
142,1142,8,4.605691909790039
142,171,9,4.241979598999023
142,470,10,4.326422691345215
143,96,1,4.794041633605957
143,520,2,4.368999004364014
143,657,3,4.72537088394165
143,178,4,4.700623512268066
143,79,5,4.693676471710205
143,97,6,4.61616849899292
143,12,7,4.559647083282471
143,132,8,4.559593200683594
143,185,9,4.524774551391602
143,189,10,4.500763893127441
144,430,1,5.077216148376465
144,483,2,4.7956671714782715
144,856,3,4.747489929199219
144,156,4,4.736109733581543
144,199,5,4.729389190673828
144,431,6,4.222182273864746
144,77,7,4.7135772705078125
144,1159,8,4.217687129974365
144,272,9,4.641904354095459
144,169,10,4.571407794952393
145,19,1,5.430553913116455
145,496,2,4.99835205078125
145,194,3,4.640927791595459
145,520,4,4.963245391845703
145,513,5,4.912666320800781
145,661,6,4.593252658843994
145,390,7,4.381430625915527
145,1019,8,4.906360149383545
145,177,9,4.745082855224609
145,114,10,4.737582206726074
146,1203,1,4.35400390625
146,89,2,4.769128322601318
146,180,3,4.638696670532227
146,514,4,4.597976207733154
146,114,5,4.648717880249023
146,134,6,4.3417744636535645
146,603,7,4.54218053817749
146,525,8,4.542109966278076
146,656,9,4.510051250457764
146,408,10,4.454756736755371
147,185,1,4.557692050933838
147,96,2,5.083278656005859
147,174,3,4.6712565422058105
147,603,4,5.01628303527832
147,272,5,4.999663352966309
147,531,6,5.090307712554932
147,479,7,4.6473212242126465
147,963,8,4.876788139343262
147,165,9,4.863370418548584
147,79,10,4.823066711425781
148,12,1,5.197385787963867
148,654,2,4.517158508300781
148,248,3,4.997403144836426
148,53,4,4.972332954406738
148,127,5,4.924623966217041
148,170,6,4.776387691497803
148,302,7,4.770108222961426
148,257,8,4.735428810119629
148,1315,9,4.398661136627197
148,193,10,4.609066009521484
150,173,1,5.2595319747924805
150,172,2,5.077958583831787
150,445,3,4.608868598937988
150,216,4,4.494232177734375
150,483,5,4.858947277069092
150,169,6,4.8550705909729
150,285,7,4.818115711212158
150,746,8,4.5887980461120605
150,98,9,4.814822196960449
150,318,10,4.765666961669922
151,248,1,4.625871658325195
151,45,2,5.1238627433776855
151,99,3,5.117036819458008
151,776,4,4.616759300231934
151,479,5,4.9500041007995605
151,55,6,4.881192684173584
151,1405,7,4.859351634979248
151,1073,8,4.82269287109375
151,455,9,4.579256057739258
151,647,10,4.768187046051025
152,313,1,5.820904731750488
152,486,2,4.6140875816345215
152,530,3,4.557721138000488
152,170,4,5.545712471008301
152,1169,5,4.691314697265625
152,28,6,5.295878887176514
152,50,7,5.1819539070129395
152,466,8,4.892442226409912
152,474,9,5.105945587158203
152,493,10,5.094662189483643
153,12,1,4.714149475097656
153,302,2,4.630042552947998
153,603,3,4.587997913360596
153,165,4,4.194637775421143
153,408,5,4.576035499572754
153,483,6,4.506114959716797
153,318,7,4.469942092895508
153,1142,8,4.184293746948242
153,272,9,4.451173782348633
153,171,10,4.0653395652771
154,56,1,4.930896759033203
154,195,2,4.897379398345947
154,513,3,4.756065845489502
154,178,4,4.66668176651001
154,520,5,4.5885748863220215
154,483,6,4.328406810760498
154,176,7,4.5841593742370605
154,902,8,4.311598300933838
154,180,9,4.501213550567627
154,179,10,4.467695713043213
155,119,1,3.8697352409362793
155,178,2,3.8666203022003174
155,483,3,4.17230224609375
155,8,4,4.161423683166504
155,588,5,3.8656246662139893
155,513,6,4.201535224914551
155,480,7,4.118107795715332
155,70,8,3.8385725021362305
155,589,9,4.0237717628479
155,64,10,3.9874374866485596
156,185,1,4.660815238952637
156,511,2,4.567131519317627
156,177,3,4.521032333374023
156,498,4,4.03362512588501
156,519,5,4.14272928237915
156,661,6,4.515745639801025
156,482,7,4.4986186027526855
156,603,8,4.490965843200684
156,475,9,4.116692543029785
156,182,10,3.9544644355773926
157,919,1,4.764702320098877
157,357,2,5.460621356964111
157,251,3,4.868039131164551
157,531,4,5.289152145385742
157,496,5,5.264368534088135
157,114,6,5.1768622398376465
157,425,7,5.093522071838379
157,513,8,5.091080665588379
157,443,9,4.937889099121094
157,659,10,4.92875862121582
158,318,1,5.409396648406982
158,1166,2,4.462465763092041
158,601,3,4.3138813972473145
158,924,4,5.136634826660156
158,644,5,4.870028495788574
158,443,6,4.56358003616333
158,12,7,4.860096454620361
158,589,8,4.802317142486572
158,313,9,4.793816566467285
158,487,10,4.707372665405273
159,641,1,5.50172233581543
159,199,2,5.388823509216309
159,87,3,5.368520259857178
159,612,4,5.341569900512695
159,152,5,5.33090877532959
159,114,6,4.665030002593994
159,515,7,5.229024410247803
159,211,8,5.178494453430176
159,238,9,5.0312957763671875
159,346,10,4.9308977127075195
160,144,1,5.384092807769775
160,98,2,5.030820369720459
160,344,3,4.971575736999512
160,1251,4,4.4468889236450195
160,496,5,4.576381206512451
160,854,6,4.84950590133667
160,519,7,4.796895980834961
160,200,8,4.5584564208984375
160,1131,9,4.6682610511779785
160,673,10,4.643008232116699
162,316,1,4.998215198516846
162,276,2,4.970921516418457
162,313,3,4.946436405181885
162,1169,4,4.541266441345215
162,524,5,4.536328315734863
162,302,6,4.818160533905029
162,530,7,4.441861152648926
162,191,8,4.7186784744262695
162,198,9,4.365335941314697
162,1269,10,4.648925304412842
163,483,1,4.6082658767700195
163,694,2,4.047904014587402
163,195,3,4.3114423751831055
163,318,4,4.379003047943115
163,523,5,4.297396659851074
163,60,6,4.299921989440918
163,211,7,3.9474828243255615
163,515,8,4.27231502532959
163,513,9,4.2614216804504395
163,12,10,4.208719253540039
164,183,1,5.1781415939331055
164,385,2,5.132369041442871
164,1449,3,5.119106292724609
164,525,4,5.087329864501953
164,922,5,5.078920841217041
164,408,6,5.044137954711914
164,318,7,5.035625457763672
164,488,8,5.033785820007324
164,210,9,4.985525608062744
164,1149,10,4.738372325897217
165,191,1,5.042012691497803
165,357,2,4.872899055480957
165,513,3,4.785060882568359
165,478,4,4.400371551513672
165,316,5,4.778530120849609
165,512,6,4.728390693664551
165,1098,7,4.456566333770752
165,320,8,4.449234962463379
165,611,9,4.637634754180908
165,119,10,4.612013339996338
166,483,1,4.295650005340576
166,165,2,4.290365219116211
166,50,3,4.289300441741943
166,657,4,4.264050483703613
166,482,5,3.729269027709961
166,12,6,4.236424922943115
166,963,7,4.230129718780518
166,265,8,4.261407852172852
166,515,9,4.219809055328369
166,655,10,4.077519416809082
167,4,1,4.827851295471191
167,197,2,4.797082424163818
167,511,3,3.895282745361328
167,223,4,4.687441349029541
167,179,5,3.973296642303467
167,165,6,4.755847930908203
167,531,7,4.601128578186035
167,224,8,4.64013671875
167,408,9,4.556570053100586
167,177,10,4.370116233825684
168,144,1,5.104376792907715
168,186,2,5.049764633178711
168,98,3,5.0157880783081055
168,79,4,4.950022220611572
168,519,5,4.128812313079834
168,202,6,4.8221025466918945
168,302,7,4.8097028732299805
168,194,8,4.777317523956299
168,265,9,4.949594497680664
168,166,10,4.745059013366699
169,169,1,4.88046932220459
169,645,2,4.321737289428711
169,1098,3,4.461167335510254
169,187,4,4.838260650634766
169,125,5,4.837879180908203
169,265,6,4.802398681640625
169,297,7,4.442614555358887
169,274,8,4.45114803314209
169,12,9,4.776454925537109
169,922,10,4.609733581542969
170,498,1,5.457728862762451
170,496,2,5.44718599319458
170,520,3,5.431514739990234
170,133,4,5.428971290588379
170,59,5,5.40286111831665
170,604,6,5.245267868041992
170,434,7,4.982230186462402
170,484,8,5.202121734619141
170,487,9,5.132348537445068
170,143,10,5.091363906860352
171,520,1,3.997635841369629
171,513,2,4.3862457275390625
171,694,3,3.9892578125
171,169,4,4.344408988952637
171,183,5,4.301661491394043
171,174,6,3.9910402297973633
171,64,7,4.197160243988037
171,12,8,4.16396427154541
171,172,9,4.1446533203125
171,178,10,4.101352214813232
172,98,1,4.323088645935059
172,258,2,4.239622592926025
172,8,3,4.172159194946289
172,12,4,4.1181111335754395
172,684,5,3.4936723709106445
172,1137,6,3.6714015007019043
172,1367,7,3.7579827308654785
172,1104,8,4.022950649261475
172,69,9,4.0171308517456055
172,513,10,3.976012945175171
173,12,1,4.998579978942871
173,408,2,5.387560844421387
173,480,3,4.890711784362793
173,344,4,5.407040119171143
173,524,5,5.287088394165039
173,169,6,5.378320217132568
173,647,7,5.244486331939697
173,853,8,4.992080211639404
173,958,9,5.210127830505371
173,285,10,5.041301250457764
174,47,1,5.490800380706787
174,675,2,4.804635524749756
174,316,3,5.4833760261535645
174,1243,4,4.711515426635742
174,96,5,5.297255516052246
174,114,6,5.29704475402832
174,357,7,5.475646495819092
174,156,8,4.910489082336426
174,211,9,5.187312602996826
174,172,10,5.170800685882568
175,181,1,5.010210037231445
175,496,2,4.966032981872559
175,22,3,4.815825462341309
175,174,4,4.752353191375732
175,69,5,4.734661102294922
175,1142,6,4.026527404785156
175,168,7,4.521951675415039
175,12,8,4.479577541351318
175,603,9,4.351660251617432
175,966,10,4.257282257080078
176,603,1,5.172025680541992
176,1251,2,4.569083213806152
176,185,3,4.9831013679504395
176,171,4,4.868018627166748
176,865,5,4.818591117858887
176,178,6,4.789887428283691
176,496,7,4.767584323883057
176,428,8,4.728405475616455
176,1158,9,4.708949089050293
176,530,10,4.653007507324219
177,483,1,4.979065895080566
177,1142,2,4.948249816894531
177,192,3,4.926506042480469
177,474,4,4.663339614868164
177,661,5,4.658916473388672
177,414,6,4.640392780303955
177,4,7,4.54419469833374
177,185,8,4.338106632232666
177,1368,9,4.305708885192871
177,515,10,4.305395603179932
178,718,1,4.196969985961914
178,660,2,4.798007011413574
178,924,3,4.333195209503174
178,190,4,4.72990608215332
178,515,5,4.638005256652832
178,1137,6,4.6309332847595215
178,657,7,4.618283271789551
178,302,8,4.806826114654541
178,443,9,4.189545154571533
178,1098,10,4.60106086730957
179,657,1,4.934741020202637
179,660,2,4.9075026512146
179,251,3,4.687706470489502
179,1269,4,4.6779656410217285
179,919,5,4.332983493804932
179,494,6,4.634658336639404
179,904,7,4.661871433258057
179,499,8,4.166501045227051
179,178,9,4.574965476989746
179,12,10,4.57262659072876
180,530,1,5.303653717041016
180,64,2,5.217898845672607
180,515,3,5.138565540313721
180,966,4,4.651175022125244
180,273,5,5.0705156326293945
180,89,6,5.072751522064209
180,507,7,4.63379430770874
180,169,8,4.896556854248047
180,663,9,4.589402198791504
180,657,10,4.565243244171143
181,313,1,3.7579102516174316
181,318,2,3.292464017868042
181,210,3,3.2428903579711914
181,392,4,3.011847972869873
181,239,5,2.472346067428589
181,208,6,2.955409049987793
181,96,7,2.8887994289398193
181,169,8,2.8694963455200195
181,161,9,2.853123664855957
181,1159,10,2.8161394596099854
182,174,1,4.99525785446167
182,603,2,4.937783241271973
182,1142,3,4.352870941162109
182,64,4,4.775735378265381
182,483,5,4.752068042755127
182,98,6,4.7032599449157715
182,194,7,4.693477630615234
182,208,8,4.664486408233643
182,1537,9,4.40246057510376
182,487,10,4.568609714508057
183,483,1,4.626290798187256
183,656,2,3.99277400970459
183,507,3,4.448583126068115
183,519,4,4.122889041900635
183,753,5,4.349105358123779
183,922,6,4.302149772644043
183,136,7,4.282184600830078
183,510,8,4.263998985290527
183,488,9,4.259817600250244
183,484,10,4.190269470214844
184,248,1,4.338496685028076
184,513,2,4.788022041320801
184,48,3,4.6591901779174805
184,306,4,4.670429229736328
184,83,5,4.623998641967773
184,177,6,4.338064670562744
184,408,7,4.5316572189331055
184,904,8,4.518096923828125
184,357,9,4.464785099029541
184,491,10,4.4235734939575195
185,603,1,5.142306804656982
185,963,2,4.853698253631592
185,56,3,4.403985023498535
185,507,4,4.786585330963135
185,615,5,4.71235466003418
185,204,6,4.238434791564941
185,272,7,4.69649076461792
185,516,8,4.675866603851318
185,119,9,4.356834411621094
185,216,10,4.645445823669434
186,480,1,5.412323474884033
186,357,2,5.297285079956055
186,210,3,5.276247978210449
186,189,4,4.696183681488037
186,69,5,5.129272937774658
186,496,6,5.107043266296387
186,211,7,5.05844259262085
186,185,8,5.056943893432617
186,134,9,4.492600917816162
186,488,10,4.906432151794434
187,318,1,5.492366313934326
187,1137,2,4.905654430389404
187,179,3,4.853909015655518
187,199,4,4.536152362823486
187,98,5,4.845303058624268
187,151,6,4.804662227630615
187,589,7,4.7847900390625
187,603,8,4.696206092834473
187,114,9,4.6834821701049805
187,463,10,4.654344081878662
188,451,1,4.951979637145996
188,313,2,4.901536464691162
188,603,3,4.86258602142334
188,607,4,4.419355392456055
188,1021,5,4.428118705749512
188,1149,6,4.426839351654053
188,298,7,4.767120838165283
188,242,8,4.675984859466553
188,131,9,4.589174270629883
188,447,10,4.546343803405762
189,169,1,5.131480693817139
189,919,2,4.190359115600586
189,150,3,5.015692710876465
189,856,4,4.542038917541504
189,1656,5,4.387698650360107
189,205,6,4.990517616271973
189,526,7,4.938218593597412
189,340,8,4.996953010559082
189,408,9,4.980169773101807
189,615,10,4.732099533081055
190,42,1,4.418601989746094
190,182,2,4.842833518981934
190,79,3,4.412757396697998
190,190,4,4.922216415405273
190,922,5,4.270495414733887
190,64,6,4.817646026611328
190,1142,7,4.407290935516357
190,12,8,4.807178974151611
190,694,9,4.721610069274902
190,275,10,4.668889045715332
191,156,1,4.258756637573242
191,515,2,4.564355850219727
191,316,3,4.575361251831055
191,98,4,4.500191688537598
191,493,5,4.249997138977051
191,176,6,4.449057102203369
191,813,7,4.4451470375061035
191,169,8,4.4202446937561035
191,487,9,4.257724761962891
191,479,10,4.234079837799072
192,119,1,4.217385768890381
192,169,2,5.09406852722168
192,89,3,4.747282028198242
192,315,4,4.707798480987549
192,421,5,4.331809997558594
192,318,6,5.1681718826293945
192,474,7,4.200667381286621
192,408,8,4.645771503448486
192,479,9,4.608064651489258
192,498,10,4.507401466369629
193,241,1,4.397398471832275
193,14,2,4.381110191345215
193,1121,3,4.376648426055908
193,1194,4,4.7255964279174805
193,189,5,4.719208240509033
193,59,6,4.687411308288574
193,591,7,4.344271183013916
193,511,8,4.619956970214844
193,470,9,4.586816787719727
193,484,10,4.5723724365234375
194,919,1,4.747939109802246
194,156,2,4.3352155685424805
194,65,3,4.2309489250183105
194,169,4,4.212630748748779
194,114,5,4.120207786560059
194,963,6,4.102604389190674
194,271,7,3.6679604053497314
194,644,8,3.7463550567626953
194,603,9,3.8725829124450684
194,304,10,3.871960401535034
195,196,1,4.9117512702941895
195,483,2,4.903153896331787
195,9,3,4.9015278816223145
195,661,4,4.388490676879883
195,318,5,4.691616058349609
195,174,6,4.639410018920898
195,98,7,4.636199474334717
195,480,8,4.338668346405029
195,216,9,4.5576324462890625
195,519,10,4.450723171234131
196,466,1,4.893847942352295
196,923,2,4.256200313568115
196,200,3,4.67850399017334
196,656,4,4.0886688232421875
196,661,5,4.4740214347839355
196,1203,6,4.4628705978393555
196,525,7,4.375034332275391
196,124,8,4.354269027709961
196,747,9,4.054356575012207
196,96,10,4.284926891326904
197,178,1,5.051623344421387
197,613,2,3.8877036571502686
197,423,3,4.886821746826172
197,498,4,4.8704705238342285
197,197,5,4.33859395980835
197,491,6,4.8279595375061035
197,520,7,4.943187713623047
197,434,8,4.609167575836182
197,521,9,4.030122756958008
197,945,10,4.410837173461914
198,919,1,4.818693161010742
198,485,2,3.794053077697754
198,513,3,4.500150680541992
198,315,4,4.422908306121826
198,134,5,4.4142961502075195
198,169,6,3.923139810562134
198,190,7,4.361612796783447
198,778,8,4.5413641929626465
198,408,9,4.2841796875
198,92,10,4.235954284667969
199,89,1,4.013675212860107
199,203,2,4.0052690505981445
199,474,3,4.4072771072387695
199,169,4,4.371554851531982
199,603,5,4.6358442306518555
199,653,6,3.9988784790039062
199,654,7,4.46221399307251
199,246,8,3.9986822605133057
199,190,9,4.256627082824707
199,850,10,4.09884786605835
200,275,1,5.342527389526367
200,645,2,4.59452486038208
200,655,3,5.248048782348633
200,491,4,4.523164749145508
200,480,5,5.311129570007324
200,293,6,5.074427604675293
200,332,7,5.07110595703125
200,603,8,5.060832977294922
200,114,9,4.673573017120361
200,691,10,4.937405109405518
201,474,1,4.40118932723999
201,487,2,4.336872577667236
201,250,3,3.6752829551696777
201,1396,4,4.245338439941406
201,91,5,4.124922752380371
201,813,6,4.084283351898193
201,305,7,4.081939697265625
201,132,8,3.801302909851074
201,484,9,4.059032917022705
201,246,10,4.036440849304199
202,12,1,4.360551834106445
202,429,2,3.6732518672943115
202,493,3,3.6664159297943115
202,1142,4,4.071470260620117
202,1449,5,4.04962682723999
202,517,6,3.7474522590637207
202,313,7,4.026686668395996
202,489,8,3.7473459243774414
202,657,9,3.979738473892212
202,480,10,3.969058036804199
203,22,1,4.957082748413086
203,318,2,4.904491424560547
203,172,3,4.875521659851074
203,219,4,3.7953314781188965
203,234,5,4.628364562988281
203,173,6,4.610476970672607
203,180,7,4.208838939666748
203,193,8,4.452898025512695
203,79,9,4.392791271209717
203,661,10,4.357213497161865
204,647,1,5.041471481323242
204,483,2,4.971350193023682
204,185,3,4.734522819519043
204,153,4,4.109971523284912
204,479,5,3.8662004470825195
204,657,6,4.319484710693359
204,179,7,4.293656349182129
204,192,8,4.074492454528809
204,568,9,4.203632831573486
204,32,10,4.203009605407715
205,199,1,4.3474602699279785
205,50,2,4.300684928894043
205,513,3,4.287050247192383
205,504,4,3.8085432052612305
205,173,5,4.285440921783447
205,168,6,4.1787285804748535
205,654,7,4.147706985473633
205,114,8,4.050670623779297
205,174,9,4.043320178985596
205,853,10,3.840895175933838
206,615,1,3.729247808456421
206,1142,2,4.26054048538208
206,357,3,4.172448635101318
206,176,4,3.3950328826904297
206,514,5,4.068259239196777
206,408,6,3.7146155834198
206,173,7,4.016481876373291
206,56,8,4.359476089477539
206,127,9,3.953923225402832
206,119,10,3.909930944442749
207,1500,1,3.9594669342041016
207,169,2,4.502652168273926
207,484,3,3.827871322631836
207,114,4,4.440702438354492
207,313,5,4.595854759216309
207,606,6,4.484881401062012
207,603,7,4.383706569671631
207,316,8,4.403792858123779
207,850,9,3.8032984733581543
207,657,10,4.169459342956543
208,588,1,5.112760543823242
208,165,2,4.210928440093994
208,963,3,4.2087883949279785
208,692,4,4.68286657333374
208,114,5,3.9791574478149414
208,513,6,4.6268839836120605
208,520,7,4.550623893737793
208,603,8,4.521309852600098
208,143,9,4.479511260986328
208,177,10,4.345178127288818
209,936,1,4.302916526794434
209,173,2,4.801751613616943
209,169,3,4.729117393493652
209,538,4,3.7379934787750244
209,194,5,4.630333423614502
209,168,6,4.600515842437744
209,484,7,4.570843696594238
209,480,8,4.56826639175415
209,656,9,4.265345573425293
209,479,10,4.471702575683594
210,169,1,5.2835774421691895
210,478,2,5.139899253845215
210,498,3,4.706538200378418
210,1142,4,5.089962959289551
210,48,5,4.593527793884277
210,170,6,5.098672866821289
210,705,7,4.682657241821289
210,45,8,4.681835174560547
210,1449,9,4.924374103546143
210,661,10,4.865626811981201
211,657,1,4.087644577026367
211,515,2,4.610415458679199
211,194,3,4.611194610595703
211,1203,4,3.946714401245117
211,50,5,4.467610836029053
211,12,6,4.309383392333984
211,187,7,4.276094436645508
211,136,8,4.262347221374512
211,519,9,4.186497688293457
211,525,10,4.154746055603027
212,195,1,4.361699104309082
212,272,2,4.805920600891113
212,204,3,4.6375651359558105
212,12,4,4.594192028045654
212,524,5,4.466893196105957
212,483,6,4.464450359344482
212,210,7,4.448741912841797
212,465,8,4.212370872497559
212,447,9,4.39839506149292
212,1269,10,4.366395473480225
213,963,1,5.137521743774414
213,89,2,5.012005805969238
213,96,3,5.004974365234375
213,119,4,4.661146640777588
213,1101,5,4.940886974334717
213,313,6,4.830775260925293
213,42,7,4.817964553833008
213,59,8,4.816153526306152
213,653,9,4.763993263244629
213,1005,10,4.7576003074646
214,210,1,4.035674095153809
214,318,2,4.802623271942139
214,835,3,4.208041191101074
214,633,4,4.6275529861450195
214,520,5,4.869048595428467
214,466,6,4.183080196380615
214,969,7,3.8081774711608887
214,515,8,4.432261943817139
214,513,9,4.414241790771484
214,663,10,4.320408344268799
215,657,1,4.718856334686279
215,214,2,3.9777116775512695
215,425,3,4.136963844299316
215,513,4,4.643771171569824
215,185,5,4.626947402954102
215,173,6,4.594967365264893
215,199,7,4.6671013832092285
215,1019,8,4.130215644836426
215,119,9,4.505687236785889
215,492,10,4.506513595581055
216,663,1,4.420193195343018
216,180,2,4.997666835784912
216,115,3,4.192086696624756
216,203,4,4.727054595947266
216,317,5,4.725833415985107
216,1139,6,4.123030185699463
216,1159,7,4.72020959854126
216,694,8,4.6778435707092285
216,116,9,4.63707971572876
216,1449,10,4.564159393310547
217,150,1,5.086061000823975
217,298,2,5.05610466003418
217,1298,3,4.25177526473999
217,180,4,5.039763450622559
217,228,5,4.0820770263671875
217,12,6,4.720386505126953
217,604,7,4.68967866897583
217,188,8,4.797228813171387
217,805,9,4.504355430603027
217,272,10,4.396707534790039
218,344,1,4.825760364532471
218,483,2,4.487118244171143
218,1070,3,4.4610443115234375
218,1154,4,4.0020294189453125
218,285,5,4.3812665939331055
218,223,6,4.354276657104492
218,650,7,4.346756935119629
218,525,8,4.243685245513916
218,613,9,3.9661927223205566
218,589,10,4.2229413986206055
219,408,1,5.395570278167725
219,657,2,4.844367980957031
219,223,3,5.2914228439331055
219,191,4,5.259887218475342
219,169,5,5.178656578063965
219,512,6,5.088125228881836
219,603,7,5.061233043670654
219,171,8,5.00821590423584
219,479,9,5.00023078918457
219,70,10,4.9502034187316895
220,64,1,5.415915489196777
220,318,2,5.234990119934082
220,302,3,4.739513397216797
220,133,4,5.117452621459961
220,48,5,5.014293670654297
220,1500,6,4.722100734710693
220,127,7,5.154401779174805
220,478,8,4.9455976486206055
220,241,9,4.9335737228393555
220,963,10,4.885036945343018
221,357,1,4.9325852394104
221,642,2,4.358551979064941
221,966,3,4.094454765319824
221,203,4,4.647751808166504
221,13,5,4.594784259796143
221,9,6,4.590063571929932
221,529,7,4.630832672119141
221,169,8,4.575177192687988
221,916,9,4.521100997924805
221,479,10,4.214609622955322
222,203,1,5.077918529510498
222,963,2,4.945182800292969
222,1159,3,4.815340995788574
222,272,4,4.763993263244629
222,190,5,4.7447638511657715
222,750,6,4.045964241027832
222,114,7,4.636729717254639
222,165,8,4.544579982757568
222,170,9,4.499723434448242
222,601,10,3.9798197746276855
223,79,1,5.024988174438477
223,227,2,4.168092250823975
223,710,3,4.59888219833374
223,684,4,4.584710597991943
223,526,5,4.540090560913086
223,483,6,4.502166748046875
223,496,7,4.483827114105225
223,588,8,4.467410087585449
223,216,9,4.416236400604248
223,482,10,4.2572808265686035
224,525,1,3.9604709148406982
224,64,2,4.47529935836792
224,71,3,4.51243782043457
224,1,4,4.409360408782959
224,483,5,4.398532867431641
224,515,6,4.262811183929443
224,657,7,4.261657238006592
224,936,8,4.2401299476623535
224,588,9,4.427517890930176
224,96,10,3.8887405395507812
225,169,1,4.706626892089844
225,521,2,4.994117736816406
225,963,3,4.977570056915283
225,357,4,4.93583345413208
225,251,5,4.9253716468811035
225,272,6,4.907477855682373
225,653,7,4.368319034576416
225,316,8,4.869051456451416
225,50,9,4.862379550933838
225,119,10,4.730042934417725
226,538,1,4.110164165496826
226,114,2,5.040374279022217
226,50,3,4.727992057800293
226,529,4,4.255990028381348
226,172,5,4.650317192077637
226,963,6,4.619993209838867
226,246,7,4.835177421569824
226,298,8,4.067188739776611
226,1449,9,4.45958948135376
226,524,10,4.40377140045166
227,190,1,4.8253021240234375
227,1449,2,4.402503490447998
227,91,3,4.768558502197266
227,275,4,4.76788330078125
227,515,5,4.743799209594727
227,169,6,4.720420837402344
227,165,7,4.645472049713135
227,511,8,4.632404804229736
227,478,9,4.503322124481201
227,654,10,4.474242210388184
228,318,1,4.737941741943359
228,64,2,4.692513942718506
228,89,3,4.169923782348633
228,603,4,4.655160903930664
228,161,5,4.164200782775879
228,408,6,4.588482856750488
228,850,7,4.005865573883057
228,652,8,4.4371161460876465
228,114,9,4.417695999145508
228,515,10,4.381343841552734
229,519,1,3.7221245765686035
229,199,2,3.6698431968688965
229,474,3,3.627295970916748
229,178,4,3.5822982788085938
229,1367,5,3.0272750854492188
229,50,6,3.2288930416107178
229,480,7,3.5583910942077637
229,484,8,3.5537796020507812
229,136,9,3.527395486831665
229,194,10,3.4209330081939697
230,133,1,5.223022937774658
230,318,2,5.034253120422363
230,313,3,4.8666181564331055
230,837,4,4.835205078125
230,169,5,4.796607494354248
230,326,6,4.789222717285156
230,692,7,4.765941619873047
230,333,8,4.674167633056641
230,274,9,4.650612831115723
230,114,10,4.4179911613464355
231,318,1,4.441147327423096
231,520,2,3.9329428672790527
231,165,3,4.309919357299805
231,513,4,4.050201416015625
231,316,5,4.038854122161865
231,1449,6,4.259893417358398
231,174,7,4.207505226135254
231,479,8,4.206413269042969
231,89,9,4.198986530303955
231,169,10,4.105098724365234
232,792,1,4.948693752288818
232,1269,2,4.449661731719971
232,33,3,4.815502166748047
232,622,4,4.2905473709106445
232,657,5,4.755413055419922
232,171,6,4.7277021408081055
232,10,7,4.429019927978516
232,156,8,4.7428975105285645
232,116,9,4.819395542144775
232,135,10,4.620701789855957
233,513,1,5.14452600479126
233,493,2,5.1403703689575195
233,272,3,5.079200744628906
233,887,4,5.071525573730469
233,96,5,4.497459411621094
233,58,6,4.957233428955078
233,661,7,4.903433799743652
233,199,8,4.901540756225586
233,701,9,4.555487632751465
233,709,10,4.76755428314209
234,1193,1,4.175319671630859
234,297,2,4.157068729400635
234,904,3,3.6423819065093994
234,1194,4,4.030750751495361
234,372,5,3.613572835922241
234,1142,6,4.001005172729492
234,853,7,3.608078956604004
234,408,8,3.9893062114715576
234,922,9,3.925318956375122
234,1512,10,3.9100472927093506
235,136,1,4.9812469482421875
235,966,2,4.267852783203125
235,60,3,4.894113540649414
235,89,4,4.76424503326416
235,432,5,4.751800537109375
235,513,6,4.397651195526123
235,497,7,4.391207218170166
235,132,8,4.693810939788818
235,59,9,4.858039855957031
235,119,10,4.446706771850586
236,12,1,4.930085182189941
236,11,2,4.912904739379883
236,302,3,4.898552894592285
236,660,4,4.8798627853393555
236,186,5,4.097448348999023
236,268,6,4.64640998840332
236,403,7,4.166162967681885
236,187,8,4.583786964416504
236,500,9,4.156250953674316
236,23,10,4.671918869018555
237,512,1,4.764299392700195
237,320,2,4.292119026184082
237,488,3,4.68927526473999
237,51,4,4.394458770751953
237,1194,5,4.402162551879883
237,530,6,4.6286821365356445
237,1073,7,4.177331924438477
237,168,8,4.5499420166015625
237,174,9,4.534185886383057
237,484,10,4.43367862701416
238,318,1,4.625984191894531
238,285,2,4.189775466918945
238,185,3,4.492481231689453
238,64,4,4.46968936920166
238,603,5,4.521331310272217
238,203,6,4.448136329650879
238,515,7,4.160172462463379
238,1449,8,4.419614315032959
238,8,9,4.137014865875244
238,494,10,4.106714248657227
239,965,1,4.493053436279297
239,211,2,5.339024543762207
239,615,3,4.77307653427124
239,656,4,4.580589294433594
239,653,5,5.2519989013671875
239,515,6,5.173492431640625
239,697,7,5.163057327270508
239,1142,8,5.053165912628174
239,582,9,5.052365303039551
239,198,10,4.851004600524902
240,174,1,4.673442363739014
240,408,2,5.336410045623779
240,474,3,5.303171157836914
240,179,4,5.281609535217285
240,919,5,4.8879923820495605
240,170,6,5.129091739654541
240,169,7,5.12580680847168
240,192,8,4.878783702850342
240,603,9,5.086377143859863
240,480,10,4.83717679977417
241,48,1,4.844890594482422
241,285,2,4.652224540710449
241,194,3,4.222139835357666
241,132,4,4.568998336791992
241,1367,5,4.100903034210205
241,174,6,4.210609436035156
241,484,7,4.20594596862793
241,423,8,4.484874725341797
241,192,9,4.483908653259277
241,603,10,4.302079677581787
242,12,1,4.229100704193115
242,652,2,4.505284309387207
242,1021,3,4.4988908767700195
242,736,4,4.210922718048096
242,484,5,4.209371089935303
242,153,6,4.432855606079102
242,9,7,4.4310832023620605
242,173,8,4.193487167358398
242,210,9,4.383937835693359
242,603,10,4.283969879150391
243,198,1,4.731881618499756
243,64,2,4.471485614776611
243,603,3,4.408904075622559
243,89,4,4.339356899261475
243,847,5,4.04586935043335
243,538,6,3.9282751083374023
243,430,7,4.27945613861084
243,958,8,4.278731822967529
243,320,9,4.1523213386535645
243,269,10,4.1426801681518555
244,531,1,5.166963577270508
244,483,2,5.118229866027832
244,359,3,4.674617290496826
244,242,4,5.1101393699646
244,431,5,4.649325370788574
244,134,6,5.046625137329102
244,513,7,4.643222332000732
244,251,8,4.918888092041016
244,61,9,4.903231620788574
244,1142,10,4.7675676345825195
245,525,1,3.9873392581939697
245,190,2,4.3560404777526855
245,1137,3,4.244248390197754
245,198,4,3.9612739086151123
245,1594,5,3.8034656047821045
245,603,6,4.213872909545898
245,272,7,3.9566617012023926
245,156,8,4.16832160949707
245,48,9,4.146805763244629
245,189,10,4.021843433380127
246,709,1,4.857043266296387
246,381,2,4.849676609039307
246,89,3,3.9749271869659424
246,1240,4,4.184325695037842
246,408,5,4.796273231506348
246,515,6,4.741410732269287
246,127,7,4.341691493988037
246,718,8,4.630707263946533
246,518,9,4.606245517730713
246,705,10,4.603668212890625
247,12,1,4.558481216430664
247,657,2,4.5558061599731445
247,50,3,4.5106940269470215
247,483,4,4.460241317749023
247,408,5,4.449821472167969
247,1159,6,4.179388523101807
247,641,7,4.161796569824219
247,656,8,4.057617664337158
247,613,9,4.318819999694824
247,432,10,4.284170627593994
248,421,1,4.150038719177246
248,42,2,5.2151198387146
248,83,3,4.8753180503845215
248,1302,4,4.136865139007568
248,357,5,4.928612232208252
248,529,6,4.694072723388672
248,588,7,4.014773845672607
248,318,8,4.580682754516602
248,1019,9,4.544249057769775
248,14,10,4.414977550506592
249,48,1,5.3056440353393555
249,474,2,5.202510356903076
249,1500,3,4.780704975128174
249,59,4,5.160490036010742
249,315,5,5.110852241516113
249,923,6,4.994851112365723
249,1367,7,4.656305313110352
249,513,8,4.904532432556152
249,207,9,4.870233535766602
249,1098,10,4.8195929527282715
250,199,1,5.414838790893555
250,513,2,5.068530559539795
250,511,3,4.966363430023193
250,1166,4,4.966015815734863
250,694,5,4.957710266113281
250,1101,6,4.952671527862549
250,494,7,4.8607354164123535
250,265,8,4.841708183288574
250,1131,9,4.836435317993164
250,488,10,4.705948352813721
251,423,1,5.145663261413574
251,603,2,5.130309104919434
251,234,3,5.088212013244629
251,134,4,4.973189353942871
251,194,5,4.567017078399658
251,498,6,4.898129463195801
251,195,7,4.820519924163818
251,177,8,4.816515922546387
251,527,9,4.805447101593018
251,483,10,4.777742385864258
252,318,1,5.099498271942139
252,176,2,5.088144779205322
252,966,3,4.560766696929932
252,190,4,4.98515510559082
252,505,5,4.705966949462891
252,480,6,4.903610706329346
252,607,7,4.890445232391357
252,479,8,4.943810939788818
252,116,9,4.8755784034729
252,50,10,4.806286811828613
253,479,1,5.211302757263184
253,191,2,5.160627365112305
253,189,3,5.077181339263916
253,429,4,5.0405473709106445
253,60,5,5.0323920249938965
253,28,6,5.032207489013672
253,443,7,4.545912742614746
253,657,8,5.019083499908447
253,675,9,4.924372673034668
253,320,10,4.604388236999512
254,22,1,4.781191825866699
254,79,2,4.5517449378967285
254,866,3,4.385261535644531
254,482,4,4.197139739990234
254,566,5,4.191474914550781
254,958,6,3.8463172912597656
254,193,7,4.105933666229248
254,1537,8,3.8350279331207275
254,48,9,3.993910312652588
254,191,10,3.9830689430236816
255,302,1,4.822216033935547
255,538,2,4.043490886688232
255,64,3,4.681703567504883
255,762,4,4.655641555786133
255,127,5,4.642570972442627
255,208,6,4.223840713500977
255,170,7,4.631796836853027
255,603,8,4.531574249267578
255,48,9,4.529155254364014
255,515,10,4.296568393707275
256,271,1,4.857586860656738
256,189,2,5.26712703704834
256,318,3,5.413578987121582
256,33,4,5.133947849273682
256,515,5,5.122735977172852
256,498,6,5.110679626464844
256,320,7,4.729056358337402
256,639,8,5.172285079956055
256,165,9,5.067189693450928
256,588,10,5.056362628936768
257,179,1,4.937221050262451
257,318,2,4.901228427886963
257,250,3,4.4870452880859375
257,357,4,4.737860679626465
257,8,5,4.848556041717529
257,316,6,4.733577728271484
257,320,7,4.700244426727295
257,853,8,4.47478723526001
257,71,9,4.583705902099609
257,753,10,4.560483932495117
258,648,1,4.387642860412598
258,483,2,4.949508190155029
258,513,3,4.842369556427002
258,1194,4,4.813681125640869
258,923,5,4.263039588928223
258,515,6,4.68704891204834
258,119,7,4.346558570861816
258,1019,8,4.162761211395264
258,60,9,4.639278888702393
258,48,10,4.604936122894287
259,89,1,5.251127243041992
259,42,2,5.226861000061035
259,119,3,4.611419200897217
259,493,4,4.515652179718018
259,663,5,4.893986701965332
259,195,6,4.3928446769714355
259,474,7,4.599325656890869
259,344,8,4.851845741271973
259,178,9,4.574868202209473
259,856,10,4.807271957397461
260,187,1,4.532201290130615
260,434,2,4.115538597106934
260,71,3,4.118384838104248
260,318,4,4.4143500328063965
260,22,5,4.467183589935303
260,204,6,4.410544395446777
260,1160,7,4.015501022338867
260,64,8,4.382884502410889
260,198,9,4.353641986846924
260,661,10,4.000885486602783
261,318,1,5.609508037567139
261,608,2,4.928037643432617
261,811,3,4.8087263107299805
261,483,4,5.371585845947266
261,657,5,5.432011604309082
261,223,6,5.370438575744629
261,313,7,5.349804878234863
261,659,8,5.247219085693359
261,527,9,5.234892845153809
261,856,10,5.2041401863098145
262,116,1,3.9915342330932617
262,12,2,4.549599647521973
262,613,3,3.9893085956573486
262,514,4,4.295975685119629
262,971,5,3.97967529296875
262,483,6,4.43372917175293
262,48,7,3.809026002883911
262,525,8,3.8152925968170166
262,1449,9,4.283259868621826
262,529,10,4.16302490234375
263,286,1,4.9979352951049805
263,15,2,4.246725082397461
263,513,3,4.74929666519165
263,187,4,4.742115497589111
263,50,5,4.3337860107421875
263,478,6,4.633597373962402
263,705,7,4.322110176086426
263,9,8,4.489393711090088
263,48,9,4.403271198272705
263,61,10,4.397796630859375
264,50,1,5.672975063323975
264,657,2,5.560322284698486
264,427,3,5.378403663635254
264,423,4,5.3108320236206055
264,705,5,5.307082176208496
264,302,6,4.840912342071533
264,91,7,5.236858367919922
264,647,8,5.1447625160217285
264,919,9,5.136733055114746
264,480,10,4.954292297363281
265,12,1,5.02564001083374
265,1137,2,4.684512138366699
265,82,3,4.629283905029297
265,71,4,4.573029518127441
265,203,5,4.204653263092041
265,484,6,4.070797443389893
265,1413,7,4.1869730949401855
265,1194,8,4.185966968536377
265,436,9,4.172061920166016
265,211,10,4.349071025848389
266,169,1,3.9399662017822266
266,22,2,4.393402576446533
266,1,3,4.340951919555664
266,174,4,4.241260051727295
266,922,5,3.9205493927001953
266,87,6,4.1568803787231445
266,190,7,4.101137161254883
266,12,8,4.076127052307129
266,966,9,4.043712615966797
266,813,10,3.8826847076416016
267,511,1,5.565587520599365
267,408,2,5.369805812835693
267,493,3,4.6166300773620605
267,1251,4,4.616122245788574
267,246,5,4.7409515380859375
267,1073,6,5.305609226226807
267,474,7,5.101817607879639
267,513,8,5.082795143127441
267,519,9,4.9696197509765625
267,707,10,4.9600443840026855
268,513,1,4.117823123931885
268,515,2,4.829488277435303
268,647,3,4.667457580566406
268,1367,4,4.071477890014648
268,64,5,4.686532497406006
268,648,6,4.110503673553467
268,190,7,4.532750129699707
268,1142,8,4.052849292755127
268,847,9,4.536827564239502
268,484,10,4.343636512756348
269,116,1,3.8383288383483887
269,491,2,3.9939210414886475
269,32,3,4.355072021484375
269,511,4,3.7197914123535156
269,1009,5,4.0059733390808105
269,56,6,4.332352638244629
269,916,7,3.9883220195770264
269,320,8,4.229407787322998
269,513,9,4.228123664855957
269,510,10,3.929081916809082
270,180,1,5.734837055206299
270,127,2,5.732232093811035
270,1017,3,5.717085838317871
270,588,4,5.693334102630615
270,490,5,5.341362953186035
270,1039,6,5.6021928787231445
270,12,7,5.587848663330078
270,498,8,5.5783257484436035
270,644,9,5.269660472869873
270,81,10,5.428668975830078
271,484,1,4.725147724151611
271,483,2,4.685326099395752
271,1073,3,4.53874397277832
271,604,4,4.536645412445068
271,673,5,4.118928909301758
271,189,6,4.48166036605835
271,1137,7,4.361948013305664
271,19,8,4.259809494018555
271,475,9,3.9854812622070312
271,939,10,4.131906986236572
272,427,1,5.153065204620361
272,114,2,4.6012959480285645
272,480,3,5.102862358093262
272,185,4,4.983513355255127
272,313,5,4.700292110443115
272,131,6,4.8943586349487305
272,513,7,4.89097785949707
272,171,8,4.867030143737793
272,653,9,4.782466411590576
272,470,10,4.755903720855713
273,516,1,3.785501718521118
273,408,2,4.239365100860596
273,189,3,3.8943448066711426
273,297,4,3.7806570529937744
273,119,5,3.707125425338745
273,603,6,4.11390495300293
273,302,7,4.103766918182373
273,12,8,4.1953582763671875
273,1142,9,4.182267189025879
273,753,10,3.927893877029419
274,114,1,5.037590026855469
274,408,2,5.550930976867676
274,302,3,5.484740257263184
274,61,4,5.399548530578613
274,12,5,5.570214748382568
274,189,6,5.028450012207031
274,603,7,5.024774074554443
274,511,8,5.176913261413574
274,483,9,5.152875900268555
274,14,10,5.075906276702881
275,79,1,4.179407596588135
275,478,2,3.7136077880859375
275,116,3,3.5101213455200195
275,124,4,4.031947612762451
275,119,5,3.9979310035705566
275,513,6,3.9823832511901855
275,318,7,3.9470486640930176
275,1021,8,3.937464475631714
275,275,9,3.905410051345825
275,195,10,3.8420464992523193
276,134,1,5.046805381774902
276,119,2,4.285902976989746
276,190,3,4.888728618621826
276,114,4,4.726237773895264
276,1159,5,4.273247718811035
276,116,6,4.636321067810059
276,177,7,4.620569705963135
276,286,8,4.616960525512695
276,478,9,4.598907947540283
276,83,10,4.592043876647949
277,71,1,3.796002149581909
277,1251,2,4.078423976898193
277,56,3,4.478008270263672
277,61,4,4.071652889251709
277,385,5,4.373714923858643
277,316,6,4.536133289337158
277,64,7,4.320751667022705
277,12,8,4.358670711517334
277,22,9,4.246914863586426
277,333,10,4.213892936706543
278,28,1,4.872398853302002
278,510,2,4.372405052185059
278,487,3,4.7242350578308105
278,515,4,4.771529674530029
278,963,5,4.635856628417969
278,531,6,4.6307268142700195
278,64,7,4.589438438415527
278,169,8,4.5843329429626465
278,603,9,4.668837547302246
278,320,10,4.25389289855957
279,657,1,4.97214412689209
279,420,2,4.2780609130859375
279,1405,3,4.769423007965088
279,610,4,4.8966522216796875
279,171,5,4.688330173492432
279,513,6,4.2581071853637695
279,1193,7,4.271734237670898
279,179,8,4.5898118019104
279,836,9,4.528556823730469
279,178,10,4.427780628204346
280,344,1,4.924828052520752
280,1269,2,4.836944580078125
280,1039,3,4.5331830978393555
280,1070,4,4.340592861175537
280,223,5,4.706937313079834
280,603,6,4.696096420288086
280,1523,7,4.306235313415527
280,169,8,4.684974670410156
280,525,9,4.66650390625
280,320,10,4.629717826843262
281,190,1,4.5215229988098145
281,11,2,4.256032943725586
281,792,3,3.7947568893432617
281,48,4,3.794649362564087
281,178,5,4.164906978607178
281,513,6,4.147729873657227
281,1,7,4.135424613952637
281,96,8,4.044766426086426
281,382,9,3.835172653198242
281,526,10,3.931201934814453
282,1103,1,4.427083969116211
282,50,2,4.967792987823486
282,513,3,4.530455589294434
282,520,4,4.861125469207764
282,963,5,4.52290153503418
282,12,6,4.792437553405762
282,100,7,4.753061294555664
282,313,8,4.72998046875
282,96,9,4.652333736419678
282,168,10,4.464746475219727
283,166,1,5.395195960998535
283,42,2,5.386468887329102
283,654,3,5.245886325836182
283,524,4,5.1262898445129395
283,603,5,5.123954772949219
283,165,6,5.113222122192383
283,1194,7,4.827610969543457
283,408,8,5.104074954986572
283,172,9,4.827178478240967
283,1139,10,4.7798357009887695
284,14,1,5.001801490783691
284,318,2,4.818955898284912
284,89,3,4.791334629058838
284,1073,4,4.208526134490967
284,613,5,4.318495273590088
284,1449,6,4.621395587921143
284,694,7,4.518664360046387
284,746,8,4.4829020500183105
284,48,9,4.409300804138184
284,320,10,4.377525329589844
285,483,1,5.263384819030762
285,132,2,5.20362663269043
285,496,3,5.112368106842041
285,657,4,5.008183479309082
285,515,5,4.933724880218506
285,185,6,4.898022651672363
285,1021,7,4.868869304656982
285,922,8,4.608466148376465
285,423,9,4.856210708618164
285,494,10,4.730764389038086
286,134,1,5.225380897521973
286,1005,2,4.7286458015441895
286,904,3,5.103222370147705
286,478,4,4.48241662979126
286,136,5,5.070599555969238
286,705,6,5.075465202331543
286,434,7,5.051599025726318
286,1203,8,5.066854953765869
286,242,9,4.935959815979004
286,488,10,4.756757736206055
287,512,1,5.395820617675781
287,523,2,5.162669658660889
287,1449,3,5.072216987609863
287,853,4,4.752487659454346
287,566,5,4.639466285705566
287,408,6,5.0269551277160645
287,169,7,5.022058486938477
287,474,8,5.002769470214844
287,157,9,4.992028713226318
287,313,10,4.973001480102539
288,150,1,5.228884220123291
288,603,2,4.92194938659668
288,963,3,4.512496471405029
288,1021,4,4.845632553100586
288,57,5,4.7943196296691895
288,302,6,4.790248870849609
288,131,7,4.780007362365723
288,419,8,4.4574689865112305
288,853,9,4.291913986206055
288,611,10,4.193647384643555
289,344,1,3.985553503036499
289,251,2,4.349388599395752
289,12,3,4.337296485900879
289,313,4,4.225238800048828
289,1137,5,3.966032028198242
289,603,6,4.174375057220459
289,657,7,4.12099552154541
289,320,8,4.105854511260986
289,168,9,4.103350639343262
289,659,10,4.0329437255859375
290,8,1,3.854525566101074
290,963,2,4.413205146789551
290,173,3,4.406363010406494
290,165,4,4.332876682281494
290,313,5,4.470447063446045
290,67,6,4.297576427459717
290,736,7,3.9670186042785645
290,1007,8,3.9624240398406982
290,333,9,4.2333245277404785
290,186,10,4.138718605041504
291,318,1,5.444072723388672
291,357,2,5.065906524658203
291,498,3,4.736102104187012
291,170,4,4.727035999298096
291,431,5,5.0142035484313965
291,251,6,5.058063983917236
291,613,7,4.716479778289795
291,705,8,4.908668041229248
291,1451,9,4.542061805725098
291,203,10,4.854343414306641
292,191,1,5.416473865509033
292,283,2,4.719176292419434
292,47,3,4.715296268463135
292,185,4,5.051763534545898
292,526,5,5.013390064239502
292,1007,6,4.994280815124512
292,493,7,4.706326961517334
292,177,8,4.941259384155273
292,187,9,4.991819858551025
292,435,10,4.920650482177734
294,190,1,5.110042095184326
294,526,2,4.653278827667236
294,60,3,5.017928123474121
294,132,4,4.958752632141113
294,216,5,4.644705772399902
294,498,6,4.907899856567383
294,12,7,4.892722129821777
294,318,8,5.040761470794678
294,603,9,4.863244533538818
294,511,10,4.5573320388793945
295,315,1,5.357193946838379
295,514,2,5.338541030883789
295,114,3,5.327652931213379
295,531,4,4.938786506652832
295,507,5,5.246927738189697
295,922,6,5.207036972045898
295,207,7,5.164676666259766
295,813,8,5.109649181365967
295,1118,9,4.837040424346924
295,1159,10,5.071368217468262
296,511,1,5.6248579025268555
296,491,2,5.413086414337158
296,604,3,5.299832344055176
296,602,4,4.820469856262207
296,209,5,5.279168128967285
296,644,6,4.818368911743164
296,114,7,5.202322006225586
296,603,8,5.168117523193359
296,232,9,5.096301555633545
296,488,10,5.058380126953125
297,531,1,4.8333353996276855
297,65,2,4.106884479522705
297,493,3,4.769258499145508
297,169,4,4.71416711807251
297,707,5,4.78842830657959
297,126,6,4.627631664276123
297,589,7,4.160861968994141
297,318,8,4.413890838623047
297,132,9,4.292520523071289
297,1070,10,4.27515983581543
298,462,1,4.542651176452637
298,515,2,5.095471382141113
298,42,3,5.16457462310791
298,136,4,4.954567909240723
298,519,5,4.940762996673584
298,845,6,4.530208110809326
298,198,7,4.889760971069336
298,813,8,4.424006462097168
298,313,9,4.7466936111450195
298,608,10,4.518359184265137
299,306,1,4.158038139343262
299,64,2,4.449874401092529
299,1449,3,4.434194087982178
299,1203,4,4.42363166809082
299,694,5,4.3966569900512695
299,735,6,4.392746925354004
299,74,7,4.392446994781494
299,525,8,4.369546890258789
299,968,9,4.023662090301514
299,648,10,4.210842609405518
300,1367,1,4.412405967712402
300,963,2,5.008702754974365
300,191,3,4.836874008178711
300,520,4,4.8183674812316895
300,1098,5,4.620624542236328
300,496,6,4.7819318771362305
300,50,7,4.779935836791992
300,694,8,4.720203399658203
300,423,9,4.718745708465576
300,525,10,4.647088050842285
301,313,1,5.435802459716797
301,48,2,4.328120231628418
301,1137,3,5.010826110839844
301,257,4,4.771230220794678
301,432,5,4.327585220336914
301,787,6,4.703517913818359
301,922,7,4.310723304748535
301,752,8,4.294802665710449
301,867,9,4.292906284332275
301,307,10,4.640643119812012
302,185,1,4.2665863037109375
302,318,2,4.075250148773193
302,95,3,3.6816864013671875
302,171,4,3.6775705814361572
302,216,5,3.8754823207855225
302,657,6,3.6753451824188232
302,12,7,3.867875576019287
302,165,8,3.8257548809051514
302,196,9,3.822098731994629
302,498,10,3.815277576446533
303,478,1,5.301142692565918
303,718,2,5.137392044067383
303,178,3,5.113912582397461
303,489,4,5.068809986114502
303,511,5,4.537721157073975
303,1143,6,5.065031051635742
303,659,7,4.991479873657227
303,429,8,4.9584150314331055
303,48,9,4.524424076080322
303,520,10,4.311125755310059
304,1500,1,3.7424018383026123
304,12,2,4.265846252441406
304,222,3,3.821748971939087
304,493,4,3.7385172843933105
304,1007,5,4.105389595031738
304,98,6,4.093197345733643
304,657,7,4.055766582489014
304,735,8,4.052925109863281
304,922,9,4.037734508514404
304,519,10,4.030182361602783
305,114,1,4.694681644439697
305,344,2,4.564276695251465
305,675,3,3.87943696975708
305,1103,4,4.4589524269104
305,124,5,4.419032573699951
305,57,6,4.472315311431885
305,316,7,4.41263484954834
305,132,8,4.3851094245910645
305,657,9,4.262763023376465
305,513,10,4.225886821746826
306,483,1,5.307556629180908
306,478,2,5.23975133895874
306,498,3,4.726560592651367
306,496,4,5.083073616027832
306,530,5,4.647204399108887
306,657,6,5.065171718597412
306,603,7,4.988368988037109
306,196,8,5.070373058319092
306,474,9,4.879141330718994
306,604,10,4.829644680023193
307,647,1,4.98856782913208
307,190,2,4.985712051391602
307,1137,3,4.984649658203125
307,12,4,4.941835403442383
307,251,5,4.8146867752075195
307,127,6,4.790218830108643
307,302,7,4.406981945037842
307,709,8,4.721818923950195
307,11,9,4.694064140319824
307,694,10,4.6671247482299805
308,478,1,4.95241641998291
308,489,2,4.266847610473633
308,1203,3,4.685164928436279
308,1012,4,4.618283748626709
308,1243,5,3.816225051879883
308,1142,6,4.7555694580078125
308,268,7,4.582089900970459
308,1159,8,4.41487979888916
308,1639,9,4.400633811950684
308,474,10,4.389318466186523
309,694,1,4.075047492980957
309,659,2,4.422154903411865
309,285,3,4.3857879638671875
309,210,4,4.384136199951172
309,119,5,4.058313369750977
309,1019,6,3.937514066696167
309,611,7,4.376404762268066
309,208,8,4.317387580871582
309,963,9,4.227102279663086
309,474,10,4.089887619018555
310,963,1,5.183779239654541
310,285,2,5.029857158660889
310,613,3,4.99818229675293
310,478,4,4.974226474761963
310,12,5,4.9244914054870605
310,50,6,4.879763603210449
310,190,7,4.874848365783691
310,530,8,4.842493534088135
310,272,9,4.798366546630859
310,1269,10,4.410908222198486
311,408,1,4.934272766113281
311,742,2,4.826891899108887
311,1194,3,4.337371826171875
311,405,4,4.624368667602539
311,920,5,4.280114650726318
311,613,6,4.156913757324219
311,272,7,4.5954742431640625
311,114,8,4.539645195007324
311,524,9,4.507384777069092
311,805,10,4.116524696350098
312,9,1,5.619386672973633
312,650,2,5.586787223815918
312,1313,3,4.393862724304199
312,515,4,5.489124298095703
312,1104,5,4.636457920074463
312,45,6,5.528160572052002
312,242,7,5.2649827003479
312,1121,8,5.128840923309326
312,161,9,4.968639850616455
312,241,10,4.890964508056641
313,119,1,4.336712837219238
313,462,2,4.82840633392334
313,60,3,4.700805187225342
313,675,4,4.334893226623535
313,285,5,4.555304527282715
313,607,6,4.295995712280273
313,1019,7,4.285813808441162
313,1194,8,4.509361267089844
313,916,9,4.4635539054870605
313,227,10,4.1789045333862305
314,651,1,5.248422145843506
314,1472,2,4.38804817199707
314,333,3,5.168292999267578
314,190,4,5.125690937042236
314,178,5,5.116939544677734
314,1512,6,5.092997074127197
314,44,7,5.088932037353516
314,916,8,5.04373025894165
314,675,9,5.019286155700684
314,1594,10,4.4063496589660645
315,124,1,5.172336578369141
315,408,2,4.972363471984863
315,119,3,4.522948741912842
315,45,4,4.9627251625061035
315,1020,5,4.370878219604492
315,483,6,4.899424076080322
315,131,7,4.761849403381348
315,165,8,4.750899791717529
315,114,9,4.7172064781188965
315,516,10,4.483169078826904
316,272,1,5.10846471786499
316,116,2,4.702051162719727
316,644,3,3.9998741149902344
316,514,4,4.688861846923828
316,484,5,3.70259165763855
316,119,6,4.323043346405029
316,315,7,4.293916702270508
316,624,8,3.5026955604553223
316,1069,9,4.213342666625977
316,661,10,4.153867721557617
317,48,1,4.868956089019775
317,190,2,4.757894515991211
317,12,3,4.7549920082092285
317,483,4,4.748959064483643
317,479,5,4.42800235748291
317,515,6,4.660515785217285
317,175,7,4.630129814147949
317,478,8,4.563960075378418
317,511,9,4.556483745574951
317,223,10,4.5276665687561035
318,568,1,5.409853935241699
318,513,2,5.060260772705078
318,177,3,4.5413007736206055
318,431,4,4.92557430267334
318,71,5,4.897214412689209
318,498,6,4.8806281089782715
318,520,7,4.765994548797607
318,671,8,4.5104217529296875
318,589,9,4.698585510253906
318,923,10,4.595572471618652
319,169,1,4.741615295410156
319,344,2,4.719272613525391
319,89,3,4.684024333953857
319,515,4,4.6683502197265625
319,520,5,4.664227485656738
319,208,6,4.655740737915039
319,262,7,4.402299880981445
319,615,8,4.394224166870117
319,470,9,4.509533405303955
319,429,10,4.324443817138672
320,39,1,4.299801826477051
320,302,2,5.12069034576416
320,12,3,5.099669456481934
320,136,4,4.496639728546143
320,168,5,5.006606578826904
320,60,6,5.0040788650512695
320,214,7,4.957729339599609
320,313,8,5.086207389831543
320,603,9,4.947261810302734
320,119,10,4.562600612640381
321,98,1,4.8803391456604
321,168,2,4.222772598266602
321,256,3,3.940983772277832
321,408,4,4.642289161682129
321,520,5,4.56375789642334
321,1405,6,4.219245910644531
321,963,7,4.549645900726318
321,12,8,4.216245174407959
321,488,9,4.477300643920898
321,185,10,4.260437965393066
322,285,1,5.1368818283081055
322,603,2,5.128194808959961
322,1449,3,4.457110404968262
322,474,4,4.771810531616211
322,675,5,4.453478813171387
322,963,6,4.7366533279418945
322,100,7,4.745577812194824
322,50,8,4.691370010375977
322,265,9,4.126542091369629
322,484,10,4.648527145385742
323,357,1,5.023244380950928
323,603,2,4.998262405395508
323,427,3,4.95033073425293
323,480,4,4.671727657318115
323,82,5,4.2610673904418945
323,135,6,4.554095268249512
323,169,7,4.494740962982178
323,64,8,4.531024932861328
323,531,9,4.312973499298096
323,171,10,4.4603166580200195
324,344,1,5.636520862579346
324,1159,2,5.007399082183838
324,963,3,5.318071365356445
324,525,4,4.989805221557617
324,251,5,5.301074981689453
324,132,6,4.987982749938965
324,1449,7,5.277250289916992
324,7,8,5.269441604614258
324,515,9,5.224924087524414
324,966,10,4.698994159698486
325,59,1,4.972578048706055
325,488,2,4.813330173492432
325,603,3,4.668431282043457
325,346,4,3.8761520385742188
325,519,5,4.614593505859375
325,922,6,4.631742000579834
325,420,7,4.125804424285889
325,513,8,4.452297687530518
325,61,9,4.612797737121582
325,12,10,4.377729415893555
326,692,1,4.951095104217529
326,190,2,4.575623512268066
326,328,3,3.979982614517212
326,922,4,4.531888961791992
326,489,5,3.6924636363983154
326,506,6,4.377849102020264
326,245,7,4.295577049255371
326,684,8,3.9371635913848877
326,169,9,4.236273765563965
326,1039,10,4.2066521644592285
327,483,1,4.739461898803711
327,566,2,4.029815673828125
327,1126,3,4.42853307723999
327,657,4,4.399145126342773
327,443,5,4.351432800292969
327,604,6,4.011932849884033
327,524,7,3.9991614818573
327,607,8,4.26722526550293
327,423,9,4.254289627075195
327,171,10,4.159592628479004
328,958,1,4.766005992889404
328,1143,2,4.228043079376221
328,527,3,4.670762062072754
328,298,4,4.079561233520508
328,966,5,4.216903209686279
328,1367,6,4.211857318878174
328,190,7,4.559944152832031
328,171,8,4.538226127624512
328,805,9,4.356683731079102
328,963,10,4.340292930603027
329,89,1,4.5999755859375
329,83,2,4.229562759399414
329,603,3,4.548079013824463
329,1449,4,4.527987003326416
329,863,5,4.509489059448242
329,694,6,4.456820487976074
329,134,7,4.42933988571167
329,513,8,4.402579307556152
329,519,9,4.370301246643066
329,180,10,4.30266809463501
330,176,1,5.615708827972412
330,1021,2,5.5832037925720215
330,515,3,5.141627788543701
330,173,4,5.4457855224609375
330,615,5,5.134606838226318
330,1474,6,4.932744026184082
330,48,7,5.415865898132324
330,483,8,5.409204483032227
330,147,9,5.108565807342529
330,194,10,5.32003116607666
331,513,1,3.9296278953552246
331,276,2,4.454696178436279
331,435,3,3.7037062644958496
331,272,4,4.3349456787109375
331,48,5,3.9082517623901367
331,156,6,4.304349899291992
331,195,7,3.905534029006958
331,647,8,4.114895820617676
331,1007,9,3.8740384578704834
331,320,10,4.069496154785156
332,268,1,5.830026149749756
332,318,2,5.401914119720459
332,185,3,5.260078430175781
332,187,4,5.222796440124512
332,428,5,4.855844020843506
332,343,6,5.168065071105957
332,169,7,5.140900135040283
332,1019,8,5.06884241104126
332,963,9,5.05764627456665
332,1131,10,4.962828636169434
333,148,1,3.9634108543395996
333,429,2,4.199937343597412
333,344,3,4.607574939727783
333,275,4,4.604466915130615
333,172,5,4.575766563415527
333,251,6,4.554658889770508
333,318,7,4.553572654724121
333,479,8,4.443453788757324
333,732,9,4.230812072753906
333,307,10,4.216749668121338
334,45,1,4.772268772125244
334,916,2,4.251269817352295
334,603,3,4.661809921264648
334,735,4,4.582999229431152
334,1531,5,3.91074275970459
334,646,6,4.581664085388184
334,48,7,4.501010894775391
334,963,8,4.498808860778809
334,611,9,4.461709022521973
334,671,10,4.1863250732421875
335,12,1,4.30625581741333
335,520,2,4.305558681488037
335,483,3,4.652878284454346
335,179,4,4.916131496429443
335,344,5,4.748435020446777
335,32,6,4.18187952041626
335,60,7,4.6239423751831055
335,434,8,4.520071983337402
335,189,9,4.482013702392578
335,479,10,4.2544050216674805
336,172,1,5.42307710647583
336,344,2,4.241787910461426
336,12,3,4.774763107299805
336,963,4,4.687195301055908
336,408,5,4.654349327087402
336,22,6,4.63991117477417
336,487,7,4.633270263671875
336,219,8,4.2166852951049805
336,659,9,4.209037780761719
336,114,10,4.164046287536621
337,98,1,5.082770824432373
337,496,2,4.999451160430908
337,313,3,4.756606101989746
337,117,4,4.30478572845459
337,484,5,4.685648441314697
337,89,6,4.639962673187256
337,136,7,4.6022796630859375
337,966,8,4.5996623039245605
337,479,9,4.522915363311768
337,648,10,4.457509517669678
338,165,1,5.042868137359619
338,238,2,5.015547275543213
338,199,3,4.9678263664245605
338,603,4,4.93820858001709
338,1103,5,4.89721155166626
338,153,6,4.881165981292725
338,114,7,4.432299613952637
338,19,8,4.827078342437744
338,92,9,4.4004926681518555
338,315,10,4.6891632080078125
339,919,1,5.530769348144531
339,1021,2,5.211961269378662
339,604,3,5.194662094116211
339,813,4,5.192339897155762
339,1142,5,5.154116630554199
339,507,6,5.003579616546631
339,318,7,4.970340728759766
339,169,8,4.9687933921813965
339,1073,9,4.892822265625
339,615,10,4.856725692749023
340,657,1,5.367840766906738
340,611,2,4.594023704528809
340,603,3,5.133108139038086
340,916,4,4.574838638305664
340,178,5,5.00555419921875
340,318,6,4.940976619720459
340,607,7,4.872926712036133
340,504,8,4.849529266357422
340,210,9,4.549654960632324
340,48,10,4.756464958190918
341,922,1,4.712249755859375
341,64,2,5.430968761444092
341,173,3,5.291098117828369
341,126,4,4.619863510131836
341,170,5,5.12620210647583
341,483,6,5.285531044006348
341,119,7,4.6137518882751465
341,694,8,5.079529285430908
341,168,9,5.0854902267456055
341,513,10,5.063340663909912
342,707,1,4.839301586151123
342,614,2,4.312872886657715
342,610,3,4.675379276275635
342,705,4,4.285948753356934
342,242,5,4.5491251945495605
342,887,6,4.27742338180542
342,923,7,4.510215759277344
342,1240,8,4.040787696838379
342,217,9,4.407423496246338
342,431,10,4.403317451477051
343,251,1,5.356050968170166
343,1142,2,4.700980186462402
343,521,3,5.20207405090332
343,183,4,4.681781768798828
343,511,5,5.1696391105651855
343,60,6,5.121819496154785
343,513,7,5.209558486938477
343,516,8,5.094577789306641
343,262,9,5.04545259475708
343,647,10,5.038202285766602
344,59,1,4.505970001220703
344,475,2,5.0338592529296875
344,187,3,4.969041347503662
344,919,4,4.497669219970703
344,221,5,4.861686706542969
344,480,6,4.832109451293945
344,114,7,4.495247840881348
344,654,8,4.786992073059082
344,168,9,4.965084075927734
344,853,10,4.636552810668945
345,493,1,5.052880764007568
345,201,2,4.34061336517334
345,648,3,4.916499614715576
345,483,4,4.8569416999816895
345,603,5,4.8363542556762695
345,474,6,4.82703971862793
345,657,7,4.810093879699707
345,189,8,4.793646812438965
345,694,9,4.784506320953369
345,180,10,4.782021522521973
346,478,1,4.821235179901123
346,482,2,4.243061065673828
346,48,3,3.894467353820801
346,641,4,4.54428768157959
346,223,5,4.5364251136779785
346,304,6,4.05389404296875
346,126,7,4.779880523681641
346,360,8,3.8937811851501465
346,1019,9,4.240631580352783
346,902,10,4.446474075317383
347,478,1,5.221076965332031
347,1005,2,5.152649879455566
347,963,3,4.562798500061035
347,504,4,5.107716083526611
347,92,5,5.016363620758057
347,1269,6,4.533472061157227
347,969,7,4.477819442749023
347,658,8,4.833639144897461
347,778,9,4.736075401306152
347,525,10,4.611624240875244
348,12,1,4.671576023101807
348,96,2,5.116855621337891
348,181,3,5.10875129699707
348,483,4,5.003844261169434
348,488,5,4.38388204574585
348,210,6,4.996389389038086
348,318,7,4.863205432891846
348,513,8,4.626897811889648
348,922,9,4.775888919830322
348,1269,10,4.705145359039307
349,134,1,4.833583354949951
349,474,2,4.735788345336914
349,190,3,4.675060272216797
349,646,4,4.3230366706848145
349,1449,5,4.598012924194336
349,525,6,4.299786567687988
349,479,7,4.503828048706055
349,200,8,4.484795093536377
349,478,9,4.4718017578125
349,168,10,4.415441989898682
350,197,1,5.327919960021973
350,496,2,5.117518424987793
350,484,3,5.104380130767822
350,179,4,5.048670768737793
350,483,5,5.011279106140137
350,199,6,4.9867634773254395
350,520,7,4.6485114097595215
350,302,8,4.9730048179626465
350,661,9,4.736786365509033
350,185,10,4.926242351531982
351,12,1,5.294129848480225
351,969,2,4.7562994956970215
351,87,3,5.22447395324707
351,223,4,5.19730281829834
351,115,5,4.595247268676758
351,177,6,5.1116743087768555
351,524,7,4.880068778991699
351,83,8,5.105717658996582
351,510,9,5.049201488494873
351,98,10,4.984097480773926
352,316,1,4.980012893676758
352,793,2,4.410216331481934
352,1142,3,4.874502658843994
352,185,4,4.868674278259277
352,157,5,4.861246109008789
352,661,6,4.783536434173584
352,484,7,4.760955333709717
352,639,8,4.51992654800415
352,187,9,4.722391128540039
352,100,10,4.703768253326416
353,98,1,4.536905765533447
353,475,2,4.531514644622803
353,318,3,4.522820472717285
353,173,4,4.308985233306885
353,165,5,4.266941070556641
353,519,6,4.0688323974609375
353,659,7,4.2386016845703125
353,48,8,4.02868127822876
353,168,9,4.199887752532959
353,189,10,4.0986008644104
354,617,1,4.076271057128906
354,408,2,4.868980884552002
354,119,3,4.175040245056152
354,923,4,4.6530046463012695
354,646,5,4.652816295623779
354,963,6,4.616632461547852
354,654,7,4.612056255340576
354,793,8,4.2527756690979
354,114,9,4.249794006347656
354,1367,10,4.540748119354248
355,525,1,5.456374645233154
355,603,2,5.353507995605469
355,178,3,5.271388053894043
355,521,4,5.226409912109375
355,189,5,5.171987056732178
355,71,6,5.153992652893066
355,198,7,5.149346351623535
355,208,8,4.868171215057373
355,1269,9,5.14714241027832
355,615,10,5.070536136627197
356,513,1,4.444150924682617
356,480,2,4.906022071838379
356,479,3,4.808039665222168
356,28,4,4.742826461791992
356,735,5,4.736660957336426
356,483,6,4.7735114097595215
356,489,7,4.293696880340576
356,484,8,4.687814712524414
356,174,9,4.529983043670654
356,443,10,4.456857681274414
357,316,1,5.7778706550598145
357,1193,2,5.178678035736084
357,483,3,5.478451728820801
357,305,4,5.409306049346924
357,127,5,5.027898788452148
357,333,6,5.136712551116943
357,792,7,5.372434616088867
357,119,8,5.350741863250732
357,470,9,5.341114521026611
357,176,10,5.260079383850098
358,483,1,5.022243022918701
358,1449,2,4.90618371963501
358,318,3,4.849904537200928
358,432,4,4.713736534118652
358,320,5,4.694040775299072
358,615,6,4.4687628746032715
358,100,7,4.66201114654541
358,1129,8,4.65903902053833
358,1203,9,4.446651458740234
358,488,10,4.5964789390563965
359,474,1,4.507844924926758
359,318,2,5.1102423667907715
359,173,3,4.927786827087402
359,489,4,4.5019354820251465
359,611,5,4.502325057983398
359,48,6,4.843831539154053
359,178,7,4.773472309112549
359,1449,8,4.952466011047363
359,190,9,4.692243576049805
359,659,10,4.674012184143066
360,427,1,5.102019309997559
360,811,2,4.132608890533447
360,659,3,4.816279411315918
360,603,4,4.660803318023682
360,178,5,4.651343822479248
360,558,6,4.430532455444336
360,1137,7,4.606495380401611
360,179,8,4.294230937957764
360,494,9,4.387818336486816
360,493,10,4.475007057189941
361,582,1,4.301955223083496
361,318,2,5.037286281585693
361,48,3,4.977226257324219
361,134,4,5.194414138793945
361,1268,5,4.409067630767822
361,306,6,4.395973205566406
361,269,7,4.741604804992676
361,511,8,4.584598541259766
361,480,9,4.579854965209961
361,1020,10,4.573773384094238
362,427,1,5.097658634185791
362,515,2,5.037511348724365
362,922,3,5.022522926330566
362,357,4,4.681395530700684
362,12,5,4.971580982208252
362,657,6,4.942200660705566
362,169,7,4.941056251525879
362,200,8,4.921173095703125
362,1194,9,4.88126802444458
362,432,10,4.839216232299805
363,647,1,4.806809425354004
363,659,2,4.733070373535156
363,175,3,4.6724138259887695
363,1143,4,4.009382724761963
363,611,5,3.8174686431884766
363,615,6,4.469100475311279
363,318,7,4.477316379547119
363,475,8,4.440791130065918
363,463,9,3.9447741508483887
363,170,10,4.325096607208252
364,273,1,4.126434326171875
364,56,2,4.741147041320801
364,694,3,4.407907962799072
364,134,4,4.732747554779053
364,203,5,4.774372577667236
364,272,6,4.687466621398926
364,174,7,4.396664142608643
364,316,8,4.665899276733398
364,114,9,4.280283451080322
364,483,10,4.6583757400512695
365,179,1,4.861875534057617
365,201,2,4.749259948730469
365,346,3,4.749250411987305
365,474,4,4.736633777618408
365,318,5,4.631148338317871
365,1070,6,4.12729549407959
365,183,7,4.601665496826172
365,169,8,4.283172607421875
365,50,9,4.274970531463623
365,12,10,4.511604309082031
366,531,1,5.44087553024292
366,119,2,4.991334915161133
366,475,3,5.323811054229736
366,513,4,5.223329067230225
366,1405,5,5.193445682525635
366,709,6,5.188982963562012
366,251,7,4.785915851593018
366,657,8,5.130057334899902
366,813,9,5.098578929901123
366,50,10,4.91187858581543
367,60,1,5.081657409667969
367,515,2,5.449295997619629
367,1159,3,5.076050281524658
367,408,4,5.389069080352783
367,313,5,5.3676886558532715
367,603,6,5.3080925941467285
367,648,7,5.2227911949157715
367,173,8,5.178928375244141
367,523,9,5.120342254638672
367,854,10,4.781702995300293
368,169,1,4.8005852699279785
368,269,2,4.7162885665893555
368,187,3,4.692956447601318
368,191,4,4.63770055770874
368,165,5,4.221735000610352
368,174,6,4.095438003540039
368,152,7,4.211684226989746
368,709,8,4.527621746063232
368,8,9,4.578389644622803
368,474,10,4.48646354675293
369,318,1,4.767656326293945
369,408,2,4.587371826171875
369,12,3,4.58138370513916
369,114,4,4.515622615814209
369,603,5,4.508217811584473
369,134,6,4.475797653198242
369,513,7,4.469829559326172
369,525,8,4.4483747482299805
369,224,9,4.388749122619629
369,604,10,4.267239570617676
370,318,1,4.477938652038574
370,443,2,3.7325520515441895
370,531,3,4.282317161560059
370,746,4,3.9551401138305664
370,488,5,4.2555155754089355
370,241,6,4.2519636154174805
370,1194,7,4.236203670501709
370,483,8,4.152411460876465
370,1137,9,4.096026420593262
370,474,10,3.8461852073669434
371,318,1,5.360477924346924
371,100,2,4.296746253967285
371,218,3,4.298018932342529
371,313,4,4.83355188369751
371,498,5,4.674809455871582
371,493,6,4.644646167755127
371,56,7,4.601508617401123
371,71,8,4.562506675720215
371,513,9,4.227200984954834
371,854,10,4.418846130371094
372,515,1,5.517152309417725
372,615,2,4.963378429412842
372,50,3,5.363759994506836
372,318,4,5.362119674682617
372,966,5,4.9628095626831055
372,192,6,5.351300239562988
372,484,7,5.313501358032227
372,28,8,5.260238170623779
372,70,9,5.243602752685547
372,189,10,5.218487739562988
373,486,1,4.828909873962402
373,484,2,4.773858070373535
373,1194,3,4.747049331665039
373,119,4,4.7144646644592285
373,615,5,4.419783592224121
373,1098,6,4.640695095062256
373,710,7,4.605323314666748
373,258,8,4.520632743835449
373,1142,9,4.497225761413574
373,1139,10,4.496307373046875
374,191,1,4.959019184112549
374,177,2,4.267735958099365
374,1550,3,4.093988418579102
374,83,4,4.664697170257568
374,645,5,4.633604526519775
374,213,6,4.581838607788086
374,300,7,4.574254989624023
374,187,8,4.556061267852783
374,553,9,4.545671463012695
374,837,10,4.423323154449463
375,190,1,4.801133632659912
375,100,2,4.7626633644104
375,647,3,4.759002208709717
375,172,4,4.737278938293457
375,285,5,4.720412731170654
375,168,6,4.407750606536865
375,1159,7,4.403886318206787
375,223,8,4.672062873840332
375,203,9,4.393923282623291
375,1500,10,4.331779479980469
376,480,1,4.531923770904541
376,313,2,4.4907941818237305
376,12,3,4.403388500213623
376,89,4,4.078569412231445
376,694,5,4.076181411743164
376,71,6,3.9747252464294434
376,661,7,4.07192850112915
376,174,8,4.311963081359863
376,316,9,4.275198936462402
376,528,10,4.155651569366455
377,684,1,4.448611259460449
377,318,2,5.25589656829834
377,12,3,4.9972944259643555
377,736,4,4.847135066986084
377,64,5,5.114748001098633
377,661,6,4.319960117340088
377,205,7,4.428650379180908
377,427,8,4.823001384735107
377,496,9,4.688979625701904
377,1,10,4.420028209686279
378,657,1,4.78599739074707
378,489,2,4.137227535247803
378,487,3,4.7244648933410645
378,480,4,4.290168762207031
378,114,5,4.743837356567383
378,613,6,4.638243675231934
378,357,7,4.711313247680664
378,611,8,4.237732887268066
378,813,9,4.452014923095703
378,1194,10,4.384415149688721
379,499,1,4.994925022125244
379,478,2,4.470966815948486
379,1142,3,4.580349922180176
379,1211,4,4.478452205657959
379,302,5,4.971926689147949
379,315,6,4.9349589347839355
379,919,7,4.92214298248291
379,180,8,4.950716972351074
379,182,9,4.906314849853516
379,114,10,4.522411823272705
381,515,1,5.320843696594238
381,654,2,4.372109889984131
381,425,3,4.999886989593506
381,169,4,4.904539108276367
381,183,5,4.858327388763428
381,195,6,4.533720016479492
381,1142,7,4.51909065246582
381,346,8,4.742603778839111
381,474,9,4.699303150177002
381,1203,10,4.608453273773193
382,661,1,4.352923393249512
382,657,2,4.1176347732543945
382,634,3,4.062550067901611
382,603,4,4.050510883331299
382,217,5,3.4521827697753906
382,1019,6,3.9795117378234863
382,1069,7,3.962646722793579
382,746,8,3.9569883346557617
382,519,9,3.6842024326324463
382,707,10,3.864936113357544
383,344,1,5.401856899261475
383,493,2,4.7410969734191895
383,1449,3,5.313323974609375
383,285,4,5.285961627960205
383,168,5,5.2487945556640625
383,653,6,5.243252277374268
383,512,7,5.222544193267822
383,209,8,4.836115837097168
383,55,9,5.20358943939209
383,432,10,5.010669708251953
384,269,1,4.658641815185547
384,357,2,4.85773229598999
384,483,3,4.850875377655029
384,318,4,4.849182605743408
384,480,5,4.805795669555664
384,181,6,4.802029132843018
384,127,7,4.784241676330566
384,936,8,4.781679630279541
384,12,9,4.592615604400635
384,174,10,4.743804931640625
385,652,1,5.070923805236816
385,923,2,4.693869590759277
385,1203,3,4.555352687835693
385,381,4,4.542200088500977
385,474,5,4.535229206085205
385,1020,6,4.020987033843994
385,19,7,4.397213935852051
385,1386,8,4.295032978057861
385,315,9,4.259206771850586
385,116,10,4.193482875823975
386,496,1,4.744026184082031
386,179,2,4.185406684875488
386,519,3,4.399726867675781
386,603,4,4.608923435211182
386,611,5,4.305552959442139
386,483,6,4.580359935760498
386,211,7,4.5682291984558105
386,302,8,4.589827060699463
386,1500,9,4.38369083404541
386,313,10,4.515238285064697
387,1142,1,5.174978256225586
387,169,2,5.103765487670898
387,12,3,5.091108322143555
387,589,4,4.131967544555664
387,408,5,4.801458358764648
387,242,6,4.644580841064453
387,478,7,4.571047782897949
387,487,8,4.488369941711426
387,346,9,4.450401306152344
387,963,10,4.346549987792969
388,22,1,5.66690731048584
388,606,2,4.888607978820801
388,181,3,5.19598913192749
388,28,4,5.194009304046631
388,603,5,4.889468193054199
388,11,6,4.868220806121826
388,430,7,4.728215217590332
388,204,8,5.059829235076904
388,95,9,4.999289512634277
388,611,10,4.942361354827881
389,953,1,4.413519859313965
389,190,2,4.574578285217285
389,242,3,4.965102195739746
389,1142,4,4.953794479370117
389,646,5,4.283174991607666
389,1070,6,4.541874408721924
389,292,7,4.93337345123291
389,313,8,5.1355767250061035
389,129,9,4.868655204772949
389,200,10,4.617134094238281
390,1449,1,5.1229071617126465
390,45,2,5.000914096832275
390,474,3,5.000369548797607
390,480,4,4.765689373016357
390,124,5,4.931488990783691
390,850,6,4.739702224731445
390,694,7,4.886301517486572
390,116,8,4.883157730102539
390,498,9,4.589975357055664
390,427,10,4.8320512771606445
391,656,1,4.223061561584473
391,1413,2,3.770273208618164
391,285,3,4.838348865509033
391,208,4,3.9255077838897705
391,514,5,4.810449600219727
391,178,6,4.888896465301514
391,641,7,4.633058547973633
391,502,8,4.034750461578369
391,1142,9,4.194733142852783
391,513,10,4.167313575744629
392,483,1,5.6135711669921875
392,479,2,5.590230941772461
392,709,3,5.34151554107666
392,1134,4,4.813900947570801
392,513,5,5.210106372833252
392,462,6,5.165597438812256
392,474,7,5.103349685668945
392,497,8,5.075348377227783
392,69,9,5.043241500854492
392,182,10,4.970508575439453
393,178,1,4.695028781890869
393,177,2,3.980760097503662
393,607,3,4.611752033233643
393,242,4,4.13464879989624
393,1512,5,4.662231922149658
393,753,6,4.539113998413086
393,515,7,4.28031587600708
393,307,8,4.049557209014893
393,966,9,4.176513195037842
393,1367,10,4.164211273193359
394,1194,1,4.675838947296143
394,1129,2,5.270879745483398
394,11,3,5.221609115600586
394,484,4,4.371117115020752
394,427,5,5.1371684074401855
394,408,6,5.300559997558594
394,963,7,5.1515960693359375
394,538,8,4.414076805114746
394,251,9,4.944553375244141
394,320,10,4.925353527069092
395,11,1,5.205789089202881
395,1021,2,5.085635662078857
395,1039,3,4.803435325622559
395,919,4,5.069299221038818
395,177,5,4.658302307128906
395,135,6,5.066596984863281
395,194,7,4.79348611831665
395,432,8,4.776641368865967
395,963,9,5.03902006149292
395,603,10,4.974462985992432
396,483,1,4.645290851593018
396,95,2,4.339591979980469
396,1142,3,4.3334431648254395
396,234,4,4.581474304199219
396,1021,5,4.600994110107422
396,169,6,4.569940090179443
396,96,7,4.49488639831543
396,657,8,4.48657751083374
396,174,9,4.470701694488525
396,480,10,4.448660373687744
397,514,1,5.266909599304199
397,168,2,5.125580310821533
397,180,3,5.124789237976074
397,505,4,4.3498992919921875
397,185,5,5.087290287017822
397,1142,6,5.015358924865723
397,488,7,4.918039798736572
397,1103,8,4.773329734802246
397,661,9,4.444251537322998
397,132,10,4.6966400146484375
398,210,1,4.925568103790283
398,1550,2,4.117335319519043
398,709,3,4.834724426269531
398,313,4,4.767104148864746
398,119,5,4.283149242401123
398,515,6,4.838827133178711
398,165,7,4.749199390411377
398,380,8,4.2352800369262695
398,318,9,4.502556324005127
398,251,10,4.462309837341309
400,318,1,4.994297504425049
400,474,2,4.42034912109375
400,50,3,4.75465202331543
400,1449,4,4.731451034545898
400,1007,5,4.414679527282715
400,478,6,4.412266254425049
400,603,7,4.689424991607666
400,127,8,4.790647029876709
400,195,9,4.576200008392334
400,302,10,4.373839378356934
401,258,1,4.519177436828613
401,313,2,4.509146213531494
401,176,3,3.708737850189209
401,129,4,3.664915084838867
401,1203,5,3.507061719894409
401,393,6,4.13810396194458
401,213,7,4.099392414093018
401,644,8,4.0139594078063965
401,1101,9,3.8713572025299072
401,204,10,3.856748104095459
402,272,1,5.093342304229736
402,98,2,5.037327766418457
402,83,3,4.876314163208008
402,357,4,4.505148887634277
402,187,5,4.788174152374268
402,209,6,4.720707893371582
402,531,7,4.704100608825684
402,488,8,4.354180812835693
402,313,9,4.7012434005737305
402,513,10,4.638087272644043
403,313,1,5.625388145446777
403,1062,2,4.6278977394104
403,484,3,5.035734176635742
403,173,4,4.985054016113281
403,475,5,4.940532207489014
403,216,6,4.603824615478516
403,22,7,4.854787349700928
403,153,8,4.804264545440674
403,443,9,4.722111225128174
403,645,10,4.653219223022461
404,207,1,4.793450355529785
404,811,2,4.121044635772705
404,97,3,4.455435276031494
404,486,4,4.115025520324707
404,963,5,4.425119400024414
404,191,6,4.430191516876221
404,165,7,4.416202545166016
404,1098,8,4.382869720458984
404,69,9,4.364234924316406
404,230,10,4.342234134674072
406,474,1,5.847824573516846
406,855,2,4.262773513793945
406,92,3,4.874539852142334
406,641,4,4.25739049911499
406,171,5,4.766416072845459
406,119,6,4.066529750823975
406,111,7,4.719870567321777
406,82,8,4.564019203186035
406,697,9,4.49928092956543
406,593,10,4.4496870040893555
407,694,1,4.256831169128418
407,136,2,4.826121807098389
407,318,3,4.6648969650268555
407,641,4,4.238633155822754
407,1020,5,4.242039203643799
407,1142,6,4.244372367858887
407,114,7,4.561145782470703
407,919,8,4.540139198303223
407,12,9,4.520845890045166
407,963,10,4.4618401527404785
408,285,1,4.735343933105469
408,657,2,4.609511375427246
408,604,3,4.588357448577881
408,1367,4,4.185364723205566
408,208,5,4.565697193145752
408,515,6,4.510349273681641
408,119,7,4.086236000061035
408,525,8,4.418595314025879
408,199,9,4.417182922363281
408,478,10,4.404924392700195
409,272,1,4.822198867797852
409,513,2,4.335743427276611
409,1142,3,4.339564800262451
409,131,4,4.677180767059326
409,1585,5,4.008599281311035
409,641,6,4.725703716278076
409,1266,7,4.66658878326416
409,52,8,4.6537909507751465
409,269,9,4.624790191650391
409,114,10,4.46074104309082
410,174,1,4.139655113220215
410,12,2,4.1119771003723145
410,736,3,3.583036184310913
410,603,4,4.072670936584473
410,89,5,4.009284973144531
410,735,6,3.696662425994873
410,114,7,3.9723010063171387
410,22,8,3.9792065620422363
410,478,9,3.908552646636963
410,525,10,3.808412790298462
411,1021,1,4.813838481903076
411,173,2,4.750634670257568
411,166,3,4.713440418243408
411,511,4,4.622873306274414
411,178,5,4.611967086791992
411,922,6,4.157510757446289
411,318,7,4.510614395141602
411,133,8,4.5039215087890625
411,1451,9,4.499214172363281
411,491,10,4.316293239593506
412,272,1,4.807652950286865
412,1269,2,4.378349304199219
412,429,3,4.3711018562316895
412,603,4,4.691226482391357
412,511,5,4.681881904602051
412,204,6,4.59868860244751
412,50,7,4.518637657165527
412,127,8,4.3481831550598145
412,484,9,4.4781694412231445
412,265,10,4.38098669052124
413,213,1,4.742430210113525
413,228,2,4.663963317871094
413,98,3,4.559773921966553
413,52,4,4.548141002655029
413,487,5,4.231622695922852
413,1194,6,4.515317916870117
413,119,7,4.461510181427002
413,99,8,4.451583385467529
413,606,9,4.442889213562012
413,603,10,4.4004011154174805
414,12,1,5.474626064300537
414,251,2,4.880621910095215
414,114,3,5.335392951965332
414,191,4,4.766695976257324
414,223,5,5.201733112335205
414,478,6,5.176051139831543
414,1643,7,4.770421028137207
414,525,8,5.175919532775879
414,208,9,5.10230016708374
414,651,10,4.749471664428711
415,12,1,5.158675670623779
415,174,2,5.074606418609619
415,60,3,4.979989528656006
415,515,4,4.978078365325928
415,64,5,4.956926345825195
415,87,6,4.540799140930176
415,408,7,4.869524002075195
415,1159,8,4.48300838470459
415,487,9,4.634693145751953
415,511,10,4.597312927246094
416,214,1,5.260379791259766
416,805,2,4.133827209472656
416,75,3,3.9097585678100586
416,479,4,4.7982048988342285
416,488,5,4.118198394775391
416,615,6,4.302067279815674
416,165,7,4.280642509460449
416,270,8,4.512259483337402
416,661,9,4.507777690887451
416,511,10,4.506785869598389
417,318,1,4.851253986358643
417,1439,2,4.050551414489746
417,316,3,4.666233062744141
417,1073,4,4.174764633178711
417,10,5,4.569843292236328
417,320,6,4.5308427810668945
417,589,7,4.4585113525390625
417,763,8,4.436089038848877
417,584,9,4.324596405029297
417,429,10,4.2951459884643555
418,28,1,4.490292549133301
418,156,2,4.411106586456299
418,1011,3,3.911078929901123
418,966,4,3.8921523094177246
418,483,5,4.224020004272461
418,181,6,3.8825573921203613
418,194,7,4.167329788208008
418,192,8,4.13533878326416
418,603,9,4.113868236541748
418,1589,10,3.6058597564697266
419,12,1,5.256269454956055
419,603,2,5.027414798736572
419,963,3,5.0253190994262695
419,483,4,4.994920253753662
419,98,5,4.974332809448242
419,694,6,4.664637565612793
419,190,7,4.664383888244629
419,114,8,4.890719413757324
419,1367,9,4.521396160125732
419,151,10,4.876010417938232
420,709,1,4.376646995544434
420,516,2,4.490907192230225
420,136,3,4.7960591316223145
420,318,4,4.788369178771973
420,659,5,4.489902973175049
420,185,6,4.730896949768066
420,60,7,4.707240581512451
420,506,8,4.692900657653809
420,12,9,4.836484909057617
420,194,10,4.797603130340576
421,228,1,4.93284273147583
421,203,2,4.8126373291015625
421,190,3,4.808226108551025
421,1449,4,4.652787685394287
421,367,5,4.30482816696167
421,479,6,4.603026866912842
421,224,7,4.286230564117432
421,172,8,4.5437703132629395
421,513,9,4.520845890045166
421,316,10,4.43433141708374
422,318,1,5.005500793457031
422,187,2,4.360093116760254
422,179,3,4.178786277770996
422,192,4,4.701457977294922
422,64,5,4.951312065124512
422,193,6,4.654043674468994
422,65,7,4.6621198654174805
422,659,8,4.305974006652832
422,69,9,4.039748191833496
422,186,10,4.5112433433532715
423,285,1,4.872316360473633
423,194,2,4.791159629821777
423,119,3,4.222038745880127
423,98,4,4.436093330383301
423,168,5,4.4319024085998535
423,1137,6,4.659751892089844
423,428,7,4.6051130294799805
423,262,8,4.580791473388672
423,525,9,4.3395466804504395
423,661,10,4.519833564758301
424,531,1,5.265326499938965
424,385,2,4.303175926208496
424,524,3,5.116018772125244
424,509,4,5.13137674331665
424,164,5,4.874734878540039
424,753,6,4.796289920806885
424,750,7,4.697118282318115
424,89,8,4.685222148895264
424,529,9,4.645153045654297
424,72,10,4.634010314941406
425,42,1,4.771908760070801
425,208,2,3.759850025177002
425,530,3,4.300685882568359
425,474,4,3.8529067039489746
425,603,5,4.268395900726318
425,276,6,4.230345726013184
425,246,7,4.209404945373535
425,1142,8,4.179721832275391
425,521,9,3.826475143432617
425,615,10,4.13607120513916
426,202,1,4.8540754318237305
426,170,2,4.726967811584473
426,320,3,4.112752437591553
426,611,4,4.56581449508667
426,127,5,4.561556816101074
426,497,6,4.554338455200195
426,479,7,4.520599842071533
426,528,8,4.199898719787598
426,408,9,4.4305596351623535
426,8,10,4.3980231285095215
427,483,1,5.4842634201049805
427,56,2,5.31101131439209
427,1021,3,5.175220966339111
427,478,4,4.80563497543335
427,709,5,5.080892562866211
427,15,6,5.071806907653809
427,223,7,5.038793087005615
427,902,8,4.771390438079834
427,204,9,4.9114089012146
427,435,10,4.876606464385986
428,199,1,5.316775321960449
428,318,2,5.311757564544678
428,1159,3,4.996545791625977
428,165,4,5.306631088256836
428,64,5,5.304990768432617
428,478,6,5.2877936363220215
428,99,7,4.742099285125732
428,195,8,5.094941139221191
428,189,9,5.026123046875
428,257,10,5.0240631103515625
429,205,1,4.880069732666016
429,302,2,4.696911334991455
429,488,3,3.9975337982177734
429,61,4,4.597668170928955
429,661,5,4.167652606964111
429,513,6,4.572326183319092
429,262,7,4.157580852508545
429,144,8,4.452924728393555
429,854,9,4.40761661529541
429,487,10,4.376950263977051
430,223,1,4.785822868347168
430,652,2,4.739707946777344
430,511,3,3.9009928703308105
430,204,4,3.9098832607269287
430,603,5,4.5816850662231445
430,114,6,4.580961227416992
430,89,7,4.448142051696777
430,208,8,4.364334583282471
430,83,9,4.343865394592285
430,641,10,4.134521007537842
431,603,1,4.604992866516113
431,963,2,4.5604424476623535
431,48,3,4.248561859130859
431,606,4,4.544948101043701
431,483,5,4.508214473724365
431,1449,6,4.428375720977783
431,588,7,4.384025573730469
431,114,8,4.378824710845947
431,251,9,4.35336446762085
431,1269,10,4.191619873046875
432,183,1,4.3822340965271
432,316,2,4.984192848205566
432,133,3,4.95721960067749
432,86,4,4.911187171936035
432,659,5,4.5118913650512695
432,272,6,5.152218341827393
432,526,7,4.73110294342041
432,172,8,4.713418483734131
432,89,9,4.699155330657959
432,208,10,4.653153896331787
433,168,1,5.082232475280762
433,127,2,4.9863080978393555
433,408,3,4.9641008377075195
433,514,4,4.811756610870361
433,515,5,4.755309581756592
433,647,6,4.733275890350342
433,50,7,4.728726387023926
433,124,8,4.342710494995117
433,169,9,4.66294527053833
433,134,10,4.6000447273254395
434,603,1,5.248024940490723
434,265,2,5.07353401184082
434,267,3,4.024764060974121
434,208,4,4.788300514221191
434,215,5,4.754582405090332
434,498,6,4.741994857788086
434,97,7,4.686174392700195
434,648,8,4.576590538024902
434,378,9,4.518702507019043
434,1101,10,4.409898281097412
435,1160,1,4.280243396759033
435,150,2,4.972531795501709
435,521,3,4.758513450622559
435,611,4,4.270391464233398
435,661,5,4.003305435180664
435,529,6,4.74596643447876
435,1500,7,4.24769926071167
435,114,8,4.645995616912842
435,166,9,4.641427040100098
435,1142,10,4.4385223388671875
436,207,1,5.1286749839782715
436,479,2,5.099668979644775
436,69,3,4.999611854553223
436,709,4,4.982414245605469
436,489,5,4.925294399261475
436,652,6,4.868438720703125
436,12,7,4.817979335784912
436,272,8,4.811088562011719
436,753,9,4.8052568435668945
436,1500,10,4.713625431060791
437,242,1,5.3026251792907715
437,269,2,5.09186315536499
437,302,3,4.942742824554443
437,408,4,4.864199638366699
437,493,5,4.1567487716674805
437,434,6,4.045087814331055
437,48,7,4.392676830291748
437,506,8,4.735116958618164
437,498,9,4.704274654388428
437,656,10,4.546969413757324
438,1451,1,4.680264472961426
438,1007,2,4.533661365509033
438,922,3,5.004730701446533
438,165,4,4.999783039093018
438,657,5,4.996100902557373
438,194,6,4.943946838378906
438,178,7,4.941230773925781
438,169,8,4.895985126495361
438,114,9,4.602269172668457
438,511,10,4.587563991546631
439,12,1,4.766889572143555
439,516,2,4.701390266418457
439,136,3,4.6444525718688965
439,923,4,4.581286430358887
439,208,5,4.565945148468018
439,170,6,4.550174713134766
439,603,7,4.530066013336182
439,316,8,4.441970348358154
439,641,9,4.42359733581543
439,432,10,4.377152442932129
440,178,1,5.7678351402282715
440,135,2,5.699136734008789
440,169,3,5.561366081237793
440,200,4,5.556807041168213
440,89,5,5.474607944488525
440,168,6,5.4272990226745605
440,515,7,5.284213542938232
440,223,8,5.2682390213012695
440,12,9,5.260153770446777
440,641,10,5.242862701416016
441,513,1,4.4321770668029785
441,478,2,4.373831272125244
441,1449,3,4.2687859535217285
441,169,4,4.261064529418945
441,86,5,4.231056213378906
441,199,6,4.224992752075195
441,210,7,4.166701793670654
441,1,8,4.002192497253418
441,156,9,4.1421122550964355
441,648,10,4.074258804321289
442,50,1,4.683043479919434
442,183,2,4.681152820587158
442,1103,3,4.041066646575928
442,513,4,4.485952377319336
442,474,5,4.453358173370361
442,431,6,4.0177226066589355
442,169,7,4.331912040710449
442,237,8,3.9284420013427734
442,165,9,4.1795244216918945
442,432,10,4.101168155670166
443,12,1,5.121740341186523
443,1449,2,5.063117980957031
443,661,3,4.500977516174316
443,169,4,5.013498306274414
443,191,5,4.959954738616943
443,1159,6,4.625927448272705
443,223,7,4.92410135269165
443,114,8,4.641576290130615
443,510,9,4.900273323059082
443,28,10,4.783313751220703
444,316,1,4.608340740203857
444,285,2,4.601033687591553
444,470,3,4.850752353668213
444,963,4,4.848575592041016
444,96,5,4.433747291564941
444,114,6,4.429993152618408
444,463,7,4.824236869812012
444,172,8,4.8310394287109375
444,42,9,4.792028427124023
444,60,10,4.622254848480225
445,519,1,2.9954559803009033
445,427,2,3.4295084476470947
445,331,3,2.9833760261535645
445,498,4,3.2760839462280273
445,517,5,2.974040985107422
445,483,6,3.2781195640563965
445,1203,7,3.246953248977661
445,493,8,3.2021610736846924
445,615,9,3.156268358230591
445,505,10,3.084799289703369
446,302,1,4.359347343444824
446,199,2,4.322317600250244
446,12,3,4.289383888244629
446,654,4,4.178228378295898
446,657,5,4.162874698638916
446,484,6,4.096773624420166
446,48,7,4.058534622192383
446,922,8,4.000699520111084
446,316,9,3.970334529876709
446,660,10,3.96085524559021
447,97,1,4.400081157684326
447,172,2,5.051650524139404
447,480,3,4.767005920410156
447,23,4,4.931521415710449
447,521,5,4.714691162109375
447,455,6,4.66984748840332
447,156,7,4.364713668823242
447,1449,8,4.6442461013793945
447,651,9,4.647970676422119
447,655,10,4.505251407623291
448,479,1,4.831845760345459
448,483,2,4.1246337890625
448,317,3,4.5684332847595215
448,603,4,4.565663814544678
448,1500,5,4.104551792144775
448,408,6,4.537858009338379
448,663,7,4.53552770614624
448,500,8,3.8355069160461426
448,178,9,4.341354846954346
448,114,10,4.304412364959717
449,23,1,5.199574947357178
449,474,2,5.040744781494141
449,357,3,4.740208625793457
449,1302,4,3.802227020263672
449,656,5,4.314748764038086
449,531,6,4.645544052124023
449,1020,7,4.180027961730957
449,483,8,4.54612398147583
449,203,9,4.517690181732178
449,916,10,4.269181251525879
450,189,1,4.994415283203125
450,857,2,4.075088977813721
450,515,3,4.887496471405029
450,909,4,4.436760425567627
450,463,5,4.425161361694336
450,1063,6,4.75834321975708
450,285,7,4.980400562286377
450,408,8,4.674601078033447
450,837,9,4.641021728515625
450,936,10,4.531923770904541
452,511,1,4.6737446784973145
452,813,2,3.8359522819519043
452,189,3,4.376309871673584
452,217,4,3.798758029937744
452,484,5,4.25119161605835
452,157,6,4.211939334869385
452,183,7,4.16348934173584
452,131,8,4.114199161529541
452,137,9,3.785961627960205
452,1367,10,4.060657978057861
454,466,1,4.12816858291626
454,515,2,4.022568225860596
454,1160,3,3.9983317852020264
454,283,4,3.900294303894043
454,1367,5,3.4615209102630615
454,1629,6,3.586648464202881
454,408,7,3.8722736835479736
454,178,8,3.8921926021575928
454,208,9,3.819020986557007
454,390,10,3.6541380882263184
455,850,1,4.34717321395874
455,1131,2,4.346738338470459
455,285,3,4.714129447937012
455,480,4,4.720903396606445
455,507,5,4.33289098739624
455,478,6,4.643404006958008
455,661,7,4.636456489562988
455,187,8,4.605403423309326
455,408,9,4.487591743469238
455,611,10,4.3744282722473145
456,318,1,4.905425548553467
456,10,2,4.903294563293457
456,89,3,4.846778392791748
456,657,4,4.290002822875977
456,408,5,4.67868709564209
456,519,6,4.175289154052734
456,527,7,4.76885986328125
456,1137,8,4.538045406341553
456,694,9,4.519532203674316
456,169,10,4.254641532897949
457,209,1,5.455031871795654
457,480,2,5.184159278869629
457,427,3,5.121130466461182
457,408,4,5.089413166046143
457,187,5,5.052988052368164
457,500,6,4.742850303649902
457,435,7,5.036758899688721
457,661,8,4.727775573730469
457,178,9,5.030253887176514
457,1142,10,4.923815727233887
458,966,1,4.387420654296875
458,320,2,4.917170524597168
458,420,3,4.029358863830566
458,1449,4,5.062849998474121
458,272,5,4.350217342376709
458,505,6,4.755868911743164
458,89,7,4.6628241539001465
458,470,8,4.638689994812012
458,114,9,4.628142833709717
458,661,10,4.471498489379883
459,941,1,4.442225456237793
459,82,2,4.890501976013184
459,174,3,4.758940696716309
459,133,4,4.754325866699219
459,270,5,4.738365650177002
459,143,6,4.725722312927246
459,963,7,4.697559356689453
459,75,8,4.36736536026001
459,664,9,4.541851043701172
459,1160,10,4.529885292053223
460,172,1,4.337625503540039
460,466,2,3.7964727878570557
460,750,3,4.310415744781494
460,659,4,4.268921852111816
460,316,5,4.261896133422852
460,165,6,3.9267938137054443
460,654,7,4.18961238861084
460,50,8,4.1265435218811035
460,474,9,4.118870735168457
460,647,10,4.014186859130859
461,95,1,3.7026305198669434
461,613,2,3.8321239948272705
461,318,3,4.340681552886963
461,657,4,4.136608123779297
461,1019,5,3.832798480987549
461,922,6,4.091837406158447
461,114,7,4.0662407875061035
461,1449,8,4.023063659667969
461,709,9,4.162064552307129
461,275,10,3.9229094982147217
462,496,1,5.351907253265381
462,603,2,5.334636688232422
462,223,3,5.29050350189209
462,318,4,5.2380452156066895
462,1070,5,4.954962253570557
462,127,6,5.185502052307129
462,189,7,5.168768405914307
462,87,8,5.143918991088867
462,1137,9,5.118767738342285
462,71,10,5.10865592956543
463,207,1,4.968169689178467
463,357,2,4.865139007568359
463,602,3,4.137625694274902
463,318,4,4.794769763946533
463,23,5,4.304570198059082
463,480,6,4.843284606933594
463,1367,7,4.294565677642822
463,315,8,4.730451583862305
463,114,9,4.597001075744629
463,119,10,4.413259029388428
464,427,1,5.0734076499938965
464,485,2,4.778474807739258
464,173,3,5.002814292907715
464,170,4,4.9805731773376465
464,603,5,4.9681525230407715
464,1367,6,4.646176815032959
464,168,7,4.95199728012085
464,963,8,4.938174247741699
464,208,9,4.7506489753723145
464,285,10,4.919171333312988
466,644,1,4.339594841003418
466,132,2,5.069948196411133
466,199,3,4.880064010620117
466,663,4,4.487123489379883
466,285,5,4.85288667678833
466,1154,6,4.17100191116333
466,200,7,4.4701361656188965
466,484,8,4.460488796234131
466,519,9,4.2921671867370605
466,408,10,4.817464828491211
467,813,1,4.401989936828613
467,187,2,4.966581344604492
467,177,3,4.252723217010498
467,251,4,4.161661148071289
467,179,5,4.821232318878174
467,134,6,4.830802917480469
467,654,7,4.7902607917785645
467,56,8,4.694289207458496
467,60,9,4.613332748413086
467,209,10,4.33962345123291
468,178,1,5.193262577056885
468,484,2,4.402342796325684
468,136,3,4.967441082000732
468,1203,4,4.944390773773193
468,489,5,4.552316188812256
468,131,6,4.941874027252197
468,478,7,4.906720161437988
468,511,8,4.553685665130615
468,480,9,4.883335113525391
468,154,10,4.718822479248047
469,48,1,5.594020843505859
469,661,2,4.632193565368652
469,904,3,4.895092964172363
469,172,4,4.619662761688232
469,23,5,4.873641490936279
469,114,6,4.606328964233398
469,175,7,4.859374046325684
469,285,8,4.801863193511963
469,709,9,4.4166107177734375
469,127,10,4.671307563781738
470,172,1,4.356016159057617
470,195,2,4.2216925621032715
470,208,3,4.860770225524902
470,496,4,4.895363807678223
470,318,5,4.888737678527832
470,196,6,4.656370639801025
470,199,7,4.833166122436523
470,520,8,4.343103408813477
470,216,9,4.538926601409912
470,603,10,4.533955097198486
471,161,1,3.9664926528930664
471,22,2,4.9083757400512695
471,651,3,4.686329364776611
471,511,4,3.9535417556762695
471,204,5,4.651520252227783
471,317,6,4.453643798828125
471,234,7,4.450052261352539
471,64,8,4.394546031951904
471,174,9,4.350907325744629
471,500,10,4.189450740814209
472,12,1,6.121158123016357
472,60,2,5.694886207580566
472,39,3,4.725431442260742
472,1103,4,4.823663234710693
472,134,5,5.436553001403809
472,813,6,4.933775424957275
472,124,7,5.282588005065918
472,1098,8,5.233806133270264
472,170,9,5.221814155578613
472,675,10,5.169370651245117
473,483,1,5.2101640701293945
473,64,2,5.033680438995361
473,187,3,4.837536334991455
473,958,4,4.804635524749756
473,177,5,4.3813090324401855
473,479,6,4.377395153045654
473,318,7,4.753788471221924
473,531,8,4.731173515319824
473,428,9,4.593308925628662
473,694,10,4.536656379699707
474,1073,1,4.253638744354248
474,268,2,5.018735408782959
474,223,3,4.985570430755615
474,512,4,5.0194172859191895
474,443,5,4.561302661895752
474,1007,6,4.816221714019775
474,713,7,4.801222801208496
474,1449,8,4.695442199707031
474,1500,9,4.432864665985107
474,919,10,4.429412364959717
475,530,1,4.220297813415527
475,511,2,4.186492443084717
475,28,3,3.8520030975341797
475,194,4,4.179210186004639
475,483,5,4.130573272705078
475,42,6,4.112295150756836
475,525,7,4.087630271911621
475,513,8,4.057529926300049
475,648,9,4.012615203857422
475,1639,10,3.5791985988616943
476,116,1,4.277863502502441
476,50,2,4.634402751922607
476,919,3,4.640435695648193
476,285,4,4.5304789543151855
476,237,5,4.499940395355225
476,478,6,4.092549800872803
476,483,7,4.378983974456787
476,68,8,4.35914945602417
476,318,9,4.339250564575195
476,524,10,4.324426651000977
477,169,1,5.027502059936523
477,178,2,5.328552722930908
477,114,3,5.307268142700195
477,12,4,4.933137893676758
477,1449,5,5.2733964920043945
477,515,6,5.294618606567383
477,318,7,5.526410102844238
477,478,8,5.198969841003418
477,657,9,4.969548225402832
477,1428,10,5.078366756439209
478,262,1,5.170349597930908
478,530,2,4.439266204833984
478,498,3,4.979272842407227
478,190,4,4.945359706878662
478,344,5,4.907785415649414
478,657,6,4.826650142669678
478,214,7,4.808032035827637
478,186,8,4.382651329040527
478,306,9,4.778761386871338
478,484,10,4.185796737670898
479,61,1,4.310729026794434
479,12,2,4.814379692077637
479,124,3,4.733920574188232
479,850,4,4.297914505004883
479,919,5,4.672279357910156
479,357,6,4.30617094039917
479,183,7,4.271944522857666
479,316,8,4.650713920593262
479,223,9,4.614937782287598
479,611,10,4.599160194396973
480,60,1,4.0888447761535645
480,19,2,4.41959285736084
480,199,3,4.56871223449707
480,709,4,3.918325185775757
480,189,5,4.319046974182129
480,205,6,4.327557563781738
480,525,7,4.318387031555176
480,408,8,4.316034317016602
480,520,9,4.302911281585693
480,922,10,4.242751121520996
481,656,1,4.989428520202637
481,34,2,4.652623176574707
481,513,3,4.93516206741333
481,1512,4,4.9655890464782715
481,483,5,4.901508331298828
481,467,6,4.64207649230957
481,511,7,4.8784661293029785
481,519,8,4.818844795227051
481,134,9,4.807887554168701
481,408,10,4.792515754699707
482,484,1,4.5060858726501465
482,850,2,4.368433475494385
482,603,3,4.837421417236328
482,127,4,4.490158557891846
482,195,5,4.817498207092285
482,525,6,4.466497898101807
482,28,7,4.823676586151123
482,498,8,4.723947525024414
482,520,9,4.682576656341553
482,496,10,4.643671035766602
483,174,1,4.424820423126221
483,172,2,4.421036720275879
483,203,3,4.058669090270996
483,408,4,4.317660331726074
483,778,5,4.077847480773926
483,114,6,4.043039798736572
483,954,7,3.8820581436157227
483,70,8,4.199577331542969
483,58,9,4.010330677032471
483,22,10,4.171053409576416
484,198,1,4.424476623535156
484,190,2,5.190581321716309
484,192,3,5.02845573425293
484,604,4,4.422483444213867
484,511,5,5.106806755065918
484,432,6,4.662856578826904
484,515,7,4.9617204666137695
484,466,8,4.92690372467041
484,165,9,4.924540996551514
484,1142,10,4.7265753746032715
485,169,1,4.979650974273682
485,654,2,4.95094108581543
485,408,3,4.864123344421387
485,611,4,4.819413185119629
485,641,5,4.604577541351318
485,511,6,4.21531867980957
485,12,7,4.460178375244141
485,114,8,4.444822311401367
485,1194,9,4.381218910217285
485,174,10,4.325979709625244
486,357,1,5.066946983337402
486,48,2,4.9815778732299805
486,187,3,4.3887457847595215
486,427,4,4.893558502197266
486,491,5,4.381643295288086
486,589,6,4.2140727043151855
486,482,7,4.631396293640137
486,520,8,4.357067584991455
486,134,9,4.869929313659668
486,513,10,4.494600296020508
487,510,1,5.474852561950684
487,89,2,4.618415355682373
487,936,3,4.376458168029785
487,929,4,4.270995616912842
487,187,5,4.971512317657471
487,168,6,4.968506813049316
487,208,7,4.955020427703857
487,611,8,4.907551288604736
487,1558,9,4.874476909637451
487,207,10,4.785006999969482
488,65,1,3.8027541637420654
488,194,2,4.2054595947265625
488,657,3,4.159601211547852
488,530,4,4.151510238647461
488,686,5,3.7639636993408203
488,51,6,4.130753040313721
488,222,7,4.149531841278076
488,12,8,4.113788604736328
488,1019,9,4.052877902984619
488,42,10,4.048381805419922
489,357,1,5.648233890533447
489,96,2,5.59842586517334
489,129,3,5.564257621765137
489,95,4,5.038060188293457
489,1269,5,5.039399147033691
489,172,6,5.393370628356934
489,181,7,5.443535804748535
489,79,8,5.248288631439209
489,529,9,5.1897501945495605
489,191,10,5.1223931312561035
490,23,1,4.073505878448486
490,12,2,4.038352012634277
490,480,3,3.869267225265503
490,134,4,3.8688507080078125
490,198,5,3.828580856323242
490,609,6,3.2077462673187256
490,482,7,3.6885056495666504
490,114,8,3.537527561187744
490,250,9,3.2377538681030273
490,174,10,3.5252389907836914
491,652,1,4.873668670654297
491,1,2,4.249390602111816
491,96,3,4.677247047424316
491,117,4,4.664597511291504
491,1220,5,4.128763198852539
491,223,6,4.485363483428955
491,498,7,4.481657028198242
491,203,8,4.45883846282959
491,238,9,4.439338684082031
491,311,10,4.294572353363037
492,663,1,3.6532211303710938
492,12,2,3.995121955871582
492,692,3,3.638310432434082
492,8,4,3.945706367492676
492,969,5,3.634280204772949
492,357,6,3.933492422103882
492,208,7,3.9126522541046143
492,258,8,4.28648567199707
492,96,9,3.6258325576782227
492,297,10,3.8286688327789307
493,93,1,5.267941951751709
493,408,2,5.240567684173584
493,346,3,5.101543426513672
493,660,4,5.066897869110107
493,223,5,5.046536445617676
493,692,6,4.938030242919922
493,302,7,4.926211833953857
493,916,8,4.8310747146606445
493,443,9,4.757567882537842
493,701,10,4.344902992248535
494,298,1,5.255344867706299
494,22,2,5.208098411560059
494,12,3,5.197080612182617
494,285,4,5.1743669509887695
494,189,5,4.922850608825684
494,56,6,4.824251174926758
494,531,7,4.77027702331543
494,28,8,4.717658042907715
494,320,9,4.419695854187012
494,203,10,4.406744956970215
495,651,1,5.110481262207031
495,313,2,5.075386047363281
495,661,3,5.0454583168029785
495,955,4,5.023324012756348
495,31,5,5.008151054382324
495,410,6,4.649860382080078
495,134,7,4.954717636108398
495,117,8,4.971193313598633
495,484,9,4.72941255569458
495,114,10,4.560636520385742
496,316,1,4.866809844970703
496,48,2,4.646451950073242
496,455,3,4.42115592956543
496,116,4,3.905935525894165
496,1073,5,4.249521732330322
496,645,6,4.252983093261719
496,91,7,3.884704828262329
496,307,8,4.101187705993652
496,115,9,4.040926456451416
496,52,10,3.9910006523132324
497,116,1,4.8567609786987305
497,1065,2,3.8542520999908447
497,357,3,4.694969654083252
497,430,4,4.200244903564453
497,316,5,4.501836776733398
497,523,6,4.462075233459473
497,157,7,4.416820526123047
497,530,8,4.408640384674072
497,675,9,4.324959754943848
497,525,10,4.275652885437012
498,200,1,4.2681450843811035
498,812,2,3.4742326736450195
498,746,3,4.18648624420166
498,651,4,3.6754326820373535
498,835,5,4.122945785522461
498,408,6,4.190481662750244
498,547,7,3.5362768173217773
498,178,8,4.068354606628418
498,285,9,4.049402236938477
498,488,10,3.9630308151245117
499,42,1,5.117929458618164
499,19,2,4.977419376373291
499,302,3,4.4869279861450195
499,526,4,4.954804420471191
499,190,5,4.840047836303711
499,315,6,4.825593948364258
499,434,7,4.46201753616333
499,631,8,4.474112033843994
499,470,9,4.321165561676025
499,15,10,4.745599269866943
500,1098,1,4.250151634216309
500,856,2,4.929867744445801
500,1449,3,4.907434463500977
500,12,4,4.860813617706299
500,675,5,4.81348991394043
500,298,6,4.771617412567139
500,657,7,4.636290550231934
500,96,8,4.229017734527588
500,612,9,4.622071266174316
500,516,10,4.618888854980469
501,607,1,4.661954879760742
501,48,2,5.044286727905273
501,513,3,4.931219577789307
501,171,4,4.927547931671143
501,285,5,4.967848300933838
501,511,6,4.919848918914795
501,474,7,4.87448787689209
501,170,8,4.856790542602539
501,189,9,4.634100914001465
501,187,10,4.753970146179199
502,174,1,5.050889492034912
502,474,2,4.987911224365234
502,50,3,4.972099304199219
502,483,4,4.908347129821777
502,1143,5,4.352775573730469
502,315,6,4.820986270904541
502,316,7,4.544647216796875
502,197,8,4.816214084625244
502,132,9,4.815199375152588
502,56,10,4.8180832862854
503,302,1,5.410887241363525
503,483,2,5.359373569488525
503,1450,3,4.728977680206299
503,257,4,5.203040599822998
503,533,5,4.735572338104248
503,528,6,5.278369426727295
503,511,7,4.678131103515625
503,265,8,5.115581512451172
503,191,9,5.0668230056762695
503,853,10,4.860976696014404
504,1462,1,4.4995880126953125
504,603,2,5.096837043762207
504,313,3,5.035688400268555
504,272,4,5.088184356689453
504,659,5,4.963675498962402
504,57,6,5.007122993469238
504,101,7,4.4715142250061035
504,427,8,4.827308177947998
504,645,9,4.451140880584717
504,781,10,4.613091945648193
505,447,1,4.186934471130371
505,255,2,3.9155282974243164
505,750,3,4.685721397399902
505,648,4,4.670035362243652
505,470,5,4.617197036743164
505,185,6,4.166835308074951
505,484,7,4.5734663009643555
505,520,8,4.558631896972656
505,1121,9,4.150590419769287
505,275,10,4.599638938903809
506,265,1,4.925149917602539
506,171,2,4.274262428283691
506,178,3,4.745462417602539
506,83,4,4.7438554763793945
506,190,5,4.452457904815674
506,615,6,4.441776275634766
506,1512,7,4.688497543334961
506,613,8,4.699097633361816
506,298,9,4.854122161865234
506,99,10,4.586111068725586
507,515,1,5.9376959800720215
507,435,2,5.134827136993408
507,318,3,5.847606658935547
507,423,4,5.341357231140137
507,144,5,5.68123722076416
507,588,6,5.654275417327881
507,513,7,5.692947864532471
507,1269,8,5.553404331207275
507,275,9,5.549600124359131
507,936,10,5.474308013916016
508,292,1,5.032604217529297
508,285,2,5.028892517089844
508,958,3,4.468295097351074
508,199,4,4.941559791564941
508,558,5,4.819085597991943
508,1142,6,4.765844821929932
508,137,7,4.3768181800842285
508,657,8,4.679719924926758
508,124,9,4.623144149780273
508,171,10,4.5649518966674805
509,234,1,4.094795227050781
509,318,2,3.9905343055725098
509,174,3,3.9864859580993652
509,357,4,3.9689183235168457
509,50,5,3.961361885070801
509,203,6,3.3766515254974365
509,1007,7,3.9264748096466064
509,660,8,3.9166183471679688
509,223,9,3.8746323585510254
509,202,10,3.7443976402282715
510,498,1,4.634711742401123
510,511,2,4.618955612182617
510,12,3,4.560140132904053
510,251,4,4.132331371307373
510,483,5,4.551670551300049
510,173,6,4.556328773498535
510,88,7,4.493157386779785
510,22,8,4.442251205444336
510,705,9,4.112837314605713
510,496,10,4.2769269943237305
511,603,1,5.392540454864502
511,132,2,5.062551975250244
511,483,3,5.329970836639404
511,488,4,5.240040302276611
511,192,5,5.205090522766113
511,48,6,5.199549198150635
511,661,7,4.9203410148620605
511,478,8,5.1881103515625
511,202,9,5.184162139892578
511,1449,10,5.118337631225586
512,528,1,4.168073654174805
512,50,2,4.675668716430664
512,513,3,4.567163467407227
512,1143,4,4.267858028411865
512,315,5,4.549327850341797
512,520,6,4.264410972595215
512,172,7,4.516529560089111
512,478,8,4.48776912689209
512,45,9,4.405254364013672
512,89,10,4.403555870056152
513,22,1,4.896977424621582
513,173,2,4.783459186553955
513,195,3,4.730637550354004
513,79,4,4.7286834716796875
513,611,5,4.39430570602417
513,705,6,4.398001670837402
513,285,7,4.674309253692627
513,1449,8,4.660757541656494
513,313,9,4.691093921661377
513,174,10,4.652736186981201
514,1022,1,4.46011209487915
514,657,2,4.785940170288086
514,248,3,4.793209552764893
514,513,4,4.181069374084473
514,478,5,4.767315864562988
514,1449,6,4.725407123565674
514,56,7,4.720103740692139
514,434,8,4.6616010665893555
514,679,9,4.590644836425781
514,143,10,4.545063495635986
516,1449,1,4.8274126052856445
516,169,2,5.113752841949463
516,318,3,5.220251560211182
516,170,4,5.088806629180908
516,603,5,5.084002494812012
516,511,6,5.068027496337891
516,513,7,5.066954135894775
516,520,8,5.066932678222656
516,484,9,4.773196220397949
516,189,10,5.052426338195801
517,12,1,4.403484344482422
517,474,2,4.222854137420654
517,115,3,3.330192804336548
517,408,4,4.146173477172852
517,1005,5,3.691295623779297
517,520,6,4.204026699066162
517,525,7,4.034481525421143
517,56,8,3.9155426025390625
517,183,9,3.504366397857666
517,180,10,3.8574378490448
518,173,1,5.470479965209961
518,750,2,5.25754451751709
518,316,3,5.128767490386963
518,936,4,5.061527252197266
518,265,5,4.64375114440918
518,483,6,4.980756759643555
518,490,7,4.632293224334717
518,322,8,4.607154846191406
518,313,9,4.806822776794434
518,114,10,4.751733779907227
519,498,1,5.76505184173584
519,433,2,5.113984107971191
519,511,3,5.6995954513549805
519,705,4,5.36628532409668
519,228,5,5.095456123352051
519,234,6,5.352564334869385
519,995,7,5.335475921630859
519,813,8,5.264808654785156
519,482,9,5.248837947845459
519,134,10,5.203341484069824
520,100,1,5.121339797973633
520,483,2,5.096742153167725
520,134,3,5.079974174499512
520,190,4,5.071889877319336
520,178,5,5.0420451164245605
520,661,6,5.007185935974121
520,513,7,4.987630844116211
520,64,8,4.898359298706055
520,12,9,4.893453121185303
520,174,10,4.883664608001709
521,1203,1,3.4579989910125732
521,966,2,3.8261539936065674
521,603,3,4.191464900970459
521,116,4,4.172215461730957
521,272,5,4.130000591278076
521,320,6,4.116721153259277
521,408,7,3.65421724319458
521,223,8,4.075134754180908
521,1007,9,4.027125835418701
521,394,10,3.8587517738342285
522,56,1,5.406052589416504
522,156,2,5.338247776031494
522,661,3,4.9315361976623535
522,316,4,4.444095611572266
522,194,5,4.845604419708252
522,853,6,4.313745975494385
522,1449,7,4.770963191986084
522,588,8,4.429590225219727
522,432,9,4.672616958618164
522,525,10,4.472903251647949
524,316,1,4.933979511260986
524,315,2,4.889322757720947
524,515,3,4.734147548675537
524,1133,4,4.153855323791504
524,543,5,4.582719326019287
524,1251,6,4.288041591644287
524,1194,7,4.581001281738281
524,1269,8,4.545219421386719
524,428,9,4.501502513885498
524,653,10,4.448774814605713
525,318,1,4.519746780395508
525,1101,2,4.470080375671387
525,524,3,3.931640625
525,694,4,3.8042588233947754
525,98,5,4.280178070068359
525,176,6,3.8978383541107178
525,169,7,4.149216651916504
525,357,8,4.145108222961426
525,922,9,4.10790491104126
525,265,10,4.072287082672119
526,527,1,4.122524261474609
526,474,2,4.587277889251709
526,603,3,4.7844438552856445
526,582,4,4.508025169372559
526,318,5,4.49626350402832
526,515,6,4.482828140258789
526,169,7,4.075039386749268
526,19,8,4.434233665466309
526,132,9,4.401620864868164
526,174,10,3.9914379119873047
527,61,1,4.926449775695801
527,408,2,4.757174491882324
527,269,3,4.658533096313477
527,530,4,4.004720211029053
527,675,5,4.110908031463623
527,1367,6,4.231518268585205
527,960,7,4.591889381408691
527,23,8,4.5847272872924805
527,705,9,4.506119251251221
527,644,10,4.048628807067871
528,524,1,4.280897617340088
528,318,2,4.4120283126831055
528,684,3,4.410037040710449
528,520,4,4.930946350097656
528,176,5,5.099035739898682
528,12,6,4.784038066864014
528,189,7,4.885056495666504
528,1194,8,4.759369850158691
528,221,9,4.679811954498291
528,1098,10,4.546270847320557
529,89,1,5.1677141189575195
529,12,2,5.043992042541504
529,500,3,4.944764614105225
529,64,4,4.918238162994385
529,246,5,4.888858318328857
529,316,6,4.878299236297607
529,478,7,4.853649616241455
529,516,8,4.844350337982178
529,603,9,4.83223295211792
529,430,10,4.735636234283447
530,479,1,4.830811023712158
530,515,2,4.82796573638916
530,197,3,4.452040672302246
530,474,4,4.330391883850098
530,114,5,4.728572845458984
530,963,6,4.782883167266846
530,83,7,4.713238716125488
530,514,8,4.667823791503906
530,1194,9,4.640848636627197
530,1039,10,4.581811428070068
531,611,1,4.890241622924805
531,313,2,4.848098278045654
531,64,3,4.821835517883301
531,531,4,4.772908687591553
531,262,5,4.742824077606201
531,511,6,4.733345031738281
531,98,7,4.50209379196167
531,607,8,4.717459678649902
531,480,9,4.695456027984619
531,644,10,4.693966865539551
532,64,1,5.405330181121826
532,423,2,5.282135963439941
532,208,3,5.238018989562988
532,1019,4,4.5579915046691895
532,484,5,5.129324436187744
532,963,6,5.028321743011475
532,318,7,5.024345397949219
532,50,8,5.0018110275268555
532,189,9,4.956984043121338
532,1367,10,4.746955394744873
533,736,1,4.697139739990234
533,165,2,3.928539514541626
533,75,3,3.9295461177825928
533,199,4,4.377079963684082
533,512,5,4.364860534667969
533,300,6,4.363137245178223
533,445,7,3.7757327556610107
533,482,8,4.3788228034973145
533,79,9,4.342287063598633
533,958,10,4.249415397644043
534,531,1,5.580127716064453
534,316,2,5.563621520996094
534,470,3,4.823178291320801
534,195,4,5.486178874969482
534,480,5,5.0247650146484375
534,431,6,5.389225959777832
534,64,7,5.374643325805664
534,42,8,5.352388381958008
534,210,9,5.312709808349609
534,432,10,4.984040260314941
535,482,1,5.007328987121582
535,705,2,4.924965858459473
535,175,3,4.826747417449951
535,242,4,4.794240474700928
535,208,5,4.7639994621276855
535,611,6,4.379000663757324
535,169,7,4.671435356140137
535,491,8,4.376743316650391
535,656,9,4.225268363952637
535,292,10,4.568222999572754
536,1194,1,4.821374416351318
536,528,2,4.507871150970459
536,922,3,4.77459716796875
536,513,4,4.765509605407715
536,207,5,4.760415077209473
536,963,6,4.758698463439941
536,233,7,4.4721245765686035
536,721,8,4.70428991317749
536,114,9,4.67742395401001
536,357,10,4.187787055969238
537,408,1,4.437415599822998
537,813,2,4.191435813903809
537,505,3,3.486238479614258
537,856,4,4.039568901062012
537,8,5,3.899045944213867
537,9,6,3.8303043842315674
537,1405,7,3.8053479194641113
537,156,8,3.681011199951172
537,1203,9,3.6727161407470703
537,153,10,3.6425042152404785
538,283,1,4.117607116699219
538,185,2,4.651566028594971
538,178,3,4.555416584014893
538,136,4,4.5851664543151855
538,479,5,4.382837772369385
538,177,6,4.340269565582275
538,511,7,4.2970967292785645
538,302,8,4.292031288146973
538,429,9,4.187841415405273
538,641,10,4.1616291999816895
539,190,1,5.375136852264404
539,514,2,5.170875072479248
539,513,3,5.090131759643555
539,233,4,4.554232120513916
539,709,5,4.987306594848633
539,746,6,4.985267639160156
539,488,7,4.921555995941162
539,189,8,4.659710884094238
539,165,9,4.657310485839844
539,491,10,4.609379291534424
540,484,1,5.0922322273254395
540,132,2,4.5613484382629395
540,318,3,4.999533176422119
540,705,4,4.55242395401001
540,315,5,4.985462665557861
540,169,6,4.91508674621582
540,191,7,5.006319999694824
540,173,8,4.788246154785156
540,114,9,4.4167046546936035
540,513,10,4.633408069610596
541,1194,1,5.2666521072387695
541,198,2,5.1385955810546875
541,208,3,5.037879943847656
541,89,4,4.973087787628174
541,613,5,4.663519859313965
541,1142,6,4.652729034423828
541,200,7,4.933746337890625
541,114,8,4.8635783195495605
541,313,9,4.854896068572998
541,778,10,4.8287458419799805
542,1449,1,4.575680255889893
542,178,2,4.533937454223633
542,200,3,4.200867652893066
542,320,4,3.9268076419830322
542,171,5,4.188262462615967
542,492,6,4.486103057861328
542,1512,7,4.439887523651123
542,646,8,4.296492576599121
542,1020,9,4.279932498931885
542,251,10,4.227669715881348
543,127,1,4.672283172607422
543,298,2,4.610507965087891
543,48,3,4.412471294403076
543,641,4,4.388027667999268
543,435,5,4.37916898727417
543,483,6,4.364840507507324
543,203,7,4.336014747619629
543,276,8,4.333635330200195
543,856,9,4.3191423416137695
543,1131,10,4.066715717315674
544,480,1,4.71779727935791
544,603,2,4.566175937652588
544,172,3,4.495075225830078
544,98,4,4.154436111450195
544,513,5,4.154043197631836
544,482,6,4.457221031188965
544,425,7,4.122426986694336
544,19,8,4.330207824707031
544,519,9,4.099839210510254
544,474,10,4.296554088592529
545,813,1,4.381372451782227
545,313,2,4.949530124664307
545,471,3,4.784277439117432
545,1459,4,4.259875774383545
545,611,5,4.366601467132568
545,607,6,4.66373872756958
545,133,7,4.7826032638549805
545,528,8,4.577498435974121
545,488,9,4.560455322265625
545,963,10,4.55650520324707
546,173,1,5.562095642089844
546,199,2,5.5270466804504395
546,194,3,5.434439659118652
546,922,4,5.252338409423828
546,434,5,5.202085494995117
546,657,6,4.888077735900879
546,48,7,4.854272365570068
546,488,8,4.9542236328125
546,168,9,4.767577171325684
546,189,10,4.749761581420898
547,1639,1,4.563571929931641
547,479,2,4.897268772125244
547,483,3,5.0594024658203125
547,100,4,4.8494744300842285
547,318,5,4.814368724822998
547,701,6,4.389718532562256
547,588,7,4.709646224975586
547,211,8,4.703557968139648
547,511,9,4.525445461273193
547,435,10,4.480096340179443
548,520,1,5.646479606628418
548,144,2,5.5100321769714355
548,173,3,5.503237724304199
548,174,4,5.365666389465332
548,96,5,5.161526203155518
548,238,6,5.128604888916016
548,1039,7,5.127853870391846
548,69,8,5.087789058685303
548,198,9,5.023733615875244
548,166,10,4.883049964904785
549,659,1,4.290131568908691
549,174,2,5.037724494934082
549,190,3,4.97391939163208
549,408,4,4.928606986999512
549,1142,5,4.3991289138793945
549,205,6,5.062364101409912
549,168,7,4.847390174865723
549,1007,8,4.581439971923828
549,223,9,4.551337242126465
549,1449,10,4.530889987945557
551,633,1,5.384747505187988
551,1512,2,5.369363307952881
551,443,3,5.266976356506348
551,1604,4,4.473979473114014
551,327,5,4.781434059143066
551,320,6,5.129243850708008
551,48,7,5.183483123779297
551,483,8,5.041855812072754
551,493,9,4.996274471282959
551,856,10,4.942411422729492
552,64,1,4.542143821716309
552,1269,2,4.003244876861572
552,1098,3,3.9965505599975586
552,223,4,4.2677435874938965
552,8,5,4.266408920288086
552,385,6,3.866748809814453
552,172,7,3.9828603267669678
552,136,8,4.243785858154297
552,603,9,4.168500900268555
552,478,10,4.037234783172607
553,12,1,5.107386589050293
553,856,2,4.998679161071777
553,1142,3,4.5695695877075195
553,223,4,4.8264336585998535
553,276,5,4.540985107421875
553,200,6,4.816919326782227
553,119,7,4.548943519592285
553,1449,8,4.755494594573975
553,189,9,4.694397926330566
553,22,10,4.687005043029785
554,465,1,4.112020492553711
554,178,2,4.568711757659912
554,185,3,4.4805474281311035
554,514,4,3.953580141067505
554,513,5,4.7575531005859375
554,515,6,4.388680458068848
554,210,7,4.377949237823486
554,165,8,4.3153276443481445
554,189,9,4.229909896850586
554,656,10,4.211766242980957
555,916,1,4.793194770812988
555,736,2,5.430905342102051
555,483,3,5.376343250274658
555,178,4,5.369744300842285
555,14,5,5.29421329498291
555,174,6,4.777446746826172
555,1021,7,5.230649471282959
555,747,8,4.962838649749756
555,527,9,5.091506004333496
555,656,10,4.876916885375977
556,357,1,5.495136260986328
556,192,2,5.018276214599609
556,1251,3,4.584400177001953
556,603,4,4.995018482208252
556,511,5,4.958865165710449
556,14,6,5.00221586227417
556,432,7,4.2358293533325195
556,9,8,4.841161251068115
556,180,9,4.830649375915527
556,408,10,4.79844331741333
557,344,1,5.019456386566162
557,175,2,4.970769882202148
557,242,3,4.910184860229492
557,60,4,4.90651798248291
557,1462,5,4.51760721206665
557,958,6,4.850829601287842
557,1428,7,4.396048545837402
557,114,8,4.738907337188721
557,117,9,4.73105001449585
557,657,10,4.706531047821045
558,318,1,4.563532829284668
558,922,2,4.030444622039795
558,496,3,4.550946235656738
558,483,4,4.46352481842041
558,1114,5,3.942728281021118
558,427,6,4.436441898345947
558,156,7,4.131574630737305
558,119,8,4.124381065368652
558,134,9,4.352869510650635
558,484,10,4.28176212310791
559,488,1,4.930237770080566
559,434,2,4.872702598571777
559,97,3,4.396050930023193
559,178,4,4.781334400177002
559,1594,5,4.0551605224609375
559,603,6,4.694000244140625
559,483,7,4.62686014175415
559,1194,8,4.338380813598633
559,659,9,4.605618476867676
559,496,10,4.552816867828369
561,1194,1,4.434190273284912
561,320,2,3.8772196769714355
561,1558,3,4.2665324211120605
561,1154,4,3.656301975250244
561,408,5,4.427328109741211
561,694,6,4.224128723144531
561,134,7,4.210997581481934
561,653,8,4.176581382751465
561,654,9,3.850759983062744
561,707,10,4.066065788269043
562,219,1,5.14886999130249
562,513,2,4.845432758331299
562,136,3,4.830162048339844
562,316,4,4.191835403442383
562,276,5,4.56984806060791
562,60,6,4.50144100189209
562,423,7,4.485334396362305
562,525,8,4.46079683303833
562,199,9,4.4329447746276855
562,654,10,4.312168121337891
563,316,1,5.622342109680176
563,603,2,5.269052028656006
563,318,3,5.160131454467773
563,186,4,5.110401153564453
563,408,5,5.0047926902771
563,50,6,4.9997968673706055
563,251,7,4.947471618652344
563,513,8,4.942407131195068
563,705,9,4.663558483123779
563,654,10,4.756232738494873
564,136,1,4.427141189575195
564,589,2,3.8594987392425537
564,189,3,4.272495269775391
564,208,4,4.339153289794922
564,187,5,4.187550067901611
564,966,6,3.9694015979766846
564,651,7,3.8459582328796387
564,663,8,3.9425885677337646
564,12,9,3.937544822692871
564,482,10,4.081540107727051
565,12,1,5.482272148132324
565,657,2,5.198910236358643
565,694,3,4.864755630493164
565,344,4,5.148862838745117
565,180,5,5.099937438964844
565,709,6,4.8509626388549805
565,96,7,5.0871782302856445
565,48,8,5.086215019226074
565,434,9,4.826189994812012
565,201,10,4.949836254119873
566,634,1,4.255756378173828
566,276,2,5.109541416168213
566,488,3,5.025599479675293
566,514,4,4.942445755004883
566,507,5,4.922194957733154
566,603,6,4.903905868530273
566,209,7,4.870335102081299
566,9,8,5.1736741065979
566,510,9,4.694093704223633
566,657,10,4.4986796379089355
567,1512,1,5.253251552581787
567,694,2,4.968684196472168
567,488,3,4.940639019012451
567,753,4,4.886704921722412
567,1500,5,4.790531158447266
567,227,6,4.464351177215576
567,1449,7,4.754068374633789
567,516,8,4.423687934875488
567,470,9,4.673820495605469
567,320,10,4.3943047523498535
568,1269,1,3.736326217651367
568,1142,2,4.557937145233154
568,83,3,4.481752872467041
568,188,4,3.9082069396972656
568,69,5,4.392763137817383
568,71,6,4.336763381958008
568,166,7,4.29257869720459
568,272,8,4.790687084197998
568,50,9,4.207584857940674
568,200,10,4.1054863929748535
569,318,1,5.071718215942383
569,513,2,5.025335788726807
569,498,3,4.543518543243408
569,1251,4,4.247823238372803
569,408,5,4.903356075286865
569,285,6,4.905711650848389
569,213,7,4.850416660308838
569,269,8,4.4903411865234375
569,527,9,4.802830696105957
569,511,10,4.755367755889893
570,524,1,4.9942803382873535
570,89,2,4.935873985290527
570,603,3,4.885087013244629
570,1159,4,4.514521598815918
570,136,5,4.516211032867432
570,174,6,4.500743865966797
570,60,7,4.657130718231201
570,200,8,4.490980625152588
570,12,9,4.640205383300781
570,187,10,4.61470890045166
571,603,1,4.394466400146484
571,12,2,4.372387886047363
571,408,3,4.291208267211914
571,131,4,3.858022689819336
571,221,5,4.211771011352539
571,169,6,3.8390262126922607
571,515,7,4.083548545837402
571,48,8,4.053647041320801
571,482,9,3.581804037094116
571,1021,10,3.9514307975769043
572,169,1,5.037420749664307
572,525,2,4.864551544189453
572,494,3,4.368886470794678
572,530,4,4.81607723236084
572,22,5,4.553410053253174
572,194,6,4.789356708526611
572,64,7,4.7883477210998535
572,527,8,4.422011852264404
572,709,9,4.762807369232178
572,657,10,4.671651840209961
573,318,1,4.737265110015869
573,483,2,4.651832103729248
573,272,3,4.600912570953369
573,313,4,4.527473449707031
573,1449,5,4.502302169799805
573,589,6,4.1485443115234375
573,168,7,4.446994304656982
573,209,8,4.217258453369141
573,493,9,4.183495998382568
573,1500,10,4.307006359100342
574,180,1,4.4138102531433105
574,216,2,5.018274307250977
574,455,3,4.043398380279541
574,136,4,4.934774875640869
574,132,5,4.801450729370117
574,963,6,4.786849498748779
574,657,7,4.75202751159668
574,64,8,4.958286762237549
574,50,9,4.687373638153076
574,425,10,4.419150352478027
575,190,1,4.55558967590332
575,165,2,4.429159641265869
575,189,3,4.254411220550537
575,1064,4,3.5635180473327637
575,183,5,3.9270713329315186
575,216,6,3.9104421138763428
575,425,7,4.1669135093688965
575,48,8,4.184667587280273
575,19,9,4.199134349822998
575,186,10,3.838961362838745
576,143,1,4.522489547729492
576,179,2,4.886431694030762
576,474,3,4.832159042358398
576,707,4,4.384223937988281
576,357,5,4.8272786140441895
576,520,6,4.512676239013672
576,195,7,4.724125862121582
576,1449,8,4.712015628814697
576,302,9,4.707179069519043
576,318,10,4.678921699523926
577,525,1,4.990067958831787
577,531,2,4.8534722328186035
577,119,3,4.461451530456543
577,966,4,4.792867660522461
577,136,5,4.317130088806152
577,274,6,4.806789398193359
577,462,7,4.750245094299316
577,513,8,4.7429704666137695
577,661,9,4.73711633682251
577,1451,10,4.548789024353027
578,318,1,4.815522193908691
578,661,2,4.326754093170166
578,694,3,4.624645709991455
578,1019,4,4.635937213897705
578,131,5,4.560647964477539
578,185,6,4.558665752410889
578,203,7,4.201398849487305
578,191,8,4.47830867767334
578,168,9,4.470766067504883
578,12,10,4.420324325561523
579,12,1,4.744954586029053
579,223,2,4.54936408996582
579,172,3,4.349595069885254
579,176,4,4.329519748687744
579,64,5,4.312226295471191
579,1019,6,4.012584686279297
579,60,7,4.274303436279297
579,71,8,4.010532855987549
579,588,9,4.242988586425781
579,320,10,4.158910751342773
580,487,1,4.474659442901611
580,315,2,5.252429485321045
580,194,3,5.244865417480469
580,610,4,4.472867488861084
580,467,5,5.189163684844971
580,64,6,5.167688369750977
580,186,7,5.1278557777404785
580,14,8,5.073766708374023
580,498,9,4.704717636108398
580,200,10,4.957575798034668
581,203,1,4.904769420623779
581,408,2,4.475029945373535
581,479,3,4.728731155395508
581,191,4,4.684554100036621
581,428,5,4.639008045196533
581,510,6,4.637890815734863
581,659,7,4.636712074279785
581,661,8,4.6264753341674805
581,1147,9,4.438910484313965
581,856,10,4.6126508712768555
582,179,1,4.997910976409912
582,165,2,4.945247173309326
582,408,3,4.935697555541992
582,511,4,4.527735233306885
582,1103,5,4.864461898803711
582,169,6,4.918403625488281
582,484,7,4.835741996765137
582,168,8,4.812962055206299
582,661,9,4.467090606689453
582,205,10,4.67056131362915
583,1449,1,4.997354984283447
583,302,2,4.960605621337891
583,963,3,4.954835891723633
583,707,4,4.954317569732666
583,498,5,4.600346565246582
583,98,6,4.947713375091553
583,318,7,4.923704624176025
583,656,8,4.9019856452941895
583,119,9,4.577902317047119
583,478,10,4.842669486999512
584,64,1,5.126959800720215
584,483,2,5.081559181213379
584,525,3,4.881736755371094
584,966,4,4.600644111633301
584,12,5,4.838682651519775
584,360,6,4.435487270355225
584,513,7,4.795315742492676
584,199,8,4.760910511016846
584,208,9,4.709092617034912
584,131,10,4.618010997772217
585,515,1,5.3104143142700195
585,161,2,5.180959224700928
585,1019,3,4.315375804901123
585,1159,4,4.288483142852783
585,652,5,4.711088180541992
585,169,6,4.734127998352051
585,1194,7,4.610908031463623
585,208,8,4.555108547210693
585,1063,9,4.531011581420898
585,511,10,4.368710994720459
586,169,1,5.037442207336426
586,302,2,4.849377632141113
586,645,3,4.13320779800415
586,1269,4,4.283039093017578
586,528,5,4.728908538818359
586,371,6,4.276490688323975
586,916,7,4.536344528198242
586,546,8,4.4591217041015625
586,455,9,4.415416240692139
586,721,10,4.349527359008789
588,191,1,5.096293926239014
588,425,2,5.075847148895264
588,709,3,5.065922737121582
588,75,4,4.524420261383057
588,515,5,4.817536354064941
588,963,6,4.7540507316589355
588,269,7,4.711583137512207
588,705,8,4.676351547241211
588,470,9,4.6338911056518555
588,61,10,4.617242813110352
589,496,1,5.413050651550293
589,378,2,5.403645038604736
589,488,3,4.224769592285156
589,470,4,5.036165237426758
589,12,5,5.034843921661377
589,893,6,4.361096382141113
589,28,7,4.853443145751953
589,99,8,4.852823257446289
589,1142,9,4.494065761566162
589,202,10,4.578950881958008
590,172,1,4.9621500968933105
590,4,2,4.879578590393066
590,694,3,4.491002559661865
590,657,4,4.152326583862305
590,179,5,4.85982608795166
590,192,6,4.841910362243652
590,659,7,4.822580337524414
590,428,8,4.82303524017334
590,1137,9,4.874489784240723
590,165,10,4.653434753417969
591,315,1,4.884927272796631
591,213,2,4.7415056228637695
591,136,3,4.314727306365967
591,1159,4,4.1796674728393555
591,60,5,4.588444709777832
591,320,6,4.599298000335693
591,408,7,4.548640251159668
591,59,8,4.54380989074707
591,119,9,4.282177925109863
591,611,10,4.271810054779053
592,83,1,5.344308853149414
592,498,2,5.1819305419921875
592,515,3,5.106611251831055
592,661,4,5.043458938598633
592,200,5,4.920315742492676
592,404,6,4.848198890686035
592,435,7,4.798048496246338
592,1007,8,4.45895528793335
592,315,9,4.425342082977295
592,1103,10,4.672982692718506
593,170,1,5.047578811645508
593,385,2,4.917732238769531
593,634,3,4.170820236206055
593,409,4,4.450933456420898
593,95,5,4.765814304351807
593,223,6,4.760463237762451
593,1159,7,4.864366054534912
593,516,8,4.6992411613464355
593,427,9,4.640233993530273
593,169,10,4.633607387542725
594,1449,1,4.532195091247559
594,136,2,4.44541072845459
594,60,3,4.37709379196167
594,98,4,4.372562885284424
594,114,5,4.33889102935791
594,408,6,4.3291449546813965
594,12,7,4.291296482086182
594,1194,8,4.283646583557129
594,484,9,4.258417129516602
594,1131,10,4.223708629608154
595,357,1,5.294485569000244
595,172,2,5.123416900634766
595,603,3,4.991223335266113
595,56,4,4.801265716552734
595,64,5,4.451633930206299
595,479,6,4.757219314575195
595,269,7,4.747281551361084
595,316,8,4.75803279876709
595,173,9,4.402517795562744
595,99,10,4.477389812469482
596,603,1,4.989342212677002
596,251,2,4.3618621826171875
596,64,3,4.858058929443359
596,735,4,4.459456920623779
596,480,5,4.701817512512207
596,12,6,4.668509006500244
596,132,7,4.641486644744873
596,1449,8,4.630743980407715
596,114,9,4.624431133270264
596,119,10,4.562511444091797
597,99,1,5.435916423797607
597,189,2,4.535961627960205
597,173,3,5.30064582824707
597,12,4,5.011260032653809
597,83,5,5.352203845977783
597,496,6,4.984728813171387
597,195,7,4.937050819396973
597,963,8,4.499322414398193
597,169,9,4.303181171417236
597,151,10,4.75531530380249
598,966,1,3.987807035446167
598,64,2,4.480350494384766
598,12,3,4.288004398345947
598,191,4,4.327456474304199
598,127,5,4.201359272003174
598,89,6,3.9171998500823975
598,510,7,4.169425010681152
598,513,8,4.162775993347168
598,208,9,4.142667770385742
598,1169,10,3.8873677253723145
599,515,1,5.509142875671387
599,172,2,5.452066421508789
599,22,3,4.925189971923828
599,520,4,5.383664131164551
599,1251,5,5.042642116546631
599,527,6,5.3740997314453125
599,114,7,5.364173412322998
599,318,8,5.316858768463135
599,516,9,5.379276752471924
599,210,10,4.978832244873047
600,318,1,5.217711448669434
600,331,2,4.7127485275268555
600,302,3,5.131834030151367
600,357,4,5.099352836608887
600,202,5,4.547544956207275
600,12,6,5.015610694885254
600,525,7,4.99962854385376
600,203,8,4.998401641845703
600,856,9,4.907200813293457
600,57,10,4.883913040161133
601,209,1,4.713885307312012
601,20,2,3.827967643737793
601,527,3,3.9759228229522705
601,268,4,4.5882463455200195
601,90,5,4.565423965454102
601,169,6,4.49902868270874
601,919,7,4.444823265075684
601,79,8,4.223707675933838
601,1019,9,4.087665557861328
601,813,10,4.046432971954346
602,191,1,4.90416145324707
602,525,2,4.513674259185791
602,510,3,4.867099761962891
602,753,4,4.837038040161133
602,136,5,4.481649875640869
602,1,6,4.7016096115112305
602,97,7,4.684271812438965
602,493,8,4.361392021179199
602,164,9,4.453616142272949
602,966,10,4.55236291885376
603,1,1,4.7599287033081055
603,705,2,5.273614406585693
603,95,3,4.737244606018066
603,79,4,4.582918643951416
603,654,5,5.047023296356201
603,64,6,5.026945114135742
603,1159,7,5.021773338317871
603,318,8,4.987037658691406
603,427,9,4.9622087478637695
603,482,10,4.933351039886475
604,124,1,4.7694268226623535
604,176,2,4.012545108795166
604,313,3,4.4170002937316895
604,435,4,4.397319316864014
604,519,5,4.495204925537109
604,853,6,4.096749305725098
604,169,7,4.294840335845947
604,963,8,4.190199375152588
604,143,9,4.040421485900879
604,320,10,4.12484884262085
605,510,1,5.324101448059082
605,430,2,5.313284397125244
605,511,3,5.215742111206055
605,661,4,5.184206962585449
605,515,5,4.968598365783691
605,492,6,4.944610595703125
605,498,7,4.941159725189209
605,506,8,4.862436771392822
605,491,9,4.861531734466553
605,663,10,4.233872890472412
606,357,1,5.431979656219482
606,318,2,4.949283123016357
606,513,3,4.930620193481445
606,656,4,4.566952228546143
606,143,5,4.903685092926025
606,958,6,4.840373992919922
606,189,7,4.749019622802734
606,836,8,4.54224967956543
606,493,9,4.541614055633545
606,515,10,4.7258219718933105
607,1449,1,4.685165882110596
607,514,2,4.6185712814331055
607,493,3,4.014593601226807
607,923,4,4.591022968292236
607,408,5,4.58577299118042
607,525,6,4.560505390167236
607,504,7,4.123108863830566
607,136,8,4.55042839050293
607,1019,9,4.224196910858154
607,524,10,4.3235883712768555
608,14,1,4.663748741149902
608,114,2,4.63104248046875
608,494,3,4.1678338050842285
608,153,4,4.626004695892334
608,451,5,4.516059875488281
608,192,6,4.503525257110596
608,657,7,4.451630115509033
608,162,8,4.405503749847412
608,1104,9,4.362793445587158
608,468,10,4.240187644958496
609,357,1,5.039214611053467
609,408,2,4.183826923370361
609,654,3,4.178243637084961
609,238,4,4.554677963256836
609,479,5,4.532613754272461
609,162,6,4.525211811065674
609,317,7,4.520348072052002
609,119,8,4.030179500579834
609,512,9,4.512975692749023
609,306,10,4.29950475692749
610,603,1,4.967225074768066
610,515,2,4.766449451446533
610,529,3,4.627647399902344
610,813,4,4.624973297119141
610,198,5,4.544315338134766
610,479,6,4.522158622741699
610,169,7,4.111747741699219
610,435,8,4.117955207824707
610,511,9,4.492307662963867
610,709,10,4.474431991577148
611,357,1,5.496616363525391
611,238,2,5.028768539428711
611,50,3,4.954004764556885
611,114,4,4.869356632232666
611,169,5,4.846629619598389
611,246,6,4.7887372970581055
611,100,7,4.786904811859131
611,12,8,4.759217739105225
611,922,9,4.657979488372803
611,525,10,4.276394367218018
612,185,1,4.998659133911133
612,488,2,4.89915657043457
612,165,3,4.851761817932129
612,1070,4,4.225306034088135
612,603,5,4.711825370788574
612,1269,6,4.701934337615967
612,132,7,4.661475658416748
612,48,8,4.616465091705322
612,127,9,4.591141700744629
612,922,10,4.557356834411621
613,750,1,4.72278356552124
613,513,2,4.6896071434021
613,1449,3,4.32753849029541
613,189,4,4.207128524780273
613,180,5,4.5970659255981445
613,30,6,4.586860656738281
613,531,7,4.577103614807129
613,174,8,4.523908615112305
613,48,9,4.383505344390869
613,187,10,4.358951091766357
614,603,1,4.623382091522217
614,709,2,3.9001593589782715
614,136,3,4.43903112411499
614,82,4,4.428402900695801
614,480,5,4.405411720275879
614,23,6,3.9936599731445312
614,966,7,3.8913116455078125
614,318,8,4.199674606323242
614,210,9,4.121224880218506
614,482,10,4.032408237457275
615,513,1,5.173327445983887
615,174,2,4.170215129852295
615,603,3,5.081943988800049
615,173,4,5.03084659576416
615,474,5,4.565445423126221
615,285,6,5.104743003845215
615,131,7,4.580665588378906
615,515,8,4.871480941772461
615,408,9,4.84376335144043
615,1142,10,4.733283996582031
616,318,1,4.8708672523498535
616,515,2,4.798470497131348
616,603,3,4.7488250732421875
616,1367,4,4.232662200927734
616,493,5,4.359979629516602
616,190,6,4.6562724113464355
616,178,7,4.6190924644470215
616,217,8,4.607699394226074
616,12,9,4.599534511566162
616,285,10,4.578073501586914
617,209,1,4.3523268699646
617,654,2,4.34542989730835
617,223,3,4.172057151794434
617,850,4,3.316922664642334
617,616,5,4.042801380157471
617,276,6,4.04016637802124
617,525,7,4.033468723297119
617,603,8,3.997053384780884
617,435,9,3.976935863494873
617,316,10,3.7812280654907227
618,603,1,4.5289154052734375
618,511,2,4.39037561416626
618,189,3,4.368924617767334
618,515,4,4.342848777770996
618,661,5,4.227083683013916
618,178,6,4.214807510375977
618,1104,7,3.933410882949829
618,48,8,4.1582417488098145
618,479,9,4.018007755279541
618,750,10,3.9940216541290283
619,270,1,4.93712854385376
619,480,2,4.7483930587768555
619,8,3,4.731202602386475
619,265,4,4.7097554206848145
619,177,5,4.655569553375244
619,210,6,4.606521129608154
619,97,7,4.565196990966797
619,603,8,4.534584999084473
619,178,9,4.524158477783203
619,189,10,4.4066948890686035
620,86,1,5.273186683654785
620,1405,2,4.914087772369385
620,285,3,4.829989433288574
620,428,4,4.8146467208862305
620,12,5,4.805370807647705
620,538,6,4.760115146636963
620,603,7,4.397369384765625
620,657,8,4.748263359069824
620,648,9,4.476836204528809
620,161,10,4.717524528503418
621,45,1,4.558556079864502
621,272,2,5.0498857498168945
621,12,3,5.041176795959473
621,127,4,5.003005027770996
621,203,5,4.533092021942139
621,177,6,4.533329010009766
621,195,7,4.936319828033447
621,530,8,4.509754180908203
621,156,9,4.739169120788574
621,144,10,4.670060157775879
623,50,1,4.784697532653809
623,172,2,4.652662754058838
623,270,3,4.497917652130127
623,963,4,4.023862838745117
623,1537,5,3.7589004039764404
623,511,6,4.406300067901611
623,427,7,4.354896068572998
623,114,8,3.9951658248901367
623,194,9,4.205467224121094
623,136,10,4.1991777420043945
624,1154,1,4.427309513092041
624,213,2,4.904426574707031
624,12,3,4.898355960845947
624,199,4,4.5364484786987305
624,223,5,4.7748918533325195
624,89,6,4.235533714294434
624,183,7,4.7457170486450195
624,515,8,4.743991374969482
624,654,9,4.362039089202881
624,316,10,4.676342010498047
625,343,1,3.6517608165740967
625,28,2,4.520122528076172
625,12,3,4.4469099044799805
625,963,4,4.308760643005371
625,1449,5,4.292657375335693
625,1114,6,3.870654582977295
625,64,7,4.269606113433838
625,345,8,4.2302446365356445
625,513,9,4.184073448181152
625,175,10,4.183854103088379
626,11,1,3.8556292057037354
626,357,2,4.201227188110352
626,98,3,4.199215888977051
626,203,4,4.0149760246276855
626,116,5,3.8012959957122803
626,603,6,3.799140453338623
626,455,7,3.666271686553955
626,420,8,3.7667272090911865
626,511,9,3.94394588470459
626,115,10,3.872976303100586
627,168,1,5.220989227294922
627,136,2,4.2881011962890625
627,589,3,5.001504898071289
627,185,4,4.854589939117432
627,190,5,4.835366725921631
627,244,6,4.093040466308594
627,116,7,4.699012279510498
627,114,8,4.472395896911621
627,426,9,4.196023941040039
627,661,10,4.404320240020752
628,408,1,5.924336910247803
628,753,2,5.377086162567139
628,653,3,5.142480373382568
628,285,4,5.683348178863525
628,114,5,5.653193950653076
628,527,6,5.649136066436768
628,315,7,5.6465935707092285
628,174,8,5.348445892333984
628,48,9,5.58078670501709
628,316,10,5.557918071746826
629,285,1,5.445655345916748
629,129,2,5.281463623046875
629,963,3,5.132140159606934
629,603,4,4.663458824157715
629,654,5,5.029463768005371
629,520,6,4.656017303466797
629,223,7,4.997425556182861
629,921,8,4.849071979522705
629,613,9,4.648693561553955
629,568,10,4.7393798828125
630,97,1,4.92604923248291
630,603,2,4.349812030792236
630,48,3,4.7901506423950195
630,604,4,4.336920261383057
630,657,5,4.714544296264648
630,707,6,4.649643898010254
630,753,7,4.6357831954956055
630,432,8,4.299046993255615
630,493,9,4.569467544555664
630,177,10,4.506027698516846
631,168,1,4.292701244354248
631,318,2,4.266397953033447
631,169,3,4.263298988342285
631,603,4,4.24939489364624
631,427,5,3.973947763442993
631,211,6,4.24111270904541
631,56,7,4.167267799377441
631,114,8,4.1554694175720215
631,89,9,4.154600620269775
631,1269,10,4.054056644439697
632,48,1,4.632740497589111
632,520,2,4.615113258361816
632,654,3,4.565165042877197
632,170,4,4.543581485748291
632,1007,5,4.055385112762451
632,178,6,4.52710485458374
632,661,7,4.514362812042236
632,195,8,4.193931579589844
632,455,9,4.293963432312012
632,180,10,4.275043964385986
633,313,1,3.8813467025756836
633,515,2,4.313112735748291
633,1194,3,4.264384746551514
633,89,4,3.8560492992401123
633,173,5,4.182714939117432
633,265,6,4.181203842163086
633,520,7,4.143383979797363
633,270,8,3.8100292682647705
633,228,9,3.9774627685546875
633,607,10,3.976080894470215
634,11,1,4.4454240798950195
634,615,2,4.017185688018799
634,48,3,4.417572975158691
634,64,4,4.366268634796143
634,525,5,3.823490619659424
634,96,6,4.326359748840332
634,750,7,4.306159019470215
634,313,8,4.225724697113037
634,1269,9,4.210629463195801
634,484,10,4.139828205108643
635,433,1,5.109929084777832
635,56,2,5.000650405883789
635,64,3,4.499553203582764
635,127,4,4.855683326721191
635,318,5,4.814970970153809
635,498,6,4.784076690673828
635,425,7,4.6957597732543945
635,186,8,4.678971290588379
635,1500,9,4.38116455078125
635,603,10,4.564252853393555
636,316,1,5.011266708374023
636,1137,2,4.899944305419922
636,694,3,4.579880714416504
636,1449,4,4.834831237792969
636,515,5,4.818267345428467
636,408,6,4.810999393463135
636,151,7,4.554396629333496
636,320,8,4.7940216064453125
636,466,9,4.538690090179443
636,114,10,4.791679382324219
637,850,1,3.6926636695861816
637,603,2,4.462822914123535
637,183,3,3.416637659072876
637,22,4,4.139949798583984
637,648,5,4.0655741691589355
637,194,6,3.654383659362793
637,61,7,4.179931640625
637,64,8,4.365015983581543
637,511,9,4.049912452697754
637,191,10,4.015353202819824
638,173,1,5.043603420257568
638,318,2,4.979876518249512
638,313,3,4.649686813354492
638,153,4,4.04701042175293
638,274,5,4.522500038146973
638,87,6,4.0344061851501465
638,12,7,4.319639682769775
638,186,8,4.262016773223877
638,114,9,4.245264530181885
638,143,10,4.125771522521973
639,169,1,4.012420177459717
639,558,2,3.6377804279327393
639,1449,3,3.9539635181427
639,134,4,3.9526124000549316
639,136,5,3.9508438110351562
639,89,6,3.9704880714416504
639,520,7,3.9361228942871094
639,480,8,3.9111666679382324
639,498,9,3.830540657043457
639,443,10,3.5248711109161377
640,177,1,5.011663913726807
640,191,2,5.463785171508789
640,478,3,5.445157527923584
640,1500,4,4.808933258056641
640,603,5,5.597755432128906
640,178,6,5.256743907928467
640,187,7,5.253293514251709
640,519,8,4.724503040313721
640,192,9,5.125102996826172
640,659,10,5.1136579513549805
641,12,1,4.275484085083008
641,190,2,4.857685565948486
641,474,3,4.3618083000183105
641,656,4,4.6717424392700195
641,533,5,3.9170022010803223
641,428,6,4.6660614013671875
641,60,7,5.219516754150391
641,42,8,4.648698806762695
641,863,9,4.555461406707764
641,661,10,4.498391151428223
642,721,1,5.370869159698486
642,753,2,4.646726608276367
642,478,3,5.226465702056885
642,641,4,5.051882266998291
642,493,5,4.261329650878906
642,343,6,4.4396209716796875
642,904,7,4.96804141998291
642,488,8,4.904616355895996
642,164,9,4.824119567871094
642,611,10,4.721756458282471
643,285,1,4.793846130371094
643,1201,2,4.164246559143066
643,191,3,4.722265720367432
643,192,4,4.667268753051758
643,500,5,4.091974258422852
643,1021,6,4.615743160247803
643,657,7,4.5960798263549805
643,694,8,4.593357563018799
643,1203,9,4.542788982391357
643,813,10,4.297360420227051
644,1021,1,4.68769645690918
644,1131,2,4.517746448516846
644,482,3,5.199399471282959
644,965,4,4.39373254776001
644,753,5,5.146743297576904
644,133,6,5.138280868530273
644,169,7,4.7587995529174805
644,510,8,5.007489204406738
644,651,9,4.987375736236572
644,172,10,4.928661346435547
645,511,1,5.106480598449707
645,607,2,4.295855522155762
645,543,3,4.108423233032227
645,408,4,4.747904300689697
645,480,5,4.292495250701904
645,178,6,5.0433549880981445
645,285,7,4.577122688293457
645,498,8,4.531559944152832
645,1073,9,4.469128131866455
645,922,10,4.235509872436523
647,657,1,4.986711502075195
647,435,2,4.451386451721191
647,603,3,4.930441379547119
647,484,4,4.926494121551514
647,483,5,4.6686859130859375
647,513,6,4.909960746765137
647,694,7,4.662920951843262
647,1137,8,4.849935531616211
647,98,9,4.816241264343262
647,187,10,4.681270122528076
648,132,1,4.874922275543213
648,198,2,4.8583269119262695
648,12,3,4.84860372543335
648,378,4,4.181471347808838
648,313,5,4.72471809387207
648,1019,6,4.582189083099365
648,697,7,4.525277614593506
648,963,8,4.517502307891846
648,482,9,4.486087799072266
648,233,10,4.476873874664307
649,1021,1,4.527688026428223
649,427,2,4.417285919189453
649,209,3,4.518087863922119
649,98,4,4.734584331512451
649,607,5,4.3175740242004395
649,199,6,4.7266154289245605
649,156,7,4.705517768859863
649,657,8,4.498132228851318
649,316,9,4.773272514343262
649,203,10,4.607699394226074
650,190,1,3.72381854057312
650,607,2,4.584573745727539
650,850,3,3.6312966346740723
650,111,4,3.721513509750366
650,1449,5,4.287642478942871
650,513,6,4.179359436035156
650,896,7,4.079714298248291
650,836,8,4.059830188751221
650,1007,9,3.824883222579956
650,303,10,4.006137847900391
651,318,1,4.579211235046387
651,654,2,4.530001163482666
651,1269,3,3.7788796424865723
651,357,4,4.482951641082764
651,187,5,3.975926160812378
651,408,6,4.3442535400390625
651,205,7,4.236446380615234
651,61,8,4.2318949699401855
651,514,9,4.197545528411865
651,603,10,4.168554306030273
652,56,1,4.493957042694092
652,408,2,4.425264358520508
652,654,3,4.415524959564209
652,48,4,4.002823829650879
652,317,5,4.0095438957214355
652,603,6,4.192525863647461
652,282,7,3.8968677520751953
652,516,8,4.146906852722168
652,133,9,4.1452531814575195
652,100,10,4.038815975189209
653,661,1,4.775825500488281
653,272,2,4.438045024871826
653,419,3,3.6592042446136475
653,408,4,4.08272647857666
653,360,5,3.640575647354126
653,615,6,4.026074409484863
653,327,7,3.99592661857605
653,115,8,3.620832920074463
653,298,9,3.8871958255767822
653,525,10,3.821066379547119
654,133,1,4.92549991607666
654,427,2,4.7576069831848145
654,73,3,4.719927787780762
654,483,4,4.208724021911621
654,710,5,4.607538223266602
654,378,6,4.6897406578063965
654,96,7,4.59320592880249
654,879,8,4.5508317947387695
654,493,9,4.445211887359619
654,487,10,4.399173259735107
655,853,1,4.420660972595215
655,83,2,4.024916648864746
655,836,3,3.5552268028259277
655,267,4,3.2674739360809326
655,71,5,3.5549399852752686
655,506,6,3.9305930137634277
655,496,7,3.947036027908325
655,705,8,3.530322313308716
655,499,9,3.846255302429199
655,416,10,3.7508327960968018
656,12,1,4.376424312591553
656,1500,2,3.7904410362243652
656,613,3,3.7908711433410645
656,208,4,4.128072261810303
656,922,5,4.102100849151611
656,210,6,4.022830009460449
656,496,7,4.201736927032471
656,1449,8,4.005834102630615
656,50,9,3.9875364303588867
656,588,10,3.932560443878174
657,496,1,4.533681392669678
657,603,2,4.478504180908203
657,210,3,4.046718597412109
657,344,4,4.052094459533691
657,198,5,4.041074275970459
657,514,6,4.369232654571533
657,1142,7,4.023211479187012
657,615,8,4.248055934906006
657,313,9,4.242559432983398
657,524,10,4.17594575881958
658,56,1,5.121136665344238
658,179,2,3.958836317062378
658,474,3,4.486118793487549
658,187,4,4.47094202041626
658,513,5,4.464107513427734
658,483,6,4.462671756744385
658,293,7,4.427648067474365
658,269,8,4.368422508239746
658,484,9,4.121596336364746
658,427,10,4.262297630310059
659,87,1,5.14412784576416
659,22,2,4.859338760375977
659,856,3,4.2435760498046875
659,966,4,4.544281005859375
659,198,5,4.539867401123047
659,458,6,4.478630065917969
659,119,7,4.464534759521484
659,168,8,3.8435897827148438
659,270,9,4.544404029846191
659,71,10,4.3412580490112305
660,116,1,4.252024173736572
660,10,2,4.108379364013672
660,19,3,4.083953857421875
660,919,4,4.080416202545166
660,661,5,3.325714111328125
660,1159,6,4.073669910430908
660,1367,7,4.03111457824707
660,12,8,3.9939558506011963
660,275,9,3.6439592838287354
660,209,10,3.954257011413574
661,22,1,4.998913764953613
661,483,2,4.921472549438477
661,56,3,4.501418590545654
661,177,4,4.499000072479248
661,487,5,4.723907947540283
661,1142,6,4.727995872497559
661,156,7,4.442617416381836
661,251,8,4.63164758682251
661,205,9,4.611040115356445
661,114,10,4.535648822784424
662,408,1,4.568421363830566
662,64,2,4.50926399230957
662,513,3,4.368753910064697
662,966,4,4.134374618530273
662,466,5,3.9994735717773438
662,655,6,4.319491863250732
662,22,7,4.253886699676514
662,114,8,4.192378520965576
662,519,9,4.180422782897949
662,651,10,4.1716766357421875
663,357,1,4.762383460998535
663,208,2,4.298553943634033
663,651,3,4.618427753448486
663,526,4,4.588157653808594
663,496,5,4.58333683013916
663,119,6,4.287961006164551
663,204,7,4.486130714416504
663,114,8,4.420178413391113
663,493,9,4.400134086608887
663,70,10,4.356600284576416
664,865,1,4.234730243682861
664,1139,2,3.952965259552002
664,48,3,4.7479634284973145
664,23,4,4.6183953285217285
664,661,5,4.21926736831665
664,114,6,4.510258197784424
664,1643,7,4.489105224609375
664,1024,8,4.335744857788086
664,420,9,4.287137031555176
664,1166,10,4.069329261779785
665,64,1,5.041230201721191
665,101,2,4.792783737182617
665,904,3,4.771806240081787
665,694,4,4.7439422607421875
665,178,5,4.705471038818359
665,1098,6,4.6734185218811035
665,624,7,4.171075820922852
665,166,8,4.62445068359375
665,408,9,4.522086143493652
665,850,10,4.319214820861816
666,95,1,4.171568870544434
666,675,2,4.965666770935059
666,408,3,4.816463470458984
666,1512,4,4.658181667327881
666,246,5,5.092918872833252
666,589,6,4.573375701904297
666,57,7,4.164705276489258
666,320,8,4.468469142913818
666,131,9,4.438651084899902
666,1019,10,4.403271675109863
667,1251,1,4.479144096374512
667,119,2,4.595677375793457
667,56,3,4.966789245605469
667,200,4,4.959279537200928
667,14,5,5.095040321350098
667,511,6,5.0142364501953125
667,746,7,4.92050313949585
667,659,8,4.592222690582275
667,958,9,4.8317341804504395
667,478,10,4.744210243225098
668,22,1,5.000661373138428
668,684,2,4.244985580444336
668,204,3,4.791038513183594
668,191,4,4.776763916015625
668,60,5,4.454054355621338
668,199,6,4.752176761627197
668,185,7,4.728920936584473
668,657,8,4.810245990753174
668,169,9,4.426886558532715
668,1159,10,4.537410259246826
669,242,1,4.106578826904297
669,320,2,3.8662447929382324
669,607,3,4.860831260681152
669,114,4,4.104370594024658
669,93,5,5.012633323669434
669,136,6,4.506916046142578
669,404,7,4.077012062072754
669,443,8,4.411017417907715
669,514,9,4.408041954040527
669,513,10,4.364862442016602
670,478,1,5.2974042892456055
670,210,2,5.163783073425293
670,241,3,4.947508335113525
670,173,4,4.8436431884765625
670,116,5,4.429231643676758
670,178,6,4.78950309753418
670,191,7,4.176027774810791
670,100,8,4.715839385986328
670,285,9,4.663279056549072
670,500,10,4.356200218200684
671,143,1,5.119001865386963
671,432,2,4.344182968139648
671,502,3,4.94940185546875
671,208,4,4.725830554962158
671,660,5,4.704216003417969
671,520,6,4.588455677032471
671,463,7,4.5845255851745605
671,963,8,4.574484348297119
671,525,9,4.490246295928955
671,435,10,4.418076515197754
672,210,1,3.9693899154663086
672,427,2,4.48280143737793
672,408,3,4.418740272521973
672,169,4,4.466830253601074
672,652,5,4.321695804595947
672,919,6,4.292126655578613
672,1449,7,4.27692985534668
672,196,8,4.242805480957031
672,315,9,4.015923976898193
672,613,10,4.014089107513428
673,496,1,5.589555740356445
673,427,2,4.9171929359436035
673,648,3,4.494983673095703
673,603,4,4.82228422164917
673,493,5,4.772390365600586
673,482,6,4.448840141296387
673,641,7,4.688322067260742
673,470,8,4.3188347816467285
673,119,9,4.607416152954102
673,1194,10,4.60154390335083
674,603,1,5.065514087677002
674,56,2,4.9037184715271
674,652,3,4.259372234344482
674,205,4,4.806825637817383
674,174,5,4.731714248657227
674,96,6,4.715084075927734
674,496,7,4.675706386566162
674,28,8,4.656864166259766
674,208,9,4.526190757751465
674,648,10,4.488396167755127
675,302,1,4.629190444946289
675,483,2,5.371204853057861
675,98,3,5.0262837409973145
675,127,4,4.9966888427734375
675,478,5,4.620504856109619
675,498,6,4.612235069274902
675,170,7,4.9568610191345215
675,187,8,4.954139709472656
675,48,9,4.465290546417236
675,657,10,4.588164806365967
676,199,1,4.861310005187988
676,69,2,4.6477484703063965
676,12,3,4.5924506187438965
676,503,4,4.185842514038086
676,513,5,4.49952507019043
676,684,6,4.4842939376831055
676,675,7,4.559368133544922
676,408,8,4.433204174041748
676,648,9,4.374395370483398
676,171,10,4.307506561279297
677,12,1,5.430663108825684
677,157,2,5.349869728088379
677,96,3,5.2818708419799805
677,478,4,4.877015113830566
677,87,5,5.257547378540039
677,588,6,5.15036678314209
677,265,7,5.0866780281066895
677,430,8,5.0547356605529785
677,470,9,4.798066139221191
677,152,10,5.044180870056152
678,169,1,4.460396766662598
678,69,2,4.439427375793457
678,203,3,4.3878936767578125
678,483,4,3.981464385986328
678,89,5,4.237329483032227
678,302,6,4.236528396606445
678,408,7,4.202669620513916
678,79,8,4.119077205657959
678,246,9,4.090406894683838
678,701,10,3.999000072479248
679,607,1,4.291821479797363
679,248,2,5.045821666717529
679,603,3,4.417150974273682
679,694,4,4.868059158325195
679,203,5,4.4584527015686035
679,1137,6,4.939859390258789
679,199,7,4.751232147216797
679,127,8,4.746644973754883
679,89,9,4.726484298706055
679,445,10,4.541649341583252
680,694,1,4.410193920135498
680,48,2,4.909742832183838
680,12,3,4.904038906097412
680,173,4,4.94630765914917
680,172,5,4.80397367477417
680,315,6,4.60783576965332
680,1159,7,4.340994358062744
680,1142,8,4.4712419509887695
680,127,9,4.462708473205566
680,922,10,4.459926605224609
681,496,1,5.055494785308838
681,483,2,4.9004364013671875
681,1159,3,3.8703835010528564
681,318,4,4.661509990692139
681,428,5,4.203024864196777
681,850,6,4.014664649963379
681,434,7,4.4206342697143555
681,262,8,4.401522636413574
681,170,9,4.214705944061279
681,69,10,4.501741886138916
682,856,1,4.065573692321777
682,1,2,4.44883918762207
682,606,3,4.40018367767334
682,483,4,4.398010730743408
682,119,5,3.701061725616455
682,479,6,4.3330793380737305
682,435,7,4.281576156616211
682,868,8,4.244220733642578
682,936,9,4.171441078186035
682,1269,10,4.143887519836426
683,50,1,4.09963846206665
683,922,2,4.097900867462158
683,657,3,4.5733795166015625
683,474,4,4.563714504241943
683,1005,5,4.094473838806152
683,483,6,4.5518670082092285
683,169,7,4.0688557624816895
683,175,8,4.699085235595703
683,1166,9,4.066646575927734
683,134,10,4.404980182647705
684,615,1,5.124691486358643
684,171,2,4.37504243850708
684,285,3,4.8668212890625
684,134,4,4.8556623458862305
684,633,5,4.373330116271973
684,654,6,4.779196739196777
684,513,7,5.009358882904053
684,604,8,4.641100883483887
684,684,9,4.28318977355957
684,242,10,4.2753214836120605
686,661,1,5.5869269371032715
686,1500,2,4.9682207107543945
686,132,3,4.857314586639404
686,512,4,5.385684967041016
686,483,5,5.369561195373535
686,285,6,5.25248908996582
686,525,7,5.218296051025391
686,519,8,5.187896251678467
686,59,9,5.377621173858643
686,511,10,5.126346111297607
687,173,1,5.12267541885376
687,183,2,4.463329315185547
687,318,3,4.725384712219238
687,64,4,4.792471885681152
687,165,5,4.704489707946777
687,520,6,4.605511665344238
687,191,7,4.6044158935546875
687,603,8,4.57474946975708
687,705,9,4.391223907470703
687,210,10,4.51598596572876
688,483,1,5.8686065673828125
688,1269,2,5.209639072418213
688,498,3,5.688374996185303
688,191,4,5.59287691116333
688,515,5,5.556432247161865
688,143,6,5.181009292602539
688,251,7,5.3203654289245605
688,427,8,5.526712894439697
688,482,9,5.517141819000244
688,12,10,5.427734375
689,174,1,4.589786052703857
689,173,2,5.192219257354736
689,12,3,4.993697643280029
689,318,4,4.986964225769043
689,79,5,4.927773475646973
689,50,6,4.816829681396484
689,169,7,4.543872833251953
689,191,8,4.747187614440918
689,1007,9,4.743529319763184
689,1137,10,4.68242073059082
690,603,1,4.927728652954102
690,313,2,4.835898399353027
690,856,3,4.616211414337158
690,165,4,4.5746002197265625
690,513,5,4.5663628578186035
690,531,6,4.472339153289795
690,169,7,4.417577743530273
690,117,8,4.263274669647217
690,601,9,3.769901990890503
690,657,10,4.158474922180176
691,318,1,4.970387935638428
691,272,2,4.96295166015625
691,512,3,4.57576322555542
691,510,4,4.573505878448486
691,511,5,4.5763325691223145
691,483,6,4.785644054412842
691,202,7,4.424937725067139
691,174,8,4.777119159698486
691,615,9,4.762606620788574
691,265,10,4.475988388061523
692,275,1,4.427096843719482
692,15,2,4.327310562133789
692,1073,3,3.9280500411987305
692,513,4,4.273804187774658
692,318,5,3.795897960662842
692,520,6,4.112225532531738
692,61,7,4.302332401275635
692,1269,8,3.9112050533294678
692,462,9,4.097245216369629
692,443,10,3.878675937652588
693,431,1,3.5366618633270264
693,610,2,3.422151565551758
693,519,3,4.352631092071533
693,316,4,4.340921878814697
693,199,5,3.8524060249328613
693,272,6,4.299322128295898
693,475,7,4.252845764160156
693,624,8,4.204690933227539
693,202,9,4.1728668212890625
693,1131,10,3.8049020767211914
694,428,1,5.241574764251709
694,694,2,4.464300632476807
694,513,3,4.869880676269531
694,963,4,4.849528789520264
694,524,5,4.5686259269714355
694,750,6,4.824702262878418
694,169,7,4.742981433868408
694,96,8,4.70986795425415
694,1101,9,4.697688102722168
694,234,10,4.662924289703369
695,169,1,4.9581427574157715
695,199,2,4.912579536437988
695,98,3,4.520228385925293
695,483,4,4.806639194488525
695,425,5,4.500263214111328
695,518,6,4.761908054351807
695,513,7,4.737417221069336
695,60,8,4.688701629638672
695,50,9,4.61088752746582
695,1098,10,4.5778656005859375
696,615,1,4.1547017097473145
696,514,2,4.983138084411621
696,48,3,4.22367000579834
696,114,4,4.723773002624512
696,408,5,5.226171970367432
696,242,6,4.751067161560059
696,654,7,4.71112060546875
696,285,8,4.586287975311279
696,904,9,4.501809120178223
696,1063,10,4.421753406524658
697,410,1,5.411900043487549
697,318,2,5.219352722167969
697,68,3,5.161019325256348
697,1137,4,5.030730247497559
697,114,5,5.005582332611084
697,857,6,4.545426368713379
697,251,7,4.961331844329834
697,317,8,4.805476188659668
697,1451,9,4.610016822814941
697,101,10,4.762224197387695
699,603,1,4.795144081115723
699,963,2,4.551620006561279
699,447,3,3.9098260402679443
699,922,4,3.795025110244751
699,487,5,3.9054181575775146
699,392,6,4.231058597564697
699,1194,7,4.1914591789245605
699,538,8,4.188124179840088
699,904,9,4.186162948608398
699,1131,10,4.1587934494018555
700,318,1,4.679295063018799
700,12,2,4.449310302734375
700,511,3,4.081026077270508
700,191,4,4.3989949226379395
700,607,5,4.346548557281494
700,603,6,4.328498363494873
700,427,7,4.055649757385254
700,483,8,4.23158597946167
700,611,9,4.1364898681640625
700,524,10,3.9892630577087402
701,408,1,5.096274375915527
701,511,2,5.074760913848877
701,178,3,5.055171966552734
701,93,4,4.514956474304199
701,661,5,4.934174537658691
701,520,6,4.507415294647217
701,963,7,4.828639984130859
701,488,8,4.598477840423584
701,189,9,4.774681091308594
701,498,10,4.725683689117432
702,64,1,4.094335556030273
702,318,2,4.041781902313232
702,173,3,3.9341237545013428
702,1039,4,3.459580898284912
702,285,5,3.9244914054870605
702,12,6,3.905317544937134
702,427,7,3.885040283203125
702,603,8,3.876323938369751
702,50,9,3.883424758911133
702,1098,10,3.235487937927246
703,302,1,5.160299301147461
703,208,2,4.522115230560303
703,98,3,5.008380889892578
703,493,4,4.276993274688721
703,69,5,4.818373680114746
703,466,6,4.756201267242432
703,186,7,4.479315757751465
703,174,8,4.658605098724365
703,513,9,4.574900150299072
703,64,10,4.5520758628845215
704,168,1,5.197087287902832
704,427,2,4.9479570388793945
704,525,3,4.926351547241211
704,520,4,4.300537586212158
704,589,5,4.797761917114258
704,267,6,4.028330326080322
704,483,7,4.669750690460205
704,1021,8,4.60377311706543
704,484,9,4.595932960510254
704,59,10,4.342761039733887
705,591,1,5.096677780151367
705,516,2,4.969359397888184
705,270,3,4.916200637817383
705,272,4,4.838973045349121
705,189,5,4.478891849517822
705,310,6,4.8249897956848145
705,657,7,4.252745628356934
705,60,8,4.689346790313721
705,302,9,4.4468817710876465
705,69,10,4.678457260131836
706,172,1,4.598459243774414
706,169,2,4.505962371826172
706,208,3,3.980900764465332
706,850,4,3.8714816570281982
706,191,5,4.397599697113037
706,223,6,4.124815464019775
706,136,7,4.266933441162109
706,183,8,4.244168281555176
706,661,9,4.237672805786133
706,513,10,4.2146172523498535
707,33,1,4.819977760314941
707,48,2,4.696341514587402
707,69,3,4.285672664642334
707,400,4,3.969611167907715
707,209,5,4.651637554168701
707,344,6,4.644424915313721
707,558,7,4.248550891876221
707,340,8,4.562073707580566
707,433,9,4.483244895935059
707,675,10,4.183797836303711
708,736,1,4.531106472015381
708,854,2,4.5229172706604
708,98,3,5.013542652130127
708,1019,4,4.518104076385498
708,735,5,5.223303318023682
708,732,6,4.512424468994141
708,64,7,4.972825527191162
708,357,8,4.956490516662598
708,432,9,4.98653507232666
708,174,10,4.772168159484863
709,169,1,5.321642875671387
709,8,2,4.984674453735352
709,527,3,4.798402786254883
709,945,4,4.71957540512085
709,612,5,4.71599817276001
709,208,6,4.648299217224121
709,246,7,4.606696605682373
709,850,8,4.285696029663086
709,661,9,4.261715412139893
709,690,10,4.3687543869018555
710,153,1,4.136146545410156
710,8,2,4.730374813079834
710,482,3,4.117972373962402
710,408,4,4.621835708618164
710,1524,5,3.9602391719818115
710,529,6,4.46668815612793
710,484,7,4.38946533203125
710,1020,8,3.9460275173187256
710,205,9,4.377117156982422
710,20,10,4.217897415161133
711,531,1,5.365662097930908
711,654,2,4.601469993591309
711,482,3,5.015440464019775
711,1007,4,4.588825702667236
711,1449,5,4.860787868499756
711,606,6,4.582833290100098
711,208,7,4.832929611206055
711,207,8,4.818714141845703
711,165,9,4.814440727233887
711,494,10,4.71033239364624
712,117,1,5.581659317016602
712,682,2,4.5402936935424805
712,126,3,5.3735504150390625
712,125,4,5.10007381439209
712,1042,5,4.1406755447387695
712,285,6,4.918612480163574
712,318,7,4.9015703201293945
712,735,8,4.814279079437256
712,48,9,4.738790988922119
712,1269,10,4.640904426574707
713,474,1,4.126959323883057
713,210,2,3.6804215908050537
713,174,3,4.097790718078613
713,178,4,4.050847053527832
713,1449,5,4.032610893249512
713,694,6,3.895650863647461
713,480,7,3.8908259868621826
713,135,8,3.885183334350586
713,204,9,3.6469225883483887
713,12,10,3.8782522678375244
714,318,1,3.9168927669525146
714,12,2,4.423994064331055
714,172,3,4.64022159576416
714,1449,4,4.272124290466309
714,1019,5,3.9057793617248535
714,189,6,4.219461917877197
714,114,7,4.157641887664795
714,89,8,4.087646961212158
714,487,9,4.0586934089660645
714,1007,10,3.812150001525879
715,357,1,5.033140182495117
715,127,2,5.001518726348877
715,199,3,4.917422771453857
715,969,4,4.1672258377075195
715,60,5,4.355907917022705
715,515,6,4.786162376403809
715,498,7,4.7642903327941895
715,1142,8,4.317862510681152
715,919,9,4.628913879394531
715,514,10,4.272758960723877
716,575,1,4.5433478355407715
716,169,2,5.030679702758789
716,408,3,5.115772247314453
716,1104,4,4.231551647186279
716,114,5,4.467966079711914
716,9,6,4.900768756866455
716,736,7,4.8839030265808105
716,1449,8,4.883342742919922
716,1367,9,4.768296718597412
716,638,10,4.619913578033447
717,96,1,4.741664409637451
717,166,2,5.425719261169434
717,645,3,5.1780548095703125
717,478,4,5.130023002624512
717,657,5,5.109133243560791
717,178,6,5.106168746948242
717,513,7,5.0377583503723145
717,251,8,5.014521598815918
717,97,9,4.817246913909912
717,1050,10,4.905871868133545
718,657,1,5.157668113708496
718,22,2,5.153722763061523
718,64,3,5.133383274078369
718,746,4,4.608521461486816
718,241,5,4.624948024749756
718,511,6,4.728129863739014
718,79,7,4.979876518249512
718,661,8,4.8609185218811035
718,170,9,4.828670501708984
718,48,10,4.754986763000488
719,100,1,4.881699085235596
719,435,2,3.7824811935424805
719,12,3,4.407700538635254
719,589,4,3.5709733963012695
719,1039,5,4.3307576179504395
719,272,6,4.272964000701904
719,916,7,3.7431888580322266
719,525,8,4.266539096832275
719,657,9,4.122898101806641
719,202,10,4.0451154708862305
720,513,1,5.013307094573975
720,408,2,4.857996463775635
720,432,3,4.855048179626465
720,474,4,4.832785606384277
720,868,5,4.5478363037109375
720,525,6,4.777483940124512
720,116,7,4.428405284881592
720,694,8,4.707087993621826
720,174,9,4.656037330627441
720,251,10,4.609822750091553
721,96,1,5.089482307434082
721,210,2,4.976454257965088
721,109,3,4.368993759155273
721,144,4,4.708134174346924
721,95,5,4.777424335479736
721,963,6,4.6954216957092285
721,121,7,4.645913600921631
721,515,8,4.690216064453125
721,114,9,4.317468166351318
721,753,10,4.474909782409668
722,408,1,5.48091459274292
722,114,2,5.162768840789795
722,119,3,4.352270126342773
722,173,4,5.062023639678955
722,603,5,5.078653812408447
722,23,6,5.041502952575684
722,302,7,4.625243663787842
722,1449,8,4.74103307723999
722,694,9,4.738391876220703
722,474,10,4.731118202209473
723,12,1,4.8762922286987305
723,408,2,4.507122993469238
723,525,3,4.190546035766602
723,56,4,4.4850664138793945
723,191,5,4.186322212219238
723,198,6,4.468266010284424
723,187,7,4.483684062957764
723,79,8,4.4429473876953125
723,173,9,4.372457981109619
723,183,10,4.340946674346924
725,641,1,4.61536979675293
725,1449,2,4.540175914764404
725,526,3,4.244223117828369
725,269,4,4.240447521209717
725,12,5,4.532142162322998
725,836,6,4.236355781555176
725,172,7,4.493002414703369
725,83,8,4.463713645935059
725,510,9,4.286513328552246
725,963,10,4.252180576324463
726,71,1,4.270411491394043
726,50,2,4.823943614959717
726,496,3,4.621623992919922
726,172,4,4.9956583976745605
726,657,5,4.247325420379639
726,429,6,4.58333158493042
726,28,7,4.253090858459473
726,223,8,4.546868324279785
726,48,9,4.167026996612549
726,519,10,4.2862396240234375
727,237,1,4.119373798370361
727,1500,2,4.099023342132568
727,190,3,4.5343732833862305
727,333,4,4.074944972991943
727,64,5,4.483448505401611
727,1064,6,3.57240629196167
727,753,7,4.460504055023193
727,487,8,4.416591644287109
727,603,9,4.368302822113037
727,1302,10,4.227099418640137
728,515,1,5.020841598510742
728,169,2,4.750720977783203
728,208,3,4.738438606262207
728,12,4,4.692312717437744
728,119,5,4.275027275085449
728,181,6,4.278170585632324
728,318,7,4.669025897979736
728,302,8,4.395820140838623
728,483,9,4.5727858543396
728,357,10,4.551808834075928
729,174,1,4.021900653839111
729,178,2,3.459059000015259
729,50,3,3.8868749141693115
729,487,4,3.44427227973938
729,1269,5,3.4484810829162598
729,1,6,3.443406581878662
729,136,7,3.753131628036499
729,478,8,3.977342367172241
729,121,9,3.744745969772339
729,657,10,3.6333868503570557
730,171,1,3.9123528003692627
730,64,2,4.506633758544922
730,124,3,4.49293327331543
730,1142,4,4.541023254394531
730,272,5,4.43986701965332
730,203,6,3.7828149795532227
730,512,7,3.8745203018188477
730,611,8,3.9857749938964844
730,200,9,3.982111930847168
730,511,10,4.097161769866943
731,272,1,4.079620361328125
731,318,2,5.0485076904296875
731,863,3,4.925369739532471
731,423,4,4.912543296813965
731,255,5,4.901893138885498
731,173,6,5.144668102264404
731,692,7,4.760821342468262
731,470,8,4.163272857666016
731,936,9,4.626532554626465
731,96,10,4.553095817565918
732,178,1,5.208225727081299
732,285,2,5.166734218597412
732,89,3,5.134206771850586
732,527,4,5.132199764251709
732,169,5,4.9185333251953125
732,511,6,5.114290237426758
732,483,7,5.109261989593506
732,694,8,5.104673862457275
732,519,9,5.006464958190918
732,474,10,4.77923583984375
734,133,1,4.679806709289551
734,1064,2,3.9390368461608887
734,659,3,4.464147090911865
734,300,4,4.086635589599609
734,1137,5,4.4443230628967285
734,718,6,4.401238441467285
734,11,7,4.318099021911621
734,286,8,4.29074764251709
734,429,9,4.226432800292969
734,1169,10,4.118932247161865
735,114,1,4.309848308563232
735,12,2,4.863134384155273
735,213,3,4.149989128112793
735,654,4,4.300393581390381
735,137,5,4.612574577331543
735,190,6,4.560844421386719
735,203,7,4.52830171585083
735,588,8,4.256995677947998
735,48,9,4.514440536499023
735,968,10,4.3216633796691895
736,483,1,4.2231316566467285
736,966,2,3.6233673095703125
736,524,3,3.982994556427002
736,657,4,3.96921706199646
736,187,5,3.966972827911377
736,60,6,3.932821273803711
736,320,7,3.708425521850586
736,178,8,3.9113712310791016
736,12,9,3.835172414779663
736,496,10,3.7720890045166016
737,483,1,4.7356719970703125
737,530,2,4.675004005432129
737,131,3,4.122141361236572
737,511,4,4.638612747192383
737,657,5,4.221713542938232
737,488,6,4.5428972244262695
737,23,7,4.532535076141357
737,528,8,4.451930999755859
737,661,9,4.384599685668945
737,604,10,4.357545852661133
738,480,1,4.49299430847168
738,513,2,4.46442174911499
738,483,3,4.4248552322387695
738,1021,4,4.394736289978027
738,479,5,4.335611343383789
738,647,6,4.324216842651367
738,515,7,4.2751593589782715
738,127,8,4.2416839599609375
738,482,9,4.003763198852539
738,484,10,4.206395626068115
739,258,1,5.16048002243042
739,147,2,3.973811626434326
739,223,3,4.74307918548584
739,520,4,4.703724384307861
739,1098,5,5.095168113708496
739,741,6,4.610857009887695
739,1194,7,4.335982799530029
739,165,8,4.525855541229248
739,114,9,4.511435031890869
739,169,10,4.481515884399414
740,98,1,4.468140125274658
740,48,2,4.398231029510498
740,175,3,3.9840288162231445
740,64,4,4.283008575439453
740,510,5,3.967468738555908
740,483,6,4.254685401916504
740,223,7,4.268172740936279
740,22,8,4.191080570220947
740,1142,9,3.9200198650360107
740,169,10,4.048757553100586
741,302,1,5.307835578918457
741,408,2,5.033054351806641
741,100,3,5.011946201324463
741,60,4,5.006673336029053
741,154,5,4.897026538848877
741,169,6,4.857612609863281
741,344,7,4.832458972930908
741,156,8,4.519248962402344
741,498,9,4.452038764953613
741,136,10,4.81095027923584
742,136,1,4.4810051918029785
742,661,2,4.7683515548706055
742,100,3,4.9879984855651855
742,916,4,4.359533309936523
742,316,5,4.6891350746154785
742,443,6,4.459850788116455
742,515,7,4.449301719665527
742,9,8,4.636571884155273
742,657,9,4.589759826660156
742,60,10,4.55253267288208
743,513,1,4.5241827964782715
743,408,2,5.209372520446777
743,169,3,4.930611610412598
743,100,4,4.903241157531738
743,520,5,4.474373817443848
743,50,6,4.803166389465332
743,203,7,4.4928812980651855
743,318,8,4.723138809204102
743,223,9,4.678823947906494
743,191,10,4.609394550323486
744,493,1,4.067331314086914
744,12,2,4.66611385345459
744,251,3,4.059118270874023
744,190,4,4.17546272277832
744,173,5,4.482430458068848
744,515,6,4.162498474121094
744,513,7,4.049873352050781
744,315,8,4.487109184265137
744,64,9,4.2717366218566895
744,922,10,4.234055995941162
745,634,1,3.480499505996704
745,178,2,4.232180595397949
745,223,3,4.349672317504883
745,613,4,3.7127857208251953
745,1073,5,3.6956775188446045
745,525,6,3.9594390392303467
745,963,7,3.889939069747925
745,11,8,3.876340389251709
745,448,9,3.8565073013305664
745,114,10,3.8170688152313232
746,124,1,4.23715353012085
746,239,2,4.3315110206604
746,963,3,4.749751567840576
746,648,4,4.647699356079102
746,318,5,4.821708679199219
746,191,6,4.810977458953857
746,199,7,4.6298441886901855
746,173,8,4.568552494049072
746,485,9,4.3061842918396
746,320,10,4.280533313751221
747,445,1,4.498992443084717
747,306,2,5.230707168579102
747,657,3,5.091492652893066
747,513,4,5.047822952270508
747,484,5,4.931202411651611
747,1154,6,4.918118000030518
747,1218,7,4.877829074859619
747,160,8,4.787573337554932
747,833,9,4.56459903717041
747,1251,10,4.781017780303955
748,190,1,4.837778091430664
748,435,2,4.063563823699951
748,553,3,4.194452285766602
748,433,4,4.549577236175537
748,520,5,4.831236362457275
748,850,6,4.195713520050049
748,223,7,4.482299327850342
748,434,8,4.417004585266113
748,178,9,4.429839611053467
748,1536,10,4.1516618728637695
749,513,1,4.860548496246338
749,710,2,4.398032188415527
749,492,3,4.75624942779541
749,519,4,4.7156500816345215
749,694,5,4.695741653442383
749,530,6,4.370802879333496
749,1367,7,4.369168758392334
749,641,8,4.613404273986816
749,189,9,4.608003616333008
749,14,10,4.3102192878723145
750,736,1,4.940094470977783
750,318,2,4.9058637619018555
750,272,3,4.832772254943848
750,12,4,4.692925930023193
750,179,5,4.3224616050720215
750,963,6,4.566701889038086
750,604,7,4.149594306945801
750,173,8,4.52880859375
750,96,9,4.5054755210876465
750,195,10,4.504477024078369
751,694,1,4.817955493927002
751,1160,2,4.780313014984131
751,863,3,4.722594738006592
751,199,4,4.675215244293213
751,1605,5,4.198565483093262
751,922,6,4.355348587036133
751,1019,7,4.193445682525635
751,166,8,4.587512493133545
751,628,9,4.499408721923828
751,48,10,4.446390151977539
752,12,1,4.86672830581665
752,200,2,3.6506335735321045
752,42,3,4.500779151916504
752,318,4,4.429047584533691
752,484,5,3.9558730125427246
752,432,6,4.406731605529785
752,922,7,3.728234052658081
752,181,8,4.220775604248047
752,175,9,4.164708137512207
752,17,10,3.7097973823547363
753,610,1,4.1273698806762695
753,1,2,4.743964672088623
753,136,3,4.689283847808838
753,506,4,4.680476188659668
753,519,5,4.274712085723877
753,64,6,4.677309989929199
753,493,7,4.639999866485596
753,499,8,4.546590805053711
753,198,9,4.511953353881836
753,603,10,4.488592624664307
754,750,1,4.054043292999268
754,98,2,4.549258232116699
754,169,3,4.495378494262695
754,168,4,4.799027919769287
754,174,5,4.447931289672852
754,516,6,4.143065452575684
754,511,7,4.392674446105957
754,45,8,4.370096683502197
754,302,9,4.342529296875
754,423,10,4.284914970397949
755,651,1,4.403539657592773
755,190,2,4.804636478424072
755,523,3,4.384978294372559
755,478,4,4.786314964294434
755,694,5,4.775445938110352
755,427,6,4.3761796951293945
755,116,7,4.092615604400635
755,515,8,4.675258159637451
755,1159,9,4.6710004806518555
755,408,10,4.638260364532471
756,190,1,4.585256099700928
756,179,2,3.8553390502929688
756,286,3,4.32357120513916
756,333,4,3.7320780754089355
756,1251,5,3.8386080265045166
756,223,6,4.130695343017578
756,1158,7,3.733304500579834
756,504,8,4.039259433746338
756,114,9,3.762620210647583
756,516,10,3.8827574253082275
757,315,1,4.83624792098999
757,165,2,4.73170804977417
757,318,3,4.672765254974365
757,474,4,4.333104133605957
757,1142,5,4.334138870239258
757,520,6,4.588873386383057
757,479,7,4.221491813659668
757,1449,8,4.566583156585693
757,494,9,4.28426456451416
757,12,10,4.397474765777588
758,318,1,5.62933349609375
758,190,2,5.50387716293335
758,432,3,4.707530498504639
758,661,4,4.705234527587891
758,97,5,5.430852890014648
758,198,6,4.5466766357421875
758,429,7,5.440820693969727
758,1,8,5.086095333099365
758,718,9,4.642276763916016
758,525,10,4.963599681854248
759,483,1,5.120395183563232
759,318,2,5.115509033203125
759,316,3,5.114681243896484
759,75,4,4.667390823364258
759,498,5,5.008492469787598
759,50,6,4.960276126861572
759,313,7,4.937129020690918
759,430,8,5.098076343536377
759,845,9,4.803119659423828
759,166,10,4.7416672706604
760,114,1,3.8479771614074707
760,132,2,4.036890029907227
760,116,3,4.440053939819336
760,493,4,4.393063545227051
760,718,5,4.035445213317871
760,514,6,4.3912858963012695
760,197,7,4.024813652038574
760,478,8,4.387519359588623
760,611,9,4.2159013748168945
760,136,10,4.184815406799316
761,432,1,4.6615309715271
761,64,2,4.586138725280762
761,194,3,3.9239940643310547
761,168,4,4.546455383300781
761,302,5,4.0614800453186035
761,774,6,4.053615570068359
761,1016,7,3.928557872772217
761,657,8,4.370371341705322
761,223,9,4.341792106628418
761,478,10,4.06704568862915
762,50,1,5.069615364074707
762,661,2,4.411966323852539
762,432,3,3.959768772125244
762,513,4,4.792187690734863
762,1143,5,4.268575668334961
762,168,6,4.7006096839904785
762,198,7,4.256017684936523
762,132,8,4.684319496154785
762,190,9,4.586203098297119
762,968,10,4.323697566986084
763,64,1,5.061851978302002
763,646,2,4.504640579223633
763,512,3,4.977372169494629
763,484,4,4.931233882904053
763,199,5,4.888119220733643
763,525,6,5.00167989730835
763,547,7,4.456405162811279
763,511,8,4.6917314529418945
763,408,9,4.585793495178223
763,604,10,4.537232398986816
764,921,1,4.381368637084961
764,513,2,4.782228946685791
764,127,3,4.219546794891357
764,483,4,4.718769073486328
764,494,5,4.371278762817383
764,498,6,4.650585174560547
764,298,7,4.36002254486084
764,230,8,4.62783145904541
764,519,9,4.5297722816467285
764,134,10,4.5202178955078125
765,524,1,4.562272548675537
765,512,2,4.902745246887207
765,519,3,4.545778751373291
765,603,4,4.820387363433838
765,285,5,4.802670001983643
765,607,6,4.80071496963501
765,1073,7,4.481377601623535
765,64,8,4.736135959625244
765,631,9,4.363804817199707
765,344,10,4.640507221221924
766,64,1,3.9659080505371094
766,531,2,4.393801212310791
766,408,3,3.955090045928955
766,1142,4,3.9614052772521973
766,1005,5,4.308339595794678
766,505,6,3.935279369354248
766,922,7,4.218083381652832
766,538,8,3.874720811843872
766,615,9,3.835348129272461
766,488,10,4.068883895874023
767,285,1,5.205099105834961
767,318,2,5.169238090515137
767,511,3,5.124018669128418
767,604,4,4.79312801361084
767,603,5,5.057398796081543
767,488,6,5.049433708190918
767,512,7,5.044979572296143
767,520,8,4.778794288635254
767,1367,9,4.774557113647461
767,661,10,4.950562477111816
768,69,1,4.5664873123168945
768,96,2,4.538698196411133
768,48,3,4.527585029602051
768,97,4,4.467536926269531
768,318,5,4.393251895904541
768,963,6,4.345629692077637
768,190,7,4.343321800231934
768,119,8,4.009429454803467
768,129,9,4.269242286682129
768,71,10,4.161039352416992
769,50,1,4.787973880767822
769,483,2,4.606642246246338
769,251,3,4.230340003967285
769,530,4,4.508871078491211
769,519,5,4.461416721343994
769,615,6,4.074904441833496
769,178,7,4.424724578857422
769,265,8,4.068404674530029
769,850,9,4.0709004402160645
769,474,10,4.370715618133545
770,633,1,5.537991523742676
770,318,2,5.496613502502441
770,525,3,4.886571407318115
770,694,4,4.8819708824157715
770,9,5,5.321258544921875
770,316,6,5.3167405128479
770,603,7,5.259127140045166
770,1073,8,5.001075744628906
770,171,9,4.9897942543029785
770,48,10,5.129756450653076
771,527,1,5.040101051330566
771,1098,2,4.929745674133301
771,125,3,4.517102241516113
771,515,4,4.900370121002197
771,483,5,4.817987442016602
771,143,6,4.8589701652526855
771,631,7,4.781119346618652
771,936,8,4.507597923278809
771,208,9,4.721210479736328
771,486,10,4.683635234832764
772,493,1,5.056839466094971
772,185,2,4.928301811218262
772,199,3,5.287781715393066
772,203,4,5.028482437133789
772,603,5,5.284073352813721
772,513,6,5.451528072357178
772,1512,7,5.258788585662842
772,478,8,5.21129035949707
772,194,9,5.190755367279053
772,274,10,5.121321201324463
773,641,1,4.613480091094971
773,661,2,5.285682678222656
773,793,3,4.113298416137695
773,654,4,5.066390037536621
773,709,5,4.3789896965026855
773,262,6,4.6108503341674805
773,483,7,4.91892147064209
773,480,8,4.382601737976074
773,199,9,5.462327003479004
773,615,10,4.873247146606445
775,659,1,4.72300910949707
775,179,2,4.692545413970947
775,1449,3,4.393260955810547
775,89,4,4.384957790374756
775,169,5,4.643625259399414
775,98,6,4.674448490142822
775,285,7,4.588405609130859
775,153,8,4.576114177703857
775,496,9,4.6655097007751465
775,12,10,4.451963424682617
776,1142,1,5.367295742034912
776,428,2,5.256221294403076
776,56,3,5.1334123611450195
776,12,4,5.087796688079834
776,172,5,5.0538153648376465
776,52,6,4.837127208709717
776,306,7,4.800203323364258
776,611,8,4.369287490844727
776,357,9,4.702691555023193
776,1367,10,4.698911190032959
777,316,1,4.590851306915283
777,1449,2,5.135320663452148
777,189,3,4.583298683166504
777,663,4,5.014776229858398
777,753,5,4.929685115814209
777,879,6,4.464300632476807
777,612,7,4.871705532073975
777,133,8,4.869197845458984
777,172,9,4.846846103668213
777,332,10,4.374045372009277
778,199,1,4.942416667938232
778,50,2,4.309136390686035
778,745,3,4.3088836669921875
778,59,4,4.720947742462158
778,661,5,4.291472434997559
778,187,6,4.5507097244262695
778,525,7,4.641050815582275
778,185,8,4.515543460845947
778,657,9,4.479159832000732
778,344,10,4.46343469619751
779,199,1,4.52076530456543
779,8,2,4.9698100090026855
779,315,3,4.957870006561279
779,493,4,4.516282558441162
779,169,5,5.1700568199157715
779,958,6,4.639782428741455
779,489,7,4.503966331481934
779,153,8,4.8782124519348145
779,513,9,4.870978355407715
779,210,10,4.80585241317749
780,69,1,5.279934883117676
780,88,2,4.950921535491943
780,318,3,4.755732536315918
780,568,4,4.35128116607666
780,519,5,4.33408260345459
780,132,6,4.633917808532715
780,493,7,4.586975574493408
780,165,8,4.480693817138672
780,661,9,4.269671440124512
780,513,10,4.371606826782227
781,922,1,4.783718109130859
781,479,2,4.664212226867676
781,199,3,4.610495090484619
781,657,4,4.578185558319092
781,616,5,4.28718376159668
781,209,6,4.553244590759277
781,513,7,4.520225524902344
781,135,8,4.512081146240234
781,19,9,4.289005756378174
781,480,10,4.480966091156006
783,180,1,4.516513824462891
783,427,2,4.816341876983643
783,12,3,4.503161430358887
783,480,4,4.78041934967041
783,488,5,4.771551132202148
783,648,6,4.49155330657959
783,654,7,4.760436058044434
783,483,8,4.719308853149414
783,98,9,4.6134796142578125
783,813,10,4.59697151184082
784,64,1,5.110342979431152
784,603,2,4.564812660217285
784,69,3,4.342344284057617
784,12,4,4.442686557769775
784,318,5,4.940393447875977
784,735,6,4.8363165855407715
784,127,7,4.815257549285889
784,483,8,4.771491050720215
784,611,9,4.509645938873291
784,174,10,4.698133945465088
785,173,1,4.714749813079834
785,208,2,3.8880584239959717
785,114,3,4.473660469055176
785,517,4,4.445150375366211
785,272,5,4.44235897064209
785,313,6,4.385772705078125
785,318,7,4.377548694610596
785,50,8,4.095162868499756
785,1159,9,4.306813716888428
785,408,10,4.146663665771484
786,169,1,5.184449672698975
786,114,2,4.87580680847168
786,69,3,4.727536678314209
786,1449,4,4.698330402374268
786,482,5,4.696728229522705
786,56,6,4.657564163208008
786,659,7,4.355825901031494
786,854,8,4.348315238952637
786,701,9,4.557455539703369
786,22,10,4.533335208892822
787,443,1,4.068790435791016
787,500,2,4.481175899505615
787,1019,3,4.439823627471924
787,174,4,4.41412353515625
787,1159,5,4.172606468200684
787,169,6,4.348998546600342
787,161,7,4.026710510253906
787,837,8,4.3328471183776855
787,718,9,4.082123756408691
787,641,10,4.002911567687988
788,660,1,4.757518291473389
788,1139,2,3.9826314449310303
788,1474,3,3.904480457305908
788,48,4,4.2449727058410645
788,1367,5,4.580041408538818
788,1159,6,3.955686330795288
788,916,7,4.475731372833252
788,509,8,4.4234113693237305
788,190,9,4.418118953704834
788,856,10,4.412040710449219
789,174,1,4.975867748260498
789,136,2,4.899066925048828
789,208,3,4.892046928405762
789,1142,4,4.486574649810791
789,657,5,4.855680465698242
789,528,6,4.807212829589844
789,603,7,4.1650285720825195
789,173,8,4.798069000244141
789,98,9,4.732463836669922
789,491,10,4.459268093109131
790,12,1,4.866209506988525
790,251,2,4.151466369628906
790,1449,3,4.618344306945801
790,318,4,4.603604316711426
790,520,5,4.589649677276611
790,603,6,4.5135817527771
790,1194,7,4.466782569885254
790,498,8,4.440348148345947
790,867,9,4.091607093811035
790,653,10,4.4147186279296875
791,124,1,4.907683849334717
791,854,2,4.495038032531738
791,474,3,4.378229141235352
791,922,4,4.491715431213379
791,497,5,4.488400459289551
791,427,6,4.7085280418396
791,12,7,4.6624908447265625
791,634,8,4.661127090454102
791,479,9,4.654493808746338
791,520,10,4.631840229034424
792,64,1,4.671146392822266
792,192,2,4.6067681312561035
792,511,3,4.476283073425293
792,429,4,4.335434436798096
792,633,5,4.324590682983398
792,83,6,3.898714780807495
792,1019,7,3.998961925506592
792,1367,8,3.994410514831543
792,634,9,4.166830539703369
792,513,10,4.062600612640381
793,12,1,4.866751194000244
793,318,2,4.85398530960083
793,64,3,4.8042893409729
793,174,4,4.762747287750244
793,172,5,4.7493133544921875
793,485,6,4.377443313598633
793,173,7,4.683822154998779
793,185,8,4.6263580322265625
793,192,9,4.55144739151001
793,735,10,4.5436296463012695
794,302,1,5.219684600830078
794,180,2,5.170629501342773
794,428,3,4.525546073913574
794,507,4,4.705565452575684
794,209,5,4.841856479644775
794,483,6,5.1111907958984375
794,511,7,5.094239234924316
794,169,8,5.094130992889404
794,1194,9,4.674039840698242
794,657,10,5.0441203117370605
795,694,1,4.01690673828125
795,647,2,4.628807544708252
795,408,3,4.818576812744141
795,1073,4,4.500840187072754
795,1449,5,4.463592052459717
795,1137,6,4.159688949584961
795,114,7,4.420144081115723
795,56,8,4.132045269012451
795,853,9,4.379690170288086
795,1193,10,4.364040374755859
796,868,1,4.9639668464660645
796,208,2,4.712196350097656
796,1449,3,4.675111770629883
796,1623,4,4.340785026550293
796,119,5,4.353450775146484
796,710,6,4.502589225769043
796,207,7,4.490233421325684
796,320,8,4.467406749725342
796,1016,9,4.237983703613281
796,264,10,4.3682451248168945
797,510,1,3.743297576904297
797,185,2,4.164777755737305
797,1,3,3.546140670776367
797,178,4,4.1193132400512695
797,603,5,4.110667705535889
797,705,6,3.707650661468506
797,134,7,3.996927499771118
797,48,8,3.988896369934082
797,172,9,3.987320899963379
797,657,10,3.651834011077881
798,1639,1,4.197720527648926
798,512,2,4.825697898864746
798,541,3,4.192720413208008
798,936,4,4.771487236022949
798,1033,5,3.962174415588379
798,430,6,4.634041786193848
798,316,7,4.915862560272217
798,27,8,4.177933692932129
798,294,9,4.523382186889648
798,60,10,4.507010459899902
799,185,1,4.947989463806152
799,127,2,4.890111446380615
799,203,3,4.52064847946167
799,114,4,4.878057479858398
799,659,5,4.8643083572387695
799,357,6,4.853925704956055
799,1104,7,4.373945713043213
799,1449,8,4.752841949462891
799,119,9,4.355899333953857
799,48,10,4.724369049072266
800,318,1,4.568184852600098
800,48,2,4.4406352043151855
800,963,3,4.397651672363281
800,83,4,4.140230178833008
800,114,5,4.372281551361084
800,603,6,4.36974573135376
800,408,7,4.341715335845947
800,177,8,4.331771373748779
800,357,9,4.255112648010254
800,1103,10,4.190858364105225
801,318,1,6.051268100738525
801,455,2,4.81318473815918
801,22,3,5.50927209854126
801,496,4,5.499942779541016
801,83,5,5.043543338775635
801,87,6,5.465065002441406
801,1019,7,5.300279140472412
801,526,8,5.030398845672607
801,75,9,4.792990207672119
801,169,10,5.2491679191589355
802,96,1,4.873659610748291
802,136,2,4.814957618713379
802,169,3,4.757308006286621
802,194,4,4.297792911529541
802,50,5,4.64625883102417
802,525,6,4.286426067352295
802,22,7,4.551263809204102
802,273,8,4.548908233642578
802,211,9,4.492257118225098
802,753,10,4.222346305847168
803,48,1,5.225960731506348
803,494,2,4.330647945404053
803,408,3,4.954423427581787
803,198,4,4.208844184875488
803,272,5,4.820106506347656
803,178,6,4.792197227478027
803,705,7,4.412472248077393
803,221,8,4.717480659484863
803,514,9,4.689240455627441
803,474,10,4.667425155639648
804,178,1,4.952300548553467
804,521,2,4.940926551818848
804,253,3,4.872434139251709
804,1007,4,4.58189058303833
804,484,5,4.564187049865723
804,1449,6,4.845926761627197
804,114,7,4.8392486572265625
804,659,8,4.434118747711182
804,1019,9,4.802897930145264
804,519,10,4.741690635681152
805,306,1,4.292341709136963
805,201,2,5.150748252868652
805,178,3,5.124622821807861
805,1131,4,4.485891342163086
805,408,5,5.115037441253662
805,474,6,4.926237106323242
805,1194,7,4.839299201965332
805,119,8,4.412625789642334
805,613,9,4.794451713562012
805,480,10,4.36490535736084
806,474,1,5.612187385559082
806,173,2,4.869499683380127
806,520,3,4.799992561340332
806,603,4,4.314406871795654
806,1142,5,4.750361919403076
806,1139,6,4.288967132568359
806,528,7,4.682751655578613
806,487,8,4.629952907562256
806,526,9,4.568260192871094
806,8,10,4.537175178527832
807,850,1,4.521214485168457
807,1449,2,5.004385948181152
807,328,3,4.510483741760254
807,463,4,4.289486885070801
807,686,5,4.974030494689941
807,692,6,4.917396068572998
807,966,7,4.855147361755371
807,347,8,4.391165733337402
807,434,9,4.808138370513916
807,513,10,4.883286476135254
808,1500,1,4.373640537261963
808,483,2,4.719422340393066
808,272,3,4.6280364990234375
808,114,4,4.202914714813232
808,603,5,4.600775718688965
808,498,6,4.361948490142822
808,318,7,4.544946670532227
808,963,8,4.573842525482178
808,320,9,4.34037446975708
808,89,10,4.318854331970215
809,64,1,4.978775978088379
809,483,2,4.932426452636719
809,357,3,4.908775806427002
809,493,4,4.4596052169799805
809,656,5,4.583870887756348
809,1142,6,4.454505443572998
809,474,7,4.856387138366699
809,513,8,4.803133964538574
809,525,9,4.800051212310791
809,661,10,4.69141149520874
810,483,1,5.343531131744385
810,143,2,4.996794700622559
810,511,3,5.305860996246338
810,510,4,4.993778228759766
810,194,5,5.271890640258789
810,1021,6,5.202308177947998
810,524,7,4.982378005981445
810,177,8,4.989809989929199
810,690,9,5.17203950881958
810,210,10,5.113783836364746
811,190,1,5.379614353179932
811,462,2,4.827787399291992
811,251,3,4.647173881530762
811,98,4,5.156224250793457
811,183,5,5.102099895477295
811,134,6,4.820958614349365
811,208,7,4.563014984130859
811,191,8,5.348273277282715
811,515,9,5.078798294067383
811,1073,10,4.70557975769043
812,488,1,4.1989426612854
812,603,2,4.865726947784424
812,1007,3,4.287104606628418
812,83,4,4.795219898223877
812,318,5,4.12407922744751
812,272,6,4.544207572937012
812,1159,7,4.184770584106445
812,657,8,4.486424922943115
812,1512,9,4.495337009429932
812,655,10,4.424262046813965
813,190,1,4.891274452209473
813,514,2,4.816065788269043
813,12,3,4.788910865783691
813,316,4,4.771229267120361
813,187,5,4.271115303039551
813,176,6,4.268342971801758
813,180,7,4.5690388679504395
813,408,8,4.475307941436768
813,179,9,4.419042587280273
813,61,10,4.336121082305908
814,50,1,4.199899673461914
814,89,2,3.7843122482299805
814,483,3,4.090803146362305
814,530,4,3.780449151992798
814,135,5,4.040125370025635
814,916,6,3.6619937419891357
814,318,7,4.000153064727783
814,313,8,3.9721992015838623
814,189,9,3.8601038455963135
814,251,10,3.8522651195526123
815,129,1,4.970132827758789
815,210,2,4.959560394287109
815,1154,3,4.230490207672119
815,169,4,4.894301414489746
815,211,5,4.803095817565918
815,638,6,4.793339252471924
815,516,7,4.4361467361450195
815,429,8,4.745680809020996
815,12,9,4.65001916885376
815,1110,10,4.532234191894531
816,611,1,4.801887035369873
816,1449,2,5.106081485748291
816,1160,3,4.694276809692383
816,185,4,4.689570426940918
816,320,5,4.612431049346924
816,169,6,5.003705024719238
816,318,7,5.0570783615112305
816,209,8,4.954928874969482
816,493,9,4.9213032722473145
816,223,10,4.889726638793945
817,97,1,4.852255821228027
817,48,2,4.250539302825928
817,1269,3,4.39050817489624
817,603,4,4.847261428833008
817,480,5,4.630616188049316
817,12,6,4.622994899749756
817,177,7,4.649925231933594
817,19,8,4.612695217132568
817,186,9,4.3757405281066895
817,488,10,4.5026679039001465
818,513,1,4.978606224060059
818,435,2,4.3955278396606445
818,181,3,4.232628345489502
818,482,4,4.220497131347656
818,98,5,4.734652996063232
818,1021,6,4.724559783935547
818,483,7,4.740445613861084
818,408,8,4.676314353942871
818,194,9,4.649080753326416
818,191,10,4.612847328186035
819,1194,1,5.198241710662842
819,127,2,5.17026948928833
819,177,3,4.737651348114014
819,474,4,4.729959964752197
819,48,5,5.128380298614502
819,179,6,5.152045726776123
819,59,7,4.995772361755371
819,185,8,4.791862964630127
819,69,9,4.760445594787598
819,195,10,4.887596607208252
820,246,1,4.639433860778809
820,127,2,4.577974319458008
820,588,3,4.261307239532471
820,318,4,4.568748950958252
820,1203,5,4.557039260864258
820,525,6,4.1547322273254395
820,479,7,4.4534592628479
820,963,8,4.412341117858887
820,114,9,4.313226222991943
820,89,10,4.286776065826416
821,515,1,5.377735614776611
821,1268,2,4.8030548095703125
821,419,3,5.2257184982299805
821,166,4,4.7881364822387695
821,513,5,5.0831170082092285
821,694,6,5.050229072570801
821,480,7,4.964766025543213
821,8,8,4.964371681213379
821,644,9,4.721383571624756
821,499,10,4.816165924072266
822,208,1,4.383923530578613
822,143,2,4.071300983428955
822,608,3,3.9688401222229004
822,318,4,4.37166166305542
822,484,5,4.0628204345703125
822,187,6,4.270092964172363
822,114,7,4.252615928649902
822,64,8,4.220914840698242
822,12,9,4.219385147094727
822,1021,10,4.208141326904297
823,1367,1,4.611147403717041
823,527,2,5.242161273956299
823,199,3,5.150567054748535
823,1251,4,4.4821648597717285
823,482,5,5.012864589691162
823,213,6,5.080843925476074
823,603,7,4.882546901702881
823,1005,8,4.57520866394043
823,132,9,4.5894012451171875
823,661,10,4.859628200531006
824,173,1,4.590222358703613
824,60,2,4.5327043533325195
824,272,3,4.134652137756348
824,603,4,4.448286533355713
824,174,5,4.104640007019043
824,429,6,4.352384567260742
824,318,7,4.083868026733398
824,195,8,4.300051689147949
824,285,9,4.283267021179199
824,200,10,3.877424955368042
825,96,1,5.217645168304443
825,97,2,4.638381481170654
825,408,3,4.640603542327881
825,641,4,5.133771896362305
825,56,5,4.972804069519043
825,1129,6,4.628026008605957
825,89,7,5.006248474121094
825,1561,8,4.389003753662109
825,228,9,4.862200736999512
825,71,10,4.707374572753906
826,64,1,5.1257219314575195
826,427,2,4.529214382171631
826,645,3,4.085604667663574
826,603,4,4.894916534423828
826,853,5,4.520382404327393
826,173,6,4.89279842376709
826,156,7,4.837467193603516
826,238,8,4.8648552894592285
826,492,9,4.825082302093506
826,736,10,4.443820953369141
827,482,1,4.528047561645508
827,170,2,4.493036270141602
827,478,3,4.467050552368164
827,1367,4,3.9394114017486572
827,60,5,4.443159103393555
827,169,6,4.417133331298828
827,657,7,4.411738395690918
827,9,8,4.108674049377441
827,210,9,4.452296257019043
827,483,10,4.390839099884033
828,408,1,4.437744140625
828,519,2,4.414244651794434
828,22,3,4.387908458709717
828,611,4,3.9400041103363037
828,203,5,3.597616672515869
828,238,6,4.287999629974365
828,515,7,4.188997268676758
828,427,8,4.172307968139648
828,610,9,4.143485069274902
828,632,10,3.618659734725952
829,187,1,4.253421306610107
829,483,2,4.811234474182129
829,302,3,4.84433126449585
829,12,4,4.714702129364014
829,50,5,4.676741123199463
829,69,6,4.50556755065918
829,179,7,4.073298931121826
829,93,8,4.198876857757568
829,408,9,4.459656238555908
829,735,10,4.408299446105957
830,531,1,4.403905391693115
830,318,2,4.9566969871521
830,530,3,4.895358085632324
830,275,4,4.705313205718994
830,114,5,4.692020893096924
830,488,6,4.36162805557251
830,498,7,4.58808708190918
830,1073,8,4.343193531036377
830,408,9,4.537608623504639
830,178,10,4.464745998382568
831,480,1,4.800461769104004
831,753,2,4.7676615715026855
831,98,3,4.733251094818115
831,963,4,4.711195468902588
831,275,5,4.030769348144531
831,482,6,4.179203987121582
831,79,7,4.619510173797607
831,489,8,4.616649627685547
831,423,9,4.676952362060547
831,269,10,4.394529342651367
832,199,1,4.266572952270508
832,211,2,4.6139068603515625
832,178,3,4.567791938781738
832,60,4,4.525746822357178
832,262,5,4.466312885284424
832,194,6,4.586153984069824
832,100,7,4.456238746643066
832,169,8,4.455081939697266
832,483,9,4.447505950927734
832,603,10,4.319591045379639
833,528,1,4.730873107910156
833,588,2,4.480708122253418
833,1143,3,4.014614105224609
833,610,4,3.666461706161499
833,425,5,4.3651509284973145
833,295,6,3.8673393726348877
833,694,7,4.289973735809326
833,114,8,4.251297473907471
833,922,9,3.980593204498291
833,190,10,4.042003631591797
834,64,1,5.247701168060303
834,603,2,5.101635932922363
834,427,3,5.056115627288818
834,71,4,4.729319095611572
834,530,5,4.998985290527344
834,1142,6,4.720200538635254
834,98,7,4.963225364685059
834,174,8,4.885463714599609
834,484,9,4.871764659881592
834,193,10,4.842700958251953
835,531,1,5.175212860107422
835,236,2,5.036078929901123
835,515,3,4.9813737869262695
835,165,4,4.978480339050293
835,520,5,4.656524181365967
835,603,6,4.96159029006958
835,701,7,4.566110610961914
835,1604,8,4.56786584854126
835,425,9,4.944185256958008
835,837,10,4.9057698249816895
836,169,1,4.7500529289245605
836,207,2,4.715720176696777
836,427,3,4.711925506591797
836,1159,4,4.199632167816162
836,223,5,4.646804332733154
836,114,6,4.636068820953369
836,474,7,4.543349742889404
836,478,8,4.453432083129883
836,313,9,4.4394683837890625
836,634,10,4.284512996673584
837,515,1,5.115165710449219
837,520,2,4.826486110687256
837,958,3,4.45828104019165
837,318,4,4.739222526550293
837,485,5,4.293121814727783
837,1449,6,4.44457483291626
837,45,7,4.666327953338623
837,482,8,4.650882720947266
837,124,9,4.701682090759277
837,479,10,4.644298553466797
838,1159,1,4.390944004058838
838,316,2,5.09028434753418
838,485,3,4.98760986328125
838,466,4,4.278340816497803
838,69,5,4.985840320587158
838,179,6,4.77377986907959
838,156,7,4.495459079742432
838,205,8,4.961353778839111
838,202,9,4.6518988609313965
838,186,10,4.6460700035095215
839,56,1,5.206764221191406
839,79,2,4.298410415649414
839,357,3,4.9879374504089355
839,172,4,4.799992561340332
839,114,5,4.7131571769714355
839,661,6,3.952704668045044
839,1251,7,4.283957481384277
839,480,8,4.640618324279785
839,12,9,4.006654262542725
839,603,10,4.8992533683776855
840,508,1,4.559152603149414
840,408,2,5.218525409698486
840,177,3,5.142885684967041
840,1293,4,4.239297389984131
840,318,5,5.442009925842285
840,47,6,4.8877482414245605
840,12,7,4.492607593536377
840,1020,8,4.777890205383301
840,488,9,4.688625812530518
840,813,10,4.081713676452637
841,169,1,4.9777092933654785
841,603,2,4.930107593536377
841,174,3,4.9057817459106445
841,611,4,4.904209613800049
841,183,5,4.601658344268799
841,185,6,4.815361499786377
841,1449,7,4.750351428985596
841,511,8,4.663672924041748
841,654,9,4.6423659324646
841,482,10,4.521999359130859
842,48,1,5.381051063537598
842,171,2,4.300853252410889
842,97,3,4.88069486618042
842,170,4,4.828410625457764
842,200,5,4.29485559463501
842,622,6,4.194710731506348
842,169,7,4.4389967918396
842,187,8,4.640211582183838
842,641,9,4.5102972984313965
842,55,10,4.4824018478393555
843,190,1,4.3943963050842285
843,315,2,3.518220901489258
843,8,3,3.9542171955108643
843,358,4,3.3917484283447266
843,853,5,3.936936855316162
843,246,6,3.9339544773101807
843,916,7,3.5070760250091553
843,1594,8,3.304445505142212
843,114,9,3.8593335151672363
843,343,10,4.038337230682373
844,603,1,4.515013217926025
844,408,2,4.374673843383789
844,208,3,4.336827278137207
844,83,4,4.308479309082031
844,98,5,4.03358793258667
844,478,6,4.282273769378662
844,234,7,3.988513708114624
844,357,8,3.9791669845581055
844,114,9,4.154921531677246
844,189,10,4.049072742462158
845,12,1,4.028901100158691
845,64,2,4.0042033195495605
845,318,3,3.963728666305542
845,659,4,3.9271717071533203
845,11,5,3.546049118041992
845,185,6,3.8824334144592285
845,657,7,3.8425843715667725
845,169,8,3.39473295211792
845,392,9,3.7345378398895264
845,186,10,3.665614128112793
846,108,1,4.5493011474609375
846,169,2,5.609806060791016
846,162,3,5.061683654785156
846,1652,4,4.033352375030518
846,707,5,4.804535865783691
846,53,6,4.7774658203125
846,320,7,4.761671543121338
846,1277,8,4.477194786071777
846,32,9,4.662341117858887
846,538,10,4.65556526184082
847,515,1,4.806349277496338
847,64,2,4.590869903564453
847,57,3,4.544830799102783
847,1511,4,3.762971878051758
847,313,5,4.33018684387207
847,79,6,4.159323692321777
847,69,7,4.128604888916016
847,270,8,4.060910224914551
847,251,9,3.998603105545044
847,206,10,3.971435070037842
848,813,1,4.597912311553955
848,408,2,5.437789440155029
848,709,3,5.2712626457214355
848,326,4,4.762620449066162
848,313,5,4.762120246887207
848,632,6,5.130999565124512
848,493,7,5.115962028503418
848,1,8,5.827004432678223
848,302,9,4.998891830444336
848,211,10,4.724303245544434
849,262,1,4.758327007293701
849,12,2,5.321534633636475
849,318,3,5.226147174835205
849,64,4,5.229382514953613
849,408,5,4.875396728515625
849,111,6,5.127655982971191
849,498,7,5.122007369995117
849,434,8,5.104726791381836
849,1019,9,5.081705570220947
849,56,10,5.070232391357422
850,313,1,5.721774101257324
850,143,2,5.361971855163574
850,178,3,5.235477447509766
850,394,4,4.625880241394043
850,787,5,4.96160364151001
850,148,6,4.896055698394775
850,64,7,4.887728691101074
850,502,8,4.884725570678711
850,966,9,4.4340972900390625
850,219,10,4.407523155212402
851,96,1,5.523015975952148
851,1125,2,4.463886737823486
851,69,3,5.072135925292969
851,466,4,4.273543357849121
851,257,5,4.803552627563477
851,1449,6,4.275406360626221
851,430,7,4.408303737640381
851,203,8,4.740122318267822
851,99,9,4.690272331237793
851,32,10,4.686285495758057
852,1269,1,4.454373359680176
852,89,2,4.867618560791016
852,601,3,4.163938522338867
852,430,4,4.922706127166748
852,483,5,4.785993576049805
852,12,6,4.728050708770752
852,484,7,4.7128424644470215
852,285,8,4.650030136108398
852,175,9,4.601979732513428
852,134,10,4.520801067352295
853,423,1,4.642688274383545
853,496,2,4.450671195983887
853,525,3,4.424008369445801
853,922,4,4.408465385437012
853,1159,5,3.851134777069092
853,132,6,4.386110305786133
853,515,7,4.330781936645508
853,501,8,4.311453819274902
853,699,9,4.260326862335205
853,514,10,4.053086280822754
854,201,1,3.9951748847961426
854,178,2,4.6713151931762695
854,588,3,4.562946796417236
854,91,4,4.459568023681641
854,169,5,4.8572235107421875
854,114,6,4.359323501586914
854,629,7,3.991011142730713
854,9,8,4.34022331237793
854,334,9,3.638117551803589
854,408,10,4.143445014953613
855,607,1,3.673717737197876
855,98,2,4.311159133911133
855,511,3,3.887281656265259
855,64,4,4.259142875671387
855,966,5,3.8643853664398193
855,520,6,3.751906394958496
855,519,7,3.8682379722595215
855,199,8,4.2407941818237305
855,22,9,4.231735706329346
855,135,10,4.065108299255371
856,89,1,5.055473804473877
856,484,2,4.578670501708984
856,813,3,4.5613837242126465
856,116,4,4.557292461395264
856,408,5,4.985864639282227
856,114,6,4.921645641326904
856,169,7,4.857780933380127
856,603,8,4.7396769523620605
856,632,9,4.521860122680664
856,320,10,4.693548679351807
857,97,1,4.66480827331543
857,213,2,4.662806510925293
857,98,3,4.623464107513428
857,83,4,4.143614292144775
857,1,5,4.594817638397217
857,251,6,4.543332099914551
857,190,7,4.541982173919678
857,169,8,4.429189682006836
857,709,9,4.37379264831543
857,656,10,4.096230506896973
858,50,1,4.9019293785095215
858,423,2,4.828658580780029
858,203,3,4.326083660125732
858,183,4,4.780869007110596
858,528,5,4.702394485473633
858,127,6,4.700826644897461
858,515,7,4.667873382568359
858,191,8,4.622903823852539
858,513,9,4.3961591720581055
858,520,10,4.359465599060059
859,357,1,5.258434772491455
859,203,2,5.145695686340332
859,174,3,5.105517864227295
859,480,4,4.7008514404296875
859,483,5,4.70549201965332
859,302,6,5.009045600891113
859,1007,7,4.7078447341918945
859,134,8,4.978442668914795
859,1143,9,4.669833183288574
859,298,10,4.803161144256592
860,192,1,4.688860893249512
860,190,2,4.58924674987793
860,762,3,4.542952060699463
860,173,4,4.21578311920166
860,811,5,4.0417799949646
860,12,6,4.513493061065674
860,408,7,4.457564830780029
860,124,8,4.431679725646973
860,203,9,4.1878557205200195
860,651,10,4.321339130401611
861,515,1,5.1206183433532715
861,114,2,5.067155361175537
861,478,3,5.019486427307129
861,588,4,4.979991436004639
861,133,5,4.702508926391602
861,212,6,4.920777320861816
861,923,7,4.905994415283203
861,119,8,4.834850311279297
861,705,9,4.815362930297852
861,222,10,4.81081485748291
862,1131,1,4.905797958374023
862,156,2,5.536962509155273
862,425,3,5.439245700836182
862,203,4,5.434928894042969
862,190,5,5.5253729820251465
862,1099,6,4.888962268829346
862,332,7,4.993914604187012
862,1021,8,5.321321964263916
862,1149,9,5.303262233734131
862,1129,10,5.233755111694336
863,1594,1,4.025921821594238
863,357,2,5.269752502441406
863,466,3,4.109521865844727
863,735,4,5.1897759437561035
863,114,5,4.909120082855225
863,209,6,4.763008117675781
863,514,7,4.536749839782715
863,675,8,4.535780906677246
863,12,9,4.476356506347656
863,144,10,4.445461750030518
864,515,1,5.28939962387085
864,1131,2,4.523081302642822
864,199,3,5.156844139099121
864,1159,4,4.516951084136963
864,528,5,5.0448150634765625
864,302,6,4.967519760131836
864,1039,7,4.928868770599365
864,792,8,4.9174346923828125
864,611,9,4.914717674255371
864,487,10,4.752973556518555
865,654,1,4.708333969116211
865,652,2,4.516417503356934
865,201,3,4.515858173370361
865,223,4,3.8694024085998535
865,12,5,4.009162902832031
865,514,6,4.333465099334717
865,170,7,4.323268890380859
865,346,8,4.256675720214844
865,10,9,4.248823642730713
865,89,10,4.175291538238525
866,530,1,3.256255626678467
866,515,2,3.5743308067321777
866,98,3,3.5715298652648926
866,462,4,3.552347421646118
866,513,5,3.5507733821868896
866,171,6,3.5140700340270996
866,657,7,3.4938716888427734
866,199,8,3.472024917602539
866,194,9,3.4602279663085938
866,694,10,3.414480209350586
867,269,1,5.606268882751465
867,173,2,5.46634578704834
867,207,3,5.367069244384766
867,904,4,4.887423038482666
867,530,5,4.8695902824401855
867,193,6,4.851267337799072
867,513,7,4.843123912811279
867,248,8,5.0717363357543945
867,192,9,4.994495391845703
867,515,10,4.973033428192139
868,519,1,4.912438869476318
868,250,2,4.654679775238037
868,647,3,4.627575397491455
868,511,4,4.544405460357666
868,462,5,4.527083396911621
868,657,6,4.051559925079346
868,813,7,4.050040245056152
868,789,8,4.4271745681762695
868,205,9,4.382279872894287
868,490,10,4.219794273376465
869,56,1,4.262075901031494
869,156,2,4.121708869934082
869,603,3,4.109791278839111
869,101,4,3.2646589279174805
869,12,5,3.6009769439697266
869,100,6,3.8537118434906006
869,644,7,3.3851242065429688
869,1449,8,3.7852847576141357
869,478,9,3.7772622108459473
869,479,10,3.731145143508911
870,100,1,4.864180088043213
870,607,2,4.170823574066162
870,408,3,4.558194160461426
870,1405,4,4.152416229248047
870,192,5,4.750734806060791
870,221,6,4.447369575500488
870,1142,7,4.4142656326293945
870,275,8,4.407283782958984
870,425,9,3.9894299507141113
870,533,10,4.122043609619141
871,1462,1,4.346184253692627
871,204,2,4.946994304656982
871,939,3,4.318939685821533
871,1039,4,4.701065540313721
871,73,5,4.665556907653809
871,781,6,4.169033050537109
871,1193,7,4.557683944702148
871,232,8,4.548483848571777
871,318,9,4.528007507324219
871,169,10,4.505792617797852
872,496,1,4.79573917388916
872,208,2,4.6634955406188965
872,95,3,4.651339530944824
872,302,4,4.6341705322265625
872,174,5,4.629486083984375
872,88,6,4.23311710357666
872,378,7,4.50079345703125
872,170,8,4.484174728393555
872,64,9,4.478880882263184
872,12,10,4.390105724334717
873,64,1,5.0086164474487305
873,12,2,4.976981163024902
873,208,3,4.747861862182617
873,1594,4,4.201189041137695
873,1101,5,4.6744208335876465
873,316,6,4.627309799194336
873,165,7,4.611992359161377
873,479,8,4.30059289932251
873,22,9,4.543997764587402
873,69,10,4.5530853271484375
874,357,1,4.533058166503906
874,603,2,4.2641448974609375
874,474,3,4.466668605804443
874,190,4,4.449235439300537
874,478,5,4.220370292663574
874,172,6,4.397517204284668
874,657,7,4.395027160644531
874,611,8,4.372138977050781
874,607,9,4.180974006652832
874,1643,10,4.3573384284973145
875,203,1,5.040202617645264
875,56,2,5.035572528839111
875,91,3,4.630557537078857
875,48,4,4.618376731872559
875,100,5,4.978818416595459
875,199,6,4.964596748352051
875,185,7,4.447847843170166
875,285,8,5.018705368041992
875,200,9,4.873644828796387
875,483,10,4.754117012023926
876,603,1,4.4030375480651855
876,408,2,4.816880226135254
876,12,3,4.745715618133545
876,175,4,4.29702091217041
876,173,5,4.6876301765441895
876,512,6,4.683707237243652
876,1,7,4.38433837890625
876,963,8,4.60967493057251
876,223,9,4.611717224121094
876,64,10,4.597233295440674
877,482,1,5.071507453918457
877,1007,2,5.064599990844727
877,174,3,5.010612964630127
877,132,4,4.97914457321167
877,513,5,4.964594841003418
877,697,6,4.956793785095215
877,430,7,4.594137191772461
877,8,8,4.925998210906982
877,483,9,4.804290771484375
877,753,10,4.535148620605469
878,850,1,4.205397129058838
878,1021,2,4.836052417755127
878,479,3,3.9881057739257812
878,315,4,4.660573959350586
878,169,5,4.796552658081055
878,430,6,4.62904167175293
878,484,7,4.121464729309082
878,483,8,4.62522029876709
878,320,9,4.472773551940918
878,647,10,4.356432914733887
879,285,1,4.23723030090332
879,174,2,4.693209171295166
879,170,3,4.627957344055176
879,408,4,4.235659599304199
879,519,5,4.21916389465332
879,603,6,4.576054573059082
879,64,7,4.582976818084717
879,315,8,4.478579998016357
879,479,9,4.420358657836914
879,134,10,4.405304908752441
880,114,1,4.820437431335449
880,251,2,4.297272205352783
880,183,3,4.790674209594727
880,223,4,4.809196472167969
880,515,5,4.741621017456055
880,198,6,4.7181396484375
880,303,7,4.706017971038818
880,1269,8,4.393817901611328
880,169,9,4.68674898147583
880,589,10,4.001486301422119
881,12,1,4.928210735321045
881,56,2,4.91628360748291
881,273,3,4.834342002868652
881,272,4,4.790925025939941
881,538,5,4.206977367401123
881,774,6,4.769339561462402
881,813,7,4.344053745269775
881,189,8,4.56757926940918
881,868,9,4.516129970550537
881,198,10,4.495790481567383
882,483,1,5.30570125579834
882,480,2,5.228875637054443
882,484,3,5.180948734283447
882,506,4,5.151118278503418
882,657,5,4.724194526672363
882,119,6,4.517595291137695
882,705,7,5.073278427124023
882,303,8,4.986248016357422
882,127,9,4.9735212326049805
882,161,10,4.9297919273376465
883,483,1,5.262333869934082
883,520,2,5.017728805541992
883,936,3,4.241861343383789
883,1159,4,4.323860168457031
883,133,5,4.881702423095703
883,150,6,4.8706159591674805
883,273,7,4.845459938049316
883,171,8,4.844705104827881
883,1203,9,4.79984188079834
883,498,10,4.799323081970215
884,187,1,4.045184135437012
884,435,2,4.64201545715332
884,272,3,4.852252006530762
884,531,4,4.599109649658203
884,603,5,4.57852029800415
884,169,6,4.5591959953308105
884,408,7,4.423576354980469
884,96,8,4.420224189758301
884,694,9,4.353994369506836
884,50,10,4.34129524230957
885,178,1,4.988039493560791
885,64,2,4.815924167633057
885,170,3,4.5943803787231445
885,515,4,4.455580711364746
885,265,5,3.929159641265869
885,496,6,4.177267551422119
885,83,7,3.6717371940612793
885,22,8,4.157973289489746
885,520,9,4.13442325592041
885,183,10,4.03814697265625
886,52,1,4.145003318786621
886,694,2,4.624172210693359
886,185,3,4.565258979797363
886,317,4,4.627070426940918
886,611,5,4.1300153732299805
886,641,6,4.462625980377197
886,298,7,4.430690765380859
886,651,8,4.4294209480285645
886,511,9,4.376266002655029
886,780,10,4.249373435974121
887,11,1,5.703972339630127
887,271,2,4.714567184448242
887,615,3,4.702937602996826
887,1073,4,5.265152931213379
887,175,5,5.1065850257873535
887,173,6,5.083892345428467
887,1021,7,5.203248023986816
887,838,8,4.672350883483887
887,272,9,4.983662128448486
887,483,10,4.969588279724121
888,656,1,4.616042137145996
888,318,2,4.990124225616455
888,515,3,4.945724964141846
888,357,4,4.9239935874938965
888,48,5,4.911259174346924
888,178,6,4.902764797210693
888,169,7,4.895074367523193
888,285,8,4.82237434387207
888,79,9,4.798609256744385
888,969,10,4.3911213874816895
889,753,1,4.062781810760498
889,143,2,4.705597400665283
889,963,3,4.502294540405273
889,176,4,4.306821346282959
889,1019,5,4.291055202484131
889,131,6,4.277576446533203
889,487,7,4.273410797119141
889,343,8,4.232277870178223
889,198,9,4.203864574432373
889,238,10,4.106215476989746
890,12,1,4.3886895179748535
890,48,2,5.150341987609863
890,64,3,5.1090617179870605
890,124,4,5.0069260597229
890,497,5,4.481417179107666
890,601,6,4.376426696777344
890,615,7,4.4654717445373535
890,705,8,4.848677158355713
890,178,9,4.843705654144287
890,14,10,4.834722518920898
891,178,1,5.284558296203613
891,1,2,4.901430606842041
891,191,3,5.207841873168945
891,70,4,5.2056989669799805
891,488,5,4.77703857421875
891,603,6,5.236065864562988
891,190,7,5.128242015838623
891,568,8,4.878176212310791
891,482,9,4.899238586425781
891,169,10,5.032727241516113
892,508,1,5.196208477020264
892,509,2,5.181934356689453
892,811,3,4.784913063049316
892,1154,4,4.7547736167907715
892,60,5,5.082248210906982
892,165,6,5.0647430419921875
892,922,7,5.051530361175537
892,498,8,5.005202293395996
892,474,9,4.968672275543213
892,1203,10,4.840465068817139
893,133,1,4.8416428565979
893,119,2,4.280787467956543
893,916,3,4.272510528564453
893,98,4,4.705784797668457
893,504,5,4.745700836181641
893,201,6,4.082742691040039
893,187,7,4.1682233810424805
893,515,8,4.808666229248047
893,313,9,4.6039557456970215
893,657,10,4.343052387237549
894,603,1,4.968127727508545
894,136,2,4.8630690574646
894,673,3,4.470292091369629
894,178,4,4.754164218902588
894,474,5,4.721932888031006
894,164,6,4.411847114562988
894,644,7,4.653787612915039
894,607,8,4.55499267578125
894,513,9,4.549869060516357
894,520,10,4.54213285446167
895,96,1,4.275576591491699
895,1449,2,4.683779716491699
895,60,3,4.362000942230225
895,191,4,4.6036834716796875
895,483,5,4.603285312652588
895,202,6,4.262068748474121
895,318,7,4.585343360900879
895,189,8,4.493896484375
895,100,9,4.484942436218262
895,173,10,4.462207317352295
896,634,1,3.755338191986084
896,178,2,4.933100700378418
896,514,3,3.7321362495422363
896,519,4,4.409707069396973
896,968,5,3.7260656356811523
896,1039,6,4.342700004577637
896,904,7,4.307644844055176
896,1007,8,4.311933994293213
896,205,9,4.235074520111084
896,114,10,4.082951068878174
897,558,1,5.242609024047852
897,694,2,4.707510948181152
897,513,3,5.157614707946777
897,924,4,5.131171703338623
897,316,5,4.987533092498779
897,150,6,4.950631141662598
897,381,7,4.637425422668457
897,1594,8,4.284748554229736
897,1367,9,4.593822479248047
897,854,10,4.782271862030029
898,60,1,4.860400199890137
898,513,2,4.691518306732178
898,198,3,4.30023193359375
898,177,4,4.1525983810424805
898,745,5,4.145039081573486
898,480,6,4.525683403015137
898,484,7,4.5203022956848145
898,168,8,4.502284049987793
898,514,9,4.489743232727051
898,606,10,4.4457597732543945
899,251,1,4.740528106689453
899,429,2,4.72671365737915
899,887,3,4.664948463439941
899,511,4,4.660884380340576
899,223,5,3.9689667224884033
899,313,6,4.645532131195068
899,661,7,4.073537826538086
899,211,8,4.541569709777832
899,478,9,4.375725269317627
899,119,10,4.319586753845215
900,172,1,3.887622833251953
900,498,2,3.3090453147888184
900,223,3,3.8469629287719727
900,50,4,3.8661396503448486
900,204,5,3.6984894275665283
900,963,6,3.6636698246002197
900,191,7,3.597040891647339
900,316,8,3.573928117752075
900,197,9,3.5165627002716064
900,428,10,3.515899181365967
901,520,1,5.112451553344727
901,707,2,4.958481788635254
901,694,3,4.956272125244141
901,615,4,4.2910943031311035
901,480,5,4.950525760650635
901,525,6,4.861244201660156
901,483,7,4.837179660797119
901,418,8,4.800863265991211
901,51,9,4.800464153289795
901,684,10,4.487102508544922
902,427,1,4.3464555740356445
902,922,2,4.212113380432129
902,132,3,4.095094680786133
902,496,4,4.0589165687561035
902,736,5,3.763667345046997
902,610,6,3.37231707572937
902,493,7,3.9855785369873047
902,83,8,3.7412824630737305
902,169,9,3.9083898067474365
902,520,10,3.8934388160705566
903,427,1,5.0677170753479
903,936,2,4.3395514488220215
903,922,3,4.785574436187744
903,132,4,4.737643718719482
903,490,5,4.189610481262207
903,631,6,4.663946151733398
903,1114,7,4.186185359954834
903,285,8,4.845710277557373
903,14,9,4.541017532348633
903,200,10,4.538386821746826
904,313,1,5.182500839233398
904,1159,2,4.089592933654785
904,1194,3,4.909907817840576
904,813,4,4.889150142669678
904,189,5,4.479395866394043
904,8,6,4.863089084625244
904,515,7,4.84036111831665
904,588,8,4.806551456451416
904,32,9,4.635830879211426
904,479,10,4.423518180847168
905,178,1,4.648818016052246
905,707,2,4.609147548675537
905,513,3,4.585517406463623
905,488,4,4.187507152557373
905,853,5,4.440982341766357
905,657,6,4.391327857971191
905,205,7,4.388719081878662
905,189,8,4.383342742919922
905,174,9,4.362789154052734
905,11,10,4.293243408203125
906,64,1,4.908935546875
906,187,2,4.873380661010742
906,318,3,4.7884674072265625
906,654,4,4.704827785491943
906,181,5,4.696842670440674
906,1293,6,4.171483993530273
906,316,7,4.687684535980225
906,657,8,4.420074462890625
906,119,9,4.393653869628906
906,462,10,4.518167495727539
907,333,1,6.063137054443359
907,603,2,5.893601894378662
907,313,3,5.865481853485107
907,524,4,4.995038032531738
907,963,5,5.54787015914917
907,297,6,5.46121883392334
907,588,7,5.368753910064697
907,174,8,5.102740287780762
907,641,9,5.34932279586792
907,87,10,5.054108619689941
908,1063,1,4.033566474914551
908,211,2,4.37239408493042
908,499,3,4.340267181396484
908,178,4,4.325685024261475
908,132,5,4.320204734802246
908,659,6,4.290861129760742
908,480,7,4.000792026519775
908,604,8,3.9802708625793457
908,1643,9,4.278475761413574
908,177,10,3.9511947631835938
909,1449,1,5.567684173583984
909,169,2,5.39557409286499
909,483,3,5.315741062164307
909,922,4,5.123924255371094
909,12,5,5.288213729858398
909,515,6,5.312637805938721
909,179,7,5.2843546867370605
909,657,8,5.250884056091309
909,513,9,5.088563442230225
909,530,10,5.185080051422119
910,496,1,4.854831218719482
910,474,2,4.564127445220947
910,479,3,4.51503324508667
910,97,4,4.460766315460205
910,1007,5,4.096085071563721
910,653,6,3.939793348312378
910,515,7,4.377349853515625
910,132,8,4.306311130523682
910,1142,9,4.222939491271973
910,315,10,4.176286697387695
911,258,1,5.209418296813965
911,477,2,5.076613903045654
911,746,3,4.8888139724731445
911,10,4,4.76273250579834
911,176,5,4.757269859313965
911,20,6,4.674220561981201
911,169,7,4.665478706359863
911,697,8,4.634970664978027
911,466,9,4.620418548583984
911,268,10,4.613173961639404
912,515,1,4.878557205200195
912,116,2,4.109789848327637
912,208,3,4.533777236938477
912,513,4,4.458926677703857
912,198,5,4.4346818923950195
912,199,6,4.413530349731445
912,98,7,4.48651123046875
912,114,8,4.390488624572754
912,493,9,4.348462104797363
912,657,10,4.2615437507629395
913,487,1,4.681084632873535
913,1450,2,3.4479212760925293
913,497,3,3.8461029529571533
913,515,4,4.61613655090332
913,119,5,4.484508514404297
913,735,6,4.011158466339111
913,1142,7,4.3842597007751465
913,694,8,4.365785121917725
913,197,9,4.008942604064941
913,887,10,4.2474260330200195
914,199,1,4.813481330871582
914,50,2,4.639523506164551
914,528,3,4.637537002563477
914,172,4,4.586512088775635
914,490,5,3.911247968673706
914,511,6,4.569558143615723
914,169,7,4.533743381500244
914,1019,8,4.483981609344482
914,513,9,4.483382701873779
914,661,10,4.173011302947998
915,853,1,3.7474148273468018
915,205,2,4.25718879699707
915,480,3,3.85311222076416
915,285,4,4.217691421508789
915,357,5,4.160504341125488
915,1367,6,3.71734356880188
915,408,7,4.140703201293945
915,127,8,4.0434722900390625
915,520,9,3.6783058643341064
915,320,10,3.914628505706787
916,770,1,4.2337822914123535
916,694,2,4.738131523132324
916,528,3,4.734095573425293
916,302,4,3.9789130687713623
916,478,5,4.655858039855957
916,644,6,4.537513732910156
916,968,7,4.0779876708984375
916,856,8,4.478484630584717
916,191,9,4.231715202331543
916,963,10,4.668006420135498
917,603,1,4.670139789581299
917,357,2,4.441026210784912
917,318,3,4.413879871368408
917,1129,4,3.7430431842803955
917,197,5,4.301351547241211
917,661,6,3.9554810523986816
917,514,7,4.297182559967041
917,657,8,4.192646026611328
917,531,9,4.113338470458984
917,185,10,4.08293342590332
918,516,1,4.114703178405762
918,300,2,4.514835357666016
918,936,3,4.5011796951293945
918,627,4,4.111669063568115
918,320,5,3.941878318786621
918,10,6,4.43631649017334
918,143,7,4.081995964050293
918,904,8,4.317507266998291
918,483,9,4.306229591369629
918,853,10,4.287153244018555
919,584,1,4.97545051574707
919,872,2,4.7807793617248535
919,402,3,4.594250679016113
919,1405,4,4.498230934143066
919,17,5,4.25799036026001
919,606,6,4.456770896911621
919,189,7,4.43770694732666
919,642,8,4.409754276275635
919,603,9,4.39738655090332
919,922,10,4.182696342468262
920,50,1,4.876550674438477
920,169,2,4.778893947601318
920,654,3,4.110872745513916
920,174,4,4.551648139953613
920,136,5,4.4634623527526855
920,482,6,4.451456069946289
920,119,7,4.224391460418701
920,191,8,4.432094097137451
920,194,9,4.423313617706299
920,487,10,4.377276420593262
921,428,1,4.016468048095703
921,735,2,4.511103630065918
921,1589,3,4.001219272613525
921,318,4,4.458233833312988
921,114,5,4.412776470184326
921,684,6,3.8531575202941895
921,748,7,3.846766233444214
921,753,8,4.3425068855285645
921,186,9,4.2375969886779785
921,434,10,4.174337387084961
922,513,1,4.8354902267456055
922,1021,2,4.797677993774414
922,194,3,4.775620937347412
922,483,4,4.772767066955566
922,171,5,4.645928382873535
922,61,6,4.638970375061035
922,519,7,4.556614875793457
922,524,8,4.549454689025879
922,1142,9,4.465789794921875
922,1269,10,4.272663593292236
923,127,1,5.6223649978637695
923,603,2,5.570375442504883
923,12,3,5.5061469078063965
923,272,4,5.376921653747559
923,1449,5,5.362819671630859
923,657,6,5.36005163192749
923,528,7,5.315835952758789
923,430,8,4.960649013519287
923,320,9,5.036196231842041
923,530,10,4.993137359619141
924,513,1,4.942680358886719
924,850,2,4.207040786743164
924,525,3,4.772579669952393
924,143,4,4.345281600952148
924,194,5,4.782196521759033
924,168,6,4.341220378875732
924,657,7,4.563207626342773
924,483,8,4.616191864013672
924,1039,9,4.50036096572876
924,588,10,4.460369110107422
925,64,1,4.828220844268799
925,318,2,4.774092674255371
925,12,3,4.6451520919799805
925,603,4,4.571519374847412
925,963,5,4.570775508880615
925,1,6,4.426284313201904
925,210,7,4.353269100189209
925,180,8,4.352115154266357
925,604,9,4.292275428771973
925,966,10,4.273411750793457
926,515,1,4.799309253692627
926,42,2,4.638614654541016
926,963,3,4.315072536468506
926,318,4,4.595649719238281
926,513,5,4.591785907745361
926,1137,6,4.550957679748535
926,483,7,4.550452709197998
926,1500,8,4.313003063201904
926,189,9,4.29305362701416
926,694,10,4.510132312774658
927,12,1,5.388326644897461
927,313,2,5.3371381759643555
927,272,3,5.101526260375977
927,45,4,5.070037841796875
927,64,5,4.923125267028809
927,936,6,4.485536098480225
927,57,7,4.821918964385986
927,515,8,4.46719217300415
927,1216,9,4.465741157531738
927,916,10,4.715831279754639
928,178,1,5.774844646453857
928,427,2,5.659148693084717
928,478,3,5.573598384857178
928,922,4,5.393855094909668
928,22,5,5.3904709815979
928,603,6,5.318593978881836
928,196,7,5.094207763671875
928,32,8,5.288952827453613
928,530,9,5.288407802581787
928,1098,10,5.120181083679199
929,1449,1,4.7354888916015625
929,197,2,4.601495265960693
929,603,3,4.185457229614258
929,171,4,4.188563346862793
929,316,5,4.490074157714844
929,56,6,4.505784511566162
929,525,7,4.151095390319824
929,663,8,4.395597457885742
929,408,9,4.3857316970825195
929,119,10,4.235104560852051
930,1512,1,4.567816257476807
930,513,2,4.542397499084473
930,272,3,4.521180152893066
930,526,4,4.362232685089111
930,1558,5,3.989609956741333
930,1019,6,4.310431480407715
930,607,7,4.192454814910889
930,119,8,3.953962802886963
930,168,9,4.163148880004883
930,936,10,4.114561080932617
931,211,1,4.226890563964844
931,12,2,4.21709680557251
931,523,3,4.214710235595703
931,101,4,4.210789680480957
931,11,5,4.838139533996582
931,470,6,3.9602150917053223
931,1194,7,4.549243450164795
931,427,8,4.678104400634766
931,521,9,4.441354274749756
931,73,10,4.107785224914551
932,694,1,5.051975727081299
932,50,2,5.004347801208496
932,8,3,4.992502212524414
932,499,4,4.585897445678711
932,463,5,4.579327583312988
932,60,6,4.892309188842773
932,656,7,4.566591739654541
932,856,8,4.8160271644592285
932,604,9,4.781369209289551
932,718,10,4.624814033508301
934,125,1,5.162367820739746
934,1159,2,4.493444919586182
934,272,3,4.948814392089844
934,91,4,4.811154365539551
934,30,5,4.468074321746826
934,528,6,4.7926177978515625
934,79,7,4.45557165145874
934,497,8,4.427973747253418
934,484,9,4.516225814819336
934,115,10,4.501382350921631
935,190,1,5.279040813446045
935,750,2,4.923223972320557
935,96,3,4.140385627746582
935,22,4,4.827893257141113
935,12,5,4.883871078491211
935,520,6,4.824564456939697
935,753,7,4.730683326721191
935,969,8,4.721275329589844
935,538,9,4.444758415222168
935,177,10,4.716330528259277
936,179,1,5.2714762687683105
936,1367,2,4.791626930236816
936,854,3,4.570910930633545
936,197,4,5.168342113494873
936,408,5,5.144397735595703
936,479,6,5.035744667053223
936,318,7,4.975409507751465
936,190,8,4.974291801452637
936,963,9,4.946408748626709
936,606,10,4.87277889251709
937,315,1,4.729694366455078
937,582,2,4.712348937988281
937,318,3,4.5549540519714355
937,1500,4,4.013157367706299
937,151,5,4.255385875701904
937,223,6,4.5129899978637695
937,657,7,4.536077976226807
937,474,8,4.2252020835876465
937,132,9,4.218605995178223
937,98,10,4.4502949714660645
938,501,1,5.242891311645508
938,484,2,5.132692813873291
938,11,3,4.590908050537109
938,185,4,5.048362731933594
938,632,5,4.973341941833496
938,187,6,4.951932430267334
938,194,7,4.912687301635742
938,183,8,4.910310745239258
938,654,9,4.533837795257568
938,211,10,4.792866230010986
939,199,1,5.936104774475098
939,607,2,4.7317423820495605
939,318,3,5.581528186798096
939,496,4,5.633664608001709
939,661,5,5.573891639709473
939,750,6,5.570207118988037
939,176,7,5.452109336853027
939,604,8,5.136287689208984
939,262,9,5.375229358673096
939,203,10,5.295625686645508
940,605,1,4.020792007446289
940,211,2,4.633756160736084
940,210,3,4.7883620262146
940,753,4,4.550451755523682
940,603,5,4.465384483337402
940,494,6,3.8374874591827393
940,197,7,4.455945014953613
940,169,8,4.458060264587402
940,923,9,4.380758285522461
940,393,10,3.9813504219055176
941,1159,1,4.4449310302734375
941,963,2,4.862227439880371
941,515,3,4.838849067687988
941,64,4,4.806756496429443
941,285,5,4.793337821960449
941,194,6,4.535999298095703
941,520,7,4.767453670501709
941,1193,8,4.729254722595215
941,519,9,4.595733165740967
941,656,10,4.590462684631348
942,129,1,5.210422515869141
942,1449,2,5.084221363067627
942,588,3,5.042150497436523
942,133,4,4.991722106933594
942,653,5,4.4123148918151855
942,223,6,4.898399353027344
942,963,7,4.874623775482178
942,482,8,4.860318660736084
942,1019,9,4.8419508934021
942,718,10,4.583702564239502
943,250,1,5.219850540161133
943,276,2,4.887503147125244
943,1039,3,4.80372428894043
943,530,4,4.798800945281982
943,478,5,4.759984970092773
943,1159,6,4.447299003601074
943,208,7,4.426995754241943
943,179,8,4.435689926147461
943,60,9,4.694947242736816
943,83,10,4.616569995880127
