user_id,item_id,rank,pred_rating
1,434,1,3.913154125213623
1,425,2,4.333719730377197
1,357,3,5.22554874420166
1,1020,4,4.253692150115967
1,318,5,5.075803279876709
1,657,6,4.97519588470459
1,647,7,4.932039260864258
1,675,8,4.242099761962891
1,936,9,4.505135536193848
1,1450,10,4.255571365356445
2,604,1,4.7391228675842285
2,953,2,4.10837459564209
2,246,3,4.522997856140137
2,513,4,4.1053242683410645
2,603,5,4.524489402770996
2,132,6,4.2192864418029785
2,813,7,4.011472702026367
2,488,8,4.451228618621826
2,114,9,4.088510036468506
2,194,10,4.279301643371582
3,922,1,3.4664151668548584
3,114,2,3.7843263149261475
3,119,3,3.3334734439849854
3,246,4,2.9900593757629395
3,12,5,3.7111735343933105
3,524,6,3.3096683025360107
3,124,7,3.4589412212371826
3,558,8,3.627220630645752
3,434,9,3.284566640853882
3,647,10,3.540417432785034
4,1450,1,4.7183122634887695
4,185,2,4.879223823547363
4,936,3,5.0901923179626465
4,71,4,4.812618732452393
4,223,5,5.376593589782715
4,519,6,5.39070463180542
4,1367,7,4.954641342163086
4,613,8,4.807977676391602
4,528,9,5.071921348571777
4,320,10,5.030762672424316
5,175,1,5.049330711364746
5,318,2,4.237140655517578
5,615,3,4.232138633728027
5,465,4,3.6651275157928467
5,968,5,3.903801679611206
5,179,6,4.919163227081299
5,194,7,4.698831558227539
5,621,8,3.8991501331329346
5,648,9,4.650396347045898
5,1449,10,4.036677360534668
6,1500,1,4.07598876953125
6,154,2,4.605729103088379
6,172,3,3.9023663997650146
6,770,4,3.8371410369873047
6,1331,5,3.7390260696411133
6,654,6,4.600251197814941
6,724,7,4.0669474601745605
6,420,8,3.8885183334350586
6,661,9,4.438422203063965
6,547,10,3.8732948303222656
7,718,1,4.690331935882568
7,1523,2,4.07809591293335
7,317,3,5.147485256195068
7,258,4,5.09867000579834
7,1293,5,4.206363201141357
7,73,6,4.31741189956665
7,445,7,4.880406856536865
7,185,8,4.871572971343994
7,525,9,4.8288750648498535
7,408,10,4.750733375549316
8,644,1,4.607833385467529
8,132,2,4.592113971710205
8,661,3,4.314084053039551
8,648,4,4.081968784332275
8,653,5,4.422517776489258
8,507,6,4.966232776641846
8,211,7,4.579938888549805
8,223,8,4.922719955444336
8,234,9,4.917070388793945
8,533,10,4.502894878387451
9,272,1,5.059638023376465
9,318,2,4.652157306671143
9,198,3,3.9075396060943604
9,1500,4,3.9959239959716797
9,186,5,4.064047813415527
9,916,6,4.234384059906006
9,124,7,3.9879443645477295
9,114,8,4.497209072113037
9,119,9,4.257971286773682
9,484,10,4.450113773345947
10,313,1,5.072029113769531
10,217,2,4.068448543548584
10,403,3,4.558322906494141
10,171,4,4.138471603393555
10,73,5,4.2179789543151855
10,1101,6,4.963320255279541
10,318,7,5.017629146575928
10,1251,8,4.7117838859558105
10,89,9,4.318119049072266
10,963,10,4.682829856872559
11,464,1,4.084234237670898
11,143,2,4.847218036651611
11,210,3,4.34937047958374
11,963,4,4.773994445800781
11,45,5,4.333840370178223
11,189,6,4.855263710021973
11,172,7,4.581220626831055
11,179,8,4.137361526489258
11,114,9,4.265697002410889
11,850,10,4.056576251983643
12,506,1,4.609722137451172
12,1,2,5.268036365509033
12,291,3,4.135731220245361
12,1523,4,4.3180389404296875
12,116,5,4.597086429595947
12,622,6,4.3147711753845215
12,60,7,4.892117023468018
12,233,8,4.584156036376953
12,520,9,4.8334269523620605
12,657,10,4.793474197387695
13,1419,1,3.4555044174194336
13,1537,2,3.853630542755127
13,136,3,4.458226680755615
13,248,4,3.7175843715667725
13,694,5,4.376437664031982
13,75,6,3.5726699829101562
13,1367,7,4.348850727081299
13,520,8,3.706050395965576
13,134,9,4.344961643218994
13,489,10,3.697411060333252
14,171,1,5.39224100112915
14,55,2,5.392187118530273
14,335,3,4.227398872375488
14,1449,4,5.009116172790527
14,1142,5,4.366236686706543
14,1159,6,4.222322940826416
14,177,7,4.891147136688232
14,1450,8,4.273761749267578
14,89,9,4.251771450042725
14,615,10,4.486130237579346
15,515,1,4.702654838562012
15,88,2,4.10161018371582
15,189,3,4.604997158050537
15,1617,4,3.8923768997192383
15,854,5,3.495601177215576
15,813,6,3.6397578716278076
15,178,7,4.068040370941162
15,198,8,3.439648151397705
15,484,9,3.631319046020508
15,143,10,4.313515663146973
16,210,1,5.541501998901367
16,181,2,4.708161354064941
16,954,3,4.6012139320373535
16,513,4,5.282509803771973
16,165,5,5.455711841583252
16,520,6,5.408869743347168
16,205,7,5.240726470947266
16,484,8,4.46547269821167
16,749,9,4.456732749938965
16,169,10,5.008721828460693
17,1159,1,3.8659701347351074
17,151,2,3.849886894226074
17,514,3,4.002549171447754
17,50,4,4.41778564453125
17,98,5,4.007735252380371
17,313,6,4.388627052307129
17,483,7,4.528936862945557
17,418,8,3.408513307571411
17,661,9,3.72403883934021
17,1243,10,3.5442309379577637
18,904,1,4.338220119476318
18,344,2,4.9573540687561035
18,51,3,4.012740135192871
18,657,4,4.705619812011719
18,318,5,4.926532745361328
18,372,6,4.329527378082275
18,644,7,4.331239223480225
18,1194,8,4.636124610900879
18,770,9,4.061227798461914
18,75,10,4.016386032104492
19,745,1,4.154361724853516
19,1449,2,4.537470817565918
19,589,3,4.244665622711182
19,50,4,4.509062767028809
19,181,5,4.2471795082092285
19,445,6,3.9228627681732178
19,48,7,4.473179340362549
19,657,8,3.9651408195495605
19,408,9,4.337115287780762
19,611,10,4.276078224182129
20,611,1,4.631542682647705
20,1524,2,3.934230327606201
20,24,3,3.7361602783203125
20,114,4,4.055475234985352
20,654,5,4.4716033935546875
20,153,6,4.409203052520752
20,646,7,3.8287723064422607
20,119,8,4.049060344696045
20,516,9,4.330994606018066
20,478,10,4.296701431274414
21,272,1,4.2031755447387695
21,187,2,5.110052585601807
21,615,3,3.507737159729004
21,203,4,4.8028883934021
21,357,5,5.1122145652771
21,316,6,4.622265815734863
21,1293,7,3.6480398178100586
21,425,8,4.187593936920166
21,1154,9,3.866257429122925
21,474,10,3.9441373348236084
22,115,1,4.046993732452393
22,357,2,5.2659525871276855
22,246,3,4.549134731292725
22,408,4,5.05838680267334
22,1084,5,4.114538192749023
22,183,6,4.337244510650635
22,179,7,4.321071624755859
22,191,8,4.91529655456543
22,206,9,3.8889901638031006
22,611,10,4.4109883308410645
23,12,1,4.899600982666016
23,491,2,4.621305465698242
23,1203,3,4.5858049392700195
23,190,4,4.555670738220215
23,673,5,4.138175964355469
23,966,6,4.257834434509277
23,1390,7,3.769934892654419
23,645,8,3.953359365463257
23,114,9,4.372672080993652
23,443,10,4.347280979156494
24,603,1,5.160995960235596
24,161,2,4.2317609786987305
24,663,3,5.097956657409668
24,320,4,4.657182693481445
24,177,5,4.665109634399414
24,641,6,4.543787956237793
24,170,7,4.5600152015686035
24,196,8,5.154760360717773
24,302,9,4.455040454864502
24,89,10,4.908148765563965
25,12,1,4.912093162536621
25,484,2,4.256608963012695
25,172,3,4.713169574737549
25,603,4,4.398133277893066
25,223,5,4.658989429473877
25,1367,6,4.3811540603637695
25,83,7,4.6080145835876465
25,511,8,4.727147102355957
25,1167,9,4.150887966156006
25,1268,10,4.200750350952148
26,603,1,4.158067226409912
26,530,2,3.8052737712860107
26,132,3,3.81087327003479
26,22,4,4.144412040710449
26,50,5,4.070588111877441
26,497,6,3.4646804332733154
26,588,7,3.3789284229278564
26,12,8,4.080214977264404
26,1022,9,3.5721676349639893
26,89,10,3.655397415161133
27,161,1,3.9398040771484375
27,525,2,3.9330570697784424
27,408,3,4.2473320960998535
27,318,4,4.265841960906982
27,661,5,3.758761405944824
27,479,6,4.1109089851379395
27,1268,7,3.906923770904541
27,1159,8,3.7005691528320312
27,486,9,3.692103624343872
27,519,10,3.8699188232421875
28,156,1,4.600070476531982
28,922,2,3.77768874168396
28,99,3,3.7332916259765625
28,69,4,3.8508541584014893
28,55,5,4.261598110198975
28,190,6,4.496123313903809
28,1014,7,4.033759117126465
28,137,8,4.50535249710083
28,128,9,4.445449352264404
28,119,10,4.234872341156006
29,11,1,4.837182998657227
29,427,2,4.009490966796875
29,33,3,4.821232795715332
29,171,4,4.491992473602295
29,114,5,4.777433395385742
29,463,6,4.335508346557617
29,511,7,4.741401195526123
29,850,8,4.4680705070495605
29,484,9,4.4626617431640625
29,433,10,4.487537860870361
30,1194,1,4.235081195831299
30,922,2,3.9998910427093506
30,657,3,4.458510875701904
30,52,4,4.3105010986328125
30,1,5,4.903681755065918
30,850,6,4.315418720245361
30,513,7,5.065415382385254
30,190,8,4.998830795288086
30,465,9,4.1048173904418945
30,709,10,4.741061687469482
31,173,1,4.881058692932129
31,853,2,4.064831256866455
31,434,3,3.9415154457092285
31,12,4,4.13273811340332
31,168,5,4.8059611320495605
31,55,6,3.9921114444732666
31,64,7,4.596343994140625
31,183,8,4.275545597076416
31,813,9,4.2974982261657715
31,493,10,4.48536491394043
32,1356,1,3.6237564086914062
32,1386,2,3.713724136352539
32,127,3,4.449703693389893
32,694,4,3.8786349296569824
32,178,5,4.375984191894531
32,850,6,3.869065284729004
32,180,7,3.868488073348999
32,143,8,4.264708042144775
32,423,9,4.2414140701293945
32,607,10,4.014386177062988
33,318,1,4.742278575897217
33,98,2,4.729171276092529
33,210,3,4.216744422912598
33,493,4,3.985551595687866
33,1203,5,3.9079434871673584
33,174,6,4.61885404586792
33,204,7,4.138468265533447
33,302,8,4.556445121765137
33,203,9,4.502315044403076
33,1449,10,4.482780933380127
34,191,1,4.637513637542725
34,515,2,4.636265754699707
34,50,3,4.9456095695495605
34,736,4,4.471074104309082
34,143,5,4.368206977844238
34,641,6,5.03101921081543
34,1512,7,4.8660759925842285
34,114,8,4.45054817199707
34,360,9,4.301944732666016
34,615,10,4.5302557945251465
35,22,1,4.172319412231445
35,483,2,4.921998977661133
35,168,3,4.01561975479126
35,519,4,3.9539434909820557
35,805,5,4.156102657318115
35,12,6,4.915373802185059
35,182,7,4.294778823852539
35,603,8,4.618927478790283
35,645,9,4.081447601318359
35,71,10,4.402316570281982
36,922,1,4.165149688720703
36,12,2,4.744025230407715
36,887,3,4.31464958190918
36,515,4,4.305639266967773
36,493,5,4.159980773925781
36,1142,6,4.209142684936523
36,1203,7,4.154335021972656
36,525,8,4.197038650512695
36,302,9,4.558866500854492
36,432,10,4.489253520965576
37,169,1,5.313345909118652
37,187,2,4.611345291137695
37,525,3,4.33199405670166
37,1459,4,4.264646053314209
37,1142,5,4.836518287658691
37,60,6,4.417344093322754
37,98,7,4.33103609085083
37,8,8,4.810053825378418
37,615,9,4.383896350860596
37,181,10,4.684078216552734
38,753,1,5.826146125793457
38,83,2,4.94942045211792
38,1587,3,4.474713325500488
38,613,4,4.945005893707275
38,333,5,5.352163791656494
38,114,6,4.347870826721191
38,227,7,4.7562103271484375
38,820,8,5.161330223083496
38,190,9,5.175896644592285
38,171,10,4.644592761993408
39,194,1,4.0715651512146
39,98,2,4.618914604187012
39,267,3,3.5547258853912354
39,114,4,4.40215539932251
39,811,5,3.6555068492889404
39,190,6,4.057080268859863
39,12,7,4.200517654418945
39,50,8,4.154304504394531
39,493,9,4.0053510665893555
39,661,10,3.706521511077881
40,432,1,4.601117134094238
40,513,2,4.003747940063477
40,963,3,4.308484077453613
40,185,4,3.869232177734375
40,1251,5,3.777311325073242
40,32,6,3.529655933380127
40,491,7,3.9638710021972656
40,194,8,4.216843605041504
40,1515,9,3.676363945007324
40,868,10,4.175451278686523
41,645,1,4.225564002990723
41,608,2,3.6994152069091797
41,1602,3,3.767845392227173
41,8,4,3.972520112991333
41,89,5,4.705798149108887
41,443,6,3.9611215591430664
41,114,7,4.783626556396484
41,188,8,4.208870887756348
41,513,9,4.484888076782227
41,154,10,4.420175552368164
42,648,1,4.1612043380737305
42,498,2,4.435046195983887
42,313,3,5.126532554626465
42,177,4,4.075848579406738
42,511,5,4.394959926605225
42,525,6,4.246835708618164
42,1159,7,4.382800102233887
42,189,8,4.359744071960449
42,165,9,4.841475963592529
42,114,10,4.6688432693481445
43,125,1,5.160981178283691
43,515,2,5.151045322418213
43,24,3,3.989013195037842
43,477,4,5.11406135559082
43,1042,5,4.264233112335205
43,654,6,4.248500823974609
43,1070,7,4.3411736488342285
43,184,8,4.797831058502197
43,1142,9,4.2342529296875
43,458,10,4.411125183105469
44,203,1,4.189958095550537
44,634,2,4.436590671539307
44,1450,3,3.950923442840576
44,205,4,4.779664039611816
44,60,5,4.971225738525391
44,651,6,3.9930808544158936
44,1154,7,4.189448356628418
44,583,8,4.415522575378418
44,1159,9,4.665712833404541
44,1019,10,4.579596519470215
45,1367,1,4.4117865562438965
45,154,2,4.344664573669434
45,137,3,5.025734901428223
45,709,4,4.98759126663208
45,530,5,4.903916358947754
45,1462,6,4.3887038230896
45,489,7,4.246698379516602
45,96,8,4.755673885345459
45,479,9,4.6086273193359375
45,183,10,4.314265727996826
46,89,1,5.013948917388916
46,466,2,4.288097381591797
46,661,3,4.517650127410889
46,474,4,4.276311874389648
46,408,5,4.769150733947754
46,603,6,4.7597198486328125
46,277,7,4.466873645782471
46,497,8,4.1717729568481445
46,850,9,4.0525922775268555
46,210,10,4.1366963386535645
47,632,1,4.232109546661377
47,634,2,4.529582977294922
47,524,3,4.457437038421631
47,195,4,4.403562545776367
47,100,5,4.94887638092041
47,525,6,4.655233383178711
47,408,7,5.088602066040039
47,173,8,4.856242656707764
47,511,9,4.853000164031982
47,50,10,5.214243412017822
48,1142,1,4.391266822814941
48,641,2,4.2425103187561035
48,443,3,3.756880760192871
48,1367,4,4.367530345916748
48,298,5,4.030025959014893
48,79,6,4.017814636230469
48,191,7,4.918776512145996
48,1101,8,4.621894836425781
48,602,9,3.8771536350250244
48,718,10,4.510292053222656
49,188,1,4.05597448348999
49,474,2,4.7497758865356445
49,408,3,4.6140828132629395
49,745,4,3.712158203125
49,656,5,3.8203659057617188
49,1211,6,3.831052303314209
49,114,7,4.533689498901367
49,634,8,3.541672945022583
49,1523,9,3.260040044784546
49,694,10,3.8326258659362793
50,966,1,4.612298965454102
50,64,2,5.348413944244385
50,153,3,4.675713539123535
50,175,4,4.395952224731445
50,484,5,5.18466329574585
50,1159,6,4.869544506072998
50,127,7,4.854187488555908
50,435,8,5.102982044219971
50,963,9,5.082273483276367
50,115,10,4.530711650848389
51,42,1,4.104522705078125
51,661,2,3.9352645874023438
51,663,3,4.406845569610596
51,318,4,4.701808452606201
51,1515,5,3.7698159217834473
51,445,6,3.813838005065918
51,686,7,4.010478496551514
51,701,8,3.801668405532837
51,195,9,4.316303253173828
51,1451,10,4.122650146484375
52,173,1,5.36822509765625
52,267,2,4.480589866638184
52,694,3,4.91185998916626
52,56,4,5.356321334838867
52,194,5,4.623571395874023
52,169,6,5.127204418182373
52,463,7,4.673220157623291
52,513,8,4.838313102722168
52,474,9,4.977353572845459
52,119,10,4.796597003936768
53,92,1,4.099954605102539
53,613,2,4.3163228034973145
53,645,3,4.044285774230957
53,127,4,4.6885480880737305
53,896,5,4.161497116088867
53,538,6,4.039442539215088
53,1428,7,4.299638271331787
53,511,8,4.562714099884033
53,135,9,4.52625036239624
53,185,10,4.510320663452148
54,414,1,4.364388942718506
54,483,2,5.242012023925781
54,115,3,4.165071964263916
54,71,4,4.164692401885986
54,525,5,4.721471309661865
54,305,6,5.037085056304932
54,195,7,5.018673896789551
54,966,8,5.010697364807129
54,1367,9,4.354580402374268
54,603,10,4.466669082641602
55,127,1,4.463603496551514
55,198,2,3.8762242794036865
55,813,3,4.114401340484619
55,96,4,4.101835250854492
55,205,5,4.345216751098633
55,479,6,3.7358899116516113
55,613,7,4.048295021057129
55,919,8,3.679600954055786
55,602,9,3.557187557220459
55,1021,10,4.231610298156738
56,664,1,5.094130516052246
56,12,2,5.035582542419434
56,1125,3,4.238246917724609
56,813,4,4.342652797698975
56,520,5,4.162286281585693
56,175,6,4.338702201843262
56,251,7,4.337493419647217
56,52,8,4.703770637512207
56,1021,9,4.675171852111816
56,1142,10,4.570304870605469
57,161,1,4.917307376861572
57,119,2,3.9362950325012207
57,172,3,4.836487770080566
57,811,4,4.048261642456055
57,408,5,4.254648685455322
57,462,6,3.9988908767700195
57,12,7,4.78321647644043
57,482,8,4.368819713592529
57,506,9,4.6895670890808105
57,675,10,4.31601619720459
58,484,1,4.557497024536133
58,285,2,5.261765480041504
58,659,3,4.247329235076904
58,968,4,4.191104412078857
58,114,5,5.001373291015625
58,48,6,4.516571044921875
58,1390,7,3.9397494792938232
58,343,8,4.5098137855529785
58,205,9,4.953869819641113
58,1251,10,4.458587646484375
59,935,1,4.417088031768799
59,1269,2,4.408308982849121
59,144,3,4.54652738571167
59,319,4,4.559872627258301
59,502,5,4.406074523925781
59,491,6,5.02992582321167
59,1524,7,4.939501762390137
59,1142,8,4.843905448913574
59,403,9,4.281862735748291
59,1159,10,4.843029022216797
60,214,1,4.305584907531738
60,1449,2,5.046242713928223
60,607,3,4.57930850982666
60,596,4,4.0886006355285645
60,48,5,4.848472595214844
60,1512,6,4.9320173263549805
60,520,7,4.546778202056885
60,648,8,4.5618743896484375
60,156,9,4.773993492126465
60,793,10,4.382200717926025
61,12,1,4.241710662841797
61,511,2,3.5140161514282227
61,1159,3,4.128689765930176
61,1019,4,3.7927300930023193
61,1098,5,3.8748652935028076
61,652,6,3.7199716567993164
61,811,7,3.861609697341919
61,483,8,4.040946006774902
61,657,9,4.027011871337891
61,500,10,3.6979198455810547
62,601,1,3.6573147773742676
62,525,2,3.9141523838043213
62,1449,3,4.572780609130859
62,969,4,3.7392611503601074
62,905,5,4.215235710144043
62,435,6,4.484189033508301
62,186,7,3.9830994606018066
62,1064,8,3.7921926975250244
62,447,9,4.137877941131592
62,1142,10,4.057403087615967
63,64,1,4.085696220397949
63,525,2,4.57501745223999
63,179,3,4.55971097946167
63,646,4,3.6215221881866455
63,60,5,4.556583881378174
63,320,6,3.9397106170654297
63,248,7,3.811169147491455
63,1019,8,4.257561683654785
63,114,9,4.2474517822265625
63,174,10,4.047258377075195
64,191,1,4.257262229919434
64,721,2,4.0920023918151855
64,380,3,3.603328227996826
64,474,4,4.506156921386719
64,59,5,3.884429454803467
64,205,6,4.209677219390869
64,1143,7,4.205573081970215
64,216,8,4.486519813537598
64,1331,9,3.7306981086730957
64,1450,10,3.993274450302124
65,634,1,4.155415058135986
65,1643,2,4.448760509490967
65,652,3,4.608911514282227
65,654,4,4.595515727996826
65,528,5,4.880963325500488
65,189,6,4.868267059326172
65,183,7,4.222148418426514
65,434,8,4.009749412536621
65,1459,9,4.152578353881836
65,241,10,4.5886549949646
66,313,1,5.1912431716918945
66,1459,2,3.957974433898926
66,1007,3,4.073446750640869
66,136,4,4.403563499450684
66,12,5,4.921932697296143
66,1477,6,3.857044219970703
66,320,7,4.0723557472229
66,423,8,4.403079509735107
66,431,9,4.395115375518799
66,114,10,4.380974292755127
67,736,1,5.15060567855835
67,484,2,4.288580894470215
67,735,3,5.048961162567139
67,135,4,4.431652545928955
67,811,5,4.343423843383789
67,96,6,4.655434608459473
67,487,7,4.526703357696533
67,114,8,4.617598056793213
67,1007,9,4.502385139465332
67,922,10,4.48117208480835
68,172,1,5.211336135864258
68,603,2,4.393920421600342
68,466,3,4.218386650085449
68,511,4,4.15334415435791
68,189,5,4.5707550048828125
68,522,6,4.291786193847656
68,958,7,4.553658485412598
68,174,8,4.889529228210449
68,478,9,4.965603828430176
68,285,10,4.640689849853516
69,494,1,4.1595540046691895
69,423,2,4.3260579109191895
69,272,3,4.827754497528076
69,213,4,4.323210716247559
69,713,5,4.484711647033691
69,493,6,4.157346725463867
69,611,7,4.464123725891113
69,656,8,4.705376625061035
69,604,9,4.670982360839844
69,511,10,4.664780616760254
70,205,1,4.044906139373779
70,156,2,4.898733139038086
70,853,3,3.9923365116119385
70,634,4,4.131890773773193
70,251,5,4.278029441833496
70,1154,6,3.8203868865966797
70,520,7,4.4419379234313965
70,705,8,4.410243988037109
70,611,9,3.849076271057129
70,357,10,4.364891529083252
71,515,1,4.1943793296813965
71,530,2,3.7264716625213623
71,1157,3,3.6680397987365723
71,601,4,3.9532227516174316
71,922,5,4.154062747955322
71,134,6,4.514255046844482
71,813,7,4.531508922576904
71,324,8,3.5807442665100098
71,602,9,3.933176040649414
71,1251,10,3.997426748275757
72,83,1,4.167015552520752
72,661,2,4.956165313720703
72,22,3,4.899526119232178
72,178,4,4.843103885650635
72,332,5,4.094787120819092
72,333,6,4.492290496826172
72,143,7,4.763566970825195
72,485,8,4.747626781463623
72,747,9,4.443676948547363
72,200,10,4.2119669914245605
73,302,1,5.100698471069336
73,511,2,4.243463516235352
73,114,3,4.241692066192627
73,306,4,3.9984612464904785
73,853,5,4.374772548675537
73,497,6,4.826962471008301
73,177,7,4.3497419357299805
73,185,8,4.749412536621094
73,1142,9,4.215672016143799
73,136,10,4.268677234649658
74,316,1,4.78972053527832
74,968,2,4.08209228515625
74,48,3,4.759329319000244
74,603,4,4.783714771270752
74,208,5,4.080481052398682
74,519,6,4.394062042236328
74,203,7,4.038318634033203
74,482,8,4.274065017700195
74,378,9,4.389130592346191
74,1367,10,4.183180332183838
75,514,1,5.180838108062744
75,646,2,4.20944881439209
75,968,3,4.613735198974609
75,497,4,5.0602192878723145
75,855,5,5.133238315582275
75,420,6,4.4128193855285645
75,114,7,5.092865943908691
75,647,8,5.0391411781311035
75,813,9,4.533210277557373
75,463,10,4.524257659912109
77,430,1,4.16042947769165
77,186,2,4.286808490753174
77,1019,3,3.9642467498779297
77,216,4,4.280532360076904
77,694,5,4.740750789642334
77,1367,6,3.7646098136901855
77,530,7,4.25888729095459
77,12,8,4.676246166229248
77,1405,9,4.0351691246032715
77,644,10,4.123681545257568
78,174,1,4.259000301361084
78,98,2,3.785886764526367
78,32,3,3.521867513656616
78,694,4,4.202613353729248
78,116,5,3.691401481628418
78,8,6,3.7757210731506348
78,1148,7,3.517394781112671
78,114,8,4.166991233825684
78,179,9,4.032533645629883
78,156,10,4.010846138000488
79,114,1,4.34475564956665
79,408,2,4.950722694396973
79,9,3,5.153173923492432
79,135,4,4.45145320892334
79,611,5,4.153694152832031
79,718,6,4.852055072784424
79,647,7,4.442339897155762
79,276,8,4.828702926635742
79,493,9,3.897779941558838
79,115,10,3.947103977203369
80,272,1,4.935351371765137
80,916,2,3.840135097503662
80,1469,3,3.639756202697754
80,850,4,3.9093480110168457
80,705,5,3.987412214279175
80,129,6,4.442039489746094
80,12,7,4.569193363189697
80,1512,8,3.988530158996582
80,89,9,4.529864311218262
80,208,10,4.022426128387451
81,355,1,3.7278387546539307
81,521,2,4.651566505432129
81,131,3,4.065581321716309
81,451,4,3.9077138900756836
81,223,5,4.062225818634033
81,195,6,4.032553195953369
81,133,7,4.021708011627197
81,316,8,4.618575096130371
81,1367,9,3.7644481658935547
81,1594,10,3.945995569229126
83,1064,1,4.010593891143799
83,628,2,4.3543171882629395
83,811,3,4.254872798919678
83,513,4,4.805966377258301
83,1410,5,4.344550132751465
83,313,6,4.8617939949035645
83,408,7,4.484065055847168
83,419,8,4.745754718780518
83,173,9,4.80181884765625
83,1159,10,3.932657241821289
84,234,1,4.117410659790039
84,50,2,4.883346080780029
84,1449,3,4.758423328399658
84,8,4,4.752724647521973
84,603,5,4.917178630828857
84,653,6,4.502188205718994
84,844,7,4.174635410308838
84,169,8,4.673331260681152
84,209,9,4.486933708190918
84,483,10,4.622039318084717
85,1154,1,3.967648506164551
85,656,2,4.0855021476745605
85,968,3,3.730891704559326
85,675,4,4.469180107116699
85,1531,5,3.732358694076538
85,506,6,4.48037052154541
85,470,7,4.074555397033691
85,694,8,4.332203388214111
85,615,9,4.064126968383789
85,1233,10,4.3043975830078125
86,531,1,4.638616561889648
86,315,2,3.9603803157806396
86,137,3,4.040229320526123
86,805,4,3.863863945007324
86,491,5,3.687824249267578
86,209,6,4.032060146331787
86,318,7,4.480075836181641
86,191,8,4.381805419921875
86,320,9,4.017210483551025
86,1598,10,3.7339999675750732
87,129,1,4.545083045959473
87,966,2,4.31879997253418
87,285,3,5.121562480926514
87,271,4,4.378208160400391
87,654,5,4.6489739418029785
87,169,6,4.643010139465332
87,434,7,4.630951404571533
87,1103,8,4.8442206382751465
87,1604,9,4.289323806762695
87,701,10,4.191960334777832
88,114,1,4.433015823364258
88,661,2,3.940870523452759
88,603,3,4.394273281097412
88,644,4,3.943143844604492
88,408,5,4.067699909210205
88,48,6,4.299526214599609
88,1449,7,4.259281635284424
88,174,8,4.036983966827393
88,648,9,3.823045253753662
88,143,10,4.22427225112915
89,483,1,4.839753150939941
89,611,2,5.003810882568359
89,187,3,5.441038131713867
89,1084,4,4.570079326629639
89,513,5,5.3524041175842285
89,232,6,4.826803207397461
89,591,7,4.481595516204834
89,169,8,4.807292938232422
89,434,9,4.963054656982422
89,1073,10,4.989672660827637
90,50,1,4.56149435043335
90,469,2,5.412376403808594
90,1121,3,4.317615032196045
90,484,4,5.169025421142578
90,661,5,4.559727191925049
90,853,6,4.722458839416504
90,431,7,4.26008939743042
90,1070,8,5.090981960296631
90,1362,9,4.244269371032715
90,954,10,4.449905872344971
91,1531,1,4.049345016479492
91,206,2,4.598018646240234
91,189,3,4.982867240905762
91,882,4,4.083780765533447
91,173,5,5.461420059204102
91,233,6,4.920760631561279
91,525,7,4.955705642700195
91,246,8,4.385804176330566
91,434,9,4.118980884552002
91,1573,10,4.012231349945068
92,482,1,3.7871217727661133
92,589,2,3.982966899871826
92,114,3,4.220979690551758
92,192,4,4.648242950439453
92,484,5,4.8453521728515625
92,615,6,4.211368083953857
92,968,7,4.205272197723389
92,652,8,4.557398796081543
92,533,9,3.7493951320648193
92,207,10,4.033504962921143
93,603,1,5.069992542266846
93,613,2,4.319074630737305
93,203,3,4.528799057006836
93,656,4,4.527444362640381
93,318,5,4.877194881439209
93,641,6,4.526727676391602
93,408,7,4.67438268661499
93,519,8,4.663358688354492
93,48,9,4.545433521270752
93,207,10,4.5392255783081055
94,427,1,5.321627616882324
94,1629,2,4.038820743560791
94,493,3,4.487861156463623
94,490,4,4.288990020751953
94,705,5,4.380412578582764
94,1131,6,4.467816352844238
94,526,7,4.284732818603516
94,199,8,5.02181339263916
94,482,9,5.0040788650512695
94,611,10,4.884083271026611
95,1293,1,3.696392059326172
95,189,2,5.047284126281738
95,1039,3,4.899081230163574
95,1547,4,3.775287628173828
95,10,5,3.844143867492676
95,1431,6,3.901099681854248
95,732,7,4.725072860717773
95,1085,8,4.040664196014404
95,661,9,4.271188735961914
95,273,10,3.8359909057617188
96,1020,1,4.50250244140625
96,1459,2,4.320199489593506
96,313,3,5.066380023956299
96,639,4,4.322669982910156
96,185,5,5.1144585609436035
96,1101,6,5.018440246582031
96,625,7,4.40638542175293
96,604,8,4.38884162902832
96,1142,9,5.014065265655518
96,179,10,4.482144832611084
97,343,1,3.968299388885498
97,500,2,4.099108695983887
97,56,3,4.9206461906433105
97,1451,4,4.096279621124268
97,663,5,5.70876932144165
97,647,6,4.485073089599609
97,273,7,4.321657180786133
97,521,8,5.158186912536621
97,443,9,4.773144245147705
97,300,10,4.262006759643555
98,484,1,4.187289714813232
98,513,2,4.6732258796691895
98,478,3,4.182809352874756
98,61,4,4.287084102630615
98,1154,5,3.93316650390625
98,1367,6,4.274722576141357
98,153,7,3.9282259941101074
98,285,8,4.747278213500977
98,169,9,4.513312339782715
98,48,10,4.380398750305176
99,318,1,5.746230602264404
99,813,2,4.098075866699219
99,195,3,4.916722297668457
99,302,4,4.908405780792236
99,850,5,3.8998239040374756
99,425,6,4.506298542022705
99,520,7,5.077811241149902
99,200,8,4.155399799346924
99,958,9,4.473893165588379
99,922,10,4.474908828735352
100,1019,1,3.667559862136841
100,248,2,3.7705442905426025
100,96,3,4.396892070770264
100,533,4,3.77693510055542
100,22,5,4.294083595275879
100,657,6,3.373743772506714
100,443,7,3.5426900386810303
100,746,8,3.8678250312805176
100,614,9,3.758579969406128
100,131,10,4.073746681213379
101,333,1,3.751681089401245
101,98,2,4.0433855056762695
101,837,3,3.5236430168151855
101,186,4,3.7213847637176514
101,143,5,3.7146785259246826
101,97,6,4.0999627113342285
101,1114,7,3.350140333175659
101,275,8,3.7311384677886963
101,922,9,3.5843405723571777
101,114,10,3.9100353717803955
103,208,1,4.93331241607666
103,1159,2,4.398910045623779
103,174,3,4.4860005378723145
103,136,4,4.745174407958984
103,96,5,4.380060195922852
103,190,6,4.680922031402588
103,531,7,4.379409313201904
103,663,8,4.379788875579834
103,1142,9,4.209627628326416
103,114,10,4.457016468048096
104,483,1,4.542812824249268
104,22,2,4.4413862228393555
104,705,3,3.298076629638672
104,173,4,4.29810905456543
104,960,5,4.203907012939453
104,12,6,4.178790092468262
104,119,7,3.6507022380828857
104,251,8,3.151815891265869
104,98,9,4.172914028167725
104,519,10,3.7785232067108154
105,318,1,5.247722148895264
105,166,2,4.490117073059082
105,661,3,4.641776084899902
105,50,4,4.967621803283691
105,251,5,4.396669387817383
105,707,6,4.370380878448486
105,48,7,4.443654537200928
105,174,8,4.5253729820251465
105,484,9,4.6854987144470215
105,79,10,4.6720967292785645
106,1007,1,4.24884033203125
106,419,2,4.403522491455078
106,525,3,4.411138534545898
106,79,4,4.676645278930664
106,98,5,4.721424102783203
106,520,6,4.633476257324219
106,1449,7,4.386356353759766
106,234,8,4.069728851318359
106,484,9,4.508426666259766
106,850,10,4.198487281799316
107,23,1,4.828499794006348
107,175,2,3.772458076477051
107,589,3,4.067129611968994
107,56,4,4.510616302490234
107,172,5,4.248239517211914
107,1066,6,3.850930690765381
107,185,7,4.407458305358887
107,150,8,4.39585542678833
107,519,9,4.3955864906311035
107,968,10,3.925262928009033
108,143,1,4.395902633666992
108,213,2,5.085029125213623
108,488,3,4.558159351348877
108,514,4,5.037109851837158
108,190,5,5.412710666656494
108,603,6,4.274168968200684
108,589,7,4.3254547119140625
108,251,8,4.839919567108154
108,208,9,4.108259677886963
108,320,10,4.7834014892578125
109,1125,1,3.612093448638916
109,668,2,3.7176570892333984
109,418,3,4.206190586090088
109,533,4,3.964841604232788
109,1524,5,4.198995590209961
109,73,6,4.471602916717529
109,500,7,4.445000648498535
109,647,8,3.8057103157043457
109,694,9,4.286514759063721
109,701,10,3.98382568359375
110,1064,1,3.8150463104248047
110,928,2,3.71844220161438
110,922,3,3.760435104370117
110,57,4,4.4637579917907715
110,519,5,4.09559965133667
110,522,6,4.103309154510498
110,1101,7,4.4053874015808105
110,603,8,4.313601493835449
110,588,9,4.097204685211182
110,781,10,4.037794589996338
111,19,1,4.511572360992432
111,169,2,4.939725875854492
111,512,3,4.87017822265625
111,1367,4,4.273685932159424
111,479,5,4.482259750366211
111,483,6,4.680914878845215
111,208,7,4.606626033782959
111,79,8,4.315097332000732
111,117,9,3.9890856742858887
111,1482,10,3.9860715866088867
112,656,1,4.311689853668213
112,966,2,4.247483253479004
112,418,3,4.4369964599609375
112,1131,4,4.430382251739502
112,200,5,4.241763591766357
112,1396,6,4.7741923332214355
112,515,7,4.770683288574219
112,520,8,4.726038932800293
112,1101,9,4.4969072341918945
112,1269,10,4.573389053344727
113,72,1,3.873687267303467
113,603,2,4.300784111022949
113,282,3,4.309272289276123
113,1142,4,3.923001766204834
113,528,5,3.9941139221191406
113,169,6,4.736298084259033
113,1450,7,3.7563648223876953
113,23,8,4.776824951171875
113,173,9,4.982725143432617
113,434,10,4.008550643920898
114,50,1,4.91560173034668
114,511,2,4.795624732971191
114,228,3,3.726116180419922
114,484,4,4.128322124481201
114,963,5,4.506590366363525
114,192,6,4.1258649826049805
114,644,7,4.110576152801514
114,1064,8,3.7138116359710693
114,69,9,4.319131374359131
114,530,10,4.209259986877441
115,179,1,5.616657733917236
115,200,2,4.1434550285339355
115,520,3,4.4064249992370605
115,70,4,4.211760997772217
115,408,5,5.2761125564575195
115,96,6,5.0369181632995605
115,275,7,4.137048244476318
115,10,8,4.8983473777771
115,203,9,4.346930503845215
115,320,10,4.742373943328857
116,528,1,4.540389060974121
116,705,2,3.8946585655212402
116,1073,3,3.5276055335998535
116,656,4,4.1923017501831055
116,75,5,3.5293850898742676
116,69,6,4.349068641662598
116,1367,7,3.8818891048431396
116,134,8,4.182871341705322
116,316,9,4.023421287536621
116,229,10,3.471506357192993
117,611,1,4.7762932777404785
117,701,2,4.331367015838623
117,163,3,4.505021095275879
117,1153,4,4.379823684692383
117,304,5,4.501911163330078
117,169,6,5.141918659210205
117,1449,7,5.055706024169922
117,922,8,4.549346446990967
117,272,9,4.870179653167725
117,684,10,4.779168128967285
118,178,1,5.452830791473389
118,12,2,5.382397174835205
118,484,3,4.767630577087402
118,1558,4,4.718658447265625
118,479,5,4.911202907562256
118,968,6,4.7185163497924805
118,230,7,4.805912017822266
118,1007,8,5.00503396987915
118,966,9,4.908979415893555
118,675,10,4.653564453125
119,267,1,4.392346382141113
119,657,2,5.496321678161621
119,527,3,4.813784599304199
119,183,4,5.304369926452637
119,1203,5,4.533260345458984
119,1277,6,4.4300618171691895
119,169,7,5.245790481567383
119,191,8,5.217808723449707
119,646,9,4.578379154205322
119,119,10,4.785704135894775
120,611,1,4.615133285522461
120,436,2,4.142656326293945
120,275,3,4.494726657867432
120,525,4,4.819736480712891
120,589,5,4.414791584014893
120,602,6,4.218815803527832
120,644,7,4.326481819152832
120,408,8,4.7520551681518555
120,1449,9,4.892144203186035
120,427,10,4.849445343017578
121,919,1,3.7147579193115234
121,200,2,3.6684024333953857
121,1070,3,3.925656318664551
121,1142,4,4.60282039642334
121,659,5,4.541676998138428
121,483,6,4.516697406768799
121,863,7,4.243374347686768
121,60,8,4.507202625274658
121,432,9,4.151154041290283
121,966,10,4.130279064178467
122,507,1,5.473424911499023
122,653,2,4.604065418243408
122,12,3,4.603142261505127
122,484,4,4.353156566619873
122,493,5,4.21926212310791
122,1193,6,4.2742180824279785
122,884,7,4.342896461486816
122,276,8,4.874145030975342
122,694,9,4.735627174377441
122,474,10,4.706838130950928
123,654,1,5.080020427703857
123,17,2,3.8992843627929688
123,131,3,4.900232315063477
123,119,4,4.046567916870117
123,463,5,4.205456256866455
123,1064,6,4.088072299957275
123,408,7,4.814457893371582
123,152,8,4.389678478240967
123,224,9,4.833436965942383
123,474,10,4.561111927032471
124,246,1,4.244243621826172
124,89,2,4.204648494720459
124,1142,3,3.377375364303589
124,1367,4,3.2417476177215576
124,425,5,4.071132183074951
124,100,6,4.0585713386535645
124,515,7,3.547703742980957
124,505,8,3.379889488220215
124,203,9,3.662729501724243
124,443,10,3.1952590942382812
125,361,1,3.8997106552124023
125,596,2,4.276612281799316
125,675,3,4.423582077026367
125,1511,4,4.283891201019287
125,228,5,4.875234603881836
125,690,6,3.8976263999938965
125,310,7,4.421662330627441
125,966,8,4.819143295288086
125,227,9,4.9737935066223145
125,119,10,4.257536888122559
126,169,1,4.233270168304443
126,173,2,4.796039581298828
126,608,3,3.9333677291870117
126,12,4,4.6953301429748535
126,838,5,3.795996904373169
126,204,6,4.194467544555664
126,205,7,4.650607109069824
126,165,8,4.577519416809082
126,7,9,4.53402853012085
126,143,10,3.6932897567749023
127,701,1,4.17795991897583
127,210,2,4.471189498901367
127,1450,3,4.47010612487793
127,378,4,4.481525421142578
127,1537,5,3.8472952842712402
127,143,6,3.996309280395508
127,12,7,5.051490306854248
127,432,8,4.841513633728027
127,568,9,4.8870415687561035
127,318,10,4.456902980804443
128,420,1,3.7568066120147705
128,22,2,4.077686309814453
128,269,3,4.927911758422852
128,34,4,3.926844835281372
128,792,5,4.846120834350586
128,1594,6,3.786891460418701
128,607,7,5.098662853240967
128,61,8,4.779929161071777
128,313,9,4.847325801849365
128,1367,10,4.568403720855713
130,533,1,4.4396281242370605
130,177,2,4.5585126876831055
130,191,3,5.2666449546813965
130,1293,4,4.342422008514404
130,119,5,4.853683948516846
130,607,6,5.083720684051514
130,302,7,4.825231075286865
130,969,8,4.817147254943848
130,1153,9,5.042654991149902
130,251,10,4.80384635925293
131,318,1,4.10398530960083
131,603,2,4.619988918304443
131,56,3,4.228971004486084
131,659,4,4.102310657501221
131,178,5,4.22368049621582
131,1203,6,4.009210586547852
131,203,7,4.096731662750244
131,208,8,4.463643550872803
131,709,9,4.219894886016846
131,661,10,4.487565040588379
132,521,1,3.9880564212799072
132,114,2,3.985626220703125
132,213,3,3.775179147720337
132,661,4,4.197052001953125
132,513,5,3.971491813659668
132,945,6,3.969181776046753
132,435,7,4.236311912536621
132,443,8,3.538761615753174
132,316,9,4.367745399475098
132,811,10,3.7774763107299805
133,511,1,4.648638725280762
133,1193,2,4.140838623046875
133,99,3,3.89060115814209
133,811,4,3.962599754333496
133,530,5,4.044924736022949
133,488,6,3.8327386379241943
133,607,7,3.959622621536255
133,208,8,4.129900932312012
133,408,9,4.313600540161133
133,611,10,4.211376190185547
134,164,1,4.7312798500061035
134,204,2,4.144329071044922
134,12,3,4.135456562042236
134,1367,4,3.816629648208618
134,633,5,3.890326499938965
134,484,6,4.439868927001953
134,588,7,3.8870701789855957
134,153,8,4.413517475128174
134,1019,9,3.6149203777313232
134,119,10,3.9937217235565186
135,179,1,4.351202011108398
135,96,2,3.9971959590911865
135,10,3,4.750804901123047
135,792,4,4.0529069900512695
135,165,5,4.901166915893555
135,513,6,4.641754150390625
135,736,7,4.600112438201904
135,11,8,4.56913423538208
135,320,9,4.138068675994873
135,1,10,4.4298930168151855
136,634,1,4.278521537780762
136,135,2,5.257876396179199
136,530,3,5.0943684577941895
136,611,4,4.655088424682617
136,466,5,4.237909317016602
136,1535,6,4.55293083190918
136,497,7,4.63844633102417
136,474,8,4.989866256713867
136,187,9,4.777278900146484
136,661,10,4.981189727783203
137,922,1,5.77221155166626
137,12,2,5.641489505767822
137,741,3,4.663104057312012
137,645,4,5.058583736419678
137,114,5,5.047565460205078
137,430,6,5.3958234786987305
137,434,7,5.384296417236328
137,102,8,4.894015789031982
137,148,9,5.043801784515381
137,60,10,5.308878421783447
138,282,1,4.557144641876221
138,443,2,4.419414520263672
138,491,3,4.418128967285156
138,1167,4,4.408936500549316
138,856,5,4.72090482711792
138,648,6,4.695226669311523
138,1449,7,4.530989170074463
138,474,8,4.679118633270264
138,470,9,4.392645835876465
138,479,10,4.609323024749756
139,97,1,4.334100723266602
139,694,2,4.20219612121582
139,609,3,4.257835388183594
139,1413,4,4.013284683227539
139,443,5,4.152792930603027
139,152,6,4.4247331619262695
139,513,7,4.608558654785156
139,432,8,4.526019096374512
139,56,9,4.5116753578186035
139,661,10,4.499380588531494
140,484,1,4.334794044494629
140,251,2,4.706798553466797
140,183,3,4.672047138214111
140,114,4,4.226489543914795
140,12,5,4.721268177032471
140,59,6,4.650937080383301
140,1449,7,4.639141082763672
140,320,8,4.1156487464904785
140,463,9,4.110093593597412
140,432,10,4.157267093658447
141,143,1,5.162822246551514
141,844,2,4.2815351486206055
141,178,3,5.047658443450928
141,766,4,4.021646499633789
141,922,5,4.282405853271484
141,318,6,4.823636054992676
141,520,7,4.659626007080078
141,1531,8,4.079455375671387
141,183,9,4.658388614654541
141,516,10,4.410363674163818
142,50,1,5.089357376098633
142,1007,2,4.213796615600586
142,505,3,3.9780936241149902
142,357,4,4.92650842666626
142,489,5,4.420513153076172
142,204,6,4.280243396759033
142,114,7,4.412684440612793
142,1194,8,4.3707661628723145
142,174,9,4.622880458831787
142,1142,10,4.605691909790039
143,174,1,4.375830173492432
143,170,2,4.248164653778076
143,945,3,4.156150817871094
143,613,4,4.239461421966553
143,178,5,4.700623512268066
143,496,6,4.85543155670166
143,96,7,4.794041633605957
143,219,8,4.094966888427734
143,811,9,4.15287971496582
143,588,10,4.090465545654297
144,430,1,5.077216148376465
144,922,2,4.149973392486572
144,483,3,4.7956671714782715
144,77,4,4.7135772705078125
144,226,5,4.035708427429199
144,157,6,4.339441299438477
144,519,7,4.115077018737793
144,613,8,4.332735061645508
144,602,9,4.110138893127441
144,493,10,3.951068878173828
145,19,1,5.430553913116455
145,199,2,4.421436309814453
145,194,3,4.640927791595459
145,1298,4,3.9438626766204834
145,520,5,4.963245391845703
145,484,6,5.028398036956787
145,210,7,4.409794330596924
145,730,8,4.150201797485352
145,513,9,4.912666320800781
145,646,10,4.50706672668457
146,653,1,4.126881122589111
146,89,2,4.769128322601318
146,694,3,4.347448825836182
146,134,4,4.3417744636535645
146,200,5,3.8458445072174072
146,189,6,4.347585678100586
146,1203,7,4.35400390625
146,180,8,4.638696670532227
146,525,9,4.542109966278076
146,176,10,4.201514720916748
147,1594,1,4.678313732147217
147,174,2,4.6712565422058105
147,185,3,4.557692050933838
147,496,4,4.555018424987793
147,966,5,4.6664252281188965
147,603,6,5.01628303527832
147,1367,7,4.510483741760254
147,176,8,4.804994583129883
147,746,9,4.324159145355225
147,429,10,4.762033462524414
148,315,1,3.965183973312378
148,710,2,4.142661094665527
148,478,3,4.9821319580078125
148,886,4,4.3163862228393555
148,661,5,4.215469837188721
148,701,6,4.033684253692627
148,434,7,3.8784546852111816
148,654,8,4.517158508300781
148,530,9,4.878293514251709
148,854,10,4.576355457305908
150,963,1,4.629737854003906
150,919,2,4.498423099517822
150,445,3,4.608868598937988
150,156,4,4.345644950866699
150,172,5,5.077958583831787
150,316,6,4.920048236846924
150,483,7,4.858947277069092
150,127,8,4.744832992553711
150,657,9,4.678421974182129
150,1500,10,4.370469570159912
151,963,1,5.22066068649292
151,520,2,4.623104095458984
151,45,3,5.1238627433776855
151,99,4,5.117036819458008
151,1064,5,4.445634841918945
151,1124,6,4.138941287994385
151,1362,7,4.040411472320557
151,608,8,4.436950206756592
151,1386,9,4.239833831787109
151,774,10,4.379611968994141
152,313,1,5.820904731750488
152,530,2,4.557721138000488
152,179,3,4.610787391662598
152,969,4,4.767619609832764
152,28,5,5.295878887176514
152,417,6,5.250411033630371
152,850,7,4.7430033683776855
152,474,8,5.105945587158203
152,493,9,5.094662189483643
152,580,10,4.723565578460693
153,12,1,4.714149475097656
153,165,2,4.194637775421143
153,653,3,3.9931652545928955
153,1142,4,4.184293746948242
153,96,5,4.081484317779541
153,302,6,4.630042552947998
153,603,7,4.587997913360596
153,408,8,4.576035499572754
153,511,9,3.7868404388427734
153,835,10,4.1185431480407715
154,56,1,4.930896759033203
154,169,2,4.030189037322998
154,483,3,4.328406810760498
154,178,4,4.66668176651001
154,520,5,4.5885748863220215
154,195,6,4.897379398345947
154,119,7,4.281013488769531
154,443,8,4.138635635375977
154,1019,9,4.0771589279174805
154,228,10,4.465084552764893
155,119,1,3.8697352409362793
155,178,2,3.8666203022003174
155,483,3,4.17230224609375
155,99,4,3.5704634189605713
155,480,5,4.118107795715332
155,70,6,3.8385725021362305
155,530,7,3.750020742416382
155,589,8,4.0237717628479
155,466,9,3.8243637084960938
155,169,10,3.9607906341552734
156,185,1,4.660815238952637
156,484,2,4.031671524047852
156,177,3,4.521032333374023
156,519,4,4.14272928237915
156,511,5,4.567131519317627
156,490,6,3.759713649749756
156,427,7,4.502373218536377
156,1201,8,3.7603254318237305
156,1367,9,3.938002347946167
156,7,10,4.004626750946045
157,919,1,4.764702320098877
157,156,2,5.607961654663086
157,357,3,5.460621356964111
157,251,4,4.868039131164551
157,525,5,4.5254950523376465
157,22,6,4.327866554260254
157,496,7,5.264368534088135
157,114,8,5.1768622398376465
157,513,9,5.091080665588379
157,549,10,4.598471164703369
158,919,1,4.199249267578125
158,318,2,5.409396648406982
158,52,3,4.457282066345215
158,588,4,4.267641544342041
158,421,5,4.27433967590332
158,924,6,5.136634826660156
158,167,7,4.192032814025879
158,12,8,4.860096454620361
158,589,9,4.802317142486572
158,484,10,4.434790134429932
159,1042,1,4.291873455047607
159,199,2,5.388823509216309
159,954,3,4.245489120483398
159,738,4,4.238704681396484
159,152,5,5.33090877532959
159,602,6,4.670722961425781
159,114,7,4.665030002593994
159,166,8,4.588924407958984
159,488,9,4.469401836395264
159,300,10,5.029824256896973
160,144,1,5.384092807769775
160,97,2,4.458155155181885
160,1203,3,4.155888557434082
160,853,4,4.589166641235352
160,344,5,4.971575736999512
160,203,6,4.891542434692383
160,645,7,4.09407901763916
160,1024,8,3.9541194438934326
160,200,9,4.5584564208984375
160,673,10,4.643008232116699
162,963,1,4.459344387054443
162,850,2,4.178162574768066
162,1169,3,4.541266441345215
162,694,4,4.383719444274902
162,524,5,4.536328315734863
162,313,6,4.946436405181885
162,302,7,4.818160533905029
162,443,8,4.304235458374023
162,511,9,4.526747703552246
162,211,10,4.643860816955566
163,169,1,3.8843696117401123
163,211,2,3.9474828243255615
163,195,3,4.3114423751831055
163,675,4,3.683995008468628
163,523,5,4.297396659851074
163,115,6,3.8157663345336914
163,513,7,4.2614216804504395
163,174,8,4.221416473388672
163,432,9,3.917891263961792
163,179,10,3.798748016357422
164,853,1,4.609084129333496
164,48,2,4.46801233291626
164,1604,3,4.467734336853027
164,1367,4,4.3435869216918945
164,525,5,5.087329864501953
164,628,6,5.118636608123779
164,922,7,5.078920841217041
164,385,8,5.132369041442871
164,502,9,4.760740280151367
164,500,10,4.673156261444092
165,1512,1,4.406249046325684
165,191,2,5.042012691497803
165,268,3,4.291930675506592
165,513,4,4.785060882568359
165,478,5,4.400371551513672
165,634,6,4.171078681945801
165,1293,7,4.213268280029297
165,320,8,4.449234962463379
165,530,9,4.206553936004639
165,1,10,4.664859771728516
166,79,1,3.872072458267212
166,483,2,4.295650005340576
166,191,3,3.871696949005127
166,525,4,3.863013744354248
166,42,5,3.98581600189209
166,114,6,3.978994369506836
166,98,7,4.214675426483154
166,222,8,3.8407318592071533
166,320,9,3.7515625953674316
166,489,10,3.8995211124420166
167,183,1,4.09224796295166
167,1203,2,3.680511236190796
167,511,3,3.895282745361328
167,186,4,4.258797645568848
167,484,5,4.248431205749512
167,661,6,4.247127056121826
167,223,7,4.687441349029541
167,958,8,3.9633071422576904
167,154,9,4.5520806312561035
167,131,10,3.5842301845550537
168,895,1,3.772062063217163
168,1373,2,3.8203864097595215
168,144,3,5.104376792907715
168,533,4,3.8179523944854736
168,186,5,5.049764633178711
168,98,6,5.0157880783081055
168,519,7,4.128812313079834
168,169,8,4.953559875488281
168,79,9,4.950022220611572
168,64,10,4.404963493347168
169,653,1,4.498490810394287
169,487,2,4.340123176574707
169,1451,3,4.041668891906738
169,169,4,4.88046932220459
169,857,5,4.171442031860352
169,1594,6,4.0406622886657715
169,22,7,4.8431501388549805
169,187,8,4.838260650634766
169,431,9,4.155161380767822
169,208,10,4.534626483917236
170,498,1,5.457728862762451
170,653,2,4.771852016448975
170,474,3,5.023611545562744
170,520,4,5.431514739990234
170,496,5,5.44718599319458
170,59,6,5.40286111831665
170,174,7,5.3498430252075195
170,119,8,4.824822425842285
170,434,9,4.982230186462402
170,185,10,4.93845796585083
171,604,1,3.717233896255493
171,513,2,4.3862457275390625
171,694,3,3.9892578125
171,520,4,3.997635841369629
171,638,5,3.8494343757629395
171,489,6,3.843329429626465
171,183,7,4.301661491394043
171,169,8,4.344408988952637
171,519,9,3.7717812061309814
171,1142,10,3.9462058544158936
172,98,1,4.323088645935059
172,12,2,4.1181111335754395
172,443,3,3.2161924839019775
172,922,4,3.6688969135284424
172,520,5,3.3954482078552246
172,513,6,3.976012945175171
172,298,7,3.3900763988494873
172,483,8,3.7068214416503906
172,835,9,3.5016822814941406
172,169,10,3.816650629043579
173,30,1,4.822342395782471
173,12,2,4.998579978942871
173,169,3,5.378320217132568
173,520,4,4.762876510620117
173,125,5,4.585484027862549
173,656,6,4.973640441894531
173,513,7,5.220345973968506
173,71,8,4.73372220993042
173,251,9,5.181145668029785
173,114,10,4.86129903793335
174,47,1,5.490800380706787
174,675,2,4.804635524749756
174,1011,3,4.4871602058410645
174,169,4,4.807151794433594
174,513,5,4.547409534454346
174,701,6,4.616091251373291
174,114,7,5.29704475402832
174,755,8,4.79401969909668
174,211,9,5.187312602996826
174,694,10,4.865238666534424
175,190,1,4.172415733337402
175,200,2,3.7451655864715576
175,496,3,4.966032981872559
175,174,4,4.752353191375732
175,470,5,4.027559757232666
175,487,6,4.027900218963623
175,863,7,4.1621479988098145
175,181,8,5.010210037231445
175,148,9,4.158551216125488
175,168,10,4.521951675415039
176,488,1,4.188246726989746
176,1005,2,4.187095642089844
176,479,3,5.075227737426758
176,171,4,4.868018627166748
176,443,5,4.233513355255127
176,185,6,4.9831013679504395
176,311,7,4.758212089538574
176,1203,8,4.728038787841797
176,811,9,4.357440948486328
176,463,10,4.587329387664795
177,177,1,4.008953094482422
177,1142,2,4.948249816894531
177,694,3,4.273841381072998
177,474,4,4.663339614868164
177,661,5,4.658916473388672
177,346,6,4.224832057952881
177,32,7,3.731377363204956
177,519,8,3.966463327407837
177,615,9,4.400154113769531
177,428,10,4.354383945465088
178,1450,1,4.027806282043457
178,660,2,4.798007011413574
178,205,3,4.770880699157715
178,924,4,4.333195209503174
178,1482,5,3.7851383686065674
178,1500,6,4.329870223999023
178,190,7,4.72990608215332
178,302,8,4.806826114654541
178,848,9,4.099148750305176
178,1251,10,4.456016540527344
179,657,1,4.934741020202637
179,474,2,3.978515625
179,919,3,4.332983493804932
179,1269,4,4.6779656410217285
179,479,5,3.812061071395874
179,185,6,4.036657810211182
179,494,7,4.634658336639404
179,811,8,3.80942964553833
179,493,9,4.029366970062256
179,1449,10,4.5200629234313965
180,530,1,5.303653717041016
180,64,2,5.217898845672607
180,89,3,5.072751522064209
180,116,4,4.369356632232666
180,634,5,4.009929656982422
180,1142,6,4.958510875701904
180,432,7,4.08685827255249
180,1073,8,4.6335601806640625
180,180,9,4.833820343017578
180,183,10,4.412802696228027
181,1007,1,2.4734909534454346
181,318,2,3.292464017868042
181,174,3,2.203502655029297
181,496,4,2.97878360748291
181,208,5,2.955409049987793
181,811,6,2.2476038932800293
181,265,7,2.8957104682922363
181,99,8,2.18890118598938
181,91,9,2.860603094100952
181,966,10,2.7324187755584717
182,1142,1,4.352870941162109
182,602,2,4.12873649597168
182,432,3,4.450058460235596
182,603,4,4.937783241271973
182,427,5,4.8307085037231445
182,302,6,4.349911212921143
182,64,7,4.775735378265381
182,483,8,4.752068042755127
182,174,9,4.99525785446167
182,853,10,4.135329723358154
183,811,1,3.729647397994995
183,675,2,3.900728225708008
183,276,3,4.141284942626953
183,89,4,4.128036975860596
183,656,5,3.99277400970459
183,647,6,4.521331787109375
183,530,7,4.122443675994873
183,524,8,4.528099060058594
183,417,9,3.8998732566833496
183,408,10,4.11316442489624
184,248,1,4.338496685028076
184,306,2,4.670429229736328
184,48,3,4.6591901779174805
184,324,4,3.8750407695770264
184,432,5,4.102472305297852
184,83,6,4.623998641967773
184,1536,7,3.854938507080078
184,922,8,3.743643283843994
184,434,9,4.136292457580566
184,488,10,4.134446620941162
185,470,1,4.169760227203369
185,850,2,4.103338718414307
185,615,3,4.71235466003418
185,531,4,4.37984037399292
185,425,5,4.594810485839844
185,408,6,4.587615013122559
185,310,7,4.01823616027832
185,602,8,4.207815170288086
185,654,9,4.541375160217285
185,431,10,4.515527725219727
186,603,1,4.357442855834961
186,589,2,4.1330108642578125
186,480,3,5.412323474884033
186,189,4,4.696183681488037
186,420,5,4.074911117553711
186,69,6,5.129272937774658
186,278,7,4.348319053649902
186,436,8,3.9728899002075195
186,210,9,5.276247978210449
186,174,10,4.439396381378174
187,318,1,5.492366313934326
187,42,2,4.274170398712158
187,179,3,4.853909015655518
187,199,4,4.536152362823486
187,1137,5,4.905654430389404
187,580,6,4.005277156829834
187,151,7,4.804662227630615
187,119,8,4.050253868103027
187,603,9,4.696206092834473
187,114,10,4.6834821701049805
188,451,1,4.951979637145996
188,1007,2,4.262957572937012
188,603,3,4.86258602142334
188,360,4,3.9435408115386963
188,1619,5,4.25379753112793
188,1149,6,4.426839351654053
188,273,7,4.072192192077637
188,242,8,4.675984859466553
188,447,9,4.546343803405762
188,588,10,4.196650505065918
189,445,1,4.193222522735596
189,966,2,4.281796455383301
189,169,3,5.131480693817139
189,709,4,5.186183452606201
189,1039,5,4.543708801269531
189,1142,6,5.0399580001831055
189,150,7,5.015692710876465
189,797,8,4.188185691833496
189,515,9,4.730484962463379
189,519,10,4.7147016525268555
190,190,1,4.922216415405273
190,182,2,4.842833518981934
190,42,3,4.418601989746094
190,79,4,4.412757396697998
190,922,5,4.270495414733887
190,12,6,4.807178974151611
190,520,7,4.262201309204102
190,837,8,4.252111911773682
190,485,9,4.27170991897583
190,95,10,4.500603199005127
191,200,1,4.1025495529174805
191,487,2,4.257724761962891
191,318,3,4.508251190185547
191,480,4,4.021256923675537
191,11,5,4.160834312438965
191,176,6,4.449057102203369
191,1623,7,4.020684719085693
191,169,8,4.4202446937561035
191,602,9,3.9499428272247314
191,645,10,4.043426990509033
192,811,1,3.926666498184204
192,169,2,5.09406852722168
192,89,3,4.747282028198242
192,510,4,3.8577706813812256
192,408,5,4.645771503448486
192,114,6,4.616835117340088
192,479,7,4.608064651489258
192,448,8,4.1126790046691895
192,491,9,4.182568550109863
192,1462,10,4.25189208984375
193,1154,1,3.764497756958008
193,241,2,4.397398471832275
193,1251,3,4.0454182624816895
193,482,4,4.043114185333252
193,591,5,4.344271183013916
193,189,6,4.719208240509033
193,660,7,4.595150470733643
193,470,8,4.586816787719727
193,530,9,4.469908714294434
193,645,10,3.9764513969421387
194,793,1,3.563385009765625
194,919,2,4.747939109802246
194,1364,3,3.4019713401794434
194,1298,4,3.267596483230591
194,156,5,4.3352155685424805
194,493,6,3.555312395095825
194,811,7,3.5632569789886475
194,475,8,4.356487274169922
194,724,9,3.797366142272949
194,169,10,4.212630748748779
195,1007,1,4.223726272583008
195,114,2,4.431503772735596
195,463,3,3.952838897705078
195,9,4,4.9015278816223145
195,302,5,4.212693214416504
195,659,6,4.81374454498291
195,69,7,4.418795108795166
195,131,8,4.338924407958984
195,185,9,4.584524631500244
195,216,10,4.5576324462890625
196,466,1,4.893847942352295
196,512,2,4.803647994995117
196,12,3,3.9553656578063965
196,129,4,4.0219645500183105
196,675,5,4.117415904998779
196,317,6,3.9479033946990967
196,520,7,4.010074615478516
196,661,8,4.4740214347839355
196,1203,9,4.4628705978393555
196,484,10,4.228429317474365
197,423,1,4.886821746826172
197,1154,2,3.615493059158325
197,498,3,4.8704705238342285
197,491,4,4.8279595375061035
197,168,5,4.807397365570068
197,596,6,3.6098947525024414
197,488,7,4.045697212219238
197,479,8,4.216744899749756
197,811,9,4.20582389831543
197,496,10,4.4038214683532715
198,67,1,3.3649520874023438
198,485,2,3.794053077697754
198,513,3,4.500150680541992
198,919,4,4.818693161010742
198,134,5,4.4142961502075195
198,169,6,3.923139810562134
198,190,7,4.361612796783447
198,479,8,4.3406267166137695
198,675,9,3.2988924980163574
198,954,10,3.585003614425659
199,8,1,3.75534725189209
199,694,2,3.7538037300109863
199,89,3,4.013675212860107
199,96,4,3.8615002632141113
199,1268,5,3.8521103858947754
199,48,6,4.285404682159424
199,589,7,3.58937406539917
199,190,8,4.256627082824707
199,419,9,4.161641597747803
199,251,10,4.147587299346924
200,73,1,4.473789691925049
200,491,2,4.523164749145508
200,655,3,5.248048782348633
200,709,4,4.591458320617676
200,293,5,5.074427604675293
200,332,6,5.07110595703125
200,97,7,5.064215183258057
200,1251,8,4.578938961029053
200,1019,9,4.989806175231934
200,189,10,4.645956993103027
201,474,1,4.40118932723999
201,496,2,4.358376979827881
201,487,3,4.336872577667236
201,140,4,3.6774563789367676
201,605,5,3.3284358978271484
201,1367,6,3.4145398139953613
201,1396,7,4.245338439941406
201,169,8,3.829840898513794
201,298,9,4.2170329093933105
201,657,10,3.995551109313965
202,1243,1,3.278696298599243
202,656,2,3.7821590900421143
202,463,3,3.317596912384033
202,922,4,3.5663161277770996
202,174,5,3.7946770191192627
202,493,6,3.6664159297943115
202,963,7,4.115756988525391
202,524,8,3.9257593154907227
202,470,9,3.8615074157714844
202,381,10,3.80621337890625
203,22,1,4.957082748413086
203,318,2,4.904491424560547
203,172,3,4.875521659851074
203,219,4,3.7953314781188965
203,1064,5,3.953493118286133
203,1084,6,3.717522144317627
203,173,7,4.610476970672607
203,1073,8,4.268355846405029
203,333,9,3.9474871158599854
203,152,10,3.818281650543213
204,115,1,3.6082606315612793
204,647,2,5.041471481323242
204,1024,3,3.7083029747009277
204,483,4,4.971350193023682
204,285,5,4.140420436859131
204,185,6,4.734522819519043
204,922,7,3.5632741451263428
204,238,8,4.4850053787231445
204,588,9,3.9547295570373535
204,474,10,4.241462230682373
205,199,1,4.3474602699279785
205,50,2,4.300684928894043
205,922,3,3.925325632095337
205,1159,4,3.6048929691314697
205,475,5,3.892613649368286
205,615,6,3.789156913757324
205,463,7,3.546945571899414
205,654,8,4.147706985473633
205,175,9,3.882251739501953
205,208,10,3.8596577644348145
206,1131,1,3.5716426372528076
206,1142,2,4.26054048538208
206,946,3,3.040203809738159
206,176,4,3.3950328826904297
206,357,5,4.172448635101318
206,408,6,3.7146155834198
206,119,7,3.909930944442749
206,835,8,3.6674766540527344
206,661,9,3.6637401580810547
206,1573,10,3.2751717567443848
207,1500,1,3.9594669342041016
207,169,2,4.502652168273926
207,484,3,3.827871322631836
207,602,4,3.725511312484741
207,257,5,3.829113245010376
207,268,6,3.9194555282592773
207,1194,7,3.944167137145996
207,89,8,3.6973459720611572
207,1585,9,3.626441240310669
207,589,10,3.687809705734253
208,119,1,3.7816572189331055
208,165,2,4.210928440093994
208,313,3,3.9782724380493164
208,692,4,4.68286657333374
208,513,5,4.6268839836120605
208,520,6,4.550623893737793
208,603,7,4.521309852600098
208,528,8,4.039064407348633
208,89,9,4.4058732986450195
208,177,10,4.345178127288818
209,1450,1,4.060591697692871
209,206,2,3.920790672302246
209,1367,3,4.193613052368164
209,183,4,4.294938564300537
209,56,5,4.189853191375732
209,1169,6,4.184548377990723
209,483,7,4.6063642501831055
209,1007,8,4.277150630950928
209,1142,9,4.595080852508545
209,602,10,4.033021926879883
210,169,1,5.2835774421691895
210,1413,2,4.181553840637207
210,498,3,4.706538200378418
210,48,4,4.593527793884277
210,20,5,5.084167957305908
210,1193,6,4.719442367553711
210,533,7,4.510477542877197
210,251,8,4.603612899780273
210,488,9,4.353376388549805
210,1143,10,4.230772495269775
211,657,1,4.087644577026367
211,50,2,4.467610836029053
211,675,3,3.9464612007141113
211,142,4,3.593071937561035
211,12,5,4.309383392333984
211,187,6,4.276094436645508
211,136,7,4.262347221374512
211,958,8,3.8745176792144775
211,519,9,4.186497688293457
211,154,10,4.1554694175720215
212,1413,1,3.903528928756714
212,272,2,4.805920600891113
212,1428,3,4.059540271759033
212,514,4,4.353870868682861
212,484,5,4.2460784912109375
212,318,6,4.628355026245117
212,657,7,4.157466888427734
212,100,8,4.540696620941162
212,214,9,4.151711463928223
212,95,10,4.498117923736572
213,963,1,5.137521743774414
213,1466,2,4.5313591957092285
213,302,3,5.010358810424805
213,470,4,4.531085014343262
213,525,5,4.431034564971924
213,96,6,5.004974365234375
213,211,7,4.637012004852295
213,844,8,4.363287448883057
213,115,9,4.465044975280762
213,630,10,4.3956804275512695
214,210,1,4.035674095153809
214,318,2,4.802623271942139
214,317,3,4.030761241912842
214,520,4,4.869048595428467
214,969,5,3.8081774711608887
214,805,6,3.8024230003356934
214,855,7,4.39087438583374
214,32,8,3.797761917114258
214,490,9,3.9017229080200195
214,203,10,3.8388845920562744
215,588,1,3.979851245880127
215,657,2,4.718856334686279
215,425,3,4.136963844299316
215,404,4,3.805849075317383
215,443,5,3.8867039680480957
215,173,6,4.594967365264893
215,277,7,3.6462411880493164
215,214,8,3.9777116775512695
215,513,9,4.643771171569824
215,177,10,4.457329750061035
216,663,1,4.420193195343018
216,1598,2,3.8744587898254395
216,589,3,3.953937530517578
216,924,4,4.969437599182129
216,176,5,4.414624214172363
216,285,6,4.374655723571777
216,1159,7,4.72020959854126
216,848,8,4.052791118621826
216,1142,9,4.594829559326172
216,705,10,4.042703628540039
217,1286,1,4.0931220054626465
217,1298,2,4.25177526473999
217,661,3,4.087436199188232
217,228,4,4.0820770263671875
217,298,5,5.05610466003418
217,268,6,4.087155342102051
217,604,7,4.68967866897583
217,505,8,3.958718776702881
217,60,9,4.481022357940674
217,484,10,4.442880630493164
218,344,1,4.825760364532471
218,811,2,3.7242019176483154
218,443,3,3.949416399002075
218,483,4,4.487118244171143
218,479,5,4.010931491851807
218,1154,6,4.0020294189453125
218,1449,7,4.511704444885254
218,1070,8,4.4610443115234375
218,203,9,4.37310266494751
218,465,10,4.012376308441162
219,408,1,5.395570278167725
219,657,2,4.844367980957031
219,1211,3,4.328038692474365
219,511,4,4.683332443237305
219,622,5,4.269301414489746
219,611,6,5.102989196777344
219,50,7,4.6960248947143555
219,1142,8,4.669742584228516
219,177,9,4.667364120483398
219,518,10,4.883175373077393
220,445,1,4.495726585388184
220,302,2,4.739513397216797
220,127,3,5.154401779174805
220,133,4,5.117452621459961
220,1251,5,4.445426940917969
220,318,6,5.234990119934082
220,48,7,5.014293670654297
220,474,8,4.7018561363220215
220,922,9,4.400776386260986
220,513,10,4.822565078735352
221,701,1,4.097955703735352
221,408,2,4.366036415100098
221,1203,3,3.8957996368408203
221,529,4,4.630832672119141
221,589,5,4.027374744415283
221,357,6,4.9325852394104
221,1604,7,4.012404918670654
221,445,8,4.194683074951172
221,425,9,4.356266975402832
221,966,10,4.094454765319824
222,203,1,5.077918529510498
222,963,2,4.945182800292969
222,1159,3,4.815340995788574
222,272,4,4.763993263244629
222,495,5,3.544424295425415
222,1367,6,3.543494462966919
222,489,7,3.892625093460083
222,116,8,4.370228290557861
222,1394,9,3.836848735809326
222,1331,10,3.8001248836517334
223,79,1,5.024988174438477
223,1454,2,3.6071321964263916
223,393,3,3.7280373573303223
223,1373,4,3.550555467605591
223,227,5,4.168092250823975
223,88,6,3.9804468154907227
223,483,7,4.502166748046875
223,675,8,3.72369647026062
223,526,9,4.540090560913086
223,612,10,4.495320796966553
224,71,1,4.51243782043457
224,64,2,4.47529935836792
224,1216,3,3.687685012817383
224,165,4,3.9456639289855957
224,1,5,4.409360408782959
224,922,6,3.5898823738098145
224,657,7,4.261657238006592
224,1104,8,3.9322969913482666
224,519,9,3.5853030681610107
224,48,10,3.9107418060302734
225,169,1,4.706626892089844
225,521,2,4.994117736816406
225,228,3,4.29457950592041
225,182,4,5.100250720977783
225,177,5,4.455318927764893
225,513,6,4.6936516761779785
225,191,7,4.672016620635986
225,645,8,4.44881534576416
225,516,9,4.820904731750488
225,1137,10,4.619017601013184
226,538,1,4.110164165496826
226,114,2,5.040374279022217
226,96,3,4.261234283447266
226,494,4,4.093349933624268
226,463,5,3.835613965988159
226,589,6,4.021643161773682
226,671,7,3.885706663131714
226,50,8,4.727992057800293
226,484,9,3.9305646419525146
226,697,10,4.277565002441406
227,491,1,4.212366104125977
227,190,2,4.8253021240234375
227,91,3,4.768558502197266
227,524,4,4.7710371017456055
227,607,5,3.9001646041870117
227,1166,6,4.132735729217529
227,89,7,4.700052738189697
227,203,8,4.209952354431152
227,1019,9,3.9993479251861572
227,1368,10,4.132297515869141
228,318,1,4.737941741943359
228,520,2,3.851583957672119
228,161,3,4.164200782775879
228,645,4,3.7896459102630615
228,64,5,4.692513942718506
228,89,6,4.169923782348633
228,661,7,3.99041485786438
228,968,8,3.6975393295288086
228,408,9,4.588482856750488
228,659,10,4.217541217803955
229,519,1,3.7221245765686035
229,199,2,3.6698431968688965
229,474,3,3.627295970916748
229,480,4,3.5583910942077637
229,70,5,3.0066018104553223
229,1547,6,2.57639741897583
229,318,7,3.5533411502838135
229,525,8,3.1769211292266846
229,98,9,3.402442455291748
229,114,10,3.3837666511535645
230,133,1,5.223022937774658
230,502,2,4.352932929992676
230,657,3,4.253161907196045
230,1129,4,4.497176647186279
230,1472,5,3.969590187072754
230,434,6,3.9599392414093018
230,333,7,4.674167633056641
230,114,8,4.4179911613464355
230,155,9,4.2890424728393555
230,403,10,4.287843227386475
231,968,1,3.776285171508789
231,64,2,3.9370484352111816
231,165,3,4.309919357299805
231,183,4,4.279092311859131
231,513,5,4.050201416015625
231,483,6,4.2343878746032715
231,50,7,4.02955436706543
231,657,8,4.023425102233887
231,661,9,4.0085225105285645
231,604,10,3.9960594177246094
232,792,1,4.948693752288818
232,1269,2,4.449661731719971
232,198,3,4.19473123550415
232,622,4,4.2905473709106445
232,922,5,4.198422431945801
232,334,6,3.922638416290283
232,10,7,4.429019927978516
232,12,8,4.714884281158447
232,1466,9,4.394134044647217
232,525,10,4.530990123748779
233,513,1,5.14452600479126
233,493,2,5.1403703689575195
233,420,3,4.210386276245117
233,302,4,4.501026153564453
233,615,5,4.580089569091797
233,1558,6,4.687612056732178
233,966,7,4.564528942108154
233,601,8,4.45824670791626
233,32,9,4.374814033508301
233,746,10,4.7451171875
234,1193,1,4.175319671630859
234,1266,2,3.63970685005188
234,533,3,3.167254686355591
234,1142,4,4.001005172729492
234,1051,5,3.1645169258117676
234,408,6,3.9893062114715576
234,1515,7,3.264124870300293
234,922,8,3.925318956375122
234,1143,9,3.310228109359741
234,267,10,3.3089232444763184
235,136,1,4.9812469482421875
235,966,2,4.267852783203125
235,59,3,4.858039855957031
235,89,4,4.76424503326416
235,593,5,4.032601356506348
235,521,6,3.9213943481445312
235,995,7,4.410394668579102
235,169,8,4.3769330978393555
235,491,9,4.36044979095459
235,251,10,4.604398727416992
236,12,1,4.930085182189941
236,11,2,4.912904739379883
236,1450,3,3.9934773445129395
236,660,4,4.8798627853393555
236,403,5,4.166162967681885
236,500,6,4.156250953674316
236,813,7,3.9683802127838135
236,447,8,4.155633449554443
236,497,9,4.0379767417907715
236,479,10,4.022556781768799
237,181,1,3.9050090312957764
237,512,2,4.764299392700195
237,488,3,4.68927526473999
237,443,4,4.089755535125732
237,1073,5,4.177331924438477
237,168,6,4.5499420166015625
237,175,7,4.023858547210693
237,1449,8,4.539396286010742
237,850,9,4.3101396560668945
237,589,10,3.998016119003296
238,318,1,4.625984191894531
238,505,2,3.8832290172576904
238,360,3,3.789924383163452
238,474,4,4.162459850311279
238,671,5,3.940195322036743
238,969,6,3.7453317642211914
238,968,7,3.7873857021331787
238,628,8,4.063910484313965
238,203,9,4.448136329650879
238,916,10,4.14109468460083
239,616,1,5.409847736358643
239,520,2,4.058032035827637
239,1331,3,4.3748273849487305
239,656,4,4.580589294433594
239,211,5,5.339024543762207
239,945,6,4.578832149505615
239,610,7,4.458296775817871
239,697,8,5.163057327270508
239,1386,9,4.738116264343262
239,524,10,4.994124412536621
240,174,1,4.673442363739014
240,653,2,4.508973598480225
240,474,3,5.303171157836914
240,179,4,5.281609535217285
240,408,5,5.336410045623779
240,262,6,4.738353729248047
240,48,7,4.73307991027832
240,173,8,4.888574600219727
240,968,9,4.6109299659729
240,428,10,4.804352283477783
241,48,1,4.844890594482422
241,1142,2,4.118695259094238
241,194,3,4.222139835357666
241,491,4,4.014323711395264
241,186,5,3.962575912475586
241,483,6,4.50180721282959
241,484,7,4.20594596862793
241,601,8,4.102972030639648
241,1154,9,4.0999274253845215
241,633,10,4.3620100021362305
242,132,1,4.0484700202941895
242,966,2,4.042706489562988
242,488,3,3.8941216468811035
242,651,4,4.1987738609313965
242,153,5,4.432855606079102
242,1019,6,4.0961785316467285
242,644,7,3.8754870891571045
242,210,8,4.383937835693359
242,1103,9,4.182101726531982
242,513,10,4.3234100341796875
243,657,1,4.121833801269531
243,474,2,4.11374044418335
243,198,3,4.731881618499756
243,64,4,4.471485614776611
243,1098,5,4.079421520233154
243,1524,6,3.945465087890625
243,675,7,3.9408457279205322
243,89,8,4.339356899261475
243,847,9,4.04586935043335
243,493,10,4.238820552825928
244,857,1,4.1371965408325195
244,483,2,5.118229866027832
244,1169,3,4.186659812927246
244,242,4,5.1101393699646
244,431,5,4.649325370788574
244,1240,6,4.06688117980957
244,486,7,4.650362491607666
244,1367,8,4.1864213943481445
244,479,9,4.446746826171875
244,445,10,4.139721870422363
245,127,1,3.7299158573150635
245,223,2,3.9844555854797363
245,190,3,4.3560404777526855
245,1137,4,4.244248390197754
245,1594,5,3.8034656047821045
245,89,6,4.159193515777588
245,176,7,4.158979415893555
245,48,8,4.146805763244629
245,200,9,3.844468116760254
245,966,10,3.917602300643921
246,89,1,3.9749271869659424
246,1019,2,4.36400032043457
246,511,3,4.8296895027160645
246,91,4,4.811326026916504
246,1240,5,4.184325695037842
246,1137,6,4.6685686111450195
246,857,7,4.1111249923706055
246,705,8,4.603668212890625
246,922,9,4.275008201599121
246,530,10,4.265195846557617
247,657,1,4.5558061599731445
247,50,2,4.5106940269470215
247,1103,3,4.178918838500977
247,408,4,4.449821472167969
247,1148,5,3.845219612121582
247,641,6,4.161796569824219
247,394,7,3.8320281505584717
247,119,8,4.145891189575195
247,513,9,4.3424763679504395
247,114,10,4.105800628662109
248,42,1,5.2151198387146
248,1585,2,3.6794910430908203
248,357,3,4.928612232208252
248,529,4,4.694072723388672
248,588,5,4.014773845672607
248,318,6,4.580682754516602
248,1019,7,4.544249057769775
248,694,8,4.08830451965332
248,603,9,4.396735668182373
248,968,10,3.9693613052368164
249,48,1,5.3056440353393555
249,656,2,4.589396953582764
249,854,3,4.695188522338867
249,60,4,5.2547478675842285
249,671,5,4.5826544761657715
249,315,6,5.110852241516113
249,45,7,4.687883377075195
249,134,8,4.76617431640625
249,489,9,4.727104187011719
249,420,10,4.6166672706604
250,199,1,5.414838790893555
250,513,2,5.068530559539795
250,479,3,4.439085006713867
250,519,4,4.539716720581055
250,131,5,4.675937175750732
250,694,6,4.957710266113281
250,1064,7,4.232613563537598
250,470,8,4.886502742767334
250,494,9,4.8607354164123535
250,633,10,4.6883864402771
251,423,1,5.145663261413574
251,603,2,5.130309104919434
251,234,3,5.088212013244629
251,197,4,5.056321144104004
251,393,5,4.272810459136963
251,644,6,4.207688808441162
251,318,7,4.941184997558594
251,498,8,4.898129463195801
251,661,9,4.855392932891846
251,484,10,4.463433265686035
252,483,1,5.267730712890625
252,435,2,4.502990245819092
252,48,3,4.56902551651001
252,482,4,4.3806471824646
252,474,5,4.315145015716553
252,505,6,4.705966949462891
252,1021,7,4.88239049911499
252,71,8,4.231657028198242
252,313,9,4.66879940032959
252,98,10,4.852806091308594
253,750,1,4.482016086578369
253,526,2,4.432491302490234
253,423,3,5.368642807006836
253,71,4,4.477516174316406
253,609,5,4.208227634429932
253,178,6,5.458765029907227
253,479,7,5.211302757263184
253,136,8,5.0651044845581055
253,648,9,4.501945972442627
253,1594,10,4.497773170471191
254,1154,1,3.333123207092285
254,478,2,3.8814728260040283
254,757,3,3.5779378414154053
254,420,4,3.4155142307281494
254,79,5,4.5517449378967285
254,694,6,3.362083911895752
254,482,7,4.197139739990234
254,187,8,4.052318096160889
254,193,9,4.105933666229248
254,519,10,3.6394236087799072
255,780,1,3.8140668869018555
255,527,2,4.242005825042725
255,624,3,3.487396717071533
255,119,4,3.712770938873291
255,1159,5,3.710902452468872
255,64,6,4.681703567504883
255,653,7,4.041676998138428
255,170,8,4.631796836853027
255,762,9,4.655641555786133
255,208,10,4.223840713500977
256,114,1,5.441235065460205
256,848,2,4.4179182052612305
256,269,3,4.593504905700684
256,207,4,4.737627029418945
256,320,5,4.729056358337402
256,1414,6,4.313523292541504
256,318,7,5.413578987121582
256,675,8,4.413491249084473
256,592,9,4.360225200653076
256,588,10,5.056362628936768
257,1451,1,4.208624839782715
257,318,2,4.901228427886963
257,179,3,4.937221050262451
257,334,4,4.052264213562012
257,484,5,4.479510307312012
257,853,6,4.47478723526001
257,651,7,4.205764293670654
257,192,8,4.624227046966553
257,251,9,4.623865604400635
257,884,10,4.066218376159668
258,648,1,4.387642860412598
258,434,2,4.105737686157227
258,513,3,4.842369556427002
258,506,4,4.1039299964904785
258,483,5,4.949508190155029
258,1194,6,4.813681125640869
258,320,7,4.177235126495361
258,853,8,3.974822998046875
258,119,9,4.346558570861816
258,515,10,4.68704891204834
259,488,1,4.351229190826416
259,89,2,5.251127243041992
259,608,3,4.348507404327393
259,1137,4,4.516362190246582
259,189,5,4.294285774230957
259,195,6,4.3928446769714355
259,694,7,4.883457660675049
259,203,8,4.624557971954346
259,612,9,4.82478141784668
259,32,10,4.553905963897705
260,302,1,4.017068862915039
260,22,2,4.467183589935303
260,134,3,3.6818361282348633
260,1607,4,3.777719020843506
260,575,5,3.934065341949463
260,204,6,4.410544395446777
260,198,7,4.353641986846924
260,1240,8,4.079057216644287
260,493,9,4.301193714141846
260,97,10,4.236727714538574
261,1302,1,4.665798664093018
261,183,2,4.810438632965088
261,811,3,4.8087263107299805
261,657,4,5.432011604309082
261,64,5,5.084599018096924
261,493,6,5.076920032501221
261,318,7,5.609508037567139
261,218,8,4.66058874130249
261,659,9,5.247219085693359
261,500,10,5.160210609436035
262,116,1,3.9915342330932617
262,12,2,4.549599647521973
262,8,3,4.602519512176514
262,514,4,4.295975685119629
262,813,5,3.791440963745117
262,529,6,4.16302490234375
262,922,7,3.572166681289673
262,848,8,3.4594669342041016
262,190,9,4.1017045974731445
262,519,10,3.7417359352111816
263,1611,1,3.908450126647949
263,286,2,4.9979352951049805
263,610,3,3.822010040283203
263,15,4,4.246725082397461
263,187,5,4.742115497589111
263,513,6,4.74929666519165
263,651,7,4.328051567077637
263,916,8,4.08217191696167
263,478,9,4.633597373962402
263,519,10,4.067840576171875
264,50,1,5.672975063323975
264,657,2,5.560322284698486
264,187,3,5.397831916809082
264,302,4,4.840912342071533
264,423,5,5.3108320236206055
264,1062,6,4.504896640777588
264,646,7,4.82682991027832
264,710,8,4.2181854248046875
264,1240,9,4.369838237762451
264,432,10,4.7121686935424805
265,22,1,5.125125885009766
265,12,2,5.02564001083374
265,1500,3,3.919734239578247
265,203,4,4.204653263092041
265,615,5,3.9191417694091797
265,82,6,4.629283905029297
265,71,7,4.573029518127441
265,1367,8,4.058453559875488
265,520,9,4.5031023025512695
265,297,10,4.0545268058776855
266,611,1,3.765169143676758
266,1,2,4.340951919555664
266,174,3,4.241260051727295
266,922,4,3.9205493927001953
266,22,5,4.393402576446533
266,87,6,4.1568803787231445
266,419,7,3.622340679168701
266,143,8,3.874008893966675
266,608,9,3.675588846206665
266,200,10,3.6038200855255127
267,511,1,5.565587520599365
267,408,2,5.369805812835693
267,493,3,4.6166300773620605
267,811,4,4.339678764343262
267,661,5,4.612035751342773
267,269,6,5.23382043838501
267,646,7,4.526885509490967
267,694,8,5.146024227142334
267,246,9,4.7409515380859375
267,1154,10,4.215255260467529
268,648,1,4.110503673553467
268,611,2,3.7064592838287354
268,847,3,4.536827564239502
268,1142,4,4.052849292755127
268,709,5,4.511239528656006
268,1021,6,4.351299285888672
268,615,7,4.033854961395264
268,132,8,4.301168441772461
268,89,9,3.984417200088501
268,547,10,3.844196319580078
269,1009,1,4.0059733390808105
269,199,2,4.6380205154418945
269,32,3,4.355072021484375
269,91,4,3.826777935028076
269,56,5,4.332352638244629
269,916,6,3.9883220195770264
269,513,7,4.228123664855957
269,510,8,3.929081916809082
269,653,9,3.618478775024414
269,872,10,3.8036322593688965
270,919,1,4.919290065765381
270,180,2,5.734837055206299
270,490,3,5.341362953186035
270,813,4,4.995300769805908
270,129,5,5.303505897521973
270,511,6,5.118828296661377
270,671,7,4.764923572540283
270,127,8,5.732232093811035
270,588,9,5.693334102630615
270,488,10,5.273283004760742
271,484,1,4.725147724151611
271,445,2,3.701322078704834
271,958,3,4.114248752593994
271,879,4,3.7004194259643555
271,483,5,4.685326099395752
271,1459,6,3.5227644443511963
271,1073,7,4.53874397277832
271,1483,8,3.695000648498535
271,1245,9,3.751591682434082
271,519,10,4.278257846832275
272,519,1,4.458975315093994
272,197,2,5.301026344299316
272,114,3,4.6012959480285645
272,487,4,4.711331367492676
272,169,5,4.722303867340088
272,515,6,5.0382771492004395
272,513,7,4.89097785949707
272,923,8,4.676829814910889
272,525,9,4.572826862335205
272,119,10,4.754487991333008
273,516,1,3.785501718521118
273,513,2,4.300375461578369
273,1122,3,3.5192782878875732
273,408,4,4.239365100860596
273,1142,5,4.182267189025879
273,165,6,3.8903026580810547
273,443,7,3.5531468391418457
273,661,8,3.772369384765625
273,114,9,3.6996941566467285
273,199,10,3.9460513591766357
274,114,1,5.037590026855469
274,408,2,5.550930976867676
274,302,3,5.484740257263184
274,1286,4,4.402437210083008
274,488,5,4.702979564666748
274,357,6,5.031314849853516
274,922,7,5.240471839904785
274,603,8,5.024774074554443
274,491,9,5.17613410949707
274,811,10,4.672952175140381
275,79,1,4.179407596588135
275,768,2,3.355782985687256
275,64,3,3.7022314071655273
275,124,4,4.031947612762451
275,715,5,3.3113179206848145
275,525,6,3.5042624473571777
275,691,7,3.49963116645813
275,1098,8,3.3937389850616455
275,644,9,3.5714986324310303
275,498,10,3.843392848968506
276,646,1,4.177954196929932
276,119,2,4.285902976989746
276,190,3,4.888728618621826
276,493,4,3.93709659576416
276,313,5,4.4394097328186035
276,604,6,4.428707599639893
276,20,7,4.2716145515441895
276,114,8,4.726237773895264
276,177,9,4.620569705963135
276,657,10,4.136013031005859
277,615,1,3.8666369915008545
277,694,2,3.96239972114563
277,71,3,3.796002149581909
277,210,4,4.528284549713135
277,1039,5,3.743525981903076
277,502,6,3.7391114234924316
277,385,7,4.373714923858643
277,484,8,3.793140172958374
277,12,9,4.358670711517334
277,64,10,4.320751667022705
278,466,1,3.876669406890869
278,488,2,4.021564483642578
278,602,3,4.021200656890869
278,661,4,4.351154327392578
278,64,5,4.589438438415527
278,169,6,4.5843329429626465
278,275,7,4.53048849105835
278,298,8,4.059562683105469
278,524,9,4.451240062713623
278,320,10,4.25389289855957
279,420,1,4.2780609130859375
279,1405,2,4.769423007965088
279,474,3,4.7169294357299805
279,1019,4,3.9592931270599365
279,589,5,3.7736799716949463
279,645,6,4.038578033447266
279,848,7,4.155661582946777
279,512,8,4.558453559875488
279,836,9,4.528556823730469
279,1159,10,4.007866382598877
280,474,1,4.272454261779785
280,344,2,4.924828052520752
280,190,3,4.889585494995117
280,185,4,3.9785730838775635
280,249,5,4.542989730834961
280,710,6,3.9197404384613037
280,434,7,4.7853288650512695
280,661,8,4.469114780426025
280,603,9,4.696096420288086
280,1523,10,4.306235313415527
281,190,1,4.5215229988098145
281,218,2,3.523505926132202
281,1125,3,3.4770991802215576
281,42,4,4.332579612731934
281,56,5,4.242684364318848
281,1,6,4.135424613952637
281,344,7,4.083784580230713
281,474,8,3.8401708602905273
281,174,9,3.8394007682800293
281,478,10,3.994097948074341
282,173,1,5.123106479644775
282,538,2,4.064489841461182
282,654,3,4.525830268859863
282,79,4,4.270726680755615
282,963,5,4.52290153503418
282,520,6,4.861125469207764
282,1594,7,4.134673118591309
282,50,8,4.967792987823486
282,169,9,4.834023475646973
282,646,10,4.293374538421631
283,427,1,4.675424575805664
283,654,2,5.245886325836182
283,524,3,5.1262898445129395
283,1159,4,4.581717491149902
283,42,5,5.386468887329102
283,686,6,4.439097881317139
283,1142,7,4.953133583068848
283,602,8,4.613605976104736
283,200,9,4.743687152862549
283,185,10,4.8616533279418945
284,497,1,4.212250232696533
284,14,2,5.001801490783691
284,176,3,4.322908401489258
284,675,4,3.99481463432312
284,469,5,4.307423114776611
284,228,6,3.913588762283325
284,479,7,4.27279806137085
284,114,8,4.464196681976318
284,1131,9,4.163745880126953
284,813,10,4.250731468200684
285,483,1,5.263384819030762
285,132,2,5.20362663269043
285,813,3,4.242232799530029
285,179,4,4.674498081207275
285,174,5,4.630151748657227
285,463,6,4.290215969085693
285,185,7,4.898022651672363
285,922,8,4.608466148376465
285,1604,9,4.366861343383789
285,99,10,4.363865852355957
286,134,1,5.225380897521973
286,675,2,4.038340091705322
286,904,3,5.103222370147705
286,1515,4,4.403444290161133
286,136,5,5.070599555969238
286,434,6,5.051599025726318
286,922,7,4.891063213348389
286,474,8,4.6453351974487305
286,480,9,4.56601095199585
286,547,10,4.763932704925537
287,173,1,4.77659797668457
287,1428,2,4.557088375091553
287,523,3,5.162669658660889
287,661,4,4.306822776794434
287,1449,5,5.072216987609863
287,119,6,4.625396728515625
287,474,7,5.002769470214844
287,466,8,4.7177276611328125
287,432,9,4.711430072784424
287,493,10,4.500866413116455
288,150,1,5.228884220123291
288,963,2,4.512496471405029
288,479,3,4.185715675354004
288,519,4,4.824339389801025
288,25,5,4.050899982452393
288,161,6,4.332056999206543
288,1642,7,4.73951530456543
288,419,8,4.4574689865112305
288,203,9,4.329928398132324
288,32,10,4.393514156341553
289,205,1,3.880697727203369
289,1050,2,3.798499584197998
289,12,3,4.337296485900879
289,267,4,3.747285842895508
289,483,5,4.428434371948242
289,248,6,3.966768503189087
289,313,7,4.225238800048828
289,174,8,3.7909462451934814
289,320,9,4.105854511260986
289,168,10,4.103350639343262
290,963,1,4.413205146789551
290,173,2,4.406363010406494
290,320,3,3.6734886169433594
290,1386,4,3.7436575889587402
290,513,5,3.8497884273529053
290,56,6,3.6705524921417236
290,155,7,3.457828998565674
290,67,8,4.297576427459717
290,736,9,3.9670186042785645
290,443,10,3.6498806476593018
291,316,1,5.108636856079102
291,651,2,5.096352577209473
291,357,3,5.065906524658203
291,177,4,4.221035003662109
291,13,5,4.718681335449219
291,313,6,5.0057172775268555
291,143,7,4.557129859924316
291,513,8,4.321173667907715
291,520,9,4.715007781982422
291,114,10,4.8755292892456055
292,318,1,5.251102924346924
292,651,2,4.576604843139648
292,283,3,4.719176292419434
292,533,4,4.3729729652404785
292,179,5,4.712188720703125
292,1302,6,4.574345111846924
292,185,7,5.051763534545898
292,646,8,4.148212432861328
292,436,9,4.108125686645508
292,435,10,4.920650482177734
294,28,1,4.658856391906738
294,114,2,4.1456804275512695
294,480,3,4.368292808532715
294,463,4,4.271249771118164
294,968,5,4.146914482116699
294,60,6,5.017928123474121
294,210,7,4.1433563232421875
294,12,8,4.892722129821777
294,203,9,4.606780529022217
294,588,10,4.725251197814941
295,315,1,5.357193946838379
295,1598,2,4.591431617736816
295,528,3,4.763948440551758
295,514,4,5.338541030883789
295,507,5,5.246927738189697
295,140,6,4.342992782592773
295,114,7,5.327652931213379
295,922,8,5.207036972045898
295,75,9,4.4754557609558105
295,603,10,5.069881916046143
296,511,1,5.6248579025268555
296,491,2,5.413086414337158
296,1524,3,4.553910732269287
296,602,4,4.820469856262207
296,1560,5,4.549044609069824
296,644,6,4.818368911743164
296,209,7,5.279168128967285
296,603,8,5.168117523193359
296,478,9,5.100815296173096
296,474,10,4.703874588012695
297,531,1,4.8333353996276855
297,493,2,4.769258499145508
297,1251,3,4.101183891296387
297,1154,4,4.079622268676758
297,1536,5,4.531251907348633
297,436,6,4.0757904052734375
297,501,7,3.6332457065582275
297,1142,8,3.6702370643615723
297,530,9,4.433324337005615
297,96,10,4.399862766265869
298,512,1,4.3333964347839355
298,515,2,5.095471382141113
298,1159,3,4.329007625579834
298,64,4,5.049089431762695
298,404,5,4.102087497711182
298,198,6,4.889760971069336
298,431,7,4.429468154907227
298,656,8,4.422617435455322
298,48,9,4.746225357055664
298,251,10,4.695400714874268
299,306,1,4.158038139343262
299,1451,2,3.8723678588867188
299,1194,3,4.15571928024292
299,1515,4,3.682563543319702
299,671,5,3.5376675128936768
299,718,6,3.978668689727783
299,1203,7,4.42363166809082
299,1449,8,4.434194087982178
299,189,9,3.9625027179718018
299,1142,10,4.373051643371582
300,1367,1,4.412405967712402
300,602,2,4.265345573425293
300,178,3,4.99222469329834
300,805,4,4.40691614151001
300,963,5,5.008702754974365
300,316,6,4.504165172576904
300,520,7,4.8183674812316895
300,498,8,4.398435115814209
300,210,9,4.762574672698975
300,189,10,4.5823187828063965
301,313,1,5.435802459716797
301,48,2,4.328120231628418
301,432,3,4.327585220336914
301,1137,4,5.010826110839844
301,257,5,4.771230220794678
301,630,6,4.171311378479004
301,1390,7,3.7903025150299072
301,922,8,4.310723304748535
301,302,9,5.091456890106201
301,528,10,3.9534921646118164
302,185,1,4.2665863037109375
302,318,2,4.075250148773193
302,168,3,3.487063407897949
302,527,4,4.000290393829346
302,588,5,3.421121120452881
302,601,6,3.266321897506714
302,298,7,3.5742526054382324
302,171,8,3.6775705814361572
302,661,9,3.458529472351074
302,189,10,3.761507987976074
303,196,1,5.716875076293945
303,205,2,5.172885417938232
303,718,3,5.137392044067383
303,966,4,4.419699192047119
303,489,5,5.068809986114502
303,511,6,4.537721157073975
303,154,7,4.186838150024414
303,1193,8,4.501345634460449
303,547,9,4.334690570831299
303,320,10,4.587655544281006
304,1500,1,3.7424018383026123
304,479,2,3.7400929927825928
304,222,3,3.821748971939087
304,1278,4,3.5354275703430176
304,48,5,3.669111967086792
304,489,6,3.8178861141204834
304,434,7,3.6635560989379883
304,500,8,3.8163399696350098
304,1007,9,4.105389595031738
304,735,10,4.052925109863281
305,241,1,3.4933981895446777
305,114,2,4.694681644439697
305,606,3,4.05910062789917
305,344,4,4.564276695251465
305,206,5,3.6879210472106934
305,694,6,4.01752233505249
305,657,7,4.262763023376465
305,1428,8,3.6726176738739014
305,248,9,4.177546977996826
305,463,10,4.100713729858398
306,613,1,4.5330810546875
306,267,2,4.240192890167236
306,511,3,4.648863792419434
306,530,4,4.647204399108887
306,196,5,5.070373058319092
306,657,6,5.065171718597412
306,675,7,4.263453483581543
306,478,8,5.23975133895874
306,475,9,4.948713302612305
306,12,10,4.898937702178955
307,1302,1,4.105337142944336
307,190,2,4.985712051391602
307,203,3,3.951444625854492
307,968,4,4.104571342468262
307,1137,5,4.984649658203125
307,127,6,4.790218830108643
307,1216,7,3.94718074798584
307,1142,8,4.412729263305664
307,302,9,4.406981945037842
307,179,10,4.146037578582764
308,1104,1,4.10856819152832
308,1142,2,4.7555694580078125
308,489,3,4.266847610473633
308,1012,4,4.618283748626709
308,316,5,4.582368850708008
308,1362,6,3.8682992458343506
308,636,7,4.481478691101074
308,1139,8,3.797985792160034
308,1159,9,4.41487979888916
308,1240,10,4.138558387756348
309,530,1,3.9505040645599365
309,408,2,4.064857482910156
309,285,3,4.3857879638671875
309,1143,4,3.7821602821350098
309,199,5,3.935828924179077
309,1019,6,3.937514066696167
309,611,7,4.376404762268066
309,168,8,4.362496852874756
309,1367,9,3.835625648498535
309,313,10,3.9584054946899414
310,604,1,4.607692241668701
310,656,2,4.60418701171875
310,189,3,4.319018363952637
310,478,4,4.974226474761963
310,60,5,4.468861103057861
310,963,6,5.183779239654541
310,50,7,4.879763603210449
310,1121,8,4.122933864593506
310,174,9,4.859955310821533
310,530,10,4.842493534088135
311,1612,1,3.9644415378570557
311,742,2,4.826891899108887
311,169,3,4.724925994873047
311,1641,4,3.7831175327301025
311,405,5,4.624368667602539
311,190,6,4.316729545593262
311,532,7,3.854231119155884
311,272,8,4.5954742431640625
311,153,9,4.583985328674316
311,144,10,4.552888870239258
312,1278,1,4.846402645111084
312,1313,2,4.393862724304199
312,45,3,5.528160572052002
312,515,4,5.489124298095703
312,500,5,4.333691596984863
312,1515,6,4.6095991134643555
312,200,7,4.317745685577393
312,1367,8,4.441664695739746
312,1007,9,4.75178337097168
312,1482,10,4.348568916320801
313,1121,1,4.169285774230957
313,1444,2,4.167722225189209
313,320,3,3.851343870162964
313,1450,4,4.163942813873291
313,513,5,4.9745001792907715
313,1386,6,4.157223224639893
313,675,7,4.334893226623535
313,462,8,4.82840633392334
313,273,9,4.666154861450195
313,60,10,4.700805187225342
314,1544,1,4.190746307373047
314,1592,2,4.4796037673950195
314,227,3,4.6403961181640625
314,333,4,5.168292999267578
314,465,5,5.1280717849731445
314,241,6,4.46267557144165
314,190,7,5.125690937042236
314,850,8,4.31072998046875
314,272,9,5.5867838859558105
314,291,10,4.426703453063965
315,124,1,5.172336578369141
315,408,2,4.972363471984863
315,443,3,4.196135997772217
315,1020,4,4.370878219604492
315,197,5,4.937424659729004
315,119,6,4.522948741912842
315,45,7,4.9627251625061035
315,179,8,4.128100872039795
315,488,9,4.015649795532227
315,483,10,4.899424076080322
316,589,1,3.853670120239258
316,272,2,5.10846471786499
316,65,3,4.012458801269531
316,320,4,3.8517065048217773
316,116,5,4.702051162719727
316,644,6,3.9998741149902344
316,11,7,3.9829177856445312
316,443,8,3.6014370918273926
316,520,9,3.3684287071228027
316,493,10,4.249178886413574
317,48,1,4.868956089019775
317,420,2,4.232324600219727
317,732,3,4.114800930023193
317,190,4,4.757894515991211
317,482,5,4.349669456481934
317,96,6,4.348628044128418
317,515,7,4.660515785217285
317,169,8,4.60173225402832
317,493,9,4.419965744018555
317,474,10,4.417727470397949
318,1187,1,4.051608562469482
318,493,2,4.5732645988464355
318,494,3,4.272852897644043
318,526,4,4.560593128204346
318,568,5,5.409853935241699
318,445,6,4.188663005828857
318,646,7,4.397923946380615
318,513,8,5.060260772705078
318,71,9,4.897214412689209
318,1473,10,4.1446027755737305
319,288,1,4.083191871643066
319,300,2,4.167449951171875
319,71,3,4.437222480773926
319,344,4,4.719272613525391
319,604,5,4.036275386810303
319,12,6,4.70163631439209
319,89,7,4.684024333953857
319,589,8,4.112686634063721
319,199,9,4.643700122833252
319,1269,10,4.638617515563965
320,39,1,4.299801826477051
320,648,2,4.239649772644043
320,15,3,4.4962544441223145
320,302,4,5.12069034576416
320,1367,5,4.485808372497559
320,705,6,4.382643222808838
320,238,7,4.17319393157959
320,214,8,4.957729339599609
320,661,9,4.464066028594971
320,603,10,4.947261810302734
321,256,1,3.940983772277832
321,98,2,4.8803391456604
321,71,3,4.08308744430542
321,1459,4,4.088809967041016
321,12,5,4.216245174407959
321,525,6,4.069996356964111
321,222,7,3.7795357704162598
321,488,8,4.477300643920898
321,519,9,4.220217704772949
321,701,10,3.815908432006836
322,285,1,5.1368818283081055
322,1474,2,3.9107556343078613
322,675,3,4.453478813171387
322,474,4,4.771810531616211
322,1142,5,4.316817760467529
322,963,6,4.7366533279418945
322,603,7,5.128194808959961
322,238,8,4.039989948272705
322,520,9,4.213100433349609
322,661,10,4.727702617645264
323,603,1,4.998262405395508
323,427,2,4.95033073425293
323,480,3,4.671727657318115
323,1019,4,4.088326930999756
323,429,5,4.090010643005371
323,169,6,4.494740962982178
323,813,7,3.836287021636963
323,853,8,3.8361215591430664
323,1064,9,3.682551145553589
323,172,10,4.465522766113281
324,488,1,4.890437602996826
324,433,2,4.889946460723877
324,140,3,4.528383255004883
324,1187,4,4.672109127044678
324,344,5,5.636520862579346
324,963,6,5.318071365356445
324,1266,7,5.013466835021973
324,390,8,4.720870494842529
324,114,9,4.976186752319336
324,203,10,5.141867637634277
325,588,1,3.7064383029937744
325,488,2,4.813330173492432
325,1131,3,3.8724875450134277
325,747,4,3.8696084022521973
325,1065,5,3.7639410495758057
325,1356,6,3.4038197994232178
325,519,7,4.614593505859375
325,922,8,4.631742000579834
325,248,9,4.354147911071777
325,1368,10,3.726344585418701
326,692,1,4.951095104217529
326,190,2,4.575623512268066
326,328,3,3.979982614517212
326,922,4,4.531888961791992
326,489,5,3.6924636363983154
326,267,6,3.816880702972412
326,327,7,3.6804354190826416
326,644,8,3.4681098461151123
326,538,9,3.9435791969299316
326,169,10,4.236273765563965
327,1594,1,3.776425838470459
327,140,2,3.660440683364868
327,479,3,4.029812335968018
327,641,4,3.766216516494751
327,657,5,4.399145126342773
327,566,6,4.029815673828125
327,638,7,3.7610855102539062
327,604,8,4.011932849884033
327,607,9,4.26722526550293
327,423,10,4.254289627075195
328,958,1,4.766005992889404
328,445,2,4.084254264831543
328,1367,3,4.211857318878174
328,1451,4,3.9817824363708496
328,543,5,3.8974320888519287
328,420,6,3.8230161666870117
328,434,7,4.668947219848633
328,156,8,4.631026744842529
328,1531,9,3.6691884994506836
328,493,10,4.5093841552734375
329,89,1,4.5999755859375
329,83,2,4.229562759399414
329,1020,3,4.220393180847168
329,603,4,4.548079013824463
329,1537,5,3.858590841293335
329,694,6,4.456820487976074
329,419,7,3.982964038848877
329,1558,8,4.1719841957092285
329,463,9,4.3653154373168945
329,408,10,4.153962135314941
330,176,1,5.615708827972412
330,1474,2,4.932744026184082
330,493,3,4.669132232666016
330,631,4,4.874032497406006
330,1021,5,5.5832037925720215
330,615,6,5.134606838226318
330,222,7,5.5125627517700195
330,48,8,5.415865898132324
330,529,9,4.913890361785889
330,1589,10,5.105764389038086
331,513,1,3.9296278953552246
331,179,2,3.8170042037963867
331,435,3,3.7037062644958496
331,276,4,4.454696178436279
331,306,5,3.9151108264923096
331,48,6,3.9082517623901367
331,156,7,4.304349899291992
331,19,8,3.897216796875
331,812,9,3.6920711994171143
331,835,10,3.8938682079315186
332,268,1,5.830026149749756
332,318,2,5.401914119720459
332,1500,3,4.640787124633789
332,645,4,4.8617682456970215
332,1459,5,4.539798259735107
332,498,6,5.2009172439575195
332,603,7,4.732134819030762
332,203,8,5.191351890563965
332,343,9,5.168065071105957
332,578,10,4.674047946929932
333,148,1,3.9634108543395996
333,1159,2,4.775702476501465
333,344,3,4.607574939727783
333,208,4,4.282644271850586
333,922,5,4.186915397644043
333,172,6,4.575766563415527
333,223,7,4.284715175628662
333,1269,8,4.558306694030762
333,1142,9,4.172918319702148
333,1367,10,4.0118937492370605
334,45,1,4.772268772125244
334,1483,2,3.9994876384735107
334,603,3,4.661809921264648
334,735,4,4.582999229431152
334,1531,5,3.91074275970459
334,32,6,4.0636067390441895
334,646,7,4.581664085388184
334,694,8,4.051990985870361
334,1154,9,3.9646992683410645
334,745,10,4.182925701141357
335,12,1,4.30625581741333
335,179,2,4.916131496429443
335,853,3,3.9645323753356934
335,31,4,4.174914360046387
335,32,5,4.18187952041626
335,251,6,4.101743221282959
335,60,7,4.6239423751831055
335,1459,8,3.7909209728240967
335,1024,9,3.946187734603882
335,525,10,4.206062316894531
336,1062,1,4.284725189208984
336,408,2,4.654349327087402
336,196,3,4.225916385650635
336,649,4,3.826587438583374
336,219,5,4.2166852951049805
336,611,6,3.634228229522705
336,177,7,4.038688659667969
336,174,8,4.614413261413574
336,434,9,3.9068593978881836
336,432,10,4.593673229217529
337,98,1,5.082770824432373
337,496,2,4.999451160430908
337,448,3,4.092360973358154
337,484,4,4.685648441314697
337,89,5,4.639962673187256
337,251,6,4.302444934844971
337,968,7,4.290462017059326
337,1020,8,4.140580654144287
337,966,9,4.5996623039245605
337,233,10,4.271285533905029
338,238,1,5.015547275543213
338,675,2,4.241880416870117
338,603,3,4.93820858001709
338,307,4,4.1456618309021
338,1103,5,4.89721155166626
338,403,6,4.314276218414307
338,19,7,4.827078342437744
338,657,8,4.145105361938477
338,589,9,4.404446601867676
338,811,10,4.377374649047852
339,1124,1,4.429449081420898
339,919,2,5.530769348144531
339,604,3,5.194662094116211
339,813,4,5.192339897155762
339,171,5,4.774271488189697
339,519,6,5.183141708374023
339,611,7,4.768925666809082
339,606,8,4.742349624633789
339,923,9,4.98586368560791
339,705,10,4.914965629577637
340,657,1,5.367840766906738
340,114,2,4.281743049621582
340,603,3,5.133108139038086
340,1021,4,5.129312038421631
340,233,5,4.334066390991211
340,811,6,4.394218444824219
340,519,7,4.326356887817383
340,916,8,4.574838638305664
340,504,9,4.849529266357422
340,613,10,4.787151336669922
341,64,1,5.430968761444092
341,922,2,4.712249755859375
341,647,3,5.2858195304870605
341,661,4,4.508415699005127
341,170,5,5.12620210647583
341,1064,6,4.373439311981201
341,171,7,4.407008647918701
341,694,8,5.079529285430908
341,657,9,5.013394355773926
341,1367,10,4.763615608215332
342,1080,1,3.8968231678009033
342,707,2,4.839301586151123
342,447,3,4.098687171936035
342,850,4,3.6283764839172363
342,971,5,3.8939568996429443
342,610,6,4.675379276275635
342,646,7,3.9694571495056152
342,83,8,4.623507499694824
342,705,9,4.285948753356934
342,95,10,3.7430922985076904
343,209,1,4.706485271453857
343,1142,2,4.700980186462402
343,521,3,5.20207405090332
343,484,4,4.328343391418457
343,114,5,4.543715953826904
343,519,6,4.329695224761963
343,60,7,5.121819496154785
343,516,8,5.094577789306641
343,129,9,4.329522609710693
343,513,10,5.209558486938477
344,143,1,4.027327060699463
344,1251,2,4.101941108703613
344,187,3,4.969041347503662
344,919,4,4.497669219970703
344,475,5,5.0338592529296875
344,505,6,4.219515800476074
344,654,7,4.786992073059082
344,515,8,4.786318302154541
344,671,9,4.216386795043945
344,648,10,4.307216644287109
345,119,1,4.529634475708008
345,493,2,5.052880764007568
345,213,3,4.998724460601807
345,483,4,4.8569416999816895
345,480,5,4.307764053344727
345,89,6,4.09373664855957
345,657,7,4.810093879699707
345,1558,8,4.190872669219971
345,419,9,4.189267158508301
345,519,10,4.5778608322143555
346,478,1,4.821235179901123
346,1019,2,4.240631580352783
346,674,3,3.6416234970092773
346,193,4,4.223179340362549
346,48,5,3.894467353820801
346,848,6,3.782285690307617
346,1503,7,4.042649745941162
346,171,8,4.390644073486328
346,10,9,3.7667226791381836
346,82,10,4.347722053527832
347,963,1,4.562798500061035
347,1005,2,5.152649879455566
347,811,3,4.019623279571533
347,504,4,5.107716083526611
347,478,5,5.221076965332031
347,968,6,4.019373893737793
347,228,7,4.9759135246276855
347,1553,8,3.914355754852295
347,114,9,4.298545837402344
347,338,10,4.422309875488281
348,12,1,4.671576023101807
348,96,2,5.116855621337891
348,181,3,5.10875129699707
348,251,4,4.511632442474365
348,675,5,4.203361988067627
348,493,6,4.389878749847412
348,1450,7,4.436068534851074
348,22,8,4.85648250579834
348,1367,9,4.509867191314697
348,222,10,4.8048834800720215
349,443,1,4.153972148895264
349,134,2,4.833583354949951
349,177,3,3.7944819927215576
349,514,4,3.9173011779785156
349,705,5,4.1438422203063965
349,315,6,4.63618278503418
349,32,7,4.142612934112549
349,646,8,4.3230366706848145
349,190,9,4.675060272216797
349,302,10,4.508823394775391
350,197,1,5.327919960021973
350,465,2,4.316668510437012
350,357,3,5.148094177246094
350,850,4,4.451250076293945
350,656,5,4.794029712677002
350,496,6,5.117518424987793
350,793,7,4.445216178894043
350,179,8,5.048670768737793
350,484,9,5.104380130767822
350,143,10,4.312014102935791
351,589,1,4.6774373054504395
351,603,2,5.374070644378662
351,115,3,4.595247268676758
351,87,4,5.22447395324707
351,223,5,5.19730281829834
351,79,6,5.195991039276123
351,177,7,5.1116743087768555
351,524,8,4.880068778991699
351,318,9,4.7409138679504395
351,114,10,4.855745792388916
352,793,1,4.410216331481934
352,1142,2,4.874502658843994
352,445,3,4.11000919342041
352,661,4,4.783536434173584
352,694,5,4.512016773223877
352,404,6,4.307488918304443
352,653,7,4.505462646484375
352,313,8,4.7290120124816895
352,119,9,4.383861541748047
352,520,10,4.7228169441223145
353,98,1,4.536905765533447
353,445,2,3.802018165588379
353,420,3,3.601935863494873
353,1073,4,3.9526724815368652
353,475,5,4.531514644622803
353,484,6,4.083581924438477
353,922,7,3.9313652515411377
353,372,8,4.068658828735352
353,530,9,3.92732834815979
353,50,10,4.131474018096924
354,343,1,3.74833083152771
354,1574,2,3.8294517993927
354,923,3,4.6530046463012695
354,646,4,4.652816295623779
354,850,5,4.07149076461792
354,201,6,4.307182312011719
354,980,7,3.97135853767395
354,793,8,4.2527756690979
354,1367,9,4.540748119354248
354,778,10,4.384715557098389
355,525,1,5.456374645233154
355,1159,2,4.763534069061279
355,97,3,4.680989742279053
355,521,4,5.226409912109375
355,189,5,5.171987056732178
355,813,6,4.809375762939453
355,646,7,4.881755828857422
355,71,8,5.153992652893066
355,198,9,5.149346351623535
355,490,10,4.731410980224609
356,513,1,4.444150924682617
356,197,2,4.441161632537842
356,1594,3,4.2240471839904785
356,644,4,4.125580787658691
356,479,5,4.808039665222168
356,615,6,4.436132431030273
356,69,7,4.154999732971191
356,89,8,4.279223442077637
356,164,9,4.3552045822143555
356,443,10,4.456857681274414
357,1523,1,4.661994457244873
357,209,2,5.048573017120361
357,483,3,5.478451728820801
357,310,4,5.4188618659973145
357,402,5,4.818109512329102
357,470,6,5.341114521026611
357,596,7,4.9973530769348145
357,32,8,4.761556148529053
357,513,9,5.266324043273926
357,1269,10,5.087144374847412
358,607,1,4.303509712219238
358,143,2,4.480331897735596
358,479,3,4.492308616638184
358,1449,4,4.90618371963501
358,250,5,4.47363805770874
358,432,6,4.713736534118652
358,320,7,4.694040775299072
358,200,8,4.299161434173584
358,434,9,4.460330009460449
358,604,10,4.590720176696777
359,474,1,4.507844924926758
359,922,2,4.371392250061035
359,611,3,4.502325057983398
359,489,4,4.5019354820251465
359,48,5,4.843831539154053
359,132,6,4.166915416717529
359,251,7,4.703801155090332
359,525,8,4.771936893463135
359,443,9,4.156680583953857
359,174,10,4.670743942260742
360,524,1,3.939967393875122
360,811,2,4.132608890533447
360,427,3,5.102019309997559
360,659,4,4.816279411315918
360,463,5,4.325242042541504
360,485,6,4.460190296173096
360,488,7,4.457943439483643
360,847,8,4.038226127624512
360,603,9,4.660803318023682
360,558,10,4.430532455444336
361,134,1,5.194414138793945
361,582,2,4.301955223083496
361,48,3,4.977226257324219
361,611,4,4.298479080200195
361,1450,5,4.129555702209473
361,660,6,4.423191070556641
361,318,7,5.037286281585693
361,1428,8,4.291547775268555
361,470,9,4.386093616485596
361,480,10,4.579854965209961
362,183,1,4.555973529815674
362,89,2,4.360805034637451
362,922,3,5.022522926330566
362,311,4,4.542200088500977
362,1007,5,4.419869422912598
362,12,6,4.971580982208252
362,436,7,4.305285930633545
362,520,8,4.904568672180176
362,484,9,4.462535858154297
362,165,10,4.630037784576416
363,324,1,3.8194580078125
363,611,2,3.8174686431884766
363,647,3,4.806809425354004
363,64,4,4.645517349243164
363,1600,5,3.6771888732910156
363,615,6,4.469100475311279
363,57,7,4.431466102600098
363,1450,8,3.600693702697754
363,434,9,4.323716640472412
363,835,10,4.27893590927124
364,318,1,5.0333991050720215
364,71,2,4.076999664306641
364,493,3,4.226139068603516
364,653,4,4.079484462738037
364,174,5,4.396664142608643
364,272,6,4.687466621398926
364,116,7,4.382022857666016
364,316,8,4.665899276733398
364,513,9,4.372708320617676
364,89,10,4.335691928863525
365,179,1,4.861875534057617
365,518,2,3.861281633377075
365,1604,3,4.147321701049805
365,246,4,4.6995768547058105
365,1367,5,3.898064613342285
365,1331,6,3.8516242504119873
365,175,7,4.268654823303223
365,1269,8,4.207100868225098
365,190,9,4.3616814613342285
365,675,10,3.9916939735412598
366,531,1,5.44087553024292
366,1598,2,4.369647979736328
366,475,3,5.323811054229736
366,119,4,4.991334915161133
366,432,5,4.710360527038574
366,493,6,4.617036819458008
366,57,7,5.1198954582214355
366,1203,8,4.9391632080078125
366,480,9,5.076327800750732
366,1277,10,4.6215081214904785
367,318,1,5.470355033874512
367,435,2,4.668065071105957
367,694,3,4.84145450592041
367,408,4,5.389069080352783
367,59,5,4.912067413330078
367,519,6,4.776254177093506
367,12,7,5.032225608825684
367,603,8,5.3080925941467285
367,174,9,5.215259075164795
367,320,10,5.096377372741699
368,169,1,4.8005852699279785
368,269,2,4.7162885665893555
368,69,3,3.6841490268707275
368,191,4,4.63770055770874
368,434,5,4.2277116775512695
368,48,6,4.566525459289551
368,1639,7,4.077642917633057
368,525,8,4.210196495056152
368,474,9,4.48646354675293
368,657,10,4.241184711456299
369,318,1,4.767656326293945
369,484,2,4.3315887451171875
369,12,3,4.58138370513916
369,1367,4,4.105821132659912
369,404,5,3.874528646469116
369,684,6,4.163765907287598
369,119,7,4.228143215179443
369,171,8,4.224043369293213
369,1269,9,4.290386199951172
369,923,10,4.2855353355407715
370,28,1,3.9736499786376953
370,505,2,3.6490445137023926
370,531,3,4.282317161560059
370,434,4,3.475757360458374
370,612,5,3.926983118057251
370,811,6,3.793029308319092
370,202,7,4.227649688720703
370,200,8,3.7838659286499023
370,143,9,3.5203235149383545
370,203,10,3.901176929473877
371,318,1,5.360477924346924
371,915,2,4.176494598388672
371,566,3,3.9821548461914062
371,360,4,3.9345145225524902
371,100,5,4.296746253967285
371,501,6,3.978986978530884
371,493,7,4.644646167755127
371,486,8,4.166983127593994
371,451,9,4.248981475830078
371,657,10,4.2218828201293945
372,515,1,5.517152309417725
372,462,2,5.094178676605225
372,710,3,5.093952655792236
372,357,4,5.384705543518066
372,615,5,4.963378429412842
372,1169,6,4.885005474090576
372,487,7,5.388925075531006
372,50,8,5.363759994506836
372,394,9,4.805401802062988
372,174,10,4.907638072967529
373,1240,1,4.235743045806885
373,248,2,4.312997341156006
373,484,3,4.773858070373535
373,1269,4,4.079840660095215
373,1629,5,4.431280612945557
373,119,6,4.7144646644592285
373,491,7,4.3022284507751465
373,140,8,4.295528411865234
373,223,9,4.5293145179748535
373,1348,10,4.000014305114746
374,1550,1,4.093988418579102
374,191,2,4.959019184112549
374,603,3,4.6725687980651855
374,177,4,4.267735958099365
374,435,5,4.710042953491211
374,645,6,4.633604526519775
374,213,7,4.581838607788086
374,300,8,4.574254989624023
374,418,9,3.8255367279052734
374,430,10,3.8562874794006348
375,922,1,4.093937873840332
375,50,2,5.065035820007324
375,100,3,4.7626633644104
375,647,4,4.759002208709717
375,154,5,3.9913554191589355
375,1159,6,4.403886318206787
375,651,7,4.717105388641357
375,936,8,4.394584655761719
375,538,9,4.144533157348633
375,811,10,4.2716264724731445
376,114,1,4.09271240234375
376,922,2,3.909179210662842
376,210,3,3.848320245742798
376,89,4,4.078569412231445
376,313,5,4.4907941818237305
376,480,6,4.531923770904541
376,71,7,3.9747252464294434
376,211,8,3.987607717514038
376,12,9,4.403388500213623
376,963,10,4.345184326171875
377,601,1,4.171266078948975
377,12,2,4.9972944259643555
377,968,3,4.104226112365723
377,427,4,4.823001384735107
377,420,5,3.938011884689331
377,1451,6,4.218716144561768
377,633,7,4.211357593536377
377,589,8,4.00819206237793
377,208,9,4.568279266357422
377,493,10,4.452650547027588
378,656,1,3.8684918880462646
378,114,2,4.743837356567383
378,1153,3,4.02269172668457
378,480,4,4.290168762207031
378,657,5,4.78599739074707
378,519,6,4.271228313446045
378,613,7,4.638243675231934
378,357,8,4.711313247680664
378,478,9,4.573590278625488
378,320,10,4.36082124710083
379,1211,1,4.478452205657959
379,478,2,4.470966815948486
379,1142,3,4.580349922180176
379,657,4,4.973592281341553
379,7,5,4.2373433113098145
379,222,6,4.569634437561035
379,661,7,4.462693691253662
379,302,8,4.971926689147949
379,1021,9,4.869575023651123
379,519,10,4.758166790008545
381,515,1,5.320843696594238
381,654,2,4.372109889984131
381,197,3,4.586698055267334
381,166,4,4.283165454864502
381,169,5,4.904539108276367
381,757,6,4.00580358505249
381,195,7,4.533720016479492
381,425,8,4.999886989593506
381,200,9,4.342044830322266
381,1503,10,4.3402910232543945
382,661,1,4.352923393249512
382,602,2,3.475168228149414
382,1531,3,3.3671493530273438
382,60,4,4.07037878036499
382,521,5,3.5158028602600098
382,634,6,4.062550067901611
382,1019,7,3.9795117378234863
382,519,8,3.6842024326324463
382,654,9,3.675149917602539
382,1251,10,3.641091823577881
383,408,1,5.6035614013671875
383,489,2,4.658567428588867
383,473,3,4.879178524017334
383,433,4,4.4584856033325195
383,1449,5,5.313323974609375
383,48,6,4.6475605964660645
383,209,7,4.836115837097168
383,23,8,4.829188823699951
383,525,9,5.182638168334961
383,527,10,5.222348690032959
384,1142,1,4.300299167633057
384,408,2,4.652561187744141
384,488,3,4.635935306549072
384,357,4,4.85773229598999
384,189,5,4.632776737213135
384,483,6,4.850875377655029
384,318,7,4.849182605743408
384,480,8,4.805795669555664
384,257,9,4.4707865715026855
384,1019,10,4.528061389923096
385,806,1,4.046416282653809
385,652,2,5.070923805236816
385,770,3,3.6295671463012695
385,1595,4,3.351806163787842
385,474,5,4.535229206085205
385,1073,6,3.705693006515503
385,517,7,4.04401969909668
385,923,8,4.693869590759277
385,116,9,4.193482875823975
385,589,10,3.71639084815979
386,169,1,4.669825077056885
386,1194,2,4.6493306159973145
386,611,3,4.305552959442139
386,98,4,4.389858245849609
386,493,5,4.235740661621094
386,483,6,4.580359935760498
386,357,7,4.385887145996094
386,318,8,4.510445594787598
386,119,9,4.2778215408325195
386,653,10,4.337823867797852
387,1043,1,3.8003530502319336
387,1142,2,5.174978256225586
387,694,3,3.494145154953003
387,12,4,5.091108322143555
387,285,5,3.7087318897247314
387,589,6,4.131967544555664
387,968,7,3.6459314823150635
387,408,8,4.801458358764648
387,616,9,3.7466108798980713
387,525,10,3.824089288711548
388,603,1,4.889468193054199
388,22,2,5.66690731048584
388,923,3,4.886639595031738
388,519,4,4.735175609588623
388,234,5,4.627163887023926
388,181,6,5.19598913192749
388,408,7,5.160429954528809
388,430,8,4.728215217590332
388,419,9,5.085432052612305
388,611,10,4.942361354827881
389,313,1,5.1355767250061035
389,511,2,4.4109015464782715
389,190,3,4.574578285217285
389,953,4,4.413519859313965
389,269,5,4.077066421508789
389,1142,6,4.953794479370117
389,872,7,4.026022911071777
389,292,8,4.93337345123291
389,470,9,4.521656513214111
389,288,10,4.615653991699219
390,45,1,5.000914096832275
390,474,2,5.000369548797607
390,837,3,4.76417350769043
390,488,4,4.250170707702637
390,408,5,4.934835910797119
390,268,6,4.763662815093994
390,1390,7,4.248301982879639
390,922,8,4.620180130004883
390,479,9,4.83115291595459
390,811,10,4.64804744720459
391,656,1,4.223061561584473
391,208,2,3.9255077838897705
391,285,3,4.838348865509033
391,183,4,3.5475807189941406
391,514,5,4.810449600219727
391,641,6,4.633058547973633
391,1128,7,3.581557035446167
391,114,8,3.904364824295044
391,484,9,4.343059539794922
391,610,10,3.8908324241638184
392,1064,1,4.146010875701904
392,479,2,5.590230941772461
392,709,3,5.34151554107666
392,850,4,4.252104759216309
392,462,5,5.165597438812256
392,46,6,4.452575206756592
392,474,7,5.103349685668945
392,69,8,5.043241500854492
392,210,9,4.169156551361084
392,596,10,4.342205047607422
393,1623,1,4.148725986480713
393,177,2,3.980760097503662
393,242,3,4.13464879989624
393,178,4,4.695028781890869
393,753,5,4.539113998413086
393,694,6,3.5979394912719727
393,466,7,3.5479249954223633
393,1293,8,3.545614242553711
393,925,9,3.9403796195983887
393,515,10,4.28031587600708
394,1041,1,4.513058662414551
394,50,2,4.671939849853516
394,968,3,4.117166042327881
394,11,4,5.221609115600586
394,588,5,4.503610610961914
394,185,6,5.001115322113037
394,251,7,4.944553375244141
394,273,8,4.403059959411621
394,1159,9,4.5360107421875
394,868,10,4.688273906707764
395,11,1,5.205789089202881
395,114,2,4.812578201293945
395,1386,3,4.574044704437256
395,484,4,4.67206335067749
395,1547,5,4.349539279937744
395,919,6,5.069299221038818
395,194,7,4.79348611831665
395,427,8,4.78070592880249
395,584,9,4.515229225158691
395,173,10,4.70351505279541
396,1121,1,4.151660919189453
396,234,2,4.581474304199219
396,1245,3,3.8600847721099854
396,12,4,4.146054267883301
396,513,5,4.560011863708496
396,1142,6,4.3334431648254395
396,95,7,4.339591979980469
396,889,8,3.976719617843628
396,613,9,4.444723129272461
396,530,10,4.039013862609863
397,813,1,3.898815393447876
397,514,2,5.266909599304199
397,151,3,4.48693323135376
397,505,4,4.3498992919921875
397,654,5,5.051808834075928
397,488,6,4.918039798736572
397,661,7,4.444251537322998
397,99,8,4.664459228515625
397,293,9,4.5558905601501465
397,1396,10,4.13918399810791
398,709,1,4.834724426269531
398,217,2,3.7059524059295654
398,119,3,4.283149242401123
398,213,4,4.263538837432861
398,22,5,4.687530517578125
398,151,6,4.255245208740234
398,513,7,4.644078731536865
398,380,8,4.2352800369262695
398,318,9,4.502556324005127
398,656,10,3.812880039215088
400,318,1,4.994297504425049
400,99,2,4.063389778137207
400,194,3,4.24321174621582
400,181,4,4.106192111968994
400,445,5,4.064605712890625
400,50,6,4.75465202331543
400,156,7,4.058091640472412
400,136,8,4.3055291175842285
400,603,9,4.689424991607666
400,48,10,4.488852500915527
401,258,1,4.519177436828613
401,966,2,3.443854808807373
401,176,3,3.708737850189209
401,238,4,4.321133136749268
401,419,5,3.214489221572876
401,165,6,4.120636463165283
401,922,7,3.165515422821045
401,213,8,4.099392414093018
401,1594,9,3.290929079055786
401,1293,10,3.35699462890625
402,180,1,4.219564437866211
402,98,2,5.037327766418457
402,811,3,4.05457067489624
402,694,4,4.370774269104004
402,646,5,4.003289222717285
402,414,6,4.488502025604248
402,83,7,4.876314163208008
402,209,8,4.720707893371582
402,1523,9,4.141164302825928
402,114,10,4.601505279541016
403,523,1,4.497520446777344
403,954,2,4.169652938842773
403,484,3,5.035734176635742
403,625,4,4.348358631134033
403,173,5,4.985054016113281
403,126,6,5.051185607910156
403,1512,7,4.205072402954102
403,483,8,4.944998264312744
403,434,9,4.57318115234375
403,443,10,4.722111225128174
404,968,1,3.7885701656341553
404,174,2,4.5584259033203125
404,1103,3,3.951343536376953
404,811,4,4.121044635772705
404,657,5,4.44441032409668
404,315,6,4.441138744354248
404,486,7,4.115025520324707
404,207,8,4.793450355529785
404,1367,9,4.1134514808654785
404,114,10,4.328888893127441
406,1103,1,4.266513347625732
406,474,2,5.847824573516846
406,500,3,4.261314392089844
406,171,4,4.766416072845459
406,1607,5,3.9670591354370117
406,679,6,4.2399444580078125
406,448,7,3.6255645751953125
406,694,8,4.467959880828857
406,593,9,4.4496870040893555
406,902,10,4.100584030151367
407,694,1,4.256831169128418
407,136,2,4.826121807098389
407,622,3,3.859938144683838
407,1598,4,3.733334541320801
407,1142,5,4.244372367858887
407,318,6,4.6648969650268555
407,114,7,4.561145782470703
407,116,8,4.237222194671631
407,1158,9,4.220395088195801
407,1020,10,4.242039203643799
408,285,1,4.735343933105469
408,657,2,4.609511375427246
408,501,3,3.8846259117126465
408,208,4,4.565697193145752
408,513,5,4.510933876037598
408,515,6,4.510349273681641
408,200,7,4.313760280609131
408,511,8,4.0947442054748535
408,922,9,4.16813325881958
408,694,10,4.023463726043701
409,177,1,4.150618553161621
409,513,2,4.335743427276611
409,1142,3,4.339564800262451
409,131,4,4.677180767059326
409,508,5,4.68477725982666
409,1585,6,4.008599281311035
409,408,7,4.661234378814697
409,970,8,3.745337963104248
409,11,9,4.106825351715088
409,488,10,4.12733268737793
410,169,1,3.7268669605255127
410,174,2,4.139655113220215
410,143,3,3.7239599227905273
410,285,4,3.412468910217285
410,514,5,3.713447332382202
410,89,6,4.009284973144531
410,757,7,3.325953960418701
410,302,8,3.681715250015259
410,1451,9,3.566091537475586
410,430,10,3.768864154815674
411,492,1,4.286001682281494
411,1021,2,4.813838481903076
411,173,3,4.750634670257568
411,28,4,4.157280445098877
411,701,5,3.954249382019043
411,511,6,4.622873306274414
411,83,7,4.124469757080078
411,418,8,3.8785359859466553
411,1451,9,4.499214172363281
411,169,10,4.356489181518555
412,116,1,4.380934715270996
412,1636,2,4.054623126983643
412,1523,3,4.018611907958984
412,1269,4,4.378349304199219
412,603,5,4.691226482391357
412,1367,6,4.095254421234131
412,511,7,4.681881904602051
412,204,8,4.59868860244751
412,813,9,4.351831912994385
412,504,10,4.217248439788818
413,177,1,3.886874198913574
413,98,2,4.559773921966553
413,511,3,4.581143856048584
413,854,4,3.828850030899048
413,487,5,4.231622695922852
413,189,6,4.506031036376953
413,119,7,4.461510181427002
413,686,8,4.039308547973633
413,1070,9,4.2800068855285645
413,114,10,4.256143569946289
414,251,1,4.880621910095215
414,479,2,4.7670440673828125
414,114,3,5.335392951965332
414,657,4,5.222238540649414
414,201,5,4.590843677520752
414,521,6,4.689862251281738
414,320,7,4.6920247077941895
414,525,8,5.175919532775879
414,83,9,4.978119373321533
414,427,10,4.894617080688477
415,12,1,5.158675670623779
415,1201,2,4.3067779541015625
415,99,3,4.207037448883057
415,1098,4,4.16058349609375
415,265,5,4.42780876159668
415,1449,6,4.869428634643555
415,520,7,4.527737617492676
415,170,8,4.414531230926514
415,1159,9,4.48300838470459
415,89,10,4.476869583129883
416,214,1,5.260379791259766
416,194,2,4.305142879486084
416,1451,3,4.035135269165039
416,192,4,4.8278398513793945
416,1511,5,3.9746909141540527
416,479,6,4.7982048988342285
416,304,7,4.032463550567627
416,488,8,4.118198394775391
416,429,9,4.608799934387207
416,661,10,4.507777690887451
417,318,1,4.851253986358643
417,1540,2,3.7154293060302734
417,750,3,4.709339141845703
417,657,4,3.868691921234131
417,1594,5,3.8688724040985107
417,1439,6,4.050551414489746
417,607,7,3.821262836456299
417,805,8,4.0346856117248535
417,589,9,4.4585113525390625
417,26,10,4.337972164154053
418,28,1,4.490292549133301
418,1011,2,3.911078929901123
418,471,3,3.509535789489746
418,966,4,3.8921523094177246
418,500,5,3.758413553237915
418,1134,6,3.5502259731292725
418,394,7,3.6099772453308105
418,515,8,3.8854920864105225
418,466,9,3.8745229244232178
418,655,10,4.186827659606934
419,12,1,5.256269454956055
419,603,2,5.027414798736572
419,602,3,4.239503860473633
419,1251,4,4.539750099182129
419,177,5,4.203768730163574
419,483,6,4.994920253753662
419,114,7,4.890719413757324
419,427,8,4.654781818389893
419,89,9,4.7943034172058105
419,530,10,4.412059307098389
420,709,1,4.376646995544434
420,659,2,4.489902973175049
420,516,3,4.490907192230225
420,318,4,4.788369178771973
420,404,5,4.113324165344238
420,136,6,4.7960591316223145
420,89,7,4.226750373840332
420,185,8,4.730896949768066
420,813,9,4.111954212188721
420,498,10,4.676187992095947
421,228,1,4.93284273147583
421,661,2,3.872239828109741
421,190,3,4.808226108551025
421,434,4,4.108888149261475
421,1449,5,4.652787685394287
421,479,6,4.603026866912842
421,1,7,4.564640522003174
421,853,8,4.280563831329346
421,32,9,4.482435703277588
421,501,10,3.9934821128845215
422,318,1,5.005500793457031
422,199,2,4.349986553192139
422,432,3,4.89963960647583
422,179,4,4.178786277770996
422,187,5,4.360093116760254
422,466,6,3.9070394039154053
422,644,7,4.308127403259277
422,1203,8,3.7548975944519043
422,344,9,4.568240165710449
422,189,10,4.281973361968994
423,465,1,4.103825569152832
423,285,2,4.872316360473633
423,530,3,4.223834037780762
423,119,4,4.222038745880127
423,98,5,4.436093330383301
423,42,6,4.315433502197266
423,96,7,4.030684947967529
423,513,8,5.0136260986328125
423,515,9,4.682926177978516
423,189,10,4.556814670562744
424,126,1,4.307768821716309
424,385,2,4.303175926208496
424,524,3,5.116018772125244
424,198,4,4.048181533813477
424,509,5,5.13137674331665
424,501,6,3.9392197132110596
424,320,7,4.106085777282715
424,156,8,4.470831394195557
424,164,9,4.874734878540039
424,89,10,4.685222148895264
425,966,1,3.651416063308716
425,480,2,3.8965680599212646
425,857,3,3.3069512844085693
425,596,4,3.645961046218872
425,42,5,4.771908760070801
425,922,6,3.7392051219940186
425,389,7,3.5013673305511475
425,511,8,4.233870506286621
425,276,9,4.230345726013184
425,868,10,3.6936070919036865
426,202,1,4.8540754318237305
426,1450,2,4.233501434326172
426,114,3,4.247771739959717
426,165,4,4.707308769226074
426,660,5,4.113081455230713
426,1154,6,3.939981698989868
426,850,7,3.9435842037200928
426,611,8,4.56581449508667
426,45,9,4.609677314758301
426,198,10,3.935389518737793
427,483,1,5.4842634201049805
427,489,2,4.56931209564209
427,165,3,4.806631088256836
427,298,4,4.662944793701172
427,1021,5,5.175220966339111
427,1251,6,4.657723903656006
427,1159,7,4.7894487380981445
427,99,8,4.562817573547363
427,156,9,4.745495796203613
427,1367,10,4.606849670410156
428,485,1,5.0085039138793945
428,199,2,5.316775321960449
428,165,3,5.306631088256836
428,1159,4,4.996545791625977
428,99,5,4.742099285125732
428,611,6,4.973833084106445
428,478,7,5.2877936363220215
428,174,8,4.968265056610107
428,922,9,4.873303413391113
428,628,10,4.953604221343994
429,119,1,4.005364894866943
429,302,2,4.696911334991455
429,61,3,4.597668170928955
429,169,4,4.591243267059326
429,533,5,3.8605034351348877
429,968,6,3.633873701095581
429,1243,7,3.837095260620117
429,60,8,4.3544840812683105
429,751,9,4.108739852905273
429,175,10,3.651127815246582
430,223,1,4.785822868347168
430,357,2,4.707266807556152
430,603,3,4.5816850662231445
430,916,4,3.8017077445983887
430,511,5,3.9009928703308105
430,694,6,3.897087812423706
430,114,7,4.580961227416992
430,89,8,4.448142051696777
430,610,9,4.113085746765137
430,208,10,4.364334583282471
431,48,1,4.248561859130859
431,1367,2,4.1448750495910645
431,963,3,4.5604424476623535
431,1104,4,4.144278526306152
431,1216,5,3.838778495788574
431,177,6,4.141294002532959
431,606,7,4.544948101043701
431,519,8,4.130894184112549
431,114,9,4.378824710845947
431,430,10,4.365331172943115
432,478,1,4.200782775878906
432,316,2,4.984192848205566
432,133,3,4.95721960067749
432,183,4,4.3822340965271
432,1154,5,4.071242809295654
432,515,6,4.796879768371582
432,86,7,4.911187171936035
432,659,8,4.5118913650512695
432,432,9,4.483137607574463
432,302,10,4.585468292236328
433,168,1,5.082232475280762
433,127,2,4.9863080978393555
433,48,3,4.200248718261719
433,183,4,3.988621711730957
433,223,5,4.1951727867126465
433,1474,6,3.856104850769043
433,169,7,4.66294527053833
433,134,8,4.6000447273254395
433,511,9,4.581399917602539
433,525,10,3.876798629760742
434,603,1,5.248024940490723
434,408,2,4.098278999328613
434,506,3,4.336679458618164
434,215,4,4.754582405090332
434,498,5,4.741994857788086
434,648,6,4.576590538024902
434,223,7,4.277143478393555
434,470,8,4.130671977996826
434,234,9,4.4183349609375
434,515,10,4.407042503356934
435,1329,1,3.8609087467193604
435,813,2,4.128086566925049
435,1114,3,3.792876720428467
435,521,4,4.758513450622559
435,1073,5,4.265918731689453
435,805,6,4.001789569854736
435,480,7,3.7875759601593018
435,531,8,4.661735534667969
435,1137,9,4.097270965576172
435,491,10,4.144358158111572
436,1548,1,4.050000190734863
436,207,2,5.1286749839782715
436,69,3,4.999611854553223
436,177,4,4.339192867279053
436,12,5,4.817979335784912
436,533,6,4.325152397155762
436,511,7,4.534002304077148
436,753,8,4.8052568435668945
436,202,9,4.770663261413574
436,408,10,4.6470947265625
437,611,1,4.430657863616943
437,269,2,5.09186315536499
437,359,3,3.7196407318115234
437,48,4,4.392676830291748
437,493,5,4.1567487716674805
437,434,6,4.045087814331055
437,506,7,4.735116958618164
437,498,8,4.704274654388428
437,519,9,4.611414909362793
437,64,10,4.213766574859619
438,504,1,4.534906387329102
438,238,2,4.275854110717773
438,443,3,4.527279376983643
438,1451,4,4.680264472961426
438,657,5,4.996100902557373
438,922,6,5.004730701446533
438,318,7,4.649665355682373
438,530,8,4.62269401550293
438,1269,9,4.617216110229492
438,485,10,4.504175186157227
439,656,1,4.166858196258545
439,484,2,4.057583808898926
439,136,3,4.6444525718688965
439,50,4,4.248031139373779
439,482,5,4.340992450714111
439,1602,6,4.154576301574707
439,588,7,4.509495258331299
439,513,8,4.475613117218018
439,966,9,4.208977699279785
439,360,10,4.134218692779541
440,137,1,5.703625679016113
440,135,2,5.699136734008789
440,459,3,4.867018699645996
440,200,4,5.556807041168213
440,213,5,4.963071823120117
440,601,6,4.829492568969727
440,432,7,5.2661309242248535
440,12,8,5.260153770446777
440,474,9,5.066407680511475
440,854,10,4.814338207244873
441,50,1,4.067697048187256
441,1131,2,3.633159875869751
441,478,3,4.373831272125244
441,1449,4,4.2687859535217285
441,511,5,4.066841125488281
441,488,6,3.845381259918213
441,750,7,4.311601161956787
441,433,8,3.7102761268615723
441,1159,9,3.842055082321167
441,169,10,4.261064529418945
442,50,1,4.683043479919434
442,1617,2,3.524869680404663
442,183,3,4.681152820587158
442,1142,4,4.682668209075928
442,199,5,4.517307281494141
442,513,6,4.485952377319336
442,474,7,4.453358173370361
442,114,8,4.12509822845459
442,208,9,3.9034698009490967
442,432,10,4.101168155670166
443,1104,1,4.642267227172852
443,12,2,5.121740341186523
443,185,3,4.50367546081543
443,661,4,4.500977516174316
443,285,5,4.634759902954102
443,191,6,4.959954738616943
443,223,7,4.92410135269165
443,603,8,4.995238780975342
443,510,9,4.900273323059082
443,320,10,4.372325420379639
444,511,1,4.452364444732666
444,653,2,4.2820820808410645
444,470,3,4.850752353668213
444,963,4,4.848575592041016
444,949,5,4.844867706298828
444,96,6,4.433747291564941
444,114,7,4.429993152618408
444,648,8,4.413514137268066
444,922,9,4.65098762512207
444,530,10,4.465815544128418
445,191,1,3.4854226112365723
445,427,2,3.4295084476470947
445,519,3,2.9954559803009033
445,656,4,2.825652837753296
445,621,5,2.3393964767456055
445,1084,6,2.4735872745513916
445,318,7,3.2665069103240967
445,153,8,3.262491226196289
445,488,9,2.994210720062256
445,198,10,3.0712270736694336
446,302,1,4.359347343444824
446,1500,2,3.8081700801849365
446,589,3,3.581112861633301
446,432,4,3.9271745681762695
446,434,5,3.800870656967163
446,486,6,3.7980153560638428
446,645,7,3.7892305850982666
446,654,8,4.178228378295898
446,223,9,4.113771438598633
446,474,10,4.031979084014893
447,97,1,4.400081157684326
447,114,2,4.397325038909912
447,916,3,4.208730220794678
447,1007,4,4.20222806930542
447,1386,5,3.989785671234131
447,603,6,4.619655609130859
447,357,7,4.568689346313477
447,119,8,4.562699794769287
447,1251,9,4.0995402336120605
447,187,10,4.455958843231201
448,479,1,4.831845760345459
448,656,2,3.9456450939178467
448,317,3,4.5684332847595215
448,746,4,3.7356293201446533
448,173,5,4.553211688995361
448,493,6,4.107714653015137
448,511,7,3.8360958099365234
448,408,8,4.537858009338379
448,474,9,4.16813850402832
448,214,10,3.8526387214660645
449,484,1,3.9403433799743652
449,23,2,5.199574947357178
449,474,3,5.040744781494141
449,648,4,4.001806735992432
449,238,5,4.71405029296875
449,965,6,3.7337875366210938
449,1143,7,4.180417060852051
449,531,8,4.645544052124023
449,357,9,4.740208625793457
449,1154,10,4.079891204833984
450,1643,1,4.450376033782959
450,210,2,5.074396133422852
450,1166,3,4.1926493644714355
450,515,4,4.887496471405029
450,1604,5,4.188185691833496
450,1063,6,4.75834321975708
450,922,7,4.803552150726318
450,595,8,4.03500509262085
450,408,9,4.674601078033447
450,267,10,4.005896091461182
452,511,1,4.6737446784973145
452,313,2,4.564040660858154
452,813,3,3.8359522819519043
452,838,4,3.5317983627319336
452,718,5,3.5227808952331543
452,291,6,3.5960259437561035
452,484,7,4.25119161605835
452,14,8,4.369818687438965
452,1268,9,3.554314613342285
452,675,10,3.8859333992004395
454,466,1,4.12816858291626
454,448,2,3.49037766456604
454,826,3,3.266862154006958
454,488,4,3.379434108734131
454,1160,5,3.9983317852020264
454,787,6,3.960568428039551
454,1159,7,3.9569196701049805
454,1629,8,3.586648464202881
454,408,9,3.8722736835479736
454,1147,10,3.851072072982788
455,175,1,4.052762985229492
455,480,2,4.720903396606445
455,850,3,4.34717321395874
455,484,4,4.045910358428955
455,168,5,4.046566486358643
455,601,6,4.033564567565918
455,661,7,4.636456489562988
455,705,8,3.9455435276031494
455,1639,9,4.270777702331543
455,963,10,4.360898017883301
456,318,1,4.905425548553467
456,250,2,4.077866554260254
456,89,3,4.846778392791748
456,724,4,4.189670085906982
456,1070,5,4.010464668273926
456,48,6,4.5279693603515625
456,495,7,3.952465057373047
456,694,8,4.519532203674316
456,1194,9,4.269035339355469
456,493,10,4.047449588775635
457,525,1,4.821035385131836
457,209,2,5.455031871795654
457,480,3,5.184159278869629
457,119,4,4.7859907150268555
457,187,5,5.052988052368164
457,500,6,4.742850303649902
457,694,7,4.5908026695251465
457,420,8,4.451693534851074
457,1386,9,4.268221378326416
457,1558,10,4.520740985870361
458,1428,1,4.031289100646973
458,320,2,4.917170524597168
458,420,3,4.029358863830566
458,1449,4,5.062849998474121
458,1142,5,4.020514011383057
458,89,6,4.6628241539001465
458,615,7,4.173228740692139
458,114,8,4.628142833709717
458,856,9,4.6225762367248535
458,447,10,4.591103553771973
459,82,1,4.890501976013184
459,174,2,4.758940696716309
459,478,3,4.425769805908203
459,1022,4,4.107672691345215
459,656,5,3.8641839027404785
459,143,6,4.725722312927246
459,1134,7,4.01750373840332
459,270,8,4.738365650177002
459,1367,9,4.340916156768799
459,1589,10,4.068364143371582
460,320,1,3.637134313583374
460,750,2,4.310415744781494
460,863,3,4.29202127456665
460,466,4,3.7964727878570557
460,850,5,3.9056124687194824
460,445,6,3.473524332046509
460,213,7,3.8863418102264404
460,408,8,4.155500888824463
460,179,9,3.8770434856414795
460,488,10,3.7367727756500244
461,12,1,4.425737380981445
461,1367,2,3.5129101276397705
461,850,3,3.5549895763397217
461,613,4,3.8321239948272705
461,1019,5,3.832798480987549
461,657,6,4.136608123779297
461,272,7,3.8207900524139404
461,922,8,4.091837406158447
461,648,9,3.75736141204834
461,1531,10,3.533738613128662
462,513,1,4.868249416351318
462,1070,2,4.954962253570557
462,588,3,4.864309787750244
462,223,4,5.29050350189209
462,515,5,5.403600215911865
462,170,6,4.941017150878906
462,127,7,5.185502052307129
462,520,8,4.786189556121826
462,661,9,4.787047863006592
462,850,10,4.878844738006592
463,448,1,3.9979424476623535
463,207,2,4.968169689178467
463,1363,3,3.6023406982421875
463,480,4,4.843284606933594
463,318,5,4.794769763946533
463,493,6,4.124730587005615
463,153,7,4.375829696655273
463,1367,8,4.294565677642822
463,968,9,3.6932919025421143
463,431,10,3.6168601512908936
464,308,1,4.34528923034668
464,1019,2,4.784070014953613
464,211,3,5.038820266723633
464,589,4,4.572567462921143
464,119,5,4.649643898010254
464,1020,6,4.767976760864258
464,197,7,4.956027507781982
464,963,8,4.938174247741699
464,208,9,4.7506489753723145
464,91,10,4.6278204917907715
466,945,1,4.209441661834717
466,132,2,5.069948196411133
466,1523,3,3.950314998626709
466,12,4,4.343591690063477
466,59,5,4.9029998779296875
466,501,6,4.49765682220459
466,238,7,5.011521816253662
466,531,8,4.1424174308776855
466,1154,9,4.17100191116333
466,484,10,4.460488796234131
467,693,1,4.009535789489746
467,483,2,4.389937400817871
467,813,3,4.401989936828613
467,1240,4,4.144356727600098
467,1450,5,3.9062747955322266
467,251,6,4.161661148071289
467,182,7,4.928897857666016
467,56,8,4.694289207458496
467,514,9,4.6692304611206055
467,654,10,4.7902607917785645
468,968,1,4.108540058135986
468,484,2,4.402342796325684
468,169,3,4.987979412078857
468,197,4,5.030658721923828
468,489,5,4.552316188812256
468,423,6,4.93262243270874
468,530,7,4.008686065673828
468,478,8,4.906720161437988
468,1019,9,4.494866847991943
468,1594,10,4.414440155029297
469,661,1,4.632193565368652
469,428,2,4.3861775398254395
469,904,3,4.895092964172363
469,198,4,4.507826328277588
469,48,5,5.594020843505859
469,966,6,4.504712104797363
469,171,7,4.506198883056641
469,172,8,4.619662761688232
469,114,9,4.606328964233398
469,285,10,4.801863193511963
470,496,1,4.895363807678223
470,195,2,4.2216925621032715
470,208,3,4.860770225524902
470,82,4,4.131408214569092
470,83,5,4.132839679718018
470,199,6,4.833166122436523
470,191,7,4.217319488525391
470,603,8,4.533955097198486
470,538,9,4.1881208419799805
470,200,10,4.3919677734375
471,161,1,3.9664926528930664
471,22,2,4.9083757400512695
471,566,3,3.701936960220337
471,197,4,4.152505874633789
471,746,5,4.101808071136475
471,1594,6,3.900484323501587
471,114,7,3.798448085784912
471,208,8,4.060731410980225
471,484,9,4.037837028503418
471,519,10,4.238826274871826
472,1594,1,4.616015434265137
472,423,2,4.829719066619873
472,511,3,4.828124523162842
472,144,4,4.607510566711426
472,1524,5,4.9611711502075195
472,60,6,5.694886207580566
472,12,7,6.121158123016357
472,1240,8,4.599571228027344
472,170,9,5.221814155578613
472,179,10,4.505381107330322
473,662,1,4.276928424835205
473,203,2,4.274799346923828
473,958,3,4.804635524749756
473,64,4,5.033680438995361
473,318,5,4.753788471221924
473,479,6,4.377395153045654
473,187,7,4.837536334991455
473,663,8,4.134941101074219
473,657,9,4.3598151206970215
473,211,10,4.588809013366699
474,115,1,3.9196360111236572
474,443,2,4.561302661895752
474,1073,3,4.253638744354248
474,223,4,4.985570430755615
474,512,5,5.0194172859191895
474,272,6,5.056224822998047
474,718,7,4.949057579040527
474,228,8,4.930196285247803
474,770,9,4.32792329788208
474,420,10,4.471560955047607
475,530,1,4.220297813415527
475,194,2,4.179210186004639
475,483,3,4.130573272705078
475,425,4,3.8487603664398193
475,188,5,3.605987071990967
475,119,6,3.3988685607910156
475,612,7,3.593467950820923
475,513,8,4.057529926300049
475,646,9,3.3567073345184326
475,200,10,3.8044023513793945
476,116,1,4.277863502502441
476,519,2,3.8916001319885254
476,922,3,3.972543716430664
476,591,4,3.8346199989318848
476,285,5,4.5304789543151855
476,1474,6,3.7027831077575684
476,50,7,4.634402751922607
476,179,8,4.464254379272461
476,657,9,4.458605766296387
476,273,10,4.0843634605407715
477,2,1,4.778940200805664
477,114,2,5.307268142700195
477,178,3,5.328552722930908
477,427,4,5.027228832244873
477,171,5,4.9139251708984375
477,50,6,5.010376453399658
477,478,7,5.198969841003418
477,611,8,5.157614707946777
477,656,9,4.993932723999023
477,91,10,4.751779556274414
478,1505,1,3.757725238800049
478,205,2,5.26353645324707
478,494,3,4.236960411071777
478,498,4,4.979272842407227
478,644,5,4.106390476226807
478,262,6,5.170349597930908
478,607,7,4.028473377227783
478,251,8,4.913183689117432
478,463,9,3.94765043258667
478,657,10,4.826650142669678
479,1193,1,4.13036584854126
479,331,2,3.8138880729675293
479,119,3,4.126860618591309
479,512,4,4.707747936248779
479,12,5,4.814379692077637
479,850,6,4.297914505004883
479,919,7,4.672279357910156
479,61,8,4.310729026794434
479,611,9,4.599160194396973
479,533,10,3.8594789505004883
480,480,1,3.61091947555542
480,19,2,4.41959285736084
480,60,3,4.0888447761535645
480,189,4,4.319046974182129
480,525,5,4.318387031555176
480,1367,6,3.8180880546569824
480,520,7,4.302911281585693
480,610,8,3.890725612640381
480,89,9,4.243581295013428
480,119,10,4.142473220825195
481,656,1,4.989428520202637
481,1512,2,4.9655890464782715
481,513,3,4.93516206741333
481,399,4,4.501378536224365
481,203,5,4.644847393035889
481,645,6,4.218085289001465
481,34,7,4.652623176574707
481,478,8,4.863714694976807
481,519,9,4.818844795227051
481,143,10,4.277299404144287
482,675,1,4.1689605712890625
482,216,2,4.165280342102051
482,484,3,4.5060858726501465
482,969,4,4.310832977294922
482,850,5,4.368433475494385
482,601,6,4.206055164337158
482,22,7,4.949388027191162
482,603,8,4.837421417236328
482,195,9,4.817498207092285
482,1122,10,4.120370388031006
483,315,1,3.668694257736206
483,408,2,4.317660331726074
483,488,3,3.661731719970703
483,1617,4,3.7733030319213867
483,800,5,3.531501293182373
483,533,6,3.4935319423675537
483,132,7,4.221513748168945
483,478,8,4.196854591369629
483,701,9,3.995804786682129
483,520,10,4.164098739624023
484,52,1,4.527826309204102
484,511,2,5.106806755065918
484,1450,3,4.525768280029297
484,8,4,4.9933929443359375
484,514,5,4.987081050872803
484,1022,6,4.5089263916015625
484,466,7,4.92690372467041
484,165,8,4.924540996551514
484,203,9,4.117673397064209
484,493,10,4.162853240966797
485,169,1,4.979650974273682
485,654,2,4.95094108581543
485,69,3,4.227543830871582
485,474,4,4.120285987854004
485,509,5,3.8943216800689697
485,1629,6,3.8526484966278076
485,611,7,4.819413185119629
485,194,8,4.691760540008545
485,79,9,4.099174499511719
485,165,10,4.608333110809326
486,187,1,4.3887457847595215
486,589,2,4.2140727043151855
486,1599,3,3.8134946823120117
486,491,4,4.381643295288086
486,48,5,4.9815778732299805
486,657,6,4.362208843231201
486,844,7,3.9041879177093506
486,478,8,4.335269927978516
486,479,9,4.182444095611572
486,99,10,4.220028877258301
487,203,1,4.278321266174316
487,707,2,5.202742576599121
487,200,3,4.374608993530273
487,785,4,4.367284297943115
487,187,5,4.971512317657471
487,514,6,4.573895454406738
487,602,7,4.031641483306885
487,114,8,4.531652450561523
487,524,9,4.833688259124756
487,694,10,4.77365779876709
488,429,1,3.4734926223754883
488,88,2,4.36454963684082
488,63,3,3.4130659103393555
488,194,4,4.2054595947265625
488,657,5,4.159601211547852
488,530,6,4.151510238647461
488,1064,7,3.4598958492279053
488,686,8,3.7639636993408203
488,1477,9,3.3573267459869385
488,51,10,4.130753040313721
489,12,1,5.041194438934326
489,16,2,4.633281707763672
489,129,3,5.564257621765137
489,655,4,4.69414758682251
489,200,5,5.383088111877441
489,588,6,5.2562642097473145
489,318,7,5.210263252258301
489,701,8,4.673539638519287
489,89,9,5.157268047332764
489,479,10,4.506348133087158
490,604,1,3.226928949356079
490,705,2,3.5055575370788574
490,12,3,4.038352012634277
490,132,4,3.3220198154449463
490,480,5,3.869267225265503
490,654,6,3.875898838043213
490,23,7,4.073505878448486
490,134,8,3.8688507080078125
490,462,9,3.786606788635254
490,813,10,3.2001678943634033
491,1,1,4.249390602111816
491,11,2,4.132628917694092
491,520,3,4.131890296936035
491,222,4,4.133230686187744
491,207,5,4.130366802215576
491,615,6,4.238528251647949
491,117,7,4.664597511291504
491,1558,8,4.244956970214844
491,306,9,4.233658790588379
491,533,10,4.376336097717285
492,481,1,3.3234775066375732
492,12,2,3.995121955871582
492,8,3,3.945706367492676
492,661,4,3.6337060928344727
492,969,5,3.634280204772949
492,513,6,3.6314005851745605
492,1064,7,3.248833656311035
492,177,8,3.254430055618286
492,96,9,3.6258325576782227
492,675,10,3.813861846923828
493,44,1,4.428704261779785
493,408,2,5.240567684173584
493,519,3,4.579579830169678
493,302,4,4.926211833953857
493,718,5,4.369694709777832
493,836,6,3.969775676727295
493,661,7,4.782371997833252
493,847,8,4.76560640335083
493,675,9,3.9605042934417725
493,946,10,4.42885684967041
494,611,1,4.0952067375183105
494,190,2,4.3545145988464355
494,6,3,4.2453460693359375
494,12,4,5.197080612182617
494,298,5,5.255344867706299
494,792,6,4.008861541748047
494,320,7,4.419695854187012
494,467,8,4.21310567855835
494,436,9,4.40798807144165
494,203,10,4.406744956970215
495,250,1,4.2852783203125
495,333,2,4.163393497467041
495,115,3,4.552366256713867
495,661,4,5.0454583168029785
495,313,5,5.075386047363281
495,651,6,5.110481262207031
495,410,7,4.649860382080078
495,499,8,4.343564510345459
495,117,9,4.971193313598633
495,675,10,4.751242637634277
496,51,1,3.7252633571624756
496,1159,2,3.723038673400879
496,694,3,3.719064474105835
496,606,4,3.549825429916382
496,48,5,4.646451950073242
496,290,6,3.468339204788208
496,201,7,4.369544982910156
496,455,8,4.42115592956543
496,114,9,4.2163777351379395
496,179,10,3.890528678894043
497,116,1,4.8567609786987305
497,662,2,3.9461355209350586
497,430,3,4.200244903564453
497,64,4,4.575657844543457
497,519,5,4.197165012359619
497,157,6,4.416820526123047
497,936,7,4.351436614990234
497,147,8,3.826244354248047
497,360,9,4.1095967292785645
497,1573,10,3.8663136959075928
498,200,1,4.2681450843811035
498,19,2,3.5673742294311523
498,589,3,3.671388626098633
498,498,4,3.5440502166748047
498,99,5,3.416754722595215
498,812,6,3.4742326736450195
498,195,7,3.4044406414031982
498,547,8,3.5362768173217773
498,835,9,4.122945785522461
498,466,10,3.9855167865753174
499,42,1,5.117929458618164
499,428,2,4.367140769958496
499,302,3,4.4869279861450195
499,185,4,4.477103233337402
499,919,5,4.475484848022461
499,119,6,4.470058917999268
499,684,7,4.264617443084717
499,64,8,4.680970191955566
499,865,9,4.410118579864502
499,1459,10,3.9794669151306152
500,1098,1,4.250151634216309
500,1449,2,4.907434463500977
500,455,3,3.989393472671509
500,675,4,4.81348991394043
500,1203,5,4.249815464019775
500,298,6,4.771617412567139
500,152,7,4.244163513183594
500,12,8,4.860813617706299
500,1594,9,4.212908744812012
500,622,10,3.993006706237793
501,607,1,4.661954879760742
501,48,2,5.044286727905273
501,513,3,4.931219577789307
501,1064,4,4.406887054443359
501,511,5,4.919848918914795
501,493,6,4.398970603942871
501,705,7,4.278117656707764
501,169,8,4.865222454071045
501,285,9,4.967848300933838
501,178,10,4.781011581420898
502,408,1,4.565234661102295
502,474,2,4.987911224365234
502,463,3,4.281262397766113
502,174,4,5.050889492034912
502,615,5,4.547933578491211
502,496,6,4.933142185211182
502,609,7,4.356812477111816
502,520,8,4.561594009399414
502,99,9,4.503626346588135
502,488,10,4.412997245788574
503,1262,1,4.229826927185059
503,533,2,4.735572338104248
503,665,3,4.1383280754089355
503,778,4,4.563963890075684
503,483,5,5.359373569488525
503,257,6,5.203040599822998
503,188,7,4.704060077667236
503,302,8,5.410887241363525
503,520,9,5.092336654663086
503,265,10,5.115581512451172
504,603,1,5.096837043762207
504,207,2,4.348383903503418
504,601,3,3.977369785308838
504,57,4,5.007122993469238
504,588,5,4.190830230712891
504,659,6,4.963675498962402
504,89,7,3.9761288166046143
504,645,8,4.451140880584717
504,311,9,4.738309383392334
504,781,10,4.613091945648193
505,447,1,4.186934471130371
505,958,2,4.041231632232666
505,1451,3,4.172505855560303
505,241,4,3.6648006439208984
505,48,5,3.6707749366760254
505,470,6,4.617197036743164
505,242,7,4.746536731719971
505,484,8,4.5734663009643555
505,520,9,4.558631896972656
505,1069,10,3.844479560852051
506,265,1,4.925149917602539
506,969,2,4.149148941040039
506,448,3,4.009055137634277
506,83,4,4.7438554763793945
506,119,5,4.4465789794921875
506,884,6,4.070367336273193
506,178,7,4.745462417602539
506,1004,8,3.9180550575256348
506,613,9,4.699097633361816
506,1159,10,4.178702354431152
507,515,1,5.9376959800720215
507,435,2,5.134827136993408
507,443,3,4.930898189544678
507,1101,4,5.3514227867126465
507,144,5,5.68123722076416
507,588,6,5.654275417327881
507,378,7,5.337817192077637
507,653,8,5.100811004638672
507,1269,9,5.553404331207275
507,119,10,5.08250093460083
508,1286,1,3.8762893676757812
508,958,2,4.468295097351074
508,653,3,4.460951805114746
508,324,4,3.783406972885132
508,745,5,3.985194683074951
508,558,6,4.819085597991943
508,170,7,4.765965461730957
508,1142,8,4.765844821929932
508,114,9,4.72029972076416
508,646,10,3.9975979328155518
509,151,1,3.6038670539855957
509,966,2,3.0995635986328125
509,361,3,3.09948992729187
509,203,4,3.3766515254974365
509,679,5,3.1285924911499023
509,320,6,3.422726631164551
509,189,7,3.3769733905792236
509,318,8,3.9905343055725098
509,357,9,3.9689183235168457
509,195,10,3.8730216026306152
510,498,1,4.634711742401123
510,238,2,3.759763717651367
510,234,3,3.608557939529419
510,657,4,4.01856803894043
510,511,5,4.618955612182617
510,12,6,4.560140132904053
510,251,7,4.132331371307373
510,705,8,4.112837314605713
510,190,9,4.112734317779541
510,735,10,4.31455659866333
511,855,1,4.538521766662598
511,1537,2,4.724048614501953
511,127,3,5.379953384399414
511,430,4,4.8390793800354
511,285,5,5.061210632324219
511,474,6,5.279510974884033
511,488,7,5.240040302276611
511,701,8,4.7803263664245605
511,661,9,4.9203410148620605
511,615,10,4.853228569030762
512,528,1,4.168073654174805
512,175,2,4.164522647857666
512,513,3,4.567163467407227
512,1531,4,3.843276262283325
512,966,5,3.9254164695739746
512,520,6,4.264410972595215
512,408,7,4.5045905113220215
512,478,8,4.48776912689209
512,200,9,4.369513988494873
512,1194,10,4.1786322593688965
513,22,1,4.896977424621582
513,173,2,4.783459186553955
513,705,3,4.398001670837402
513,519,4,4.203630447387695
513,432,5,3.9523894786834717
513,1594,6,4.022582530975342
513,79,7,4.7286834716796875
513,1449,8,4.660757541656494
513,12,9,4.6572265625
513,663,10,4.406455993652344
514,641,1,4.183987140655518
514,963,2,5.290511608123779
514,248,3,4.793209552764893
514,657,4,4.785940170288086
514,1367,5,4.017211437225342
514,513,6,4.181069374084473
514,478,7,4.767315864562988
514,500,8,4.308024883270264
514,1523,9,4.180813312530518
514,1022,10,4.46011209487915
516,1449,1,4.8274126052856445
516,1019,2,4.380322456359863
516,653,3,4.600623607635498
516,170,4,5.088806629180908
516,603,5,5.084002494812012
516,404,6,4.3792548179626465
516,520,7,5.066932678222656
516,124,8,4.666646480560303
516,634,9,4.393585681915283
516,203,10,4.932009696960449
517,115,1,3.330192804336548
517,656,2,3.73811674118042
517,474,3,4.222854137420654
517,602,4,3.266225814819336
517,837,5,3.1838481426239014
517,175,6,3.7260875701904297
517,430,7,3.2139697074890137
517,646,8,3.656787157058716
517,173,9,4.10478401184082
517,169,10,3.8993330001831055
518,143,1,4.195068359375
518,1304,2,4.1129655838012695
518,316,3,5.128767490386963
518,1158,4,4.3094892501831055
518,596,5,4.601367950439453
518,1159,6,4.6026716232299805
518,181,7,4.809117317199707
518,615,8,4.845712661743164
518,164,9,4.428861618041992
518,661,10,4.549312114715576
519,498,1,5.76505184173584
519,433,2,5.113984107971191
519,303,3,4.672286033630371
519,474,4,5.462148189544678
519,153,5,4.9399824142456055
519,525,6,5.115717887878418
519,922,7,4.5192766189575195
519,657,8,5.327305793762207
519,813,9,5.264808654785156
519,530,10,5.003347396850586
520,854,1,4.275022029876709
520,48,2,4.743124008178711
520,190,3,5.071889877319336
520,470,4,4.392083168029785
520,483,5,5.096742153167725
520,178,6,5.0420451164245605
520,69,7,4.9576520919799805
520,12,8,4.893453121185303
520,966,9,4.66964054107666
520,588,10,4.570082664489746
521,1203,1,3.4579989910125732
521,966,2,3.8261539936065674
521,1159,3,3.8243136405944824
521,194,4,4.210529327392578
521,443,5,3.396270275115967
521,272,6,4.130000591278076
521,611,7,3.5623066425323486
521,116,8,4.172215461730957
521,320,9,4.116721153259277
521,190,10,4.111578464508057
522,187,1,4.314779281616211
522,653,2,4.314019203186035
522,661,3,4.9315361976623535
522,194,4,4.845604419708252
522,478,5,4.168463230133057
522,588,6,4.429590225219727
522,119,7,4.11094856262207
522,137,8,4.696974754333496
522,601,9,4.382600784301758
522,505,10,4.003393173217773
524,1,1,4.311862468719482
524,315,2,4.889322757720947
524,850,3,3.9886035919189453
524,661,4,4.151980400085449
524,694,5,3.9834587574005127
524,1531,6,4.147549152374268
524,1133,7,4.153855323791504
524,475,8,4.257490634918213
524,287,9,4.477485656738281
524,853,10,4.084700107574463
525,661,1,3.6122570037841797
525,484,2,3.5161538124084473
525,709,3,3.8011574745178223
525,68,4,3.9241697788238525
525,210,5,3.4396588802337646
525,357,6,4.145108222961426
525,48,7,4.0137553215026855
525,588,8,3.8401572704315186
525,1574,9,3.491262674331665
525,445,10,3.5309860706329346
526,603,1,4.7844438552856445
526,705,2,3.745382070541382
526,1405,3,4.114166259765625
526,1585,4,3.638636827468872
526,318,5,4.49626350402832
526,966,6,3.629291534423828
526,661,7,3.686846971511841
526,484,8,3.671790838241577
526,674,9,3.5171620845794678
526,463,10,4.264734268188477
527,530,1,4.004720211029053
527,119,2,4.111385345458984
527,675,3,4.110908031463623
527,1368,4,4.23610782623291
527,408,5,4.757174491882324
527,1367,6,4.231518268585205
527,968,7,3.8735909461975098
527,493,8,4.088804244995117
527,23,9,4.5847272872924805
527,705,10,4.506119251251221
528,497,1,5.156852722167969
528,318,2,4.4120283126831055
528,359,3,4.013723850250244
528,176,4,5.099035739898682
528,189,5,4.885056495666504
528,520,6,4.930946350097656
528,463,7,4.006470203399658
528,533,8,3.9179868698120117
528,89,9,4.650175094604492
528,922,10,4.089474201202393
529,89,1,5.1677141189575195
529,1131,2,4.177956581115723
529,170,3,4.511450290679932
529,97,4,4.533119201660156
529,484,5,4.418499946594238
529,12,6,5.043992042541504
529,246,7,4.888858318328857
529,119,8,4.490451812744141
529,500,9,4.944764614105225
529,524,10,4.728884220123291
530,836,1,4.260069370269775
530,479,2,4.830811023712158
530,194,3,4.069855690002441
530,515,4,4.82796573638916
530,916,5,4.11033296585083
530,114,6,4.728572845458984
530,197,7,4.452040672302246
530,203,8,4.14681339263916
530,115,9,4.064451694488525
530,136,10,4.378777980804443
531,1367,1,4.306386947631836
531,119,2,4.397476673126221
531,963,3,4.399959564208984
531,601,4,4.237639904022217
531,611,5,4.890241622924805
531,200,6,4.558845043182373
531,127,7,4.536314964294434
531,945,8,4.2247772216796875
531,59,9,4.466750144958496
531,419,10,4.207993030548096
532,1450,1,4.486817359924316
532,423,2,5.282135963439941
532,208,3,5.238018989562988
532,533,4,4.143218994140625
532,484,5,5.129324436187744
532,694,6,4.695556640625
532,318,7,5.024345397949219
532,189,8,4.956984043121338
532,625,9,4.534239768981934
532,144,10,4.6142754554748535
533,656,1,3.783477306365967
533,189,2,4.486051559448242
533,1529,3,3.3651957511901855
533,608,4,3.7792086601257324
533,165,5,3.928539514541626
533,75,6,3.9295461177825928
533,300,7,4.363137245178223
533,445,8,3.7757327556610107
533,512,9,4.364860534667969
533,196,10,4.051633358001709
534,187,1,5.053084850311279
534,694,2,4.755556583404541
534,198,3,5.406187057495117
534,285,4,4.7548723220825195
534,1011,5,4.914422988891602
534,419,6,4.817241191864014
534,646,7,4.6947479248046875
534,525,8,5.327584266662598
534,210,9,5.312709808349609
534,792,10,5.007837295532227
535,1086,1,4.405642986297607
535,705,2,4.924965858459473
535,463,3,4.000729560852051
535,175,4,4.826747417449951
535,208,5,4.7639994621276855
535,320,6,4.13100528717041
535,611,7,4.379000663757324
535,91,8,4.640646457672119
535,262,9,4.630061626434326
535,28,10,4.321474552154541
536,1191,1,4.15524959564209
536,701,2,4.027256488800049
536,602,3,3.989654779434204
536,519,4,4.345334053039551
536,513,5,4.765509605407715
536,1005,6,4.486778259277344
536,721,7,4.70428991317749
536,114,8,4.67742395401001
536,89,9,4.646910667419434
536,525,10,4.414717674255371
537,1201,1,3.122006893157959
537,1190,2,3.5024447441101074
537,432,3,3.2807116508483887
537,144,4,3.0519371032714844
537,408,5,4.437415599822998
537,1368,6,3.8416152000427246
537,9,7,3.8303043842315674
537,1064,8,3.2566237449645996
537,630,9,3.2583041191101074
537,520,10,3.379074811935425
538,185,1,4.651566028594971
538,835,2,3.948129892349243
538,178,3,4.555416584014893
538,482,4,4.099886417388916
538,484,5,4.491098880767822
538,286,6,3.9436633586883545
538,474,7,4.516193389892578
538,408,8,4.078210353851318
538,60,9,4.114743709564209
538,203,10,4.123485565185547
539,615,1,4.581031322479248
539,190,2,5.375136852264404
539,514,3,5.170875072479248
539,318,4,5.016002655029297
539,233,5,4.554232120513916
539,811,6,4.318134307861328
539,179,7,3.998473644256592
539,746,8,4.985267639160156
539,589,9,4.4056596755981445
539,488,10,4.921555995941162
540,205,1,4.566007137298584
540,89,2,4.465707302093506
540,52,3,4.184650897979736
540,1020,4,4.453745365142822
540,968,5,4.135555744171143
540,315,6,4.985462665557861
540,169,7,4.91508674621582
540,132,8,4.5613484382629395
540,484,9,5.0922322273254395
540,208,10,4.556431770324707
541,1194,1,5.2666521072387695
541,198,2,5.1385955810546875
541,494,3,4.370584964752197
541,601,4,4.231780052185059
541,89,5,4.973087787628174
541,221,6,4.366497039794922
541,889,7,4.2249674797058105
541,200,8,4.933746337890625
541,313,9,4.854896068572998
541,484,10,4.801033020019531
542,601,1,3.7999744415283203
542,98,2,4.610777378082275
542,1449,3,4.575680255889893
542,200,4,4.200867652893066
542,311,5,4.021832466125488
542,492,6,4.486103057861328
542,970,7,3.6400458812713623
542,320,8,3.9268076419830322
542,171,9,4.188262462615967
542,646,10,4.296492576599121
543,601,1,4.118673324584961
543,416,2,3.827742099761963
543,505,3,3.897374391555786
543,447,4,3.828327178955078
543,641,5,4.388027667999268
543,298,6,4.610507965087891
543,435,7,4.37916898727417
543,48,8,4.412471294403076
543,276,9,4.333635330200195
543,488,10,4.041731357574463
544,117,1,3.8545076847076416
544,603,2,4.566175937652588
544,496,3,4.159119606018066
544,646,4,3.802718162536621
544,513,5,4.154043197631836
544,850,6,3.9877004623413086
544,318,7,4.458553791046143
544,153,8,3.908357858657837
544,482,9,4.457221031188965
544,114,10,4.30819034576416
545,1459,1,4.259875774383545
545,813,2,4.381372451782227
545,1293,3,3.868605852127075
545,471,4,4.784277439117432
545,313,5,4.949530124664307
545,133,6,4.7826032638549805
545,297,7,4.354536056518555
545,516,8,4.240346908569336
545,488,9,4.560455322265625
545,485,10,4.375093460083008
546,657,1,4.888077735900879
546,524,2,4.726546287536621
546,199,3,5.5270466804504395
546,520,4,4.501573085784912
546,434,5,5.202085494995117
546,478,6,4.8754730224609375
546,48,7,4.854272365570068
546,633,8,4.73624849319458
546,1011,9,4.3853759765625
546,1573,10,4.553865432739258
547,1459,1,4.1233744621276855
547,479,2,4.897268772125244
547,1159,3,4.464020252227783
547,1639,4,4.563571929931641
547,966,5,4.561732769012451
547,12,6,4.879116535186768
547,318,7,4.814368724822998
547,28,8,4.544636249542236
547,114,9,4.437839508056641
547,1537,10,4.25346565246582
548,520,1,5.646479606628418
548,144,2,5.5100321769714355
548,968,3,4.176401138305664
548,194,4,4.757988929748535
548,778,5,4.779962539672852
548,470,6,4.424822807312012
548,115,7,4.554643630981445
548,114,8,4.750091075897217
548,480,9,4.179527759552002
548,165,10,5.274150371551514
549,1193,1,4.4113264083862305
549,189,2,4.085731506347656
549,174,3,5.037724494934082
549,190,4,4.97391939163208
549,1142,5,4.3991289138793945
549,408,6,4.928606986999512
549,168,7,4.847390174865723
549,12,8,4.2689056396484375
549,211,9,4.343542575836182
549,485,10,4.1679229736328125
551,633,1,5.384747505187988
551,173,2,4.555629253387451
551,1372,3,4.348006725311279
551,792,4,4.655483245849609
551,327,5,4.781434059143066
551,1512,6,5.369363307952881
551,483,7,5.041855812072754
551,657,8,4.613297939300537
551,140,9,4.714044570922852
551,671,10,4.826798915863037
552,64,1,4.542143821716309
552,645,2,3.545196056365967
552,79,3,3.877749443054199
552,1158,4,3.8804585933685303
552,8,5,4.266408920288086
552,500,6,3.607433795928955
552,176,7,4.001033782958984
552,385,8,3.866748809814453
552,195,9,3.9623382091522217
552,211,10,4.193255424499512
553,1064,1,4.058847427368164
553,425,2,5.012533187866211
553,137,3,4.969971179962158
553,432,4,4.293317794799805
553,119,5,4.548943519592285
553,671,6,4.290213584899902
553,185,7,4.740118980407715
553,211,8,4.222196102142334
553,175,9,4.1165008544921875
553,493,10,4.273046970367432
554,465,1,4.112020492553711
554,178,2,4.568711757659912
554,185,3,4.4805474281311035
554,511,4,4.084183692932129
554,1159,5,3.673556327819824
554,663,6,4.284623146057129
554,427,7,4.239964962005615
554,115,8,3.9155218601226807
554,1064,9,4.029875755310059
554,434,10,3.8194284439086914
555,480,1,4.655244827270508
555,496,2,5.002435207366943
555,483,3,5.376343250274658
555,936,4,5.001462936401367
555,179,5,4.563784599304199
555,23,6,5.287862777709961
555,344,7,4.982555866241455
555,484,8,4.840563774108887
555,613,9,5.152231693267822
555,1,10,4.626730918884277
556,357,1,5.495136260986328
556,655,2,4.4224114418029785
556,116,3,4.423183441162109
556,661,4,5.043345928192139
556,192,5,5.018276214599609
556,1142,6,4.1019134521484375
556,175,7,4.097476959228516
556,511,8,4.958865165710449
556,603,9,4.995018482208252
556,408,10,4.79844331741333
557,474,1,4.174981117248535
557,645,2,4.356116771697998
557,175,3,4.970769882202148
557,11,4,4.229979038238525
557,612,5,4.222476005554199
557,646,6,4.343230724334717
557,242,7,4.910184860229492
557,958,8,4.850829601287842
557,520,9,4.753756999969482
557,588,10,4.741494178771973
558,318,1,4.563532829284668
558,91,2,3.744842052459717
558,483,3,4.46352481842041
558,1114,4,3.942728281021118
558,498,5,3.9416983127593994
558,156,6,4.131574630737305
558,654,7,4.0112409591674805
558,127,8,4.314707279205322
558,191,9,4.2583394050598145
558,208,10,4.237449645996094
559,97,1,4.396050930023193
559,488,2,4.930237770080566
559,694,3,4.380613803863525
559,203,4,4.200255870819092
559,1620,5,4.200638294219971
559,178,6,4.781334400177002
559,603,7,4.694000244140625
559,185,8,4.356517791748047
559,493,9,4.746671199798584
559,850,10,4.2067461013793945
561,1154,1,3.656301975250244
561,320,2,3.8772196769714355
561,602,3,3.3466126918792725
561,414,4,4.252039909362793
561,624,5,3.2966818809509277
561,1558,6,4.2665324211120605
561,653,7,4.176581382751465
561,711,8,3.418917655944824
561,408,9,4.427328109741211
561,519,10,4.040588855743408
562,219,1,5.14886999130249
562,513,2,4.845432758331299
562,208,3,3.715897798538208
562,1318,4,3.630885601043701
562,519,5,4.204066276550293
562,1131,6,3.7025885581970215
562,60,7,4.50144100189209
562,22,8,4.490147590637207
562,423,9,4.485334396362305
562,661,10,4.429805755615234
563,316,1,5.622342109680176
563,603,2,5.269052028656006
563,1251,3,4.733174800872803
563,1293,4,4.34128475189209
563,651,5,4.5121636390686035
563,1137,6,5.063558101654053
563,656,7,4.5707807540893555
563,48,8,4.975501537322998
563,50,9,4.9997968673706055
563,493,10,4.407352924346924
564,136,1,4.427141189575195
564,966,2,3.9694015979766846
564,189,3,4.272495269775391
564,969,4,3.736666679382324
564,208,5,4.339153289794922
564,513,6,4.200653553009033
564,1451,7,3.54095196723938
564,173,8,3.7377281188964844
564,60,9,4.046960353851318
564,661,10,3.869023084640503
565,12,1,5.482272148132324
565,316,2,4.735220432281494
565,694,3,4.864755630493164
565,180,4,5.099937438964844
565,48,5,5.086215019226074
565,482,6,4.547647953033447
565,1268,7,4.807524681091309
565,50,8,4.6710944175720215
565,408,9,4.797428607940674
565,513,10,4.9506707191467285
566,634,1,4.255756378173828
566,436,2,4.157954216003418
566,958,3,4.425976276397705
566,514,4,4.942445755004883
566,463,5,3.9980478286743164
566,488,6,5.025599479675293
566,507,7,4.922194957733154
566,654,8,4.635073661804199
566,611,9,4.62955379486084
566,474,10,4.605155944824219
567,1158,1,4.333603382110596
567,180,2,5.11937952041626
567,435,3,3.9510490894317627
567,694,4,4.968684196472168
567,505,5,3.9998679161071777
567,645,6,4.322005271911621
567,1070,7,4.782367706298828
567,610,8,4.297276973724365
567,470,9,4.673820495605469
567,1313,10,4.588747024536133
568,408,1,3.918148994445801
568,1142,2,4.557937145233154
568,69,3,4.392763137817383
568,71,4,4.336763381958008
568,188,5,3.9082069396972656
568,170,6,4.331981658935547
568,602,7,3.486192226409912
568,470,8,3.892627716064453
568,166,9,4.29257869720459
568,481,10,4.292420864105225
569,318,1,5.071718215942383
569,513,2,5.025335788726807
569,498,3,4.543518543243408
569,490,4,4.344747543334961
569,408,5,4.903356075286865
569,177,6,4.049326419830322
569,269,7,4.4903411865234375
569,211,8,4.334428787231445
569,178,9,4.684650421142578
569,174,10,4.547397136688232
570,89,1,4.935873985290527
570,603,2,4.885087013244629
570,136,3,4.516211032867432
570,589,4,4.259099006652832
570,174,5,4.500743865966797
570,510,6,4.150371551513672
570,60,7,4.657130718231201
570,512,8,4.486405849456787
570,200,9,4.490980625152588
570,511,10,4.483154296875
571,127,1,3.6835780143737793
571,610,2,3.5154736042022705
571,408,3,4.291208267211914
571,603,4,4.394466400146484
571,480,5,4.232850074768066
571,12,6,4.372387886047363
571,59,7,4.057898044586182
571,177,8,3.545247793197632
571,1331,9,3.447453498840332
571,520,10,3.9022326469421387
572,176,1,4.104489326477051
572,525,2,4.864551544189453
572,494,3,4.368886470794678
572,513,4,4.572021961212158
572,169,5,5.037420749664307
572,175,6,4.296981334686279
572,1449,7,4.527946949005127
572,64,8,4.7883477210998535
572,194,9,4.789356708526611
572,694,10,4.518721580505371
573,12,1,4.257786273956299
573,483,2,4.651832103729248
573,272,3,4.600912570953369
573,313,4,4.527473449707031
573,919,5,4.056628704071045
573,589,6,4.1485443115234375
573,659,7,4.245500564575195
573,792,8,3.786787271499634
573,79,9,4.13118314743042
573,705,10,4.032564163208008
574,180,1,4.4138102531433105
574,533,2,3.9818179607391357
574,455,3,4.043398380279541
574,132,4,4.801450729370117
574,216,5,5.018274307250977
574,657,6,4.75202751159668
574,194,7,4.217065334320068
574,219,8,4.104018688201904
574,50,9,4.687373638153076
574,506,10,4.172610759735107
575,1064,1,3.5635180473327637
575,346,2,3.8269240856170654
575,165,3,4.429159641265869
575,190,4,4.55558967590332
575,223,5,3.804419755935669
575,48,6,4.184667587280273
575,203,7,3.799748420715332
575,174,8,3.801954984664917
575,513,9,4.077163219451904
575,1500,10,3.5249853134155273
576,143,1,4.522489547729492
576,203,2,5.038302421569824
576,474,3,4.832159042358398
576,707,4,4.384223937988281
576,480,5,4.515429496765137
576,519,6,4.371926784515381
576,1536,7,4.479177474975586
576,302,8,4.707179069519043
576,71,9,4.286757469177246
576,79,10,4.3366899490356445
577,656,1,4.202357292175293
577,291,2,4.327679634094238
577,119,3,4.461451530456543
577,966,4,4.792867660522461
577,177,5,4.30290412902832
577,134,6,4.193644046783447
577,613,7,4.1857500076293945
577,661,8,4.73711633682251
577,418,9,4.403259754180908
577,498,10,4.145239353179932
578,318,1,4.815522193908691
578,1064,2,3.952805519104004
578,480,3,4.327364444732666
578,694,4,4.624645709991455
578,127,5,4.592808723449707
578,185,6,4.558665752410889
578,203,7,4.201398849487305
578,315,8,4.305974960327148
578,191,9,4.47830867767334
578,143,10,4.009389400482178
579,42,1,3.748198986053467
579,156,2,3.7477006912231445
579,172,3,4.349595069885254
579,657,4,4.6184258460998535
579,1269,5,4.067028999328613
579,191,6,4.047053337097168
579,71,7,4.010532855987549
579,530,8,3.8702728748321533
579,320,9,4.158910751342773
579,510,10,3.8158411979675293
580,179,1,4.402929782867432
580,318,2,5.313933849334717
580,127,3,4.569716453552246
580,269,4,4.224564552307129
580,64,5,5.167688369750977
580,12,6,4.56069803237915
580,467,7,5.189163684844971
580,498,8,4.704717636108398
580,200,9,4.957575798034668
580,463,10,4.493850231170654
581,8,1,4.357663154602051
581,1547,2,4.197465896606445
581,408,3,4.475029945373535
581,479,4,4.728731155395508
581,192,5,4.442693710327148
581,648,6,4.189505100250244
581,200,7,4.408621311187744
581,1413,8,4.221552848815918
581,520,9,4.305742263793945
581,484,10,4.561245918273926
582,525,1,4.039032459259033
582,179,2,4.997910976409912
582,165,3,4.945247173309326
582,511,4,4.527735233306885
582,169,5,4.918403625488281
582,192,6,4.507763862609863
582,320,7,4.336255073547363
582,966,8,4.2359209060668945
582,589,9,4.322451114654541
582,186,10,4.511131763458252
583,498,1,4.600346565246582
583,302,2,4.960605621337891
583,1159,3,4.34033203125
583,1098,4,4.675052642822266
583,1449,5,4.997354984283447
583,98,6,4.947713375091553
583,97,7,4.414308547973633
583,115,8,4.595412731170654
583,185,9,4.6703057289123535
583,176,10,4.836641311645508
584,64,1,5.126959800720215
584,483,2,5.081559181213379
584,479,3,4.299190998077393
584,175,4,4.337870121002197
584,12,5,4.838682651519775
584,966,6,4.600644111633301
584,178,7,4.871348857879639
584,79,8,4.495899200439453
584,360,9,4.435487270355225
584,443,10,4.576801776885986
585,1019,1,4.315375804901123
585,161,2,5.180959224700928
585,1064,3,3.994431257247925
585,372,4,3.863430976867676
585,922,5,4.2851643562316895
585,515,6,5.3104143142700195
585,1153,7,3.9126193523406982
585,705,8,4.230058670043945
585,611,9,4.4205827713012695
585,114,10,4.2153639793396
586,169,1,5.037442207336426
586,1062,2,4.020400524139404
586,302,3,4.849377632141113
586,448,4,3.8353779315948486
586,48,5,3.9192612171173096
586,133,6,4.9236297607421875
586,663,7,4.278465747833252
586,528,8,4.728908538818359
586,785,9,4.185777187347412
586,1,10,3.842001438140869
588,191,1,5.096293926239014
588,300,2,4.538271427154541
588,709,3,5.065922737121582
588,137,4,4.291477203369141
588,850,5,4.289890289306641
588,515,6,4.817536354064941
588,591,7,4.237503528594971
588,250,8,4.789480209350586
588,474,9,4.638874053955078
588,1454,10,4.109663486480713
589,496,1,5.413050651550293
589,48,2,4.1157307624816895
589,292,3,5.101243019104004
589,200,4,4.2180352210998535
589,922,5,4.342828273773193
589,144,6,4.549026012420654
589,488,7,4.224769592285156
589,69,8,4.321939945220947
589,756,9,4.428384780883789
589,501,10,4.132436752319336
590,89,1,4.223873138427734
590,199,2,4.900247573852539
590,189,3,4.222873210906982
590,694,4,4.491002559661865
590,1537,5,4.16518497467041
590,479,6,4.323811054229736
590,519,7,4.3560967445373535
590,152,8,4.201810836791992
590,1524,9,4.369331359863281
590,48,10,4.53605318069458
591,61,1,4.315236568450928
591,1159,2,4.1796674728393555
591,50,3,4.078676223754883
591,320,4,4.599298000335693
591,958,5,4.306783676147461
591,653,6,4.067711353302002
591,119,7,4.282177925109863
591,606,8,4.453046798706055
591,763,9,3.986229419708252
591,198,10,4.432646751403809
592,83,1,5.344308853149414
592,498,2,5.1819305419921875
592,515,3,5.106611251831055
592,970,4,4.087281227111816
592,661,5,5.043458938598633
592,447,6,4.231695652008057
592,136,7,4.519505023956299
592,614,8,4.506150245666504
592,1131,9,4.071136474609375
592,653,10,4.411187171936035
593,170,1,5.047578811645508
593,835,2,4.890938758850098
593,96,3,4.262174606323242
593,634,4,4.170820236206055
593,1159,5,4.864366054534912
593,224,6,3.942296266555786
593,793,7,3.8436105251312256
593,479,8,4.616610050201416
593,1243,9,3.8837180137634277
593,525,10,4.561341285705566
594,528,1,4.012745380401611
594,60,2,4.37709379196167
594,136,3,4.44541072845459
594,1367,4,3.9430510997772217
594,12,5,4.291296482086182
594,1194,6,4.283646583557129
594,484,7,4.258417129516602
594,916,8,4.060819149017334
594,634,9,3.7375829219818115
594,211,10,4.0160064697265625
595,172,1,5.123416900634766
595,644,2,3.843296766281128
595,425,3,4.809225082397461
595,200,4,4.072990894317627
595,479,5,4.757219314575195
595,169,6,4.735432147979736
595,615,7,4.234888076782227
595,1449,8,4.3997087478637695
595,216,9,4.597510814666748
595,529,10,4.594637393951416
596,79,1,4.362395286560059
596,251,2,4.3618621826171875
596,657,3,4.814905166625977
596,603,4,4.989342212677002
596,478,5,4.079514026641846
596,228,6,4.035717964172363
596,1449,7,4.630743980407715
596,114,8,4.624431133270264
596,1063,9,4.1699957847595215
596,48,10,4.384754180908203
597,169,1,4.303181171417236
597,119,2,4.373149871826172
597,493,3,4.455813884735107
597,318,4,4.516562461853027
597,646,5,4.232322692871094
597,1098,6,4.185538291931152
597,195,7,4.937050819396973
597,140,8,4.350622177124023
597,1451,9,4.480232238769531
597,89,10,4.2681684494018555
598,966,1,3.987807035446167
598,641,2,3.9447109699249268
598,12,3,4.288004398345947
598,661,4,3.936547040939331
598,64,5,4.480350494384766
598,127,6,4.201359272003174
598,1020,7,3.8222858905792236
598,513,8,4.162775993347168
598,1201,9,3.529279947280884
598,675,10,3.8455491065979004
599,22,1,4.925189971923828
599,125,2,5.059891223907471
599,645,3,4.8314924240112305
599,498,4,4.921050548553467
599,1251,5,5.042642116546631
599,895,6,5.040926933288574
599,302,7,4.908440113067627
599,589,8,4.753818511962891
599,114,9,5.364173412322998
599,318,10,5.316858768463135
600,318,1,5.217711448669434
600,185,2,5.194758892059326
600,134,3,4.721188068389893
600,1159,4,4.229975700378418
600,331,5,4.7127485275268555
600,24,6,4.436729907989502
600,429,7,5.011967658996582
600,393,8,4.420424461364746
600,100,9,4.684045791625977
600,525,10,4.99962854385376
601,1098,1,3.977015972137451
601,20,2,3.827967643737793
601,179,3,4.57826042175293
601,161,4,3.4166829586029053
601,119,5,3.5524024963378906
601,187,6,3.9643774032592773
601,968,7,3.804603099822998
601,919,8,4.444823265075684
601,285,9,3.88679575920105
601,351,10,4.027142524719238
602,89,1,4.387293815612793
602,253,2,4.385925769805908
602,172,3,4.199012279510498
602,510,4,4.867099761962891
602,525,5,4.513674259185791
602,482,6,4.786251068115234
602,753,7,4.837038040161133
602,168,8,4.3666157722473145
602,813,9,4.13352632522583
602,513,10,4.449942111968994
603,1,1,4.7599287033081055
603,654,2,5.047023296356201
603,79,3,4.582918643951416
603,603,4,5.034134864807129
603,1470,5,4.193484306335449
603,290,6,4.371786594390869
603,64,7,5.026945114135742
603,56,8,4.715697288513184
603,318,9,4.987037658691406
603,485,10,4.827937126159668
604,685,1,3.9178929328918457
604,176,2,4.012545108795166
604,313,3,4.4170002937316895
604,435,4,4.397319316864014
604,248,5,4.110459804534912
604,939,6,3.8650028705596924
604,115,7,3.905109167098999
604,318,8,4.271472930908203
604,611,9,4.243939399719238
604,143,10,4.040421485900879
605,510,1,5.324101448059082
605,493,2,4.408458709716797
605,1011,3,4.064343452453613
605,656,4,4.40802001953125
605,1021,5,5.071768760681152
605,430,6,5.313284397125244
605,432,7,4.627079010009766
605,1142,8,4.131558895111084
605,511,9,5.215742111206055
605,202,10,4.4704508781433105
606,357,1,5.431979656219482
606,464,2,4.2456889152526855
606,635,3,4.131435394287109
606,656,4,4.566952228546143
606,648,5,4.561849117279053
606,1482,6,4.242934703826904
606,1159,7,4.0078511238098145
606,189,8,4.749019622802734
606,295,9,4.382287502288818
606,694,10,4.731731414794922
607,1449,1,4.685165882110596
607,644,2,4.016376495361328
607,479,3,4.592042446136475
607,923,4,4.591022968292236
607,408,5,4.58577299118042
607,465,6,4.009202480316162
607,835,7,3.8978111743927
607,525,8,4.560505390167236
607,114,9,4.514446258544922
607,489,10,4.2478790283203125
608,14,1,4.663748741149902
608,653,2,3.885103702545166
608,919,3,3.7117724418640137
608,153,4,4.626004695892334
608,114,5,4.63104248046875
608,470,6,3.6729929447174072
608,304,7,3.8620541095733643
608,1084,8,3.8423244953155518
608,346,9,4.367117881774902
608,466,10,3.4912631511688232
609,990,1,3.6943254470825195
609,408,2,4.183826923370361
609,12,3,3.9671709537506104
609,603,4,4.746370792388916
609,850,5,3.9515998363494873
609,519,6,4.16295862197876
609,174,7,4.446622848510742
609,22,8,4.153049468994141
609,50,9,4.3236083984375
609,657,10,4.2309770584106445
610,101,1,4.010682582855225
610,515,2,4.766449451446533
610,1482,3,3.839798927307129
610,529,4,4.627647399902344
610,813,5,4.624973297119141
610,451,6,3.721280574798584
610,479,7,4.522158622741699
610,519,8,4.237756252288818
610,203,9,3.7666115760803223
610,872,10,3.882559061050415
611,357,1,5.496616363525391
611,530,2,4.26951265335083
611,50,3,4.954004764556885
611,510,4,4.4118757247924805
611,1449,5,4.529404163360596
611,238,6,5.028768539428711
611,203,7,4.333982944488525
611,1243,8,4.204612731933594
611,12,9,4.759217739105225
611,89,10,4.710696697235107
612,1585,1,4.064748764038086
612,22,2,4.100821495056152
612,488,3,4.89915657043457
612,480,4,4.994676113128662
612,661,5,4.0988616943359375
612,603,6,4.711825370788574
612,483,7,4.48326301574707
612,709,8,4.67363166809082
612,60,9,4.405121326446533
612,520,10,4.507503509521484
613,265,1,3.9030284881591797
613,1154,2,4.134768962860107
613,513,3,4.6896071434021
613,1169,4,4.075011730194092
613,484,5,4.33081579208374
613,189,6,4.207128524780273
613,180,7,4.5970659255981445
613,645,8,3.942397117614746
613,174,9,4.523908615112305
613,114,10,4.393948078155518
614,1524,1,3.9003713130950928
614,451,2,3.6710474491119385
614,1531,3,3.5716824531555176
614,1367,4,4.000378131866455
614,603,5,4.623382091522217
614,480,6,4.405411720275879
614,96,7,3.9926772117614746
614,199,8,3.987818717956543
614,1594,9,3.795517921447754
614,211,10,4.160491943359375
615,234,1,4.021347522735596
615,285,2,5.104743003845215
615,1064,3,3.9766128063201904
615,173,4,5.03084659576416
615,185,5,5.021122932434082
615,137,6,4.5363030433654785
615,466,7,4.073075771331787
615,181,8,4.513088226318359
615,1142,9,4.733283996582031
615,525,10,4.484239101409912
616,318,1,4.8708672523498535
616,515,2,4.798470497131348
616,603,3,4.7488250732421875
616,1194,4,4.3781328201293945
616,143,5,4.02690315246582
616,178,6,4.6190924644470215
616,485,7,4.0509419441223145
616,285,8,4.578073501586914
616,613,9,4.186051368713379
616,474,10,4.513050556182861
617,331,1,3.6488418579101562
617,191,2,4.473703384399414
617,1558,3,3.6327810287475586
617,223,4,4.172057151794434
617,516,5,3.2412946224212646
617,1011,6,4.0757832527160645
617,119,7,3.307281255722046
617,654,8,4.34542989730835
617,589,9,3.742870330810547
617,140,10,3.3267624378204346
618,1604,1,3.4465177059173584
618,1070,2,3.682790517807007
618,1505,3,3.8046488761901855
618,511,4,4.39037561416626
618,286,5,3.806755304336548
618,675,6,3.7864999771118164
618,257,7,3.983464241027832
618,178,8,4.214807510375977
618,48,9,4.1582417488098145
618,114,10,3.5145368576049805
619,75,1,4.304678440093994
619,270,2,4.93712854385376
619,69,3,4.3019585609436035
619,657,4,4.28200626373291
619,761,5,3.9993443489074707
619,482,6,3.68951416015625
619,210,7,4.606521129608154
619,710,8,3.9835493564605713
619,661,9,4.559717178344727
619,1592,10,3.809382915496826
620,252,1,3.9500207901000977
620,483,2,5.107000827789307
620,433,3,4.429406642913818
620,1203,4,4.4343132972717285
620,1405,5,4.914087772369385
620,813,6,4.560066223144531
620,205,7,4.409513473510742
620,175,8,4.421329498291016
620,12,9,4.805370807647705
620,530,10,4.5254364013671875
621,1431,1,4.13667106628418
621,193,2,4.392403602600098
621,12,3,5.041176795959473
621,45,4,4.558556079864502
621,318,5,4.981166839599609
621,203,6,4.533092021942139
621,195,7,4.936319828033447
621,1070,8,4.027020454406738
621,488,9,4.465578079223633
621,634,10,4.3008928298950195
623,50,1,4.784697532653809
623,189,2,3.7629592418670654
623,1482,3,3.5324907302856445
623,172,4,4.652662754058838
623,265,5,4.0209856033325195
623,427,6,4.354896068572998
623,433,7,3.6074421405792236
623,479,8,4.237510681152344
623,966,9,3.973099708557129
623,12,10,3.7750821113586426
624,1154,1,4.427309513092041
624,199,2,4.5364484786987305
624,1143,3,4.419652938842773
624,89,4,4.235533714294434
624,213,5,4.904426574707031
624,530,6,4.540773391723633
624,1500,7,4.168177127838135
624,183,8,4.7457170486450195
624,922,9,4.389835357666016
624,493,10,4.4112701416015625
625,343,1,3.6517608165740967
625,28,2,4.520122528076172
625,963,3,4.308760643005371
625,203,4,3.5144433975219727
625,1367,5,3.963123321533203
625,1149,6,3.7946059703826904
625,518,7,3.6427907943725586
625,92,8,4.202795028686523
625,114,9,3.9530527591705322
625,251,10,4.064700126647949
626,1104,1,3.603078603744507
626,11,2,3.8556292057037354
626,1459,3,3.442816734313965
626,89,4,4.097415924072266
626,116,5,3.8012959957122803
626,455,6,3.666271686553955
626,603,7,3.799140453338623
626,217,8,3.9610538482666016
626,511,9,3.94394588470459
626,115,10,3.872976303100586
627,168,1,5.220989227294922
627,136,2,4.2881011962890625
627,589,3,5.001504898071289
627,189,4,4.273799896240234
627,24,5,3.85445499420166
627,190,6,4.835366725921631
627,675,7,4.6134257316589355
627,185,8,4.854589939117432
627,1154,9,3.823091745376587
627,525,10,4.424892902374268
628,408,1,5.924336910247803
628,515,2,5.819859504699707
628,320,3,5.285984039306641
628,198,4,4.989681720733643
628,114,5,5.653193950653076
628,527,6,5.649136066436768
628,79,7,5.198286533355713
628,50,8,5.621854782104492
628,922,9,5.188752174377441
628,48,10,5.58078670501709
629,285,1,5.445655345916748
629,513,2,4.1866230964660645
629,872,3,4.239062309265137
629,129,4,5.281463623046875
629,304,5,4.341436386108398
629,613,6,4.648693561553955
629,644,7,4.340491771697998
629,404,8,4.115939140319824
629,661,9,4.762722969055176
629,208,10,4.7580037117004395
630,97,1,4.92604923248291
630,1028,2,4.810822486877441
630,501,3,4.1871161460876465
630,923,4,4.347632884979248
630,419,5,4.17453670501709
630,603,6,4.349812030792236
630,75,7,3.799974203109741
630,1194,8,4.59759521484375
630,177,9,4.506027698516846
630,525,10,4.4562177658081055
631,966,1,3.757446050643921
631,168,2,4.292701244354248
631,493,3,3.9699320793151855
631,169,4,4.263298988342285
631,318,5,4.266397953033447
631,847,6,3.8157155513763428
631,50,7,4.191856861114502
631,434,8,3.692500352859497
631,114,9,4.1554694175720215
631,153,10,3.8769214153289795
632,613,1,3.760162830352783
632,48,2,4.632740497589111
632,520,3,4.615113258361816
632,1078,4,3.680779457092285
632,198,5,3.814098834991455
632,351,6,3.642392158508301
632,705,7,4.533514499664307
632,479,8,4.433407306671143
632,1064,9,3.792264938354492
632,59,10,3.978100299835205
633,272,1,4.354413032531738
633,630,2,3.3506481647491455
633,656,3,3.4452505111694336
633,173,4,4.182714939117432
633,165,5,3.8301520347595215
633,483,6,3.6974692344665527
633,270,7,3.8100292682647705
633,210,8,4.088456153869629
633,233,9,3.9907517433166504
633,1159,10,3.6677587032318115
634,163,1,3.7334418296813965
634,48,2,4.417572975158691
634,855,3,3.8269708156585693
634,64,4,4.366268634796143
634,525,5,3.823490619659424
634,96,6,4.326359748840332
634,750,7,4.306159019470215
634,511,8,4.012950897216797
634,169,9,4.287768363952637
634,313,10,4.225724697113037
635,433,1,5.109929084777832
635,180,2,4.353888034820557
635,11,3,4.35297966003418
635,152,4,4.516049861907959
635,56,5,5.000650405883789
635,64,6,4.499553203582764
635,429,7,4.474660873413086
635,705,8,4.464504718780518
635,169,9,4.836002349853516
635,511,10,4.549166679382324
636,1137,1,4.899944305419922
636,151,2,4.554396629333496
636,1449,3,4.834831237792969
636,603,4,4.796185493469238
636,320,5,4.7940216064453125
636,656,6,4.446523666381836
636,466,7,4.538690090179443
636,1428,8,4.537381649017334
636,114,9,4.791679382324219
636,203,10,4.784327507019043
637,603,1,4.462822914123535
637,493,2,3.541719675064087
637,1053,3,3.4283103942871094
637,22,4,4.139949798583984
637,648,5,4.0655741691589355
637,634,6,3.3170907497406006
637,265,7,4.059094429016113
637,511,8,4.049912452697754
637,1194,9,3.320341110229492
637,114,10,3.2539284229278564
638,71,1,3.645585775375366
638,76,2,3.761064052581787
638,313,3,4.649686813354492
638,691,4,3.894746780395508
638,1506,5,3.559244155883789
638,274,6,4.522500038146973
638,443,7,3.751011371612549
638,169,8,4.374424457550049
638,1431,9,3.6388418674468994
638,119,10,3.8183059692382812
639,169,1,4.012420177459717
639,119,2,3.3444745540618896
639,89,3,3.9704880714416504
639,85,4,3.091151237487793
639,558,5,3.6377804279327393
639,136,6,3.9508438110351562
639,521,7,3.937814712524414
639,99,8,3.448357582092285
639,945,9,3.411214590072632
639,443,10,3.5248711109161377
640,177,1,5.011663913726807
640,603,2,5.597755432128906
640,1203,3,4.675710678100586
640,200,4,4.73414421081543
640,178,5,5.256743907928467
640,1194,6,4.99799919128418
640,331,7,5.238891124725342
640,644,8,4.861601829528809
640,498,9,4.823225498199463
640,488,10,4.8927226066589355
641,645,1,3.9975953102111816
641,190,2,4.857685565948486
641,12,3,4.275484085083008
641,515,4,4.362922191619873
641,208,5,4.03184700012207
641,42,6,4.648698806762695
641,603,7,4.555626392364502
641,116,8,4.514947414398193
641,661,9,4.498391151428223
641,459,10,4.092810153961182
642,721,1,5.370869159698486
642,484,2,4.4547882080078125
642,466,3,4.3229546546936035
642,641,4,5.051882266998291
642,826,5,4.25228214263916
642,863,6,5.006787300109863
642,343,7,4.4396209716796875
642,488,8,4.904616355895996
642,1141,9,4.2994890213012695
642,354,10,4.788176536560059
643,608,1,3.972791910171509
643,1201,2,4.164246559143066
643,1126,3,4.163657188415527
643,192,4,4.667268753051758
643,850,5,4.023868560791016
643,347,6,4.637450218200684
643,175,7,4.6064677238464355
643,1021,8,4.615743160247803
643,191,9,4.722265720367432
643,657,10,4.5960798263549805
644,1064,1,4.39799165725708
644,1194,2,5.276670932769775
644,48,3,4.435619831085205
644,505,4,4.428158760070801
644,1459,5,4.390603542327881
644,133,6,5.138280868530273
644,922,7,4.667985916137695
644,1019,8,4.757767677307129
644,604,9,4.658807754516602
644,210,10,4.658742904663086
645,511,1,5.106480598449707
645,607,2,4.295855522155762
645,634,3,4.105506896972656
645,426,4,3.7929835319519043
645,543,5,4.108423233032227
645,480,6,4.292495250701904
645,526,7,4.178390026092529
645,661,8,4.638901710510254
645,165,9,4.171392917633057
645,153,10,4.212640285491943
647,753,1,4.566028118133545
647,1251,2,4.671070098876953
647,603,3,4.930441379547119
647,484,4,4.926494121551514
647,115,5,4.297169208526611
647,513,6,4.909960746765137
647,922,7,4.491791725158691
647,615,8,4.635974407196045
647,127,9,4.75335168838501
647,966,10,4.685135841369629
648,494,1,3.6816439628601074
648,198,2,4.8583269119262695
648,313,3,4.72471809387207
648,221,4,4.157013416290283
648,963,5,4.517502307891846
648,267,6,3.8400731086730957
648,48,7,3.7178378105163574
648,482,8,4.486087799072266
648,491,9,4.116964340209961
648,485,10,4.354280471801758
649,320,1,4.239696025848389
649,33,2,4.108732223510742
649,98,3,4.734584331512451
649,156,4,4.705517768859863
649,707,5,4.681221008300781
649,488,6,4.217555046081543
649,185,7,4.368322849273682
649,175,8,4.213996887207031
649,203,9,4.607699394226074
649,151,10,4.353154182434082
650,607,1,4.584573745727539
650,647,2,3.6315853595733643
650,114,3,3.884615421295166
650,513,4,4.179359436035156
650,320,5,3.822373628616333
650,119,6,4.018571376800537
650,303,7,4.006137847900391
650,651,8,3.6068615913391113
650,251,9,3.9571685791015625
650,1450,10,3.885042667388916
651,179,1,4.010074138641357
651,435,2,3.5804872512817383
651,1269,3,3.7788796424865723
651,248,4,3.701169013977051
651,654,5,4.530001163482666
651,219,6,3.57877779006958
651,1536,7,3.629065990447998
651,520,8,4.259596824645996
651,89,9,3.633862018585205
651,48,10,4.127659797668457
652,602,1,3.6017987728118896
652,32,2,3.8109021186828613
652,654,3,4.415524959564209
652,853,4,3.597688913345337
652,48,5,4.002823829650879
652,357,6,4.010583877563477
652,189,7,3.599092960357666
652,56,8,4.493957042694092
652,479,9,4.325796604156494
652,641,10,4.148457050323486
653,661,1,4.775825500488281
653,1560,2,3.140143394470215
653,168,3,4.299933910369873
653,826,4,3.510605812072754
653,272,5,4.438045024871826
653,258,6,3.326822280883789
653,1142,7,4.115658760070801
653,404,8,3.1031651496887207
653,694,9,3.848510980606079
653,1203,10,3.5931148529052734
654,133,1,4.92549991607666
654,919,2,3.81836199760437
654,328,3,4.251000881195068
654,427,4,4.7576069831848145
654,663,5,3.8828883171081543
654,657,6,4.203105449676514
654,228,7,4.064644813537598
654,48,8,3.940783739089966
654,419,9,4.800551891326904
654,200,10,3.707808494567871
655,1612,1,3.0016133785247803
655,853,2,4.420660972595215
655,922,3,4.116744518280029
655,71,4,3.5549399852752686
655,267,5,3.2674739360809326
655,506,6,3.9305930137634277
655,705,7,3.530322313308716
655,659,8,3.375253915786743
655,180,9,3.2710773944854736
655,169,10,3.8434853553771973
656,657,1,4.489029407501221
656,1154,2,3.3429086208343506
656,1142,3,3.6934704780578613
656,306,4,3.342501163482666
656,613,5,3.7908711433410645
656,208,6,4.128072261810303
656,922,7,4.102100849151611
656,178,8,4.009105682373047
656,304,9,3.485433578491211
656,588,10,3.932560443878174
657,645,1,3.7974724769592285
657,496,2,4.533681392669678
657,425,3,3.937864065170288
657,805,4,3.8635308742523193
657,490,5,3.841435194015503
657,184,6,3.571847438812256
657,615,7,4.248055934906006
657,661,8,3.5635743141174316
657,519,9,3.8955516815185547
657,1159,10,4.070415019989014
658,56,1,5.121136665344238
658,238,2,3.9577548503875732
658,179,3,3.958836317062378
658,520,4,3.845688819885254
658,474,5,4.486118793487549
658,850,6,3.944171190261841
658,513,7,4.464107513427734
658,61,8,4.147727966308594
658,661,9,4.418691158294678
658,114,10,4.131126403808594
659,408,1,3.863281726837158
659,87,2,5.14412784576416
659,206,3,4.034745216369629
659,651,4,4.6341986656188965
659,663,5,4.245616436004639
659,895,6,3.956331968307495
659,465,7,4.125316619873047
659,198,8,4.539867401123047
659,1187,9,3.954167366027832
659,22,10,4.859338760375977
660,221,1,3.4419198036193848
660,10,2,4.108379364013672
660,740,3,3.688624382019043
660,919,4,4.080416202545166
660,1159,5,4.073669910430908
660,248,6,3.514975070953369
660,1098,7,4.022183895111084
660,198,8,3.633993625640869
660,589,9,3.2162439823150635
660,610,10,3.598367214202881
661,22,1,4.998913764953613
661,203,2,3.9658501148223877
661,56,3,4.501418590545654
661,513,4,4.724705696105957
661,265,5,4.153975009918213
661,487,6,4.723907947540283
661,526,7,4.312723636627197
661,242,8,3.958299160003662
661,511,9,4.711248874664307
661,114,10,4.535648822784424
662,408,1,4.568421363830566
662,466,2,3.9994735717773438
662,513,3,4.368753910064697
662,753,4,4.118450164794922
662,654,5,3.941929817199707
662,919,6,3.702742576599121
662,966,7,4.134374618530273
662,64,8,4.50926399230957
662,186,9,4.346795558929443
662,114,10,4.192378520965576
663,357,1,4.762383460998535
663,202,2,4.196887493133545
663,1131,3,3.7919533252716064
663,578,4,4.319037437438965
663,651,5,4.618427753448486
663,71,6,4.000732898712158
663,144,7,4.600021839141846
663,425,8,4.1845221519470215
663,496,9,4.58333683013916
663,602,10,4.36764669418335
664,201,1,3.83463716506958
664,647,2,4.785798072814941
664,430,3,4.0572991371154785
664,48,4,4.7479634284973145
664,1139,5,3.952965259552002
664,497,6,4.830918788909912
664,19,7,4.19577693939209
664,114,8,4.510258197784424
664,23,9,4.6183953285217285
664,474,10,4.7533860206604
665,947,1,3.9418065547943115
665,1482,2,4.177738666534424
665,1159,3,3.9409584999084473
665,1114,4,4.181954860687256
665,64,5,5.041230201721191
665,178,6,4.705471038818359
665,174,7,4.262919902801514
665,474,8,3.9886040687561035
665,1019,9,4.1670403480529785
665,408,10,4.522086143493652
666,246,1,5.092918872833252
666,675,2,4.965666770935059
666,95,3,4.171568870544434
666,408,4,4.816463470458984
666,922,5,3.729393720626831
666,589,6,4.573375701904297
666,1501,7,3.7645514011383057
666,718,8,4.10524320602417
666,1019,9,4.403271675109863
666,799,10,3.6507081985473633
667,919,1,4.383808612823486
667,14,2,5.095040321350098
667,56,3,4.966789245605469
667,200,4,4.959279537200928
667,143,5,4.369974136352539
667,746,6,4.92050313949585
667,963,7,4.4578022956848145
667,189,8,4.779541492462158
667,1084,9,4.279419898986816
667,661,10,4.517496109008789
668,22,1,5.000661373138428
668,657,2,4.810245990753174
668,425,3,4.481084823608398
668,204,4,4.791038513183594
668,200,5,4.310737133026123
668,519,6,4.2400360107421875
668,653,7,4.288248062133789
668,963,8,4.5899481773376465
668,736,9,4.575915813446045
668,48,10,4.4025349617004395
669,242,1,4.106578826904297
669,93,2,5.012633323669434
669,607,3,4.860831260681152
669,114,4,4.104370594024658
669,320,5,3.8662447929382324
669,209,6,4.682135105133057
669,11,7,3.8668503761291504
669,488,8,4.254094123840332
669,179,9,3.599637746810913
669,191,10,4.14786958694458
670,1069,1,4.108129978179932
670,478,2,5.2974042892456055
670,1372,3,3.9851937294006348
670,211,4,4.263068199157715
670,210,5,5.163783073425293
670,132,6,3.858025312423706
670,116,7,4.429231643676758
670,115,8,3.980350971221924
670,1159,9,4.39625358581543
670,607,10,4.468255519866943
671,143,1,5.119001865386963
671,432,2,4.344182968139648
671,75,3,3.9506092071533203
671,255,4,4.926032066345215
671,502,5,4.94940185546875
671,1451,6,3.787482976913452
671,196,7,4.029815196990967
671,660,8,4.704216003417969
671,248,9,4.3502092361450195
671,922,10,4.126152992248535
672,210,1,3.9693899154663086
672,213,2,4.1081132888793945
672,48,3,3.7503888607025146
672,168,4,4.398146629333496
672,519,5,3.6920864582061768
672,114,6,4.0904364585876465
672,169,7,4.466830253601074
672,853,8,3.859217405319214
672,923,9,4.11109733581543
672,198,10,4.187870502471924
673,496,1,5.589555740356445
673,513,2,5.163851261138916
673,151,3,4.1426591873168945
673,320,4,4.224177360534668
673,97,5,3.8844223022460938
673,648,6,4.494983673095703
673,615,7,4.872585296630859
673,515,8,4.84631872177124
673,493,9,4.772390365600586
673,59,10,4.562918186187744
674,603,1,5.065514087677002
674,56,2,4.9037184715271
674,11,3,4.340266227722168
674,853,4,4.162168502807617
674,272,5,4.746452331542969
674,474,6,4.014009475708008
674,645,7,4.319208145141602
674,530,8,4.252532005310059
674,169,9,4.5726423263549805
674,1367,10,4.212347030639648
675,641,1,4.624880313873291
675,1286,2,4.269218444824219
675,98,3,5.0262837409973145
675,134,4,4.969318389892578
675,493,5,4.617074012756348
675,582,6,4.607329845428467
675,498,7,4.612235069274902
675,434,8,4.32187032699585
675,50,9,4.904056549072266
675,198,10,4.900374412536621
676,199,1,4.861310005187988
676,1122,2,3.8100478649139404
676,947,3,3.9104859828948975
676,787,4,4.179307460784912
676,115,5,4.0061469078063965
676,684,6,4.4842939376831055
676,513,7,4.49952507019043
676,1298,8,3.690368413925171
676,533,9,3.7473373413085938
676,675,10,4.559368133544922
677,493,1,4.4030585289001465
677,12,2,5.430663108825684
677,134,3,4.468105316162109
677,96,4,5.2818708419799805
677,157,5,5.349869728088379
677,805,6,4.880153179168701
677,28,7,4.687065601348877
677,210,8,4.685611724853516
677,1243,9,4.3461079597473145
677,813,10,4.814577102661133
678,511,1,3.809192419052124
678,315,2,3.8707728385925293
678,524,3,3.6837897300720215
678,203,4,4.3878936767578125
678,498,5,4.453976154327393
678,217,6,3.7263762950897217
678,916,7,4.258935451507568
678,360,8,3.6213603019714355
678,1019,9,4.15367317199707
678,318,10,4.085209369659424
679,607,1,4.291821479797363
679,101,2,4.084549427032471
679,114,3,4.805015563964844
679,1482,4,4.07650089263916
679,127,5,4.746644973754883
679,89,6,4.726484298706055
679,615,7,4.192917823791504
679,1005,8,4.265161514282227
679,589,9,4.132604122161865
679,604,10,4.223898410797119
680,694,1,4.410193920135498
680,48,2,4.909742832183838
680,1585,3,3.940779447555542
680,614,4,4.05312967300415
680,1103,5,4.199438571929932
680,12,6,4.904038906097412
680,114,7,4.81697940826416
680,174,8,4.391849517822266
680,484,9,4.408638000488281
680,474,10,4.491308212280273
681,653,1,3.8722851276397705
681,428,2,4.203024864196777
681,648,3,4.0146660804748535
681,645,4,3.765702962875366
681,902,5,4.012912273406982
681,434,6,4.4206342697143555
681,262,7,4.401522636413574
681,318,8,4.661509990692139
681,60,9,4.354949951171875
681,479,10,4.344305992126465
682,856,1,4.065573692321777
682,1482,2,3.543053388595581
682,1,3,4.44883918762207
682,851,4,4.0608720779418945
682,483,5,4.398010730743408
682,99,6,4.38633394241333
682,671,7,3.529827117919922
682,435,8,4.281576156616211
682,96,9,4.242483615875244
682,513,10,3.9545862674713135
683,425,1,3.9385175704956055
683,922,2,4.097900867462158
683,657,3,4.5733795166015625
683,171,4,4.6804585456848145
683,420,5,3.5281805992126465
683,850,6,3.835843086242676
683,474,7,4.563714504241943
683,92,8,3.9168686866760254
683,55,9,3.7346138954162598
683,285,10,4.433554172515869
684,434,1,4.172873020172119
684,498,2,4.252906322479248
684,285,3,4.8668212890625
684,267,4,3.9044671058654785
684,768,5,3.906536102294922
684,654,6,4.779196739196777
684,187,7,4.162181377410889
684,746,8,4.7611165046691895
684,1137,9,4.623648166656494
684,99,10,4.051298141479492
686,589,1,4.788420677185059
686,1500,2,4.9682207107543945
686,483,3,5.369561195373535
686,537,4,4.551830768585205
686,519,5,5.187896251678467
686,177,6,4.916009902954102
686,649,7,4.456908226013184
686,511,8,5.126346111297607
686,116,9,5.12436580657959
686,1367,10,5.048620223999023
687,173,1,5.12267541885376
687,180,2,4.310853004455566
687,195,3,4.484917163848877
687,64,4,4.792471885681152
687,165,5,4.704489707946777
687,114,6,4.307174205780029
687,203,7,4.217394828796387
687,318,8,4.725384712219238
687,479,9,4.445840835571289
687,966,10,4.338136672973633
688,423,1,5.218305587768555
688,1269,2,5.209639072418213
688,589,3,5.046016693115234
688,611,4,5.108462333679199
688,498,5,5.688374996185303
688,515,6,5.556432247161865
688,251,7,5.3203654289245605
688,525,8,4.980959892272949
688,753,9,5.463730812072754
688,480,10,5.415149211883545
689,174,1,4.589786052703857
689,445,2,4.060640811920166
689,176,3,4.215278148651123
689,463,4,4.318746089935303
689,319,5,4.3124542236328125
689,12,6,4.993697643280029
689,1448,7,4.257510662078857
689,813,8,4.93243932723999
689,318,9,4.986964225769043
689,1524,10,4.64595890045166
690,603,1,4.927728652954102
690,313,2,4.835898399353027
690,199,3,3.439180374145508
690,1405,4,3.98654842376709
690,513,5,4.5663628578186035
690,320,6,4.525984764099121
690,169,7,4.417577743530273
690,485,8,3.911940574645996
690,813,9,4.167657852172852
690,257,10,3.5746164321899414
691,427,1,4.995243549346924
691,470,2,4.452459812164307
691,514,3,4.254157066345215
691,480,4,4.571831226348877
691,12,5,4.7895307540893555
691,1064,6,4.17552375793457
691,174,7,4.777119159698486
691,22,8,4.741549491882324
691,1555,9,4.021092414855957
691,116,10,4.700156211853027
692,1073,1,3.9280500411987305
692,15,2,4.327310562133789
692,12,3,3.730644941329956
692,838,4,3.627758741378784
692,131,5,3.921189785003662
692,525,6,3.591566801071167
692,169,7,4.152156352996826
692,482,8,3.9230494499206543
692,916,9,3.9564106464385986
692,488,10,3.9563472270965576
693,1615,1,3.331129312515259
693,115,2,3.7275006771087646
693,519,3,4.352631092071533
693,1451,4,3.7291932106018066
693,154,5,3.7264537811279297
693,1,6,3.5340704917907715
693,475,7,4.252845764160156
693,602,8,3.709491014480591
693,624,9,4.204690933227539
693,316,10,4.340921878814697
694,428,1,5.241574764251709
694,64,2,4.60595703125
694,216,3,4.9892473220825195
694,513,4,4.869880676269531
694,797,5,4.171896457672119
694,524,6,4.5686259269714355
694,963,7,4.849528789520264
694,1147,8,4.455627918243408
694,1064,9,4.33193302154541
694,1612,10,4.267210483551025
695,169,1,4.9581427574157715
695,646,2,3.8681447505950928
695,701,3,4.038884162902832
695,485,4,4.340897560119629
695,960,5,4.51032018661499
695,1085,6,4.500282287597656
695,42,7,4.810325622558594
695,671,8,4.285850524902344
695,513,9,4.737417221069336
695,60,10,4.688701629638672
696,622,1,3.988032817840576
696,968,2,3.8528661727905273
696,89,3,4.338336944580078
696,114,4,4.723773002624512
696,675,5,3.983069896697998
696,513,6,4.325394153594971
696,285,7,4.586287975311279
696,203,8,4.075615406036377
696,1500,9,4.152129650115967
696,408,10,5.226171970367432
697,184,1,4.458391189575195
697,511,2,4.278325080871582
697,68,3,5.161019325256348
697,248,4,4.697539806365967
697,114,5,5.005582332611084
697,318,6,5.219352722167969
697,203,7,4.261325836181641
697,1131,8,4.164376735687256
697,48,9,4.639256000518799
697,1007,10,4.625655174255371
699,603,1,4.795144081115723
699,447,2,3.9098260402679443
699,1114,3,3.797668695449829
699,480,4,4.040825843811035
699,631,5,4.274746417999268
699,32,6,3.783129930496216
699,1194,7,4.1914591789245605
699,1131,8,4.1587934494018555
699,30,9,4.112310409545898
699,114,10,4.072066307067871
700,318,1,4.679295063018799
700,12,2,4.449310302734375
700,1251,3,3.8117432594299316
700,320,4,3.966982364654541
700,607,5,4.346548557281494
700,1269,6,3.854322910308838
700,603,7,4.328498363494873
700,657,8,4.335683822631836
700,463,9,4.089632987976074
700,661,10,3.7584004402160645
701,171,1,4.465194225311279
701,408,2,5.096274375915527
701,916,3,4.459977149963379
701,634,4,4.658360958099365
701,661,5,4.934174537658691
701,197,6,4.911782741546631
701,520,7,4.507415294647217
701,963,8,4.828639984130859
701,525,9,4.610480785369873
701,474,10,4.783547878265381
702,661,1,3.1686882972717285
702,656,2,3.1088175773620605
702,1203,3,3.0372042655944824
702,958,4,3.2523398399353027
702,644,5,3.4734017848968506
702,173,6,3.9341237545013428
702,95,7,3.328953266143799
702,50,8,3.883424758911133
702,603,9,3.876323938369751
702,285,10,3.9244914054870605
703,208,1,4.522115230560303
703,187,2,5.024435997009277
703,98,3,5.008380889892578
703,186,4,4.479315757751465
703,657,5,4.456829071044922
703,114,6,4.344062805175781
703,1142,7,4.313174247741699
703,675,8,4.1001458168029785
703,89,9,4.3025970458984375
703,868,10,4.556410789489746
704,168,1,5.197087287902832
704,520,2,4.300537586212158
704,443,3,4.124783515930176
704,642,4,4.1192522048950195
704,589,5,4.797761917114258
704,420,6,3.9666972160339355
704,525,7,4.926351547241211
704,408,8,4.672520637512207
704,474,9,4.884654521942139
704,850,10,4.1946539878845215
705,591,1,5.096677780151367
705,102,2,4.008696556091309
705,516,3,4.969359397888184
705,270,4,4.916200637817383
705,811,5,4.362128257751465
705,1101,6,4.487390518188477
705,657,7,4.252745628356934
705,326,8,4.467094421386719
705,519,9,4.239704608917236
705,732,10,4.2751784324646
706,172,1,4.598459243774414
706,169,2,4.505962371826172
706,1450,3,3.7939951419830322
706,675,4,4.1537628173828125
706,1558,5,3.7869057655334473
706,64,6,4.457022666931152
706,241,7,4.154912948608398
706,116,8,3.6937527656555176
706,302,9,4.386442184448242
706,97,10,4.237406253814697
707,589,1,3.8512206077575684
707,324,2,3.66115665435791
707,48,3,4.696341514587402
707,652,4,4.275201797485352
707,344,5,4.644424915313721
707,114,6,4.607548236846924
707,1428,7,3.9625701904296875
707,161,8,4.069873809814453
707,812,9,3.835275411605835
707,966,10,4.099534511566162
708,736,1,4.531106472015381
708,854,2,4.5229172706604
708,1114,3,4.012964725494385
708,432,4,4.98653507232666
708,196,5,4.316958427429199
708,966,6,4.512936115264893
708,210,7,4.515740394592285
708,1019,8,4.518104076385498
708,813,9,4.1481499671936035
708,603,10,4.473527908325195
709,169,1,5.321642875671387
709,488,2,4.052980899810791
709,954,3,3.9306769371032715
709,165,4,4.342689514160156
709,208,5,4.648299217224121
709,185,6,4.610779762268066
709,246,7,4.606696605682373
709,474,8,4.585042476654053
709,1098,9,4.2859601974487305
709,496,10,4.558983325958252
710,1269,1,3.8889379501342773
710,346,2,3.635272979736328
710,528,3,3.9627397060394287
710,434,4,3.868748188018799
710,1020,5,3.9460275173187256
710,169,6,4.361144065856934
710,753,7,3.9289703369140625
710,661,8,4.16459321975708
710,443,9,4.1606926918029785
710,1131,10,4.140924453735352
711,199,1,4.451788902282715
711,531,2,5.365662097930908
711,654,3,4.601469993591309
711,32,4,4.4440083503723145
711,482,5,5.015440464019775
711,1449,6,4.860787868499756
711,1357,7,3.8996922969818115
711,493,8,4.866222381591797
711,1121,9,4.448475360870361
711,208,10,4.832929611206055
712,117,1,5.581659317016602
712,126,2,5.3735504150390625
712,1459,3,4.083868026733398
712,148,4,4.221121788024902
712,682,5,4.5402936935424805
712,10,6,4.232216835021973
712,111,7,4.9563164710998535
712,114,8,4.4780168533325195
712,115,9,4.124661922454834
712,611,10,4.6638078689575195
713,482,1,3.68857741355896
713,174,2,4.097790718078613
713,234,3,3.576169013977051
713,178,4,4.050847053527832
713,1084,5,3.5191640853881836
713,202,6,3.5718166828155518
713,182,7,3.7535390853881836
713,694,8,3.895650863647461
713,1019,9,3.7191531658172607
713,169,10,3.8674488067626953
714,172,1,4.64022159576416
714,1131,2,3.464113712310791
714,968,3,3.390312433242798
714,22,4,4.268709659576416
714,173,5,4.209841728210449
714,378,6,3.8560843467712402
714,320,7,3.7145955562591553
714,1081,8,3.450536012649536
714,434,9,3.6844537258148193
714,1367,10,3.4761509895324707
715,969,1,4.1672258377075195
715,127,2,5.001518726348877
715,357,3,5.033140182495117
715,132,4,4.14592981338501
715,515,5,4.786162376403809
715,211,6,4.333460330963135
715,661,7,4.1293158531188965
715,152,8,4.2670159339904785
715,757,9,3.7018139362335205
715,657,10,4.4138994216918945
716,408,1,5.115772247314453
716,1522,2,4.322443962097168
716,575,3,4.5433478355407715
716,513,4,4.51690149307251
716,236,5,4.914979934692383
716,755,6,4.317375659942627
716,32,7,4.013969421386719
716,114,8,4.467966079711914
716,528,9,4.222342491149902
716,582,10,5.000644683837891
717,96,1,4.741664409637451
717,1121,2,4.569255828857422
717,1512,3,4.865962982177734
717,645,4,5.1780548095703125
717,216,5,5.685297012329102
717,1007,6,4.7395477294921875
717,657,7,5.109133243560791
717,603,8,5.03957462310791
717,62,9,4.822695255279541
717,1587,10,4.491267204284668
718,657,1,5.157668113708496
718,64,2,5.133383274078369
718,83,3,4.734381675720215
718,318,4,5.023463726043701
718,645,5,4.295199394226074
718,12,6,4.721113204956055
718,520,7,4.642908096313477
718,431,8,4.6728739738464355
718,117,9,4.811163902282715
718,1367,10,4.776213645935059
719,258,1,3.35958194732666
719,607,2,3.656643867492676
719,589,3,3.5709733963012695
719,12,4,4.407700538635254
719,431,5,3.4429335594177246
719,272,6,4.272964000701904
719,100,7,4.881699085235596
719,420,8,3.743347406387329
719,484,9,4.132929801940918
719,448,10,3.6316521167755127
720,513,1,5.013307094573975
720,194,2,4.364470958709717
720,661,3,4.35761833190918
720,474,4,4.832785606384277
720,185,5,4.5460124015808105
720,525,6,4.777483940124512
720,1021,7,4.7565460205078125
720,1194,8,4.619649410247803
720,251,9,4.609822750091553
720,1192,10,4.284029960632324
721,290,1,4.219158172607422
721,96,2,5.089482307434082
721,144,3,4.708134174346924
721,1121,4,3.992682933807373
721,622,5,3.9451801776885986
721,511,6,4.331450939178467
721,472,7,4.325082302093506
721,189,8,4.537222862243652
721,1592,9,4.178521156311035
721,115,10,4.102288246154785
722,56,1,4.687042236328125
722,408,2,5.48091459274292
722,651,3,4.432834625244141
722,465,4,4.214061260223389
722,533,5,4.258156776428223
722,238,6,4.3083176612854
722,357,7,5.143754959106445
722,114,8,5.162768840789795
722,1594,9,4.348892688751221
722,603,10,5.078653812408447
723,419,1,3.8104453086853027
723,12,2,4.8762922286987305
723,482,3,4.1983795166015625
723,525,4,4.190546035766602
723,492,5,4.200044631958008
723,75,6,3.7239632606506348
723,408,7,4.507122993469238
723,443,8,4.168728351593018
723,969,9,3.8010363578796387
723,190,10,4.1513824462890625
725,602,1,3.9522430896759033
725,525,2,4.099493026733398
725,526,3,4.244223117828369
725,1500,4,4.098779201507568
725,1449,5,4.540175914764404
725,588,6,3.8764803409576416
725,172,7,4.493002414703369
725,656,8,4.090068817138672
725,470,9,3.873378038406372
725,530,10,4.306140422821045
726,71,1,4.270411491394043
726,837,2,4.122580051422119
726,119,3,4.119561195373535
726,172,4,4.9956583976745605
726,657,5,4.247325420379639
726,429,6,4.58333158493042
726,525,7,4.11307430267334
726,547,8,3.815364122390747
726,50,9,4.823943614959717
726,83,10,4.130520820617676
727,237,1,4.119373798370361
727,1099,2,3.9065496921539307
727,190,3,4.5343732833862305
727,166,4,4.6303629875183105
727,1500,5,4.099023342132568
727,494,6,3.8150696754455566
727,750,7,4.6526079177856445
727,603,8,4.368302822113037
727,1451,9,4.01505708694458
727,919,10,3.9298553466796875
728,868,1,4.1419677734375
728,181,2,4.278170585632324
728,813,3,4.409223556518555
728,12,4,4.692312717437744
728,1020,5,4.130204200744629
728,169,6,4.750720977783203
728,98,7,4.602839469909668
728,89,8,4.269744396209717
728,208,9,4.738438606262207
728,210,10,4.271564960479736
729,174,1,4.021900653839111
729,493,2,3.347898006439209
729,12,3,3.3402106761932373
729,136,4,3.753131628036499
729,498,5,3.4349961280822754
729,1251,6,3.4391658306121826
729,177,7,3.331407070159912
729,121,8,3.744745969772339
729,963,9,3.7361550331115723
729,488,10,3.3846116065979004
730,56,1,4.90104341506958
730,171,2,3.9123528003692627
730,256,3,3.478544235229492
730,661,4,3.650909900665283
730,1020,5,3.727949380874634
730,519,6,3.5074312686920166
730,272,7,4.43986701965332
730,124,8,4.49293327331543
730,813,9,3.9079833030700684
730,114,10,3.90071439743042
731,173,1,5.144668102264404
731,360,2,3.5457653999328613
731,851,3,4.204588413238525
731,423,4,4.912543296813965
731,255,5,4.901893138885498
731,191,6,4.060796737670898
731,470,7,4.163272857666016
731,498,8,3.863556146621704
731,936,9,4.626532554626465
731,203,10,4.541287422180176
732,181,1,4.570680618286133
732,178,2,5.208225727081299
732,143,3,4.929306983947754
732,154,4,4.820023059844971
732,89,5,5.134206771850586
732,850,6,4.676187515258789
732,169,7,4.9185333251953125
732,653,8,4.72178316116333
732,694,9,5.104673862457275
732,64,10,5.056393623352051
734,638,1,4.112864971160889
734,1064,2,3.9390368461608887
734,511,3,3.9368274211883545
734,300,4,4.086635589599609
734,1137,5,4.4443230628967285
734,922,6,3.9385249614715576
734,660,7,4.515865325927734
734,718,8,4.401238441467285
734,690,9,4.412446975708008
734,659,10,4.464147090911865
735,114,1,4.309848308563232
735,1286,2,3.8174757957458496
735,175,3,4.046735763549805
735,644,4,4.65341854095459
735,389,5,3.776426076889038
735,12,6,4.863134384155273
735,238,7,4.147146701812744
735,190,8,4.560844421386719
735,588,9,4.256995677947998
735,525,10,4.431147575378418
736,483,1,4.2231316566467285
736,589,2,3.2619736194610596
736,1,3,3.7412445545196533
736,1143,4,3.4186344146728516
736,187,5,3.966972827911377
736,1500,6,3.7355332374572754
736,484,7,4.0112152099609375
736,60,8,3.932821273803711
736,320,9,3.708425521850586
736,197,10,3.7061281204223633
737,434,1,4.012922763824463
737,483,2,4.7356719970703125
737,916,3,3.939091920852661
737,694,4,4.010399341583252
737,530,5,4.675004005432129
737,657,6,4.221713542938232
737,663,7,3.8750967979431152
737,1449,8,4.483441352844238
737,528,9,4.451930999755859
737,1367,10,3.984128713607788
738,1367,1,3.8308465480804443
738,513,2,4.46442174911499
738,694,3,4.043395042419434
738,223,4,4.0343194007873535
738,647,5,4.324216842651367
738,515,6,4.2751593589782715
738,127,7,4.2416839599609375
738,654,8,4.233347415924072
738,12,9,3.81239914894104
738,746,10,3.9247732162475586
739,533,1,3.8554210662841797
739,147,2,3.973811626434326
739,925,3,3.8055615425109863
739,258,4,5.16048002243042
739,1098,5,5.095168113708496
739,850,6,4.168112277984619
739,519,7,4.295649528503418
739,223,8,4.74307918548584
739,774,9,3.9628615379333496
739,1194,10,4.335982799530029
740,98,1,4.468140125274658
740,48,2,4.398231029510498
740,272,3,3.982719898223877
740,71,4,3.6567392349243164
740,601,5,3.6197237968444824
740,203,6,3.8421669006347656
740,483,7,4.254685401916504
740,223,8,4.268172740936279
740,175,9,3.9840288162231445
740,428,10,3.6338937282562256
741,302,1,5.307835578918457
741,857,2,3.8887624740600586
741,1,3,4.531763076782227
741,60,4,5.006673336029053
741,525,5,4.260756969451904
741,1367,6,4.474521160125732
741,344,7,4.832458972930908
741,602,8,4.090030670166016
741,154,9,4.897026538848877
741,127,10,4.6329851150512695
742,100,1,4.9879984855651855
742,661,2,4.7683515548706055
742,204,3,4.137864112854004
742,653,4,4.2747802734375
742,530,5,4.190191268920898
742,136,6,4.4810051918029785
742,916,7,4.359533309936523
742,443,8,4.459850788116455
742,1147,9,4.279015064239502
742,114,10,4.465836048126221
743,186,1,4.293030261993408
743,408,2,5.209372520446777
743,513,3,4.5241827964782715
743,169,4,4.930611610412598
743,203,5,4.4928812980651855
743,467,6,4.217158317565918
743,100,7,4.903241157531738
743,119,8,4.284526824951172
743,694,9,4.471460819244385
743,1531,10,4.1927289962768555
744,493,1,4.067331314086914
744,654,2,3.925471782684326
744,114,3,4.526708126068115
744,709,4,4.174585342407227
744,1,5,3.9835591316223145
744,515,6,4.162498474121094
744,1142,7,3.9726457595825195
744,530,8,4.153557777404785
744,45,9,4.373147487640381
744,175,10,4.326302528381348
745,634,1,3.480499505996704
745,178,2,4.232180595397949
745,1194,3,3.575049638748169
745,432,4,3.34435772895813
745,1020,5,3.2552056312561035
745,476,6,3.5762176513671875
745,208,7,4.120691776275635
745,889,8,3.20933198928833
745,242,9,4.042190074920654
745,525,10,3.9594390392303467
746,463,1,3.8434507846832275
746,239,2,4.3315110206604
746,273,3,4.063971996307373
746,648,4,4.647699356079102
746,199,5,4.6298441886901855
746,1522,6,3.9209461212158203
746,283,7,4.14030647277832
746,42,8,4.009556293487549
746,132,9,4.512754917144775
746,320,10,4.280533313751221
747,445,1,4.498992443084717
747,306,2,5.230707168579102
747,657,3,5.091492652893066
747,1240,4,4.6241536140441895
747,177,5,4.486350059509277
747,484,6,4.931202411651611
747,1154,7,4.918118000030518
747,1467,8,4.458270072937012
747,143,9,4.166543483734131
747,119,10,4.69805908203125
748,267,1,3.8386995792388916
748,166,2,4.063538074493408
748,484,3,3.6741786003112793
748,520,4,4.831236362457275
748,850,5,4.195713520050049
748,1143,6,3.957479953765869
748,752,7,3.9707067012786865
748,519,8,4.174527645111084
748,178,9,4.429839611053467
748,42,10,4.377697944641113
749,513,1,4.860548496246338
749,499,2,4.267424583435059
749,492,3,4.75624942779541
749,1367,4,4.369168758392334
749,285,5,4.6270575523376465
749,493,6,4.347996234893799
749,525,7,4.576696872711182
749,966,8,4.452085018157959
749,1251,9,4.276820659637451
749,331,10,4.39911413192749
750,405,1,3.855750799179077
750,1629,2,3.855721950531006
750,23,3,4.333536148071289
750,12,4,4.692925930023193
750,99,5,3.85031795501709
750,584,6,4.315347671508789
750,1449,7,4.672366142272949
750,50,8,4.640798091888428
750,663,9,3.7762410640716553
750,1159,10,4.125672817230225
751,515,1,4.869731426239014
751,694,2,4.817955493927002
751,114,3,3.9443867206573486
751,1160,4,4.780313014984131
751,195,5,3.884955406188965
751,199,6,4.675215244293213
751,922,7,4.355348587036133
751,119,8,4.111575126647949
751,516,9,4.337162971496582
751,513,10,4.574868202209473
752,12,1,4.86672830581665
752,657,2,3.963630199432373
752,200,3,3.6506335735321045
752,1482,4,3.2784245014190674
752,753,5,3.5687942504882812
752,432,6,4.406731605529785
752,318,7,4.429047584533691
752,487,8,3.736467123031616
752,919,9,3.7320213317871094
752,89,10,3.6172680854797363
753,519,1,4.274712085723877
753,1,2,4.743964672088623
753,525,3,3.928241729736328
753,152,4,4.015657424926758
753,1553,5,3.626828193664551
753,208,6,3.9266276359558105
753,610,7,4.1273698806762695
753,64,8,4.677309989929199
753,644,9,4.5349297523498535
753,724,10,4.164185047149658
754,91,1,3.736130714416504
754,98,2,4.549258232116699
754,169,3,4.495378494262695
754,514,4,4.050475597381592
754,525,5,3.902228832244873
754,378,6,3.9760780334472656
754,520,7,4.11806058883667
754,119,8,4.103909015655518
754,694,9,4.2925004959106445
754,1524,10,4.075102806091309
755,95,1,4.110928535461426
755,89,2,4.867252349853516
755,651,3,4.403539657592773
755,660,4,4.030837059020996
755,1039,5,4.2033796310424805
755,515,6,4.675258159637451
755,174,7,4.362013816833496
755,116,8,4.092615604400635
755,1159,9,4.6710004806518555
755,463,10,4.042741298675537
756,190,1,4.585256099700928
756,164,2,3.6238698959350586
756,333,3,3.7320780754089355
756,223,4,4.130695343017578
756,286,5,4.32357120513916
756,1251,6,3.8386080265045166
756,434,7,3.4392898082733154
756,1203,8,3.614257335662842
756,1159,9,3.8247342109680176
756,143,10,3.938169002532959
757,922,1,4.0518479347229
757,854,2,3.8882253170013428
757,530,3,3.9294509887695312
757,474,4,4.333104133605957
757,165,5,4.73170804977417
757,1142,6,4.334138870239258
757,487,7,4.048491954803467
757,520,8,4.588873386383057
757,408,9,4.628862380981445
757,1159,10,4.413106441497803
758,198,1,4.5466766357421875
758,190,2,5.50387716293335
758,432,3,4.707530498504639
758,97,4,5.430852890014648
758,661,5,4.705234527587891
758,1377,6,4.293606758117676
758,429,7,5.440820693969727
758,1386,8,4.362645149230957
758,178,9,5.199010372161865
758,519,10,4.850566864013672
759,969,1,4.432836532592773
759,318,2,5.115509033203125
759,75,3,4.667390823364258
759,498,4,5.008492469787598
759,604,5,4.6647138595581055
759,119,6,4.665197372436523
759,466,7,4.426207542419434
759,527,8,4.3750224113464355
759,50,9,4.960276126861572
759,902,10,4.811771869659424
760,132,1,4.036890029907227
760,1512,2,4.4516730308532715
760,746,3,3.509568214416504
760,514,4,4.3912858963012695
760,1142,5,4.003021240234375
760,922,6,3.5053787231445312
760,187,7,3.782762289047241
760,611,8,4.2159013748168945
760,1064,9,3.6546311378479004
760,919,10,4.135739803314209
761,230,1,4.066946506500244
761,432,2,4.6615309715271
761,701,3,3.595658302307129
761,1016,4,3.928557872772217
761,194,5,3.9239940643310547
761,318,6,4.4850311279296875
761,774,7,4.053615570068359
761,705,8,3.9159111976623535
761,657,9,4.370371341705322
761,922,10,4.31655740737915
762,134,1,4.164520263671875
762,50,2,5.069615364074707
762,1,3,4.88690185546875
762,419,4,4.160377025604248
762,645,5,4.082503795623779
762,1064,6,3.821425199508667
762,1167,7,4.00856351852417
762,174,8,4.720257759094238
762,608,9,4.155577182769775
762,1367,10,4.154600620269775
763,241,1,3.998505115509033
763,64,2,5.061851978302002
763,646,3,4.504640579223633
763,853,4,4.48785400390625
763,512,5,4.977372169494629
763,484,6,4.931233882904053
763,199,7,4.888119220733643
763,204,8,4.131943225860596
763,530,9,4.441336154937744
763,1240,10,4.29443883895874
764,584,1,4.124721527099609
764,513,2,4.782228946685791
764,435,3,4.011213779449463
764,663,4,4.3719682693481445
764,194,5,4.3724684715271
764,850,6,4.065186023712158
764,519,7,4.5297722816467285
764,662,8,4.494070053100586
764,566,9,4.48314094543457
764,657,10,4.3889994621276855
765,524,1,4.562272548675537
765,611,2,4.407594680786133
765,1159,3,4.164605617523193
765,483,4,4.402738571166992
765,512,5,4.902745246887207
765,275,6,4.514059543609619
765,607,7,4.80071496963501
765,152,8,4.313674449920654
765,408,9,4.7406110763549805
765,11,10,4.465351581573486
766,1405,1,3.7869625091552734
766,1142,2,3.9614052772521973
766,812,3,3.7732062339782715
766,1143,4,3.7820255756378174
766,531,5,4.393801212310791
766,505,6,3.935279369354248
766,1240,7,3.505284309387207
766,169,8,4.6829681396484375
766,190,9,4.293201446533203
766,96,10,3.6555283069610596
767,1103,1,4.804019927978516
767,318,2,5.169238090515137
767,285,3,5.205099105834961
767,811,4,4.349964618682861
767,603,5,5.057398796081543
767,488,6,5.049433708190918
767,99,7,4.348143577575684
767,466,8,4.485489845275879
767,1367,9,4.774557113647461
767,922,10,4.5498151779174805
768,69,1,4.5664873123168945
768,96,2,4.538698196411133
768,48,3,4.527585029602051
768,109,4,3.7577919960021973
768,79,5,4.038687705993652
768,896,6,3.7587757110595703
768,190,7,4.343321800231934
768,97,8,4.467536926269531
768,488,9,3.529818534851074
768,174,10,4.250645637512207
769,694,1,4.094243049621582
769,50,2,4.787973880767822
769,525,3,4.088440895080566
769,302,4,3.8551552295684814
769,916,5,3.8561224937438965
769,1084,6,3.8078067302703857
769,133,7,4.569690704345703
769,519,8,4.461416721343994
769,285,9,4.454993724822998
769,428,10,4.1613545417785645
770,408,1,5.028683662414551
770,858,2,4.4784111976623535
770,673,3,4.6061110496521
770,694,4,4.8819708824157715
770,525,5,4.886571407318115
770,316,6,5.3167405128479
770,1084,7,4.809304237365723
770,286,8,4.86539888381958
770,589,9,5.193737506866455
770,177,10,4.625581741333008
771,527,1,5.040101051330566
771,423,2,4.516467094421387
771,125,3,4.517102241516113
771,143,4,4.8589701652526855
771,613,5,4.497738838195801
771,636,6,3.875607967376709
771,1142,7,4.16342306137085
771,210,8,4.457098007202148
771,610,9,4.0817551612854
771,656,10,4.433468818664551
772,530,1,4.835244178771973
772,185,2,4.928301811218262
772,320,3,4.767578125
772,203,4,5.028482437133789
772,199,5,5.287781715393066
772,602,6,4.827274799346924
772,50,7,5.255727291107178
772,863,8,4.934085845947266
772,169,9,5.24748420715332
772,1500,10,4.820454120635986
773,1537,1,3.8465795516967773
773,661,2,5.285682678222656
773,694,3,4.600790023803711
773,611,4,4.225731372833252
773,647,5,5.063656330108643
773,404,6,3.8282601833343506
773,615,7,4.873247146606445
773,474,8,4.835188865661621
773,378,9,4.338470935821533
773,1154,10,3.8886606693267822
775,1449,1,4.393260955810547
775,179,2,4.692545413970947
775,1064,3,4.077255725860596
775,639,4,3.9160079956054688
775,169,5,4.643625259399414
775,659,6,4.72300910949707
775,200,7,4.14066219329834
775,170,8,4.511758327484131
775,498,9,4.400176048278809
775,653,10,4.042476177215576
776,968,1,3.9432907104492188
776,813,2,4.533198833465576
776,12,3,5.087796688079834
776,172,4,5.0538153648376465
776,52,5,4.837127208709717
776,615,6,4.401182651519775
776,313,7,4.232243537902832
776,70,8,4.743000507354736
776,611,9,4.369287490844727
776,1361,10,4.231671333312988
777,966,1,4.478560447692871
777,663,2,5.014776229858398
777,285,3,4.468817710876465
777,657,4,4.336318492889404
777,1523,5,4.1172332763671875
777,394,6,4.545433521270752
777,125,7,4.839715003967285
777,1142,8,4.538670063018799
777,332,9,4.374045372009277
777,1019,10,4.532371997833252
778,199,1,4.942416667938232
778,50,2,4.309136390686035
778,59,3,4.720947742462158
778,1154,4,3.8406968116760254
778,661,5,4.291472434997559
778,217,6,3.8331263065338135
778,701,7,4.119370460510254
778,187,8,4.5507097244262695
778,302,9,4.2749223709106445
778,169,10,4.178866386413574
779,1367,1,4.20747184753418
779,945,2,4.432081699371338
779,1122,3,4.34552526473999
779,183,4,4.340784072875977
779,8,5,4.9698100090026855
779,153,6,4.8782124519348145
779,226,7,4.415023326873779
779,647,8,4.855433464050293
779,813,9,4.11797571182251
779,174,10,4.731192111968994
780,69,1,5.279934883117676
780,226,2,4.246773719787598
780,755,3,4.031870365142822
780,88,4,4.950921535491943
780,318,5,4.755732536315918
780,915,6,3.8806402683258057
780,966,7,4.347984790802002
780,71,8,3.9627647399902344
780,525,9,4.503556251525879
780,1367,10,4.282947063446045
781,922,1,4.783718109130859
781,48,2,3.9081103801727295
781,19,3,4.289005756378174
781,199,4,4.610495090484619
781,194,5,4.014087677001953
781,1523,6,3.6857142448425293
781,1405,7,3.8442955017089844
781,513,8,4.520225524902344
781,505,9,4.264349460601807
781,185,10,4.430377960205078
783,180,1,4.516513824462891
783,171,2,4.317458152770996
783,12,3,4.503161430358887
783,427,4,4.816341876983643
783,197,5,4.387685298919678
783,654,6,4.760436058044434
783,478,7,4.226338863372803
783,1019,8,4.347812652587891
783,114,9,4.452737331390381
783,470,10,4.604673385620117
784,69,1,4.342344284057617
784,282,2,4.248546600341797
784,161,3,4.524190902709961
784,484,4,4.315424919128418
784,1073,5,4.426024913787842
784,491,6,4.429413318634033
784,89,7,4.425127029418945
784,127,8,4.815257549285889
784,114,9,4.301870822906494
784,443,10,4.366543769836426
785,208,1,3.8880584239959717
785,114,2,4.473660469055176
785,485,3,3.963677406311035
785,50,4,4.095162868499756
785,204,5,4.084742546081543
785,1524,6,4.071131706237793
785,1450,7,4.068336009979248
785,811,8,3.6186838150024414
785,470,9,3.6450908184051514
785,657,10,4.258975982666016
786,169,1,5.184449672698975
786,610,2,4.107934474945068
786,64,3,4.734234809875488
786,69,4,4.727536678314209
786,50,5,4.3952531814575195
786,427,6,4.368645668029785
786,1503,7,3.8314738273620605
786,11,8,4.6631879806518555
786,659,9,4.355825901031494
786,1007,10,4.507143497467041
787,613,1,3.9267218112945557
787,611,2,4.066946506500244
787,603,3,3.9149246215820312
787,227,4,3.700042724609375
787,645,5,4.0584869384765625
787,1019,6,4.439823627471924
787,95,7,3.9019479751586914
787,614,8,4.040367126464844
787,22,9,4.388265609741211
787,511,10,4.278149604797363
788,660,1,4.757518291473389
788,608,2,3.729775905609131
788,351,3,3.6374881267547607
788,39,4,3.830674886703491
788,1474,5,3.904480457305908
788,811,6,3.765075922012329
788,1367,7,4.580041408538818
788,191,8,4.632992744445801
788,434,9,4.054318428039551
788,481,10,4.294913291931152
789,174,1,4.975867748260498
789,136,2,4.899066925048828
789,1019,3,4.31666374206543
789,216,4,4.225976467132568
789,718,5,4.3851518630981445
789,657,6,4.855680465698242
789,479,7,4.4850263595581055
789,644,8,4.097497940063477
789,114,9,4.466434001922607
789,528,10,4.807212829589844
790,497,1,3.583662986755371
790,12,2,4.866209506988525
790,1243,3,3.471780300140381
790,178,4,3.9935965538024902
790,520,5,4.589649677276611
790,603,6,4.5135817527771
790,1269,7,3.6902666091918945
790,653,8,4.4147186279296875
790,114,9,4.38626766204834
790,1585,10,3.7569785118103027
791,124,1,4.907683849334717
791,474,2,4.378229141235352
791,922,3,4.491715431213379
791,1243,4,4.180532455444336
791,427,5,4.7085280418396
791,132,6,4.362597942352295
791,223,7,4.716306686401367
791,634,8,4.661127090454102
791,966,9,4.484304904937744
791,657,10,4.544309139251709
792,117,1,3.827261447906494
792,192,2,4.6067681312561035
792,511,3,4.476283073425293
792,194,4,4.429736137390137
792,919,5,4.029605865478516
792,443,6,3.630603313446045
792,633,7,4.324590682983398
792,1019,8,3.998961925506592
792,89,9,4.182378768920898
792,634,10,4.166830539703369
793,12,1,4.866751194000244
793,430,2,4.15165376663208
793,1240,3,3.911473274230957
793,613,4,4.1466755867004395
793,172,5,4.7493133544921875
793,174,6,4.762747287750244
793,124,7,3.95168137550354
793,484,8,4.239465236663818
793,489,9,4.235346794128418
793,485,10,4.377443313598633
794,209,1,4.841856479644775
794,9,2,4.833926200866699
794,661,3,5.112671375274658
794,428,4,4.525546073913574
794,482,5,4.598843574523926
794,172,6,5.0742411613464355
794,530,7,4.805798053741455
794,603,8,5.0376691818237305
794,178,9,5.032587051391602
794,443,10,4.501906871795654
795,1585,1,3.6079325675964355
795,1064,2,3.6685798168182373
795,1019,3,4.572872161865234
795,1073,4,4.500840187072754
795,647,5,4.628807544708252
795,1449,6,4.463592052459717
795,694,7,4.01690673828125
795,408,8,4.818576812744141
795,474,9,3.8220221996307373
795,228,10,4.110877990722656
796,968,1,3.840879201889038
796,119,2,4.353450775146484
796,1623,3,4.340785026550293
796,1063,4,4.175926208496094
796,208,5,4.712196350097656
796,757,6,4.093696117401123
796,163,7,4.270096778869629
796,1143,8,4.0504021644592285
796,71,9,4.221251964569092
796,331,10,4.375308036804199
797,185,1,4.164777755737305
797,1154,2,3.276317834854126
797,178,3,4.1193132400512695
797,302,4,3.3293066024780273
797,1,5,3.546140670776367
797,603,6,4.110667705535889
797,513,7,4.0375471115112305
797,428,8,3.4257047176361084
797,48,9,3.988896369934082
797,177,10,3.6696953773498535
798,1639,1,4.197720527648926
798,512,2,4.825697898864746
798,936,3,4.771487236022949
798,1033,4,3.962174415588379
798,48,5,3.8816521167755127
798,541,6,4.192720413208008
798,114,7,3.8146045207977295
798,1598,8,3.8130757808685303
798,919,9,4.215999603271484
798,250,10,4.081409931182861
799,850,1,4.398508548736572
799,684,2,4.250626087188721
799,114,3,4.878057479858398
799,127,4,4.890111446380615
799,203,5,4.52064847946167
799,916,6,4.516993045806885
799,357,7,4.853925704956055
799,320,8,4.510921001434326
799,474,9,4.808409690856934
799,443,10,4.438109874725342
800,519,1,3.881422281265259
800,1269,2,4.0644755363464355
800,182,3,3.9237964153289795
800,963,4,4.397651672363281
800,48,5,4.4406352043151855
800,114,6,4.372281551361084
800,320,7,4.149537086486816
800,79,8,4.402620792388916
800,302,9,4.054337024688721
800,228,10,3.791543960571289
801,185,1,5.070499420166016
801,318,2,6.051268100738525
801,969,3,4.727341175079346
801,705,4,4.619255065917969
801,272,5,5.52238655090332
801,22,6,5.50927209854126
801,50,7,5.456440448760986
801,1019,8,5.300279140472412
801,75,9,4.792990207672119
801,169,10,5.2491679191589355
802,96,1,4.873659610748291
802,267,2,3.787130355834961
802,1063,3,4.064262390136719
802,670,4,3.817058563232422
802,177,5,4.059072494506836
802,694,6,4.287400722503662
802,1098,7,4.160714149475098
802,87,8,4.630924224853516
802,419,9,4.200170040130615
802,675,10,3.9589157104492188
803,48,1,5.225960731506348
803,484,2,4.078876495361328
803,408,3,4.954423427581787
803,429,4,4.21263313293457
803,520,5,4.14452600479126
803,660,6,4.3295111656188965
803,251,7,4.978898048400879
803,198,8,4.208844184875488
803,463,9,4.760763168334961
803,127,10,4.285768032073975
804,1515,1,4.202581405639648
804,709,2,4.460719585418701
804,521,3,4.940926551818848
804,954,4,4.202418804168701
804,430,5,4.947958946228027
804,272,6,4.5671491622924805
804,1449,7,4.845926761627197
804,462,8,4.464524745941162
804,745,9,4.418492794036865
804,1367,10,4.666284084320068
805,1131,1,4.485891342163086
805,464,2,4.2606730461120605
805,968,3,4.133053302764893
805,1449,4,4.473631858825684
805,844,5,3.7026004791259766
805,474,6,4.926237106323242
805,414,7,4.126677513122559
805,1367,8,4.4281086921691895
805,119,9,4.412625789642334
805,201,10,5.150748252868652
806,603,1,4.314406871795654
806,173,2,4.869499683380127
806,198,3,4.210122585296631
806,474,4,5.612187385559082
806,136,5,4.0972771644592285
806,1142,6,4.750361919403076
806,641,7,4.7522993087768555
806,1139,8,4.288967132568359
806,154,9,4.266201972961426
806,661,10,3.8954362869262695
807,850,1,4.521214485168457
807,1449,2,5.004385948181152
807,328,3,4.510483741760254
807,500,4,4.04559326171875
807,1537,5,4.089588165283203
807,513,6,4.883286476135254
807,463,7,4.289486885070801
807,673,8,4.503735542297363
807,686,9,4.974030494689941
807,443,10,4.368274211883545
808,1500,1,4.373640537261963
808,483,2,4.719422340393066
808,143,3,3.9277267456054688
808,304,4,3.956268310546875
808,498,5,4.361948490142822
808,12,6,4.255430221557617
808,114,7,4.202914714813232
808,923,8,4.262840747833252
808,318,9,4.544946670532227
808,48,10,4.42400598526001
809,200,1,4.142888069152832
809,483,2,4.932426452636719
809,1159,3,4.37349796295166
809,474,4,4.856387138366699
809,357,5,4.908775806427002
809,408,6,4.83404016494751
809,603,7,4.805522441864014
809,1142,8,4.454505443572998
809,656,9,4.583870887756348
809,203,10,4.412171363830566
810,191,1,5.346862316131592
810,611,2,4.922054767608643
810,1103,3,4.924643039703369
810,1639,4,4.919376850128174
810,500,5,4.862381458282471
810,143,6,4.996794700622559
810,511,7,5.305860996246338
810,320,8,4.720796585083008
810,177,9,4.989809989929199
810,470,10,4.613293170928955
811,190,1,5.379614353179932
811,191,2,5.348273277282715
811,169,3,5.20624303817749
811,234,4,4.513044357299805
811,1519,5,4.344112396240234
811,99,6,4.3356523513793945
811,966,7,4.710424423217773
811,657,8,4.605981826782227
811,96,9,4.681581497192383
811,511,10,4.886394500732422
812,488,1,4.1989426612854
812,83,2,4.795219898223877
812,1019,3,4.289243221282959
812,963,4,4.717899322509766
812,318,5,4.12407922744751
812,313,6,4.287262916564941
812,71,7,4.284750938415527
812,603,8,4.865726947784424
812,272,9,4.544207572937012
812,661,10,3.945079803466797
813,203,1,5.247633457183838
813,190,2,4.891274452209473
813,514,3,4.816065788269043
813,12,4,4.788910865783691
813,187,5,4.271115303039551
813,228,6,4.087867259979248
813,201,7,3.8655126094818115
813,965,8,3.6747279167175293
813,114,9,4.504810333251953
813,311,10,3.9101908206939697
814,50,1,4.199899673461914
814,135,2,4.040125370025635
814,1021,3,3.75638747215271
814,648,4,3.420574903488159
814,199,5,3.6454148292541504
814,701,6,3.58453106880188
814,210,7,3.581973075866699
814,251,8,3.8522651195526123
814,922,9,3.6314332485198975
814,488,10,3.7243030071258545
815,1304,1,4.348283767700195
815,716,2,3.9850211143493652
815,1591,3,4.479915142059326
815,1589,4,4.346815586090088
815,208,5,5.142195701599121
815,210,6,4.959560394287109
815,1154,7,4.230490207672119
815,511,8,4.739238739013672
815,356,9,4.311433792114258
815,12,10,4.65001916885376
816,1218,1,4.499026298522949
816,1449,2,5.106081485748291
816,945,3,4.418800354003906
816,435,4,4.6167311668396
816,174,5,4.448415756225586
816,515,6,5.013265132904053
816,60,7,4.972151279449463
816,1143,8,4.741315841674805
816,114,9,4.847986698150635
816,813,10,4.70953369140625
817,498,1,4.25208854675293
817,496,2,4.247709274291992
817,480,3,4.630616188049316
817,511,4,4.247687339782715
817,198,5,4.622447967529297
817,12,6,4.622994899749756
817,177,7,4.649925231933594
817,484,8,4.274489879608154
817,114,9,4.3067474365234375
817,1600,10,3.939812183380127
818,513,1,4.978606224060059
818,491,2,4.115915298461914
818,1203,3,4.380950450897217
818,482,4,4.220497131347656
818,653,5,4.230704307556152
818,1021,6,4.724559783935547
818,306,7,4.039979934692383
818,511,8,4.678706645965576
818,191,9,4.612847328186035
818,661,10,4.247897148132324
819,528,1,4.740396499633789
819,603,2,5.363293647766113
819,127,3,5.17026948928833
819,489,4,4.539469242095947
819,1194,5,5.198241710662842
819,177,6,4.737651348114014
819,48,7,5.128380298614502
819,474,8,4.729959964752197
819,315,9,4.83065128326416
819,114,10,4.797545433044434
820,246,1,4.639433860778809
820,1449,2,4.618483066558838
820,48,3,3.9768998622894287
820,127,4,4.577974319458008
820,182,5,4.084372520446777
820,513,6,4.2646331787109375
820,1251,7,4.26265287399292
820,588,8,4.261307239532471
820,525,9,4.1547322273254395
820,1203,10,4.557039260864258
821,428,1,4.661325931549072
821,526,2,4.658914566040039
821,199,3,4.792088985443115
821,50,4,5.21437406539917
821,1159,5,4.557357311248779
821,1269,6,4.488003730773926
821,432,7,4.4825439453125
821,183,8,4.481741905212402
821,143,9,4.985198497772217
821,1405,10,4.872645378112793
822,174,1,3.7947027683258057
822,143,2,4.071300983428955
822,483,3,4.0687713623046875
822,493,4,3.8989901542663574
822,657,5,4.303255558013916
822,608,6,3.9688401222229004
822,1639,7,3.834150791168213
822,238,8,3.971320629119873
822,114,9,4.252615928649902
822,81,10,4.162398338317871
823,1367,1,4.611147403717041
823,203,2,5.266855716705322
823,199,3,5.150567054748535
823,527,4,5.242161273956299
823,519,5,4.373998165130615
823,1137,6,4.476037979125977
823,482,7,5.012864589691162
823,603,8,4.882546901702881
823,850,9,4.307525634765625
823,493,10,4.636038303375244
824,272,1,4.134652137756348
824,60,2,4.5327043533325195
824,603,3,4.448286533355713
824,805,4,3.9119529724121094
824,174,5,4.104640007019043
824,71,6,3.6796514987945557
824,1462,7,3.8405869007110596
824,238,8,4.334705352783203
824,922,9,3.96077561378479
824,198,10,3.7712459564208984
825,408,1,4.640603542327881
825,97,2,4.638381481170654
825,1431,3,4.238834381103516
825,750,4,4.972937107086182
825,1367,5,4.046842575073242
825,419,6,4.303981781005859
825,1331,7,4.158982753753662
825,96,8,5.217645168304443
825,56,9,4.972804069519043
825,484,10,4.255625247955322
826,64,1,5.1257219314575195
826,1243,2,4.055667400360107
826,531,3,4.924238204956055
826,49,4,4.0203728675842285
826,603,5,4.894916534423828
826,238,6,4.8648552894592285
826,645,7,4.085604667663574
826,156,8,4.837467193603516
826,642,9,4.179459571838379
826,641,10,4.62699031829834
827,1021,1,4.044860363006592
827,615,2,3.8726823329925537
827,533,3,3.7382190227508545
827,478,4,4.467050552368164
827,482,5,4.528047561645508
827,32,6,3.8239853382110596
827,169,7,4.417133331298828
827,488,8,3.8678388595581055
827,210,9,4.452296257019043
827,813,10,4.171958923339844
828,498,1,3.949202299118042
828,1193,2,3.5980329513549805
828,203,3,3.597616672515869
828,853,4,3.5156784057617188
828,408,5,4.437744140625
828,611,6,3.9400041103363037
828,966,7,3.352593183517456
828,195,8,3.3150110244750977
828,515,9,4.188997268676758
828,519,10,4.414244651794434
829,1639,1,3.92923903465271
829,483,2,4.811234474182129
829,127,3,4.748486042022705
829,12,4,4.714702129364014
829,811,5,3.9989070892333984
829,1007,6,4.080506801605225
829,443,7,3.9790287017822266
829,169,8,4.318751811981201
829,533,9,4.036290168762207
829,177,10,3.9318201541900635
830,1594,1,3.8728280067443848
830,922,2,4.127316474914551
830,530,3,4.895358085632324
830,455,4,3.9807090759277344
830,428,5,3.9255127906799316
830,659,6,4.795246124267578
830,488,7,4.36162805557251
830,114,8,4.692020893096924
830,272,9,4.639774322509766
830,12,10,4.34525203704834
831,119,1,4.237288951873779
831,172,2,4.040154933929443
831,511,3,4.2104949951171875
831,1194,4,3.805894136428833
831,480,5,4.800461769104004
831,97,6,4.226112365722656
831,423,7,4.676952362060547
831,79,8,4.619510173797607
831,613,9,4.175215721130371
831,1298,10,4.017998218536377
832,199,1,4.266572952270508
832,194,2,4.586153984069824
832,60,3,4.525746822357178
832,12,4,4.12658166885376
832,963,5,4.462092399597168
832,82,6,3.9962024688720703
832,645,7,3.9950320720672607
832,50,8,4.455256462097168
832,136,9,4.20629358291626
832,169,10,4.455081939697266
833,1245,1,3.5920462608337402
833,528,2,4.730873107910156
833,525,3,4.776339054107666
833,420,4,3.410524368286133
833,1268,5,4.019014358520508
833,603,6,4.007220268249512
833,610,7,3.666461706161499
833,425,8,4.3651509284973145
833,295,9,3.8673393726348877
833,612,10,4.063864707946777
834,1194,1,4.323233604431152
834,603,2,5.101635932922363
834,168,3,4.7295145988464355
834,198,4,4.726805686950684
834,71,5,4.729319095611572
834,530,6,4.998985290527344
834,1142,7,4.720200538635254
834,234,8,4.558529853820801
834,966,9,4.319406986236572
834,174,10,4.885463714599609
835,236,1,5.036078929901123
835,530,2,4.195592880249023
835,483,3,4.6839375495910645
835,1604,4,4.56786584854126
835,115,5,4.469707012176514
835,603,6,4.96159029006958
835,1007,7,4.89471435546875
835,922,8,4.628040790557861
835,463,9,4.798687934875488
835,1009,10,4.776005744934082
836,169,1,4.7500529289245605
836,161,2,3.8140292167663574
836,207,3,4.715720176696777
836,178,4,4.6780171394348145
836,1159,5,4.199632167816162
836,114,6,4.636068820953369
836,191,7,4.192121505737305
836,474,8,4.543349742889404
836,8,9,4.129880905151367
836,100,10,4.340479850769043
837,500,1,4.296522617340088
837,520,2,4.826486110687256
837,922,3,4.446420669555664
837,485,4,4.293121814727783
837,124,5,4.701682090759277
837,45,6,4.666327953338623
837,853,7,4.190165042877197
837,197,8,4.648976802825928
837,479,9,4.644298553466797
837,24,10,4.156945705413818
838,515,1,5.28538179397583
838,615,2,4.376997470855713
838,485,3,4.98760986328125
838,466,4,4.278340816497803
838,316,5,5.09028434753418
838,1142,6,4.492370128631592
838,179,7,4.77377986907959
838,1099,8,4.498190879821777
838,202,9,4.6518988609313965
838,520,10,4.123626232147217
839,408,1,4.303585052490234
839,357,2,4.9879374504089355
839,603,3,4.8992533683776855
839,694,4,4.186877250671387
839,1081,5,3.910778045654297
839,79,6,4.298410415649414
839,64,7,4.689248561859131
839,480,8,4.640618324279785
839,56,9,5.206764221191406
839,385,10,3.8772170543670654
840,318,1,5.442009925842285
840,447,2,4.374500751495361
840,1286,3,4.042259693145752
840,1413,4,4.005282402038574
840,1154,5,4.040482521057129
840,922,6,4.90777587890625
840,1172,7,4.51538610458374
840,178,8,4.938610076904297
840,1160,9,4.178648471832275
840,359,10,4.176144123077393
841,169,1,4.9777092933654785
841,603,2,4.930107593536377
841,197,3,4.604303359985352
841,183,4,4.601658344268799
841,443,5,4.095534801483154
841,174,6,4.9057817459106445
841,71,7,4.596363067626953
841,485,8,4.387136936187744
841,484,9,4.784220218658447
841,64,10,4.7330241203308105
842,48,1,5.381051063537598
842,622,2,4.194710731506348
842,170,3,4.828410625457764
842,200,4,4.29485559463501
842,179,5,4.296475410461426
842,169,6,4.4389967918396
842,483,7,4.702086448669434
842,191,8,4.40962553024292
842,127,9,4.549413681030273
842,484,10,4.124677658081055
843,190,1,4.3943963050842285
843,1143,2,3.2243387699127197
843,8,3,3.9542171955108643
843,916,4,3.5070760250091553
843,745,5,3.0713419914245605
843,1307,6,3.0665783882141113
843,1594,7,3.304445505142212
843,853,8,3.936936855316162
843,187,9,3.5034799575805664
843,1060,10,3.471686840057373
844,1243,1,3.479424476623535
844,850,2,3.8927745819091797
844,408,3,4.374673843383789
844,83,4,4.308479309082031
844,603,5,4.515013217926025
844,50,6,4.016537189483643
844,1073,7,3.5427186489105225
844,64,8,4.2986159324646
844,673,9,3.957242488861084
844,186,10,4.057199001312256
845,12,1,4.028901100158691
845,467,2,3.338080883026123
845,968,3,3.1629321575164795
845,298,4,3.5338902473449707
845,185,5,3.8824334144592285
845,520,6,3.417426586151123
845,318,7,3.963728666305542
845,792,8,3.532620906829834
845,657,9,3.8425843715667725
845,493,10,3.719277858734131
846,169,1,5.609806060791016
846,835,2,4.291965007781982
846,420,3,4.149119853973389
846,750,4,5.010114669799805
846,959,5,4.217539310455322
846,533,6,4.505517959594727
846,1085,7,3.953519821166992
846,53,8,4.7774658203125
846,320,9,4.761671543121338
846,1604,10,4.751008987426758
847,515,1,4.806349277496338
847,64,2,4.590869903564453
847,57,3,4.544830799102783
847,232,4,3.7632904052734375
847,1102,5,3.4665093421936035
847,1587,6,3.558211088180542
847,79,7,4.159323692321777
847,69,8,4.128604888916016
847,174,9,3.7270429134368896
847,119,10,4.0659379959106445
848,408,1,5.437789440155029
848,709,2,5.2712626457214355
848,1269,3,4.464536190032959
848,501,4,4.371230125427246
848,1142,5,4.592422962188721
848,493,6,5.115962028503418
848,916,7,4.579074382781982
848,656,8,4.361652851104736
848,1449,9,4.731629371643066
848,114,10,4.96345329284668
849,486,1,4.631993293762207
849,12,2,5.321534633636475
849,1594,3,4.755155563354492
849,318,4,5.226147174835205
849,64,5,5.229382514953613
849,179,6,4.687038898468018
849,498,7,5.122007369995117
849,657,8,4.734498023986816
849,428,9,4.935551166534424
849,1459,10,4.595619201660156
850,1125,1,4.172441482543945
850,143,2,5.361971855163574
850,178,3,5.235477447509766
850,394,4,4.625880241394043
850,12,5,4.259758472442627
850,467,6,4.622546672821045
850,1154,7,4.084391117095947
850,148,8,4.896055698394775
850,219,9,4.407523155212402
850,634,10,4.3202362060546875
851,143,1,4.191791534423828
851,466,2,4.273543357849121
851,648,3,4.113681316375732
851,257,4,4.803552627563477
851,203,5,4.740122318267822
851,288,6,4.726193428039551
851,285,7,4.719073295593262
851,515,8,4.69220495223999
851,99,9,4.690272331237793
851,32,10,4.686285495758057
852,601,1,4.163938522338867
852,89,2,4.867618560791016
852,770,3,3.93501615524292
852,177,4,4.157873630523682
852,863,5,4.448825836181641
852,102,6,3.9627575874328613
852,502,7,4.210554599761963
852,483,8,4.785993576049805
852,1142,9,4.56724214553833
852,168,10,4.558399677276611
853,423,1,4.642688274383545
853,805,2,3.86285400390625
853,257,3,3.729668140411377
853,310,4,3.9204065799713135
853,525,5,4.424008369445801
853,922,6,4.408465385437012
853,12,7,4.018731594085693
853,966,8,4.010228157043457
853,132,9,4.386110305786133
853,48,10,4.137131690979004
854,589,1,3.6680121421813965
854,588,2,4.562946796417236
854,91,3,4.459568023681641
854,98,4,4.423321723937988
854,968,5,3.521399736404419
854,480,6,3.952843189239502
854,178,7,4.6713151931762695
854,9,8,4.34022331237793
854,813,9,4.325051307678223
854,966,10,3.6224374771118164
855,607,1,3.673717737197876
855,1114,2,3.4360625743865967
855,64,3,4.259142875671387
855,174,4,4.2495927810668945
855,1367,5,3.618494749069214
855,199,6,4.2407941818237305
855,968,7,3.435232639312744
855,519,8,3.8682379722595215
855,656,9,3.474884271621704
855,513,10,4.068601608276367
856,89,1,5.055473804473877
856,484,2,4.578670501708984
856,11,3,4.18341588973999
856,813,4,4.5613837242126465
856,1459,5,4.357335090637207
856,492,6,4.292196273803711
856,172,7,4.5458526611328125
856,173,8,4.9693756103515625
856,169,9,4.857780933380127
856,603,10,4.7396769523620605
857,638,1,4.044351100921631
857,213,2,4.662806510925293
857,98,3,4.623464107513428
857,489,4,4.142596244812012
857,174,5,4.041772365570068
857,1629,6,3.719151735305786
857,169,7,4.429189682006836
857,656,8,4.096230506896973
857,524,9,4.089224338531494
857,1159,10,4.054515838623047
858,32,1,4.073497772216797
858,50,2,4.9019293785095215
858,124,3,4.330266952514648
858,1131,4,4.343715667724609
858,203,5,4.326083660125732
858,210,6,4.332435607910156
858,183,7,4.780869007110596
858,1500,8,4.435969352722168
858,114,9,4.32346248626709
858,127,10,4.700826644897461
859,180,1,5.469764232635498
859,404,2,4.319753170013428
859,625,3,4.379568099975586
859,185,4,4.449824333190918
859,174,5,5.105517864227295
859,393,6,4.448916435241699
859,302,7,5.009045600891113
859,357,8,5.258434772491455
859,136,9,4.538938045501709
859,451,10,4.433017730712891
860,192,1,4.688860893249512
860,479,2,3.9628148078918457
860,445,3,3.720224142074585
860,813,4,3.956056594848633
860,173,5,4.21578311920166
860,850,6,4.047421932220459
860,98,7,4.476381778717041
860,189,8,4.207801342010498
860,124,9,4.431679725646973
860,203,10,4.1878557205200195
861,487,1,4.572205066680908
861,172,2,5.095039367675781
861,114,3,5.067155361175537
861,656,4,4.316340446472168
861,922,5,4.70247220993042
861,735,6,4.536573886871338
861,479,7,4.535542964935303
861,198,8,4.532417297363281
861,119,9,4.834850311279297
861,705,10,4.815362930297852
862,739,1,4.676977634429932
862,156,2,5.536962509155273
862,425,3,5.439245700836182
862,203,4,5.434928894042969
862,420,5,4.497658729553223
862,300,6,4.890899658203125
862,1084,7,4.770497798919678
862,1149,8,5.303262233734131
862,298,9,5.299243450164795
862,320,10,5.241069316864014
863,357,1,5.269752502441406
863,735,2,5.1897759437561035
863,634,3,4.294461250305176
863,607,4,3.6607182025909424
863,613,5,4.282792091369629
863,114,6,4.909120082855225
863,919,7,4.102840423583984
863,1019,8,3.908159017562866
863,157,9,4.216749668121338
863,547,10,4.018885135650635
864,515,1,5.28939962387085
864,313,2,5.191003322601318
864,922,3,4.524111747741699
864,1159,4,4.516951084136963
864,528,5,5.0448150634765625
864,1131,6,4.523081302642822
864,1201,7,4.105669021606445
864,156,8,4.943701267242432
864,792,9,4.9174346923828125
864,853,10,4.786727428436279
865,654,1,4.708333969116211
865,306,2,3.7746400833129883
865,45,3,4.057525634765625
865,318,4,4.421135902404785
865,661,5,3.7683629989624023
865,208,6,4.076423168182373
865,181,7,3.462296485900879
865,12,8,4.009162902832031
865,514,9,4.333465099334717
865,484,10,3.946260929107666
866,156,1,3.1152944564819336
866,701,2,2.7433323860168457
866,530,3,3.256255626678467
866,525,4,3.2363479137420654
866,528,5,3.1150026321411133
866,179,6,2.9063756465911865
866,462,7,3.552347421646118
866,1070,8,3.108612060546875
866,1,9,3.484750270843506
866,489,10,3.0656678676605225
867,269,1,5.606268882751465
867,173,2,5.46634578704834
867,647,3,4.508780002593994
867,1617,4,4.341865539550781
867,1449,5,5.136946678161621
867,530,6,4.8695902824401855
867,513,7,4.843123912811279
867,169,8,5.106786727905273
867,589,9,4.336861610412598
867,48,10,4.804184913635254
868,519,1,4.912438869476318
868,250,2,4.654679775238037
868,251,3,3.5606203079223633
868,647,4,4.627575397491455
868,267,5,3.4450559616088867
868,657,6,4.051559925079346
868,789,7,4.4271745681762695
868,479,8,4.365060329437256
868,490,9,4.219794273376465
868,661,10,3.824036121368408
869,199,1,3.608694553375244
869,56,2,4.262075901031494
869,165,3,3.492267370223999
869,211,4,3.5020720958709717
869,1201,5,3.3430862426757812
869,71,6,3.195803165435791
869,179,7,3.5799968242645264
869,187,8,3.8687217235565186
869,1166,9,3.3368301391601562
869,603,10,4.109791278839111
870,115,1,3.8502390384674072
870,607,2,4.170823574066162
870,1367,3,4.04158878326416
870,100,4,4.864180088043213
870,922,5,3.93031907081604
870,805,6,3.9357943534851074
870,192,7,4.750734806060791
870,1142,8,4.4142656326293945
870,169,9,4.46226167678833
870,526,10,4.337057590484619
871,204,1,4.946994304656982
871,445,2,3.835775852203369
871,73,3,4.665556907653809
871,781,4,4.169033050537109
871,192,5,4.168686389923096
871,936,6,4.29293966293335
871,285,7,4.291390895843506
871,416,8,4.284717082977295
871,318,9,4.528007507324219
871,169,10,4.505792617797852
872,496,1,4.79573917388916
872,94,2,4.096768379211426
872,95,3,4.651339530944824
872,302,4,4.6341705322265625
872,230,5,4.001086235046387
872,88,6,4.23311710357666
872,96,7,4.53419828414917
872,318,8,4.602672100067139
872,119,9,4.058459758758545
872,513,10,4.074159622192383
873,470,1,3.978494167327881
873,12,2,4.976981163024902
873,208,3,4.747861862182617
873,1594,4,4.201189041137695
873,87,5,4.683391094207764
873,919,6,4.317885875701904
873,479,7,4.30059289932251
873,69,8,4.5530853271484375
873,144,9,4.538807392120361
873,89,10,4.262918472290039
874,267,1,3.787442207336426
874,493,2,4.27513313293457
874,1451,3,3.9503653049468994
874,187,4,4.268503665924072
874,443,5,4.139626979827881
874,921,6,4.134622573852539
874,357,7,4.533058166503906
874,169,8,4.465238571166992
874,172,9,4.397517204284668
874,657,10,4.395027160644531
875,203,1,5.040202617645264
875,916,2,4.103676795959473
875,91,3,4.630557537078857
875,100,4,4.978818416595459
875,601,5,4.223792552947998
875,475,6,4.956948757171631
875,48,7,4.618376731872559
875,47,8,4.616445541381836
875,966,9,4.346599102020264
875,547,10,4.713128089904785
876,603,1,4.4030375480651855
876,1019,2,4.39823579788208
876,408,3,4.816880226135254
876,175,4,4.29702091217041
876,173,5,4.6876301765441895
876,194,6,4.037832260131836
876,644,7,4.151604175567627
876,59,8,4.286701679229736
876,190,9,4.362488269805908
876,114,10,4.281924247741699
877,694,1,4.039004802703857
877,1007,2,5.064599990844727
877,89,3,4.211863040924072
877,479,4,4.14797830581665
877,482,5,5.071507453918457
877,606,6,4.588191032409668
877,12,7,4.947042942047119
877,634,8,4.408488750457764
877,601,9,4.189493656158447
877,525,10,4.73049259185791
878,850,1,4.205397129058838
878,966,2,3.748732805252075
878,1021,3,4.836052417755127
878,315,4,4.660573959350586
878,169,5,4.796552658081055
878,430,6,4.62904167175293
878,586,7,3.578535795211792
878,601,8,3.9210598468780518
878,480,9,4.430354595184326
878,661,10,4.046968936920166
879,435,1,4.094959735870361
879,528,2,3.935328245162964
879,480,3,4.011975288391113
879,64,4,4.582976818084717
879,174,5,4.693209171295166
879,603,6,4.576054573059082
879,478,7,4.570228576660156
879,493,8,4.086909770965576
879,114,9,4.087041854858398
879,482,10,4.406673431396484
880,320,1,4.439693450927734
880,223,2,4.809196472167969
880,115,3,3.987147331237793
880,183,4,4.790674209594727
880,116,5,4.42115592956543
880,631,6,4.281012535095215
880,251,7,4.297272205352783
880,515,8,4.741621017456055
880,837,9,4.284309387207031
880,525,10,4.654581069946289
881,12,1,4.928210735321045
881,1454,2,3.761620044708252
881,1354,3,4.2259416580200195
881,56,4,4.91628360748291
881,538,5,4.206977367401123
881,656,6,4.347909927368164
881,966,7,4.0832905769348145
881,273,8,4.834342002868652
881,157,9,4.496338367462158
881,203,10,4.306911468505859
882,1642,1,4.300442695617676
882,483,2,5.30570125579834
882,480,3,5.228875637054443
882,484,4,5.180948734283447
882,1293,5,4.145457744598389
882,511,6,4.731935024261475
882,657,7,4.724194526672363
882,922,8,4.293766021728516
882,119,9,4.517595291137695
882,705,10,5.073278427124023
883,520,1,5.017728805541992
883,936,2,4.241861343383789
883,804,3,4.112761497497559
883,498,4,4.799323081970215
883,1142,5,4.29843282699585
883,1414,6,3.9534847736358643
883,473,7,4.379499912261963
883,1313,8,4.082876682281494
883,432,9,4.526183128356934
883,443,10,4.510786056518555
884,625,1,3.7777976989746094
884,435,2,4.64201545715332
884,109,3,4.04368782043457
884,531,4,4.599109649658203
884,603,5,4.57852029800415
884,187,6,4.045184135437012
884,190,7,4.215213775634766
884,114,8,4.110974311828613
884,119,9,4.182835102081299
884,132,10,3.9211912155151367
885,64,1,4.815924167633057
885,557,2,3.5884041786193848
885,273,3,3.961117744445801
885,515,4,4.455580711364746
885,916,5,3.4540741443634033
885,513,6,4.270516395568848
885,705,7,4.220653533935547
885,89,8,3.411675214767456
885,634,9,3.5008187294006348
885,200,10,3.8604226112365723
886,52,1,4.145003318786621
886,694,2,4.624172210693359
886,185,3,4.565258979797363
886,661,4,3.828148603439331
886,641,5,4.462625980377197
886,480,6,3.9557106494903564
886,588,7,3.928572654724121
886,251,8,4.338057041168213
886,516,9,4.305862903594971
886,119,10,3.612126350402832
887,215,1,4.72581148147583
887,1073,2,5.265152931213379
887,11,3,5.703972339630127
887,634,4,4.313692092895508
887,175,5,5.1065850257873535
887,792,6,4.672725677490234
887,922,7,4.390707969665527
887,781,8,4.674116134643555
887,306,9,4.8782501220703125
887,538,10,4.07069206237793
888,656,1,4.616042137145996
888,1019,2,4.345970153808594
888,201,3,4.604768753051758
888,251,4,4.60305643081665
888,1585,5,4.164672374725342
888,318,6,4.990124225616455
888,114,7,4.59529972076416
888,1081,8,4.239628791809082
888,1524,9,4.392222881317139
888,470,10,4.265705108642578
889,143,1,4.705597400665283
889,518,2,4.060026168823242
889,753,3,4.062781810760498
889,549,4,3.789945125579834
889,88,5,3.738774538040161
889,1019,6,4.291055202484131
889,176,7,4.306821346282959
889,530,8,3.913731336593628
889,1020,9,4.032337188720703
889,1331,10,3.834766387939453
890,48,1,5.150341987609863
890,610,2,4.304678916931152
890,1193,3,4.484118938446045
890,124,4,5.0069260597229
890,170,5,4.486721992492676
890,497,6,4.481417179107666
890,919,7,4.379374980926514
890,615,8,4.4654717445373535
890,488,9,4.8629021644592285
890,705,10,4.848677158355713
891,588,1,4.447712421417236
891,1,2,4.901430606842041
891,1139,3,4.60510778427124
891,488,4,4.77703857421875
891,603,5,5.236065864562988
891,183,6,4.772279739379883
891,191,7,5.207841873168945
891,199,8,5.01807165145874
891,511,9,5.004960536956787
891,675,10,4.951246738433838
892,445,1,4.2477922439575195
892,509,2,5.181934356689453
892,198,3,4.6319732666015625
892,115,4,4.463784217834473
892,651,5,4.539371013641357
892,1159,6,4.616580009460449
892,922,7,5.051530361175537
892,1367,8,4.723086833953857
892,304,9,4.183071613311768
892,124,10,4.475106239318848
893,201,1,4.082742691040039
893,119,2,4.280787467956543
893,70,3,4.304200172424316
893,98,4,4.705784797668457
893,1367,5,3.939485788345337
893,1123,6,3.7669997215270996
893,177,7,4.1592488288879395
893,1131,8,4.160618305206299
893,143,9,4.071619510650635
893,179,10,3.905479669570923
894,603,1,4.968127727508545
894,79,2,4.4859185218811035
894,203,3,4.817215919494629
894,427,4,4.789089202880859
894,1431,5,3.858994722366333
894,856,6,4.764992713928223
894,474,7,4.721932888031006
894,718,8,4.408601760864258
894,197,9,4.400115489959717
894,443,10,4.611453056335449
895,326,1,3.98503041267395
895,96,2,4.275576591491699
895,613,3,4.3709635734558105
895,169,4,4.678830623626709
895,1142,5,3.984053134918213
895,502,6,4.349478721618652
895,178,7,4.347115993499756
895,191,8,4.6036834716796875
895,489,9,4.3420090675354
895,657,10,4.384537696838379
896,634,1,3.755338191986084
896,633,2,4.456361770629883
896,653,3,3.566708564758301
896,495,4,3.75242280960083
896,313,5,3.912424087524414
896,1019,6,3.632439374923706
896,601,7,3.486708879470825
896,1007,8,4.311933994293213
896,946,9,3.391857624053955
896,968,10,3.7260656356811523
897,625,1,4.377126216888428
897,1353,2,4.1144866943359375
897,271,3,4.026749610900879
897,1138,4,4.49293327331543
897,958,5,4.691092491149902
897,924,6,5.131171703338623
897,601,7,4.155210018157959
897,242,8,4.890668869018555
897,671,9,4.64301872253418
897,589,10,4.407347679138184
898,60,1,4.860400199890137
898,198,2,4.30023193359375
898,524,3,4.161851406097412
898,483,4,4.6116414070129395
898,513,5,4.691518306732178
898,191,6,4.547223091125488
898,661,7,4.5276384353637695
898,745,8,4.145039081573486
898,611,9,4.270326614379883
898,675,10,4.125205993652344
899,300,1,3.9763314723968506
899,429,2,4.72671365737915
899,661,3,4.073537826538086
899,223,4,3.9689667224884033
899,530,5,4.256647109985352
899,533,6,3.854095458984375
899,136,7,4.582095623016357
899,648,8,4.280817031860352
899,887,9,4.664948463439941
899,251,10,4.740528106689453
900,172,1,3.887622833251953
900,498,2,3.3090453147888184
900,223,3,3.8469629287719727
900,641,4,3.4040091037750244
900,482,5,3.2845516204833984
900,487,6,3.38344144821167
900,307,7,2.9445056915283203
900,89,8,3.530797004699707
900,57,9,3.0982282161712646
900,119,10,3.443422794342041
901,500,1,4.548366546630859
901,707,2,4.958481788635254
901,488,3,4.206821441650391
901,811,4,4.149450302124023
901,480,5,4.950525760650635
901,694,6,4.956272125244141
901,520,7,5.112451553344727
901,746,8,4.389596939086914
901,434,9,4.384977340698242
901,99,10,4.459910869598389
902,220,1,3.339322090148926
902,922,2,4.212113380432129
902,1064,3,3.42008113861084
902,174,4,4.083014011383057
902,265,5,3.7742769718170166
902,136,6,4.059231281280518
902,1116,7,3.294708728790283
902,315,8,3.771378993988037
902,432,9,3.6080386638641357
902,200,10,3.725238561630249
903,427,1,5.0677170753479
903,736,2,4.342396259307861
903,922,3,4.785574436187744
903,993,4,4.195863246917725
903,514,5,4.09597635269165
903,132,6,4.737643718719482
903,28,7,4.327404975891113
903,850,8,3.9333689212799072
903,484,9,4.247155666351318
903,1367,10,4.109766960144043
904,325,1,4.270227432250977
904,313,2,5.182500839233398
904,250,3,4.2638678550720215
904,318,4,4.944970607757568
904,1159,5,4.089592933654785
904,1194,6,4.909907817840576
904,813,7,4.889150142669678
904,604,8,4.243468284606934
904,143,9,4.626709938049316
904,1643,10,4.588437080383301
905,7,1,4.190937519073486
905,611,2,4.087549686431885
905,488,3,4.187507152557373
905,170,4,4.08513069152832
905,707,5,4.609147548675537
905,489,6,3.96437406539917
905,177,7,3.9636902809143066
905,853,8,4.440982341766357
905,189,9,4.383342742919922
905,11,10,4.293243408203125
906,64,1,4.908935546875
906,434,2,3.941760778427124
906,1293,3,4.171483993530273
906,654,4,4.704827785491943
906,251,5,4.6860880851745605
906,191,6,4.6800103187561035
906,420,7,4.229345321655273
906,510,8,4.390011787414551
906,48,9,4.389078617095947
906,694,10,4.361593246459961
907,655,1,5.169252395629883
907,448,2,4.918459415435791
907,169,3,4.9155049324035645
907,588,4,5.368753910064697
907,604,5,5.360159397125244
907,174,6,5.102740287780762
907,178,7,5.328306198120117
907,1594,8,5.086004734039307
907,654,9,4.968364715576172
907,12,10,5.2866387367248535
908,490,1,3.759190797805786
908,211,2,4.37239408493042
908,604,3,3.9802708625793457
908,513,4,4.264561653137207
908,1129,5,3.7443251609802246
908,651,6,4.258419990539551
908,95,7,3.7251553535461426
908,64,8,4.172738075256348
908,48,9,3.6182079315185547
908,519,10,3.659113645553589
909,178,1,4.894814968109131
909,1449,2,5.567684173583984
909,114,3,5.134413242340088
909,183,4,5.353425979614258
909,89,5,5.124237060546875
909,1129,6,4.797069549560547
909,156,7,5.286788463592529
909,850,8,4.834952354431152
909,480,9,5.099464416503906
909,474,10,5.2619194984436035
910,496,1,4.854831218719482
910,474,2,4.564127445220947
910,770,3,3.5612473487854004
910,242,4,3.9669559001922607
910,1413,5,3.7524144649505615
910,169,6,4.457985877990723
910,97,7,4.460766315460205
910,488,8,3.5622496604919434
910,313,9,3.9444539546966553
910,479,10,4.51503324508667
911,258,1,5.209418296813965
911,189,2,4.1094465255737305
911,746,3,4.8888139724731445
911,865,4,3.909803867340088
911,580,5,4.421147346496582
911,916,6,3.907788038253784
911,811,7,4.175355434417725
911,656,8,4.674981594085693
911,500,9,4.590503215789795
911,1109,10,4.179105281829834
912,251,1,3.955435276031494
912,515,2,4.878557205200195
912,850,3,3.870382785797119
912,513,4,4.458926677703857
912,530,5,3.867765188217163
912,208,6,4.533777236938477
912,98,7,4.48651123046875
912,484,8,4.106425762176514
912,1367,9,3.8464677333831787
912,241,10,4.150040149688721
913,497,1,3.8461029529571533
913,522,2,3.748518466949463
913,515,3,4.61613655090332
913,298,4,3.520876884460449
913,487,5,4.681084632873535
913,884,6,3.6475517749786377
913,196,7,4.507372856140137
913,1159,8,4.024028778076172
913,320,9,4.004678726196289
913,114,10,3.9824841022491455
914,608,1,3.7145121097564697
914,183,2,4.211701393127441
914,1142,3,3.9751808643341064
914,199,4,4.813481330871582
914,293,5,4.038426876068115
914,480,6,4.051869869232178
914,172,7,4.586512088775635
914,169,8,4.533743381500244
914,511,9,4.569558143615723
914,694,10,3.9786534309387207
915,853,1,3.7474148273468018
915,505,2,3.5097572803497314
915,205,3,4.25718879699707
915,69,4,3.6334779262542725
915,48,5,3.7284374237060547
915,357,6,4.160504341125488
915,169,7,4.317780017852783
915,484,8,3.4594266414642334
915,179,9,3.5084211826324463
915,143,10,3.78782057762146
916,74,1,3.888928174972534
916,694,2,4.738131523132324
916,528,3,4.734095573425293
916,320,4,4.096395969390869
916,770,5,4.2337822914123535
916,191,6,4.231715202331543
916,489,7,4.204746246337891
916,13,8,4.089709281921387
916,963,9,4.668006420135498
916,1142,10,4.46807861328125
917,527,1,3.9958019256591797
917,357,2,4.441026210784912
917,318,3,4.413879871368408
917,79,4,3.5993640422821045
917,603,5,4.670139789581299
917,850,6,3.598391532897949
917,963,7,4.219357490539551
917,746,8,3.940366268157959
917,71,9,3.802842378616333
917,498,10,4.023138523101807
918,968,1,3.6033525466918945
918,657,2,3.5477147102355957
918,300,3,4.514835357666016
918,936,4,4.5011796951293945
918,627,5,4.111669063568115
918,813,6,4.080700397491455
918,999,7,3.494044065475464
918,547,8,4.412842750549316
918,53,9,3.6514344215393066
918,530,10,4.153708457946777
919,584,1,4.97545051574707
919,172,2,4.116131782531738
919,1070,3,4.114544868469238
919,902,4,4.62408447265625
919,872,5,4.7807793617248535
919,645,6,4.0156025886535645
919,610,7,3.740180253982544
919,1405,8,4.498230934143066
919,114,9,3.8708932399749756
919,588,10,4.321180820465088
920,50,1,4.876550674438477
920,169,2,4.778893947601318
920,654,3,4.110872745513916
920,1142,4,4.111727714538574
920,174,5,4.551648139953613
920,529,6,4.103227615356445
920,963,7,4.50006628036499
920,1154,8,3.7787559032440186
920,419,9,4.080273628234863
920,153,10,4.390756607055664
921,302,1,3.7574141025543213
921,575,2,3.5181498527526855
921,28,3,4.010382175445557
921,64,4,3.867178440093994
921,483,5,4.487637519836426
921,622,6,3.6231656074523926
921,850,7,3.5752153396606445
921,1459,8,3.854992389678955
921,114,9,4.412776470184326
921,1589,10,4.001219272613525
922,513,1,4.8354902267456055
922,1021,2,4.797677993774414
922,194,3,4.775620937347412
922,1084,4,4.2419753074646
922,483,5,4.772767066955566
922,493,6,4.130577087402344
922,510,7,4.361758232116699
922,171,8,4.645928382873535
922,114,9,4.330278396606445
922,919,10,4.449647426605225
923,177,1,4.771669864654541
923,813,2,4.978691101074219
923,1589,3,4.685956954956055
923,603,4,5.570375442504883
923,272,5,5.376921653747559
923,694,6,4.684882640838623
923,203,7,4.8798089027404785
923,657,8,5.36005163192749
923,219,9,4.965573310852051
923,521,10,5.0396504402160645
924,157,1,3.813051223754883
924,850,2,4.207040786743164
924,393,3,4.100002288818359
924,525,4,4.772579669952393
924,194,5,4.782196521759033
924,615,6,4.198678016662598
924,492,7,4.337436199188232
924,657,8,4.563207626342773
924,143,9,4.345281600952148
924,1523,10,4.112602233886719
925,1142,1,3.9324657917022705
925,487,2,3.9324018955230713
925,467,3,4.257298469543457
925,190,4,4.242579460144043
925,603,5,4.571519374847412
925,488,6,4.168763637542725
925,963,7,4.570775508880615
925,99,8,3.974609613418579
925,11,9,4.238665580749512
925,82,10,4.36436128616333
926,169,1,4.21561861038208
926,42,2,4.638614654541016
926,963,3,4.315072536468506
926,1137,4,4.550957679748535
926,611,5,4.055315017700195
926,653,6,4.053709506988525
926,474,7,4.541296482086182
926,427,8,4.172218322753906
926,479,9,4.45582914352417
926,705,10,4.258683204650879
927,1046,1,3.9849061965942383
927,990,2,4.542945861816406
927,1011,3,4.0313262939453125
927,115,4,4.08079195022583
927,12,5,5.388326644897461
927,64,6,4.923125267028809
927,316,7,4.922176361083984
927,1166,8,4.191676616668701
927,177,9,4.6020307540893555
927,408,10,4.577219486236572
928,427,1,5.659148693084717
928,1084,2,4.800039768218994
928,1194,3,5.51540470123291
928,210,4,5.418642997741699
928,1073,5,4.835240840911865
928,189,6,5.012786865234375
928,661,7,4.824435234069824
928,100,8,4.909728050231934
928,208,9,5.136316776275635
928,694,10,4.944192886352539
929,1585,1,3.6540441513061523
929,1449,2,4.7354888916015625
929,171,3,4.188563346862793
929,511,4,3.8840551376342773
929,603,5,4.185457229614258
929,1159,6,4.152463912963867
929,663,7,4.395597457885742
929,922,8,4.317983150482178
929,114,9,4.3008317947387695
929,675,10,4.209189414978027
930,1512,1,4.567816257476807
930,513,2,4.542397499084473
930,319,3,4.048535346984863
930,491,4,3.8625802993774414
930,1561,5,3.5483105182647705
930,265,6,4.004271030426025
930,272,7,4.521180152893066
930,194,8,3.9883036613464355
930,470,9,3.9825894832611084
930,168,10,4.163148880004883
931,11,1,4.838139533996582
931,470,2,3.9602150917053223
931,1194,3,4.549243450164795
931,638,4,4.050261497497559
931,251,5,4.174417972564697
931,513,6,4.446473121643066
931,493,7,3.6767079830169678
931,724,8,3.9361608028411865
931,813,9,4.312995433807373
931,510,10,4.106629371643066
932,1136,1,4.4617438316345215
932,132,2,4.457975387573242
932,50,3,5.004347801208496
932,1409,4,4.155472755432129
932,694,5,5.051975727081299
932,533,6,4.18837833404541
932,463,7,4.579327583312988
932,604,8,4.781369209289551
932,1142,9,4.262843608856201
932,273,10,4.4020094871521
934,187,1,4.032284736633301
934,1159,2,4.493444919586182
934,857,3,4.225630760192871
934,445,4,4.03211784362793
934,125,5,5.162367820739746
934,91,6,4.811154365539551
934,166,7,4.487530708312988
934,79,8,4.45557165145874
934,480,9,4.448840618133545
934,1451,10,4.668202877044678
935,425,1,4.005505561828613
935,750,2,4.923223972320557
935,12,3,4.883871078491211
935,22,4,4.827893257141113
935,234,5,4.089303016662598
935,484,6,4.134932518005371
935,603,7,4.46003532409668
935,318,8,4.734588623046875
935,151,9,4.718905925750732
935,203,10,4.5349955558776855
936,179,1,5.2714762687683105
936,510,2,4.56632661819458
936,1367,3,4.791626930236816
936,197,4,5.168342113494873
936,156,5,4.786048412322998
936,59,6,4.555041313171387
936,853,7,4.329990386962891
936,479,8,5.035744667053223
936,234,9,4.976018905639648
936,1128,10,4.295570373535156
937,315,1,4.729694366455078
937,582,2,4.712348937988281
937,975,3,4.255792617797852
937,519,4,4.0183024406433105
937,657,5,4.536077976226807
937,318,6,4.5549540519714355
937,1641,7,3.634078025817871
937,1005,8,4.262125492095947
937,223,9,4.5129899978637695
937,133,10,4.509520530700684
938,1643,1,4.168910980224609
938,501,2,5.242891311645508
938,853,3,3.9577271938323975
938,709,4,4.113378047943115
938,484,5,5.132692813873291
938,975,6,3.952327251434326
938,1142,7,4.226736545562744
938,511,8,4.107336044311523
938,434,9,4.393377780914307
938,28,10,4.389358043670654
939,607,1,4.7317423820495605
939,199,2,5.936104774475098
939,1449,3,5.028461456298828
939,513,4,5.574902534484863
939,661,5,5.573891639709473
939,813,6,4.8793044090271
939,1154,7,4.729269981384277
939,604,8,5.136287689208984
939,514,9,5.134851455688477
939,200,10,4.7625532150268555
940,178,1,4.206600189208984
940,211,2,4.633756160736084
940,1201,3,3.6149637699127197
940,198,4,4.160686492919922
940,603,5,4.465384483337402
940,879,6,3.831231117248535
940,197,7,4.455945014953613
940,403,8,3.9948313236236572
940,169,9,4.458060264587402
940,79,10,4.28836727142334
941,1159,1,4.4449310302734375
941,747,2,4.205987930297852
941,474,3,4.340331077575684
941,427,4,4.807858943939209
941,285,5,4.793337821960449
941,654,6,4.536232948303223
941,194,7,4.535999298095703
941,71,8,4.413877964019775
941,520,9,4.767453670501709
941,615,10,4.254551410675049
942,129,1,5.210422515869141
942,93,2,4.253622055053711
942,432,3,5.050955772399902
942,588,4,5.042150497436523
942,1449,5,5.084221363067627
942,133,6,4.991722106933594
942,657,7,4.897575378417969
942,603,8,4.851184368133545
942,682,9,4.342790603637695
942,447,10,4.646756649017334
943,250,1,5.219850540161133
943,302,2,3.989126443862915
943,634,3,4.270089626312256
943,1612,4,4.055452346801758
943,530,5,4.798800945281982
943,1159,6,4.447299003601074
943,190,7,4.664571762084961
943,178,8,4.040580749511719
943,102,9,4.080381393432617
943,1007,10,4.521764278411865
