user_id,item_id,rank,pred_rating
1,865,1,4.336974143981934
1,443,2,4.563153266906738
1,302,3,5.3057684898376465
1,498,4,4.561578750610352
1,615,5,4.342461585998535
1,657,6,4.97519588470459
1,1524,7,4.3416571617126465
1,1007,8,4.239213466644287
1,889,9,3.90942645072937
1,222,10,4.686054229736328
2,519,1,4.189100742340088
2,1629,2,3.78957462310791
2,484,3,4.1464385986328125
2,423,4,4.184634208679199
2,419,5,3.8861076831817627
2,164,6,3.8027353286743164
2,811,7,3.750086784362793
2,189,8,4.461645126342773
2,953,9,4.10837459564209
2,480,10,4.1844987869262695
3,179,1,3.412533760070801
3,657,2,3.795142889022827
3,399,3,3.249295234680176
3,198,4,3.136887788772583
3,478,5,3.4951024055480957
3,275,6,3.190429210662842
3,183,7,3.100003957748413
3,153,8,3.3739075660705566
3,177,9,3.559927463531494
3,178,10,3.573732852935791
4,178,1,5.24725341796875
4,165,2,4.990296363830566
4,50,3,5.041310787200928
4,1670,4,4.607876300811768
4,433,5,4.798190593719482
4,200,6,4.663440704345703
4,657,7,5.214172840118408
4,507,8,4.862465858459473
4,482,9,5.250922203063965
4,602,10,5.224146842956543
5,750,1,4.419558525085449
5,474,2,4.55888557434082
5,648,3,4.650396347045898
5,61,4,4.421159744262695
5,660,5,4.507026195526123
5,1124,6,4.028397560119629
5,1019,7,4.124776363372803
5,615,8,4.232138633728027
5,242,9,3.84580397605896
5,530,10,4.509093284606934
6,443,1,4.496711730957031
6,647,2,4.5145063400268555
6,694,3,4.1665520668029785
6,835,4,4.239404201507568
6,1070,5,3.89982533454895
6,186,6,3.790700912475586
6,114,7,4.004425525665283
6,1362,8,3.808932304382324
6,1201,9,3.587146282196045
6,916,10,3.5666446685791016
7,1216,1,4.063907146453857
7,347,2,5.228699684143066
7,1243,3,4.207766056060791
7,302,4,4.81264591217041
7,1400,5,4.3941731452941895
7,114,6,4.387986183166504
7,945,7,4.557846546173096
7,185,8,4.871572971343994
7,500,9,4.5825114250183105
7,1007,10,4.395688533782959
8,151,1,4.171168804168701
8,234,2,4.917070388793945
8,656,3,4.075497150421143
8,221,4,4.205747127532959
8,114,5,4.647914886474609
8,639,6,4.022130489349365
8,211,7,4.579938888549805
8,474,8,4.888520240783691
8,169,9,5.396231651306152
8,498,10,4.520665168762207
9,1073,1,4.316406726837158
9,257,2,4.122922897338867
9,513,3,4.506333351135254
9,1589,4,3.990079879760742
9,478,5,4.155742168426514
9,48,6,3.842499256134033
9,528,7,4.289485931396484
9,1523,8,3.8667728900909424
9,484,9,4.450113773345947
9,694,10,3.9561874866485596
10,448,1,4.213823318481445
10,313,2,5.072029113769531
10,115,3,4.377630710601807
10,132,4,4.919808387756348
10,177,5,4.129725933074951
10,163,6,4.171938896179199
10,1084,7,4.314225673675537
10,126,8,4.554046154022217
10,684,9,4.697783470153809
10,213,10,4.590367794036865
11,963,1,4.773994445800781
11,189,2,4.855263710021973
11,478,3,4.1671319007873535
11,27,4,3.785980701446533
11,533,5,3.7608163356781006
11,269,6,4.35326623916626
11,1159,7,4.116274833679199
11,638,8,4.338274955749512
11,850,9,4.056576251983643
11,149,10,4.017399787902832
12,961,1,4.173367500305176
12,519,2,4.571437358856201
12,747,3,4.479794502258301
12,194,4,4.574814319610596
12,233,5,4.584156036376953
12,60,6,4.892117023468018
12,1,7,5.268036365509033
12,505,8,4.173338413238525
12,190,9,4.179797649383545
12,850,10,4.269650936126709
13,1147,1,4.078287124633789
13,466,2,3.885965585708618
13,169,3,3.695359230041504
13,141,4,3.5892090797424316
13,1512,5,4.007900238037109
13,1190,6,3.4761295318603516
13,521,7,3.874422550201416
13,694,8,4.376437664031982
13,102,9,3.6971681118011475
13,1154,10,3.7969539165496826
14,115,1,4.754117012023926
14,55,2,5.392187118530273
14,1159,3,4.222322940826416
14,249,4,4.65200138092041
14,896,5,4.777735710144043
14,171,6,5.39224100112915
14,177,7,4.891147136688232
14,420,8,4.393035888671875
14,318,9,4.134092330932617
14,257,10,4.222616195678711
15,1286,1,3.6761634349823
15,493,2,4.353358268737793
15,656,3,4.2062482833862305
15,208,4,4.444011688232422
15,631,5,3.911562919616699
15,1512,6,3.4185075759887695
15,648,7,4.676779270172119
15,189,8,4.604997158050537
15,485,9,3.523149251937866
15,589,10,3.9833686351776123
16,611,1,4.664999961853027
16,510,2,4.985561370849609
16,1278,3,4.3906378746032715
16,903,4,4.396494388580322
16,425,5,4.6767096519470215
16,119,6,4.887761116027832
16,879,7,4.683870315551758
16,520,8,5.408869743347168
16,519,9,4.808356285095215
16,888,10,4.481732368469238
17,79,1,4.0112690925598145
17,127,2,4.190692901611328
17,344,3,3.613894462585449
17,655,4,3.7277867794036865
17,190,5,4.079240322113037
17,169,6,3.723008871078491
17,1367,7,3.543177604675293
17,657,8,3.968346118927002
17,922,9,3.754157066345215
17,432,10,3.768946886062622
18,589,1,4.437427043914795
18,1017,2,4.158109664916992
18,96,3,3.8829455375671387
18,399,4,4.133009433746338
18,1131,5,4.477254390716553
18,155,6,4.190969944000244
18,320,7,4.23989725112915
18,447,8,3.8208887577056885
18,251,9,4.860867023468018
18,315,10,4.458810806274414
19,1007,1,4.2574143409729
19,589,2,4.244665622711182
19,511,3,4.4563517570495605
19,408,4,4.337115287780762
19,657,5,3.9651408195495605
19,445,6,3.9228627681732178
19,493,7,4.3724589347839355
19,211,8,4.101327896118164
19,1129,9,3.8675971031188965
19,474,10,4.437225341796875
20,134,1,4.1640729904174805
20,430,2,3.908957004547119
20,488,3,3.965872287750244
20,528,4,3.7698872089385986
20,489,5,3.5581066608428955
20,307,6,4.230563163757324
20,478,7,4.296701431274414
20,903,8,3.5121378898620605
20,114,9,4.055475234985352
20,169,10,4.144879341125488
21,812,1,3.683654308319092
21,168,2,4.299549102783203
21,1187,3,4.031927108764648
21,515,4,4.898309230804443
21,633,5,3.628380298614502
21,132,6,4.060154438018799
21,13,7,3.6007816791534424
21,276,8,4.588333606719971
21,511,9,4.037154197692871
21,661,10,3.772568464279175
22,611,1,4.4109883308410645
22,135,2,4.123666763305664
22,408,3,5.05838680267334
22,615,4,4.610509872436523
22,318,5,4.591557502746582
22,966,6,3.957179546356201
22,1084,7,4.114538192749023
22,12,8,5.348989963531494
22,603,9,4.894375801086426
22,1201,10,4.383017539978027
23,491,1,4.621305465698242
23,466,2,3.9046661853790283
23,190,3,4.555670738220215
23,1019,4,4.459782123565674
23,604,5,4.061560153961182
23,645,6,3.953359365463257
23,16,7,3.9225006103515625
23,488,8,4.514542102813721
23,282,9,3.8811285495758057
23,1203,10,4.5858049392700195
24,663,1,5.097956657409668
24,661,2,4.2102532386779785
24,84,3,4.170467376708984
24,57,4,4.928916931152344
24,1065,5,4.202497482299805
24,513,6,5.0036211013793945
24,131,7,4.644072532653809
24,160,8,4.256577491760254
24,519,9,4.4881157875061035
24,694,10,4.636991500854492
25,603,1,4.398133277893066
25,533,2,3.8790459632873535
25,648,3,4.144458293914795
25,89,4,4.335555553436279
25,272,5,4.617105960845947
25,431,6,4.2224555015563965
25,530,7,4.351357460021973
25,75,8,3.949045419692993
25,83,9,4.6080145835876465
25,96,10,4.267337322235107
26,705,1,3.8169074058532715
26,853,2,3.905933141708374
26,603,3,4.158067226409912
26,568,4,3.7329938411712646
26,202,5,3.749417304992676
26,1131,6,3.337712049484253
26,837,7,3.758739471435547
26,50,8,4.070588111877441
26,1159,9,3.544616460800171
26,642,10,3.4642739295959473
27,313,1,4.0250630378723145
27,479,2,4.1109089851379395
27,228,3,3.521606922149658
27,648,4,3.696101665496826
27,300,5,3.864762544631958
27,143,6,3.6014316082000732
27,513,7,4.150087356567383
27,1367,8,3.606112241744995
27,116,9,4.113984107971191
27,660,10,3.68837308883667
28,474,1,4.194591999053955
28,530,2,4.160299301147461
28,156,3,4.600070476531982
28,119,4,4.234872341156006
28,190,5,4.496123313903809
28,178,6,4.577447891235352
28,451,7,4.00047492980957
28,191,8,3.956948757171631
28,171,9,4.302717208862305
28,1500,10,4.094110488891602
29,429,1,4.308337688446045
29,114,2,4.777433395385742
29,170,3,4.426875591278076
29,489,4,4.266155242919922
29,966,5,4.291470527648926
29,484,6,4.4626617431640625
29,584,7,4.277601718902588
29,174,8,4.066530227661133
29,463,9,4.335508346557617
29,156,10,4.702497482299805
30,178,1,4.935290336608887
30,1,2,4.903681755065918
30,611,3,4.117586612701416
30,922,4,3.9998910427093506
30,813,5,4.428371429443359
30,186,6,4.2207441329956055
30,1159,7,4.155861854553223
30,109,8,3.9281935691833496
30,519,9,4.48742151260376
30,1233,10,4.212777137756348
31,185,1,3.9893252849578857
31,611,2,4.315723896026611
31,538,3,3.822633743286133
31,1070,4,3.986729383468628
31,916,5,4.038058280944824
31,223,6,4.260880947113037
31,659,7,4.4385199546813965
31,813,8,4.2974982261657715
31,1523,9,4.000396251678467
31,205,10,4.488629341125488
32,131,1,4.012237548828125
32,589,2,3.674994945526123
32,478,3,3.7176601886749268
32,219,4,3.6073732376098633
32,127,5,4.449703693389893
32,1131,6,4.173089027404785
32,603,7,4.686890125274658
32,519,8,4.077876091003418
32,1143,9,3.986952781677246
32,178,10,4.375984191894531
33,174,1,4.61885404586792
33,12,2,4.463901042938232
33,513,3,4.430531024932861
33,187,4,4.286448001861572
33,432,5,4.085459232330322
33,498,6,4.304172039031982
33,1396,7,4.0612568855285645
33,166,8,4.1805033683776855
33,495,9,4.0665812492370605
33,169,10,4.4141340255737305
34,114,1,4.45054817199707
34,514,2,4.628344535827637
34,919,3,4.1811394691467285
34,1142,4,4.474078178405762
34,1154,5,4.219737529754639
34,675,6,4.120201587677002
34,489,7,4.728745460510254
34,408,8,4.910112380981445
34,515,9,4.636265754699707
34,131,10,4.819181442260742
35,657,1,4.404029369354248
35,805,2,4.156102657318115
35,1194,3,4.016724586486816
35,1612,4,3.873652458190918
35,855,5,4.133361339569092
35,1500,6,4.1057281494140625
35,520,7,4.4463114738464355
35,71,8,4.402316570281982
35,215,9,4.3517866134643555
35,480,10,4.116014003753662
36,174,1,4.743870258331299
36,317,2,4.120573997497559
36,119,3,4.513725280761719
36,494,4,4.120288372039795
36,900,5,4.268824577331543
36,853,6,4.098482131958008
36,198,7,4.146490097045898
36,661,8,4.119373798370361
36,501,9,4.349218368530273
36,805,10,4.141845226287842
37,8,1,4.810053825378418
37,499,2,4.235126972198486
37,181,3,4.684078216552734
37,615,4,4.383896350860596
37,694,5,4.136955738067627
37,1119,6,4.359243869781494
37,169,7,5.313345909118652
37,127,8,4.870725631713867
37,1367,9,4.258085250854492
37,919,10,4.031871795654297
38,87,1,4.391435146331787
38,904,2,5.058362007141113
38,333,3,5.352163791656494
38,320,4,4.486643314361572
38,1153,5,4.8169708251953125
38,622,6,4.659725189208984
38,1298,7,4.650487899780273
38,1164,8,4.320181369781494
38,753,9,5.826146125793457
38,242,10,5.343660354614258
39,117,1,3.6919469833374023
39,1007,2,4.172909736633301
39,493,3,4.0053510665893555
39,1159,4,4.034519195556641
39,114,5,4.40215539932251
39,889,6,3.7433934211730957
39,378,7,3.8640389442443848
39,12,8,4.200517654418945
39,483,9,4.193102836608887
39,1154,10,3.7201006412506104
40,111,1,3.567521333694458
40,1007,2,3.909879207611084
40,432,3,4.601117134094238
40,187,4,4.242941856384277
40,1,5,3.7717831134796143
40,504,6,3.8513050079345703
40,98,7,4.441887855529785
40,174,8,4.131777763366699
40,423,9,4.166306495666504
40,445,10,3.5088963508605957
41,1462,1,3.709890842437744
41,484,2,4.536362171173096
41,241,3,3.8447906970977783
41,443,4,3.9611215591430664
41,483,5,4.703886985778809
41,1240,6,4.196071147918701
41,251,7,4.1732988357543945
41,657,8,4.000931739807129
41,588,9,3.9884698390960693
41,963,10,4.142519950866699
42,663,1,5.118062973022461
42,1522,2,3.8067471981048584
42,520,3,5.141758441925049
42,1143,4,3.980430841445923
42,1451,5,4.604496002197266
42,1547,6,3.872095823287964
42,527,7,4.518774032592773
42,853,8,3.9923832416534424
42,190,9,4.662916660308838
42,22,10,5.624142646789551
43,615,1,3.9796206951141357
43,1142,2,4.2342529296875
43,909,3,4.447651386260986
43,515,4,5.151045322418213
43,1147,5,4.366677761077881
43,505,6,4.412033557891846
43,24,7,3.989013195037842
43,477,8,5.11406135559082
43,621,9,4.043209075927734
43,611,10,4.238988876342773
44,134,1,4.361415863037109
44,919,2,4.24773645401001
44,850,3,4.255194187164307
44,853,4,4.480189323425293
44,4,5,4.327289581298828
44,648,6,4.514225006103516
44,1143,7,4.382770538330078
44,1467,8,4.139434337615967
44,408,9,4.62422513961792
44,1142,10,3.9099621772766113
45,179,1,4.194465637207031
45,316,2,5.048172473907471
45,530,3,4.903916358947754
45,1019,4,4.376213073730469
45,436,5,4.145249366760254
45,466,6,4.557892322540283
45,493,7,4.7074103355407715
45,97,8,4.739054203033447
45,1537,9,4.42294979095459
45,223,10,4.760089874267578
46,603,1,4.7597198486328125
46,478,2,4.254537105560303
46,519,3,4.188376426696777
46,640,4,4.037613391876221
46,480,5,4.764893531799316
46,275,6,4.480926990509033
46,466,7,4.288097381591797
46,205,8,4.592225551605225
46,134,9,4.678978443145752
46,432,10,4.42824649810791
47,922,1,4.344598293304443
47,12,2,5.024723529815674
47,663,3,4.298686504364014
47,1142,4,4.46309757232666
47,174,5,4.814350605010986
47,837,6,4.509213447570801
47,484,7,4.7890825271606445
47,1159,8,4.545374870300293
47,311,9,4.518489360809326
47,265,10,4.735970973968506
48,945,1,4.547563552856445
48,533,2,4.097636699676514
48,200,3,4.723837852478027
48,491,4,4.197307109832764
48,511,5,4.386811256408691
48,850,6,3.8352134227752686
48,1449,7,4.193143367767334
48,209,8,4.471166133880615
48,98,9,4.061070442199707
48,653,10,4.351374626159668
49,156,1,4.07701301574707
49,616,2,3.7769112586975098
49,135,3,3.7199318408966064
49,131,4,3.8116822242736816
49,427,5,4.099656581878662
49,1019,6,4.329894065856934
49,482,7,3.4551236629486084
49,114,8,4.533689498901367
49,654,9,4.468204498291016
49,1154,10,3.78641414642334
50,904,1,4.611159324645996
50,692,2,4.829360008239746
50,251,3,5.081056594848633
50,174,4,4.9327616691589355
50,484,5,5.18466329574585
50,191,6,4.866886615753174
50,1073,7,4.518711090087891
50,588,8,4.512166500091553
50,474,9,4.832547187805176
50,161,10,4.525632381439209
51,1302,1,3.728367328643799
51,701,2,3.801668405532837
51,1020,3,3.822392702102661
51,200,4,3.717184066772461
51,318,5,4.701808452606201
51,174,6,4.011572360992432
51,96,7,4.101245880126953
51,199,8,4.1495256423950195
51,538,9,3.823760509490967
51,520,10,3.983194351196289
52,50,1,4.91342830657959
52,185,2,4.609984874725342
52,850,3,4.6553497314453125
52,169,4,5.127204418182373
52,474,5,4.977353572845459
52,178,6,5.211653232574463
52,512,7,4.968587398529053
52,416,8,4.505621910095215
52,408,9,5.283637046813965
52,922,10,4.504809856414795
53,531,1,4.295232772827148
53,127,2,4.6885480880737305
53,963,3,4.520111083984375
53,173,4,4.519819259643555
53,603,5,4.7634196281433105
53,1142,6,4.5177459716796875
53,793,7,4.003224849700928
53,313,8,4.341783046722412
53,315,9,4.085214138031006
53,1463,10,3.9447126388549805
54,79,1,4.762008190155029
54,837,2,4.393711090087891
54,675,3,4.721828937530518
54,968,4,4.663510322570801
54,1367,5,4.354580402374268
54,1143,6,4.1838202476501465
54,1251,7,4.239184379577637
54,655,8,4.977845191955566
54,195,9,5.018673896789551
54,661,10,4.331503868103027
55,416,1,3.756977081298828
55,494,2,3.908555746078491
55,529,3,4.188409328460693
55,39,4,3.6696183681488037
55,511,5,3.5973892211914062
55,179,6,3.638683795928955
55,694,7,3.9009337425231934
55,1039,8,4.216676712036133
55,505,9,3.8141446113586426
55,474,10,3.9613232612609863
56,675,1,4.306515216827393
56,455,2,3.992431402206421
56,123,3,3.983767509460449
56,344,4,4.469926834106445
56,1600,5,3.969874382019043
56,12,6,5.035582542419434
56,177,7,4.367778778076172
56,479,8,4.554738998413086
56,48,9,4.245691776275635
56,482,10,4.569050312042236
57,647,1,4.38258171081543
57,493,2,4.3681254386901855
57,434,3,4.26762056350708
57,705,4,4.215378761291504
57,12,5,4.78321647644043
57,857,6,4.091461181640625
57,489,7,4.65498161315918
57,172,8,4.836487770080566
57,660,9,3.8625566959381104
57,498,10,4.505466461181641
58,207,1,4.914728164672852
58,1024,2,4.015598773956299
58,484,3,4.557497024536133
58,768,4,4.288969993591309
58,644,5,4.686971664428711
58,307,6,4.771219253540039
58,57,7,4.7956318855285645
58,729,8,4.16001558303833
58,359,9,4.233146667480469
58,1203,10,4.576831817626953
59,614,1,4.556868553161621
59,586,2,4.222445487976074
59,922,3,4.483323574066162
59,463,4,5.12709379196167
59,408,5,4.719123363494873
59,671,6,4.101916313171387
59,502,7,4.406074523925781
59,965,8,4.203421115875244
59,223,9,4.764982223510742
59,1612,10,3.948105812072754
60,1553,1,4.231815814971924
60,214,2,4.305584907531738
60,1194,3,4.607658386230469
60,156,4,4.773993492126465
60,48,5,4.848472595214844
60,1203,6,4.621118068695068
60,958,7,4.6493754386901855
60,262,8,4.403261661529541
60,596,9,4.0886006355285645
60,477,10,4.437641620635986
61,60,1,4.022392272949219
61,10,2,3.958385705947876
61,474,3,4.158186912536621
61,657,4,4.027011871337891
61,603,5,3.764735221862793
61,127,6,3.9367477893829346
61,242,7,3.5387113094329834
61,132,8,3.8368611335754395
61,12,9,4.241710662841797
61,835,10,3.6795172691345215
62,793,1,4.103850841522217
62,919,2,4.117384910583496
62,1148,3,3.788512706756592
62,79,4,4.458950996398926
62,656,5,3.8435826301574707
62,60,6,4.261240005493164
62,169,7,4.448598861694336
62,603,8,4.243659496307373
62,1482,9,3.7748301029205322
62,792,10,3.8637681007385254
63,1512,1,3.4794535636901855
63,513,2,4.066600799560547
63,604,3,4.458868503570557
63,1019,4,4.257561683654785
63,646,5,3.6215221881866455
63,179,6,4.55971097946167
63,241,7,3.7012691497802734
63,520,8,4.061398029327393
63,519,9,4.147526264190674
63,48,10,3.9629738330841064
64,649,1,3.9509377479553223
64,204,2,4.2128448486328125
64,654,3,4.35665225982666
64,611,4,3.6316659450531006
64,60,5,4.308056354522705
64,474,6,4.506156921386719
64,651,7,4.411215782165527
64,530,8,4.354783058166504
64,216,9,4.486519813537598
64,1500,10,4.249266147613525
65,272,1,4.790317535400391
65,1172,2,4.36122465133667
65,520,3,4.667234897613525
65,1459,4,4.152578353881836
65,484,5,4.279725551605225
65,445,6,4.086526870727539
65,98,7,4.49390172958374
65,919,8,4.562871932983398
65,285,9,4.683627128601074
65,344,10,4.331866264343262
66,210,1,4.5111002922058105
66,710,2,4.126981735229492
66,157,3,4.15135383605957
66,313,4,5.1912431716918945
66,1477,5,3.857044219970703
66,423,6,4.403079509735107
66,498,7,3.9642839431762695
66,1512,8,4.218561172485352
66,12,9,4.921932697296143
66,119,10,4.027385711669922
67,114,1,4.617598056793213
67,611,2,4.556623458862305
67,124,3,4.848556041717529
67,1448,4,4.316932201385498
67,178,5,4.829697608947754
67,922,6,4.48117208480835
67,513,7,4.279107570648193
67,174,8,4.701526641845703
67,494,9,4.508215427398682
67,173,10,4.781904220581055
68,204,1,4.522634029388428
68,143,2,4.50175142288208
68,887,3,4.128695964813232
68,1269,4,4.227662086486816
68,48,5,4.600364685058594
68,234,6,4.295806407928467
68,186,7,4.768154621124268
68,114,8,4.452154636383057
68,119,9,4.454976558685303
68,172,10,5.211336135864258
69,131,1,4.621566295623779
69,1084,2,4.069297790527344
69,408,3,4.652345657348633
69,135,4,4.794633865356445
69,478,5,4.172260284423828
69,251,6,4.3467912673950195
69,656,7,4.705376625061035
69,404,8,4.12674617767334
69,603,9,4.496082782745361
69,180,10,4.290394306182861
70,203,1,4.338642597198486
70,165,2,4.420485019683838
70,32,3,4.208576202392578
70,242,4,4.320720195770264
70,1585,5,3.9834184646606445
70,12,6,4.623234748840332
70,657,7,4.122584342956543
70,179,8,3.735678195953369
70,22,9,4.241438388824463
70,367,10,3.9528815746307373
71,505,1,3.8149421215057373
71,427,2,3.9526500701904297
71,659,3,4.0042829513549805
71,165,4,4.000993728637695
71,596,5,3.69972562789917
71,850,6,4.117090225219727
71,114,7,4.208460807800293
71,478,8,4.007308006286621
71,1131,9,4.251645565032959
71,205,10,3.838150978088379
72,727,1,4.248696327209473
72,1187,2,4.438880443572998
72,298,3,4.566403388977051
72,543,4,4.246068954467773
72,646,5,4.07790470123291
72,936,6,4.061880111694336
72,22,7,4.899526119232178
72,225,8,4.054959774017334
72,872,9,4.216448783874512
72,485,10,4.747626781463623
73,432,1,4.197771072387695
73,214,2,4.205368995666504
73,642,3,4.150008201599121
73,922,4,3.8981592655181885
73,177,5,4.3497419357299805
73,484,6,4.361233234405518
73,603,7,4.747988700866699
73,223,8,4.7024760246276855
73,718,9,4.383628845214844
73,498,10,4.010255336761475
74,56,1,4.350086212158203
74,320,2,4.358785152435303
74,1020,3,3.9716904163360596
74,435,4,4.516695976257324
74,603,5,4.783714771270752
74,316,6,4.78972053527832
74,633,7,4.4505438804626465
74,528,8,4.399928569793701
74,114,9,4.375674724578857
74,119,10,4.430335521697998
75,663,1,4.191086292266846
75,114,2,5.092865943908691
75,968,3,4.613735198974609
75,317,4,4.43352746963501
75,198,5,4.344655513763428
75,702,6,4.262927055358887
75,603,7,4.7319440841674805
75,646,8,4.20944881439209
75,484,9,4.450242042541504
75,923,10,4.127397060394287
77,169,1,4.983577251434326
77,408,2,4.83238410949707
77,482,3,4.175543785095215
77,119,4,3.9443166255950928
77,615,5,3.971700668334961
77,766,6,3.9634995460510254
77,694,7,4.740750789642334
77,533,8,3.8589987754821777
77,961,9,3.728717803955078
77,1388,10,3.785602331161499
78,1142,1,3.6664035320281982
78,694,2,4.202613353729248
78,194,3,3.8192005157470703
78,510,4,3.4350008964538574
78,168,5,3.895517349243164
78,646,6,3.662956476211548
78,657,7,4.002456188201904
78,853,8,3.79824161529541
78,528,9,3.7916460037231445
78,91,10,3.4914159774780273
79,1005,1,4.3625078201293945
79,718,2,4.852055072784424
79,201,3,4.3588433265686035
79,493,4,3.897779941558838
79,646,5,4.125944137573242
79,302,6,4.247321605682373
79,242,7,4.574097156524658
79,317,8,4.523407459259033
79,1142,9,4.318093776702881
79,11,10,4.785179138183594
80,127,1,4.039368152618408
80,318,2,4.020662307739258
80,634,3,3.7396795749664307
80,603,4,4.124569892883301
80,272,5,4.935351371765137
80,69,6,4.675876617431641
80,117,7,3.6596031188964844
80,210,8,4.060298919677734
80,99,9,3.771132469177246
80,202,10,3.9822895526885986
81,455,1,3.77384090423584
81,401,2,4.243982315063477
81,884,3,3.6490609645843506
81,732,4,3.6268460750579834
81,79,5,3.8510971069335938
81,420,6,3.592341899871826
81,215,7,3.767932653427124
81,628,8,3.8017656803131104
81,520,9,4.181597709655762
81,159,10,3.844670295715332
83,1153,1,4.210200309753418
83,954,2,4.099453449249268
83,1073,3,4.302109718322754
83,114,4,4.276773452758789
83,194,5,4.335707187652588
83,189,6,4.850821495056152
83,513,7,4.805966377258301
83,641,8,4.112637042999268
83,222,9,4.456109046936035
83,169,10,4.5709099769592285
84,485,1,4.10180139541626
84,513,2,4.596554279327393
84,963,3,4.716391563415527
84,197,4,4.611379146575928
84,420,5,4.266176223754883
84,603,6,4.917178630828857
84,59,7,4.40423059463501
84,320,8,4.419341564178467
84,176,9,4.5538506507873535
84,488,10,4.181704044342041
85,490,1,3.926607131958008
85,316,2,4.655473232269287
85,470,3,4.074555397033691
85,533,4,3.667987108230591
85,149,5,3.8503293991088867
85,811,6,3.7744102478027344
85,1142,7,4.027853012084961
85,969,8,4.020522594451904
85,968,9,3.730891704559326
85,607,10,4.239564418792725
86,813,1,4.062893390655518
86,174,2,3.8595383167266846
86,657,3,4.087107181549072
86,965,4,3.5544211864471436
86,615,5,3.9903907775878906
86,483,6,4.606410503387451
86,602,7,3.7011771202087402
86,1005,8,3.6985206604003906
86,520,9,3.8036866188049316
86,654,10,4.1168532371521
87,1080,1,4.156901836395264
87,1450,2,4.278502941131592
87,588,3,4.578895092010498
87,691,4,4.184690475463867
87,497,5,4.816211223602295
87,119,6,4.56148624420166
87,378,7,5.378168106079102
87,1511,8,4.530401229858398
87,402,9,4.500011920928955
87,92,10,4.403689861297607
88,173,1,3.9344289302825928
88,488,2,3.8871476650238037
88,474,3,4.11922025680542
88,639,4,3.726034641265869
88,316,5,4.355259418487549
88,114,6,4.433015823364258
88,513,7,3.9240541458129883
88,520,8,3.7648584842681885
88,811,9,3.65647554397583
88,1073,10,3.6814258098602295
89,1552,1,4.433413028717041
89,298,2,4.762363433837891
89,521,3,5.137627124786377
89,458,4,4.8891730308532715
89,434,5,4.963054656982422
89,813,6,5.288028240203857
89,48,7,4.910955429077148
89,174,8,5.129562854766846
89,588,9,5.028209686279297
89,513,10,5.3524041175842285
90,1154,1,4.754112720489502
90,1454,2,4.209242343902588
90,960,3,4.481751441955566
90,918,4,4.373657703399658
90,1012,5,4.713945388793945
90,119,6,4.853469371795654
90,968,7,4.669595718383789
90,770,8,4.572865009307861
90,93,9,5.248721122741699
90,1474,10,4.205532073974609
91,904,1,4.354922771453857
91,960,2,4.789500713348389
91,968,3,4.33250093460083
91,168,4,4.57839298248291
91,1573,5,4.012231349945068
91,1462,6,4.301270484924316
91,206,7,4.598018646240234
91,320,8,4.614557266235352
91,198,9,4.84955358505249
91,83,10,4.54609489440918
92,968,1,4.205272197723389
92,30,2,4.554244518280029
92,320,3,3.955838441848755
92,324,4,3.6773948669433594
92,1558,5,4.077065944671631
92,710,6,4.3493547439575195
92,654,7,4.363906383514404
92,1011,8,3.7972798347473145
92,447,9,3.9120359420776367
92,1386,10,3.9113411903381348
93,1405,1,4.364563941955566
93,170,2,4.267160892486572
93,603,3,5.069992542266846
93,318,4,4.877194881439209
93,483,5,4.9742751121521
93,203,6,4.528799057006836
93,119,7,4.422725200653076
93,143,8,4.060791015625
93,1098,9,4.500539302825928
93,1159,10,4.440896034240723
94,427,1,5.321627616882324
94,1629,2,4.038820743560791
94,954,3,4.115769386291504
94,836,4,4.103647232055664
94,613,5,4.436965465545654
94,1194,6,4.683446884155273
94,1643,7,4.320677757263184
94,661,8,4.788881301879883
94,511,9,4.811217308044434
94,488,10,4.396700859069824
95,12,1,4.396195888519287
95,1293,2,3.696392059326172
95,613,3,4.319223880767822
95,1523,4,3.857548236846924
95,1456,5,3.970673084259033
95,530,6,4.008177280426025
95,521,7,4.181421279907227
95,285,8,4.429828643798828
95,646,9,4.014474391937256
95,1459,10,3.940052032470703
96,902,1,4.353972911834717
96,292,2,4.509801864624023
96,185,3,5.1144585609436035
96,604,4,4.38884162902832
96,922,5,4.286228656768799
96,380,6,4.170071601867676
96,189,7,4.682660102844238
96,949,8,4.2284369468688965
96,143,9,4.436697959899902
96,1450,10,4.561988353729248
97,663,1,5.70876932144165
97,701,2,4.0544843673706055
97,156,3,4.213418006896973
97,229,4,3.9665818214416504
97,664,5,4.183505058288574
97,1540,6,3.9273948669433594
97,179,7,4.115475654602051
97,203,8,4.773626804351807
97,116,9,4.287988662719727
97,519,10,4.184765815734863
98,675,1,3.9470901489257812
98,273,2,4.215582370758057
98,223,3,4.545929908752441
98,611,4,4.5874433517456055
98,143,5,4.184954643249512
98,644,6,3.9152157306671143
98,853,7,4.022824764251709
98,175,8,4.244149208068848
98,638,9,4.069523811340332
98,813,10,3.971778154373169
99,966,1,4.131947040557861
99,360,2,3.9047412872314453
99,200,3,4.155399799346924
99,659,4,4.648876667022705
99,318,5,5.746230602264404
99,838,6,4.005753517150879
99,646,7,4.089779376983643
99,647,8,4.315463066101074
99,249,9,4.630466938018799
99,57,10,4.600897789001465
100,1129,1,3.5038199424743652
100,15,2,4.672418594360352
100,22,3,4.294083595275879
100,1451,4,3.458054542541504
100,946,5,3.366727828979492
100,853,6,3.778852939605713
100,429,7,3.988821506500244
100,96,8,4.396892070770264
100,189,9,3.531878709793091
100,248,10,3.7705442905426025
101,148,1,3.6496212482452393
101,115,2,3.2884459495544434
101,1367,3,3.4031848907470703
101,143,4,3.7146785259246826
101,470,5,3.6110758781433105
101,483,6,3.9786345958709717
101,98,7,4.0433855056762695
101,448,8,3.462791919708252
101,189,9,3.5917038917541504
101,186,10,3.7213847637176514
103,479,1,4.254483699798584
103,855,2,4.39663553237915
103,208,3,4.93331241607666
103,114,4,4.457016468048096
103,663,5,4.379788875579834
103,190,6,4.680922031402588
103,474,7,4.418735504150391
103,165,8,4.323053359985352
103,119,9,4.3651838302612305
103,236,10,4.432948112487793
104,186,1,3.6525754928588867
104,98,2,4.172914028167725
104,22,3,4.4413862228393555
104,470,4,3.280890464782715
104,603,5,3.2708520889282227
104,1405,6,3.195134162902832
104,436,7,3.158831834793091
104,705,8,3.298076629638672
104,483,9,4.542812824249268
104,168,10,3.425750494003296
105,753,1,4.3581976890563965
105,529,2,4.34283447265625
105,318,3,5.247722148895264
105,656,4,4.558835029602051
105,408,5,4.7085161209106445
105,648,6,4.511952877044678
105,50,7,4.967621803283691
105,483,8,4.7228546142578125
105,538,9,4.1502556800842285
105,520,10,4.518073558807373
106,198,1,4.411310195922852
106,99,2,4.296034336090088
106,1467,3,3.9691429138183594
106,320,4,4.478370189666748
106,251,5,4.382456302642822
106,501,6,3.8873462677001953
106,483,7,4.385993957519531
106,434,8,4.528446197509766
106,394,9,4.001443862915039
106,132,10,4.822177886962891
107,1064,1,3.888835906982422
107,315,2,4.041093349456787
107,483,3,4.449557304382324
107,1367,4,3.8908586502075195
107,435,5,3.9266974925994873
107,530,6,4.204821586608887
107,811,7,4.180911540985107
107,50,8,4.1742634773254395
107,1098,9,3.887991189956665
107,611,10,4.427118301391602
108,320,1,4.7834014892578125
108,1039,2,4.6705169677734375
108,584,3,4.103448867797852
108,671,4,4.684113025665283
108,491,5,4.177380561828613
108,1159,6,4.32526159286499
108,589,7,4.3254547119140625
108,208,8,4.108259677886963
108,513,9,4.733014106750488
108,524,10,4.536586284637451
109,805,1,4.0261993408203125
109,119,2,4.341217041015625
109,275,3,4.193023204803467
109,646,4,4.0052876472473145
109,114,5,3.998810052871704
109,313,6,5.223725318908691
109,663,7,3.600109577178955
109,701,8,3.98382568359375
109,682,9,4.253997802734375
109,691,10,3.709581136703491
110,1643,1,4.115814208984375
110,57,2,4.4637579917907715
110,443,3,4.211574077606201
110,850,4,3.698411226272583
110,1159,5,3.743190288543701
110,607,6,3.8916618824005127
110,71,7,4.16892671585083
110,793,8,3.6919026374816895
110,129,9,4.077460289001465
110,462,10,4.252127170562744
111,114,1,4.7224297523498535
111,19,2,4.511572360992432
111,219,3,4.222096920013428
111,520,4,4.36757755279541
111,493,5,4.591300964355469
111,179,6,4.8325958251953125
111,1451,7,4.120137691497803
111,306,8,4.155844688415527
111,487,9,4.128814697265625
111,512,10,4.87017822265625
112,487,1,4.448105812072754
112,1153,2,4.298120975494385
112,520,3,4.726038932800293
112,42,4,4.362049579620361
112,418,5,4.4369964599609375
112,394,6,4.286634922027588
112,1396,7,4.7741923332214355
112,248,8,4.59306526184082
112,1547,9,4.130620002746582
112,1131,10,4.430382251739502
113,1098,1,4.324137210845947
113,550,2,4.044000148773193
113,48,3,3.9506359100341797
113,11,4,3.6766974925994873
113,693,5,3.7979416847229004
113,181,6,4.919249057769775
113,1159,7,3.912811517715454
113,657,8,3.8170313835144043
113,169,9,4.736298084259033
113,747,10,3.9552664756774902
114,511,1,4.795624732971191
114,694,2,4.252187728881836
114,382,3,4.1199541091918945
114,644,4,4.110576152801514
114,638,5,4.083244323730469
114,528,6,4.262843132019043
114,1098,7,3.9350411891937256
114,421,8,3.8284151554107666
114,675,9,3.973053216934204
114,493,10,3.6865906715393066
115,844,1,4.266627311706543
115,64,2,4.742492198944092
115,179,3,5.616657733917236
115,520,4,4.4064249992370605
115,768,5,4.026909828186035
115,1166,6,4.434504508972168
115,1372,7,4.148900032043457
115,320,8,4.742373943328857
115,489,9,4.75760555267334
115,478,10,4.546567916870117
116,435,1,3.5215036869049072
116,528,2,4.540389060974121
116,79,3,3.5362000465393066
116,119,4,3.7103471755981445
116,1512,5,3.427204132080078
116,445,6,3.83392333984375
116,513,7,3.9068315029144287
116,69,8,4.349068641662598
116,64,9,3.558723211288452
116,945,10,4.268261909484863
117,208,1,4.876805782318115
117,191,2,4.455619812011719
117,963,3,4.772631645202637
117,189,4,5.060920715332031
117,1268,5,4.557618141174316
117,603,6,4.78284215927124
117,850,7,4.394220352172852
117,1405,8,4.621471881866455
117,1251,9,4.792702674865723
117,313,10,5.115359306335449
118,479,1,4.911202907562256
118,432,2,4.6260881423950195
118,89,3,5.0459513664245605
118,1368,4,5.017565727233887
118,269,5,4.950807571411133
118,187,6,5.248071670532227
118,203,7,4.704242706298828
118,272,8,5.056891441345215
118,181,9,4.797052383422852
118,1122,10,4.7629618644714355
119,477,1,5.081764221191406
119,233,2,4.693943023681641
119,293,3,4.386379241943359
119,657,4,5.496321678161621
119,531,5,4.78022575378418
119,410,6,4.447208404541016
119,513,7,5.354109764099121
119,119,8,4.785704135894775
119,30,9,4.732047080993652
119,267,10,4.392346382141113
120,143,1,4.257030010223389
120,958,2,4.614205360412598
120,443,3,4.262179374694824
120,60,4,4.700273036956787
120,48,5,4.542277812957764
120,1449,6,4.892144203186035
120,265,7,4.365219593048096
120,474,8,4.381824016571045
120,732,9,4.345540523529053
120,1098,10,4.4558234214782715
121,91,1,3.8675851821899414
121,166,2,4.229030132293701
121,854,3,4.439634323120117
121,45,4,4.308234691619873
121,589,5,4.310032844543457
121,855,6,4.034661293029785
121,52,7,4.508249282836914
121,169,8,4.447031497955322
121,1142,9,4.60282039642334
121,498,10,4.220672607421875
122,478,1,4.834840297698975
122,643,2,4.038982391357422
122,115,3,4.096521377563477
122,588,4,4.008223056793213
122,863,5,4.208930015563965
122,91,6,4.393149375915527
122,603,7,4.479936599731445
122,514,8,5.180627822875977
122,1139,9,4.249582290649414
122,507,10,5.473424911499023
123,853,1,3.9051601886749268
123,131,2,4.900232315063477
123,114,3,4.138838291168213
123,654,4,5.080020427703857
123,119,5,4.046567916870117
123,615,6,4.292624473571777
123,1201,7,4.061180591583252
123,61,8,4.4791364669799805
123,178,9,4.291378021240234
123,603,10,4.753884315490723
124,529,1,3.1939334869384766
124,524,2,3.780376434326172
124,1201,3,3.215463876724243
124,190,4,3.6913092136383057
124,316,5,3.685309648513794
124,709,6,3.9466917514801025
124,675,7,3.303760051727295
124,611,8,3.752143621444702
124,89,9,4.204648494720459
124,200,10,3.272979497909546
125,787,1,4.508437156677246
125,500,2,4.48090934753418
125,1501,3,3.806415319442749
125,178,4,4.3353657722473145
125,328,5,4.990303039550781
125,607,6,3.828867197036743
125,491,7,4.30417537689209
125,265,8,4.801279544830322
125,185,9,4.273895263671875
125,589,10,3.913971185684204
126,647,1,4.3960280418396
126,533,2,3.825161933898926
126,645,3,3.9891180992126465
126,183,4,3.863495349884033
126,543,5,4.080366134643555
126,511,6,3.786489248275757
126,1,7,3.9944911003112793
126,173,8,4.796039581298828
126,58,9,3.995205879211426
126,968,10,3.9274492263793945
127,525,1,4.173092365264893
127,211,2,4.968684196472168
127,169,3,4.283943176269531
127,66,4,4.829289436340332
127,493,5,4.66657829284668
127,71,6,4.699432373046875
127,1195,7,3.822040557861328
127,633,8,4.554494857788086
127,922,9,4.101341724395752
127,498,10,4.708010673522949
128,958,1,4.641895771026611
128,47,2,4.839295387268066
128,589,3,4.049870014190674
128,484,4,4.021011829376221
128,646,5,3.782633066177368
128,1331,6,3.799410343170166
128,604,7,4.075038433074951
128,1153,8,3.8880417346954346
128,241,9,4.200943470001221
128,607,10,5.098662853240967
130,1604,1,4.360264301300049
130,324,2,4.5795063972473145
130,451,3,4.635594844818115
130,320,4,4.776329517364502
130,663,5,5.041811943054199
130,1550,6,4.364804267883301
130,1531,7,4.556944847106934
130,1149,8,4.322126388549805
130,1505,9,4.577162265777588
130,916,10,5.153164863586426
131,945,1,3.9131929874420166
131,655,2,4.532918930053711
131,608,3,3.887275218963623
131,443,4,4.217877388000488
131,497,5,4.131414890289307
131,73,6,3.921761989593506
131,12,7,4.363930702209473
131,357,8,4.9546027183532715
131,171,9,3.882657527923584
131,474,10,3.952071189880371
132,1159,1,3.9517245292663574
132,443,2,3.538761615753174
132,9,3,3.529742956161499
132,316,4,4.367745399475098
132,661,5,4.197052001953125
132,320,6,3.8023831844329834
132,1064,7,3.7159676551818848
132,612,8,3.677055597305298
132,511,9,4.04807186126709
132,198,10,4.028862476348877
133,210,1,3.7159464359283447
133,427,2,4.325435638427734
133,408,3,4.313600540161133
133,634,4,3.8742871284484863
133,8,5,4.29351806640625
133,745,6,3.9833908081054688
133,479,7,4.196438789367676
133,1153,8,3.7183148860931396
133,169,9,4.449642181396484
133,265,10,4.138370037078857
134,1066,1,3.634430408477783
134,164,2,4.7312798500061035
134,588,3,3.8870701789855957
134,805,4,4.015273571014404
134,157,5,3.826160430908203
134,705,6,4.035571575164795
134,443,7,3.9108095169067383
134,61,8,4.343781471252441
134,615,9,4.106175422668457
134,429,10,4.324753284454346
135,512,1,4.203309535980225
135,357,2,4.5706682205200195
135,1515,3,3.9753262996673584
135,11,4,4.56913423538208
135,515,5,4.852983474731445
135,1020,6,4.045691967010498
135,493,7,4.098574638366699
135,624,8,3.9364397525787354
135,856,9,4.350283622741699
135,320,10,4.138068675994873
136,1064,1,4.619551181793213
136,519,2,4.723559856414795
136,474,3,4.989866256713867
136,89,4,4.89998722076416
136,1201,5,4.237589359283447
136,694,6,4.8578033447265625
136,172,7,4.614478588104248
136,171,8,5.001396656036377
136,479,9,4.626506805419922
136,182,10,4.24384069442749
137,474,1,4.964340686798096
137,657,2,5.368713855743408
137,173,3,5.298079967498779
137,180,4,4.80382776260376
137,811,5,4.803715229034424
137,60,6,5.308878421783447
137,945,7,4.7274580001831055
137,922,8,5.77221155166626
137,1589,9,4.97548246383667
137,200,10,4.693062782287598
138,220,1,4.240269660949707
138,707,2,4.121105194091797
138,443,3,4.419414520263672
138,611,4,4.58229923248291
138,432,5,4.370626449584961
138,1524,6,4.325412750244141
138,389,7,4.1676177978515625
138,971,8,4.049283981323242
138,474,9,4.679118633270264
138,491,10,4.418128967285156
139,114,1,4.390233516693115
139,435,2,4.245644569396973
139,705,3,4.574714660644531
139,419,4,4.2209954261779785
139,1019,5,4.467678546905518
139,171,6,3.975916624069214
139,513,7,4.608558654785156
139,493,8,4.169320106506348
139,185,9,4.323833465576172
139,606,10,4.487644672393799
140,968,1,3.9747884273529053
140,753,2,4.405447959899902
140,48,3,4.284399032592773
140,172,4,4.1166090965271
140,275,5,4.278593063354492
140,175,6,4.239319801330566
140,154,7,3.9793474674224854
140,12,8,4.721268177032471
140,923,9,4.492599010467529
140,694,10,4.447449684143066
141,1154,1,4.109695911407471
141,96,2,4.628531455993652
141,143,3,5.162822246551514
141,178,4,5.047658443450928
141,935,5,4.474519729614258
141,675,6,4.2506890296936035
141,608,7,4.161587238311768
141,520,8,4.659626007080078
141,603,9,4.433846473693848
141,341,10,4.155017852783203
142,203,1,4.359748840332031
142,248,2,4.544890403747559
142,1103,3,3.9942286014556885
142,50,4,5.089357376098633
142,89,5,4.300267696380615
142,1636,6,4.064881324768066
142,423,7,4.216001987457275
142,153,8,4.17225980758667
142,360,9,4.19390869140625
142,234,10,4.4786248207092285
143,98,1,4.500242233276367
143,99,2,4.2725090980529785
143,79,3,4.693676471710205
143,131,4,3.9572153091430664
143,661,5,4.0366530418396
143,479,6,4.2237548828125
143,198,7,4.23504638671875
143,645,8,4.0610504150390625
143,97,9,4.61616849899292
143,189,10,4.500763893127441
144,856,1,4.747489929199219
144,79,2,4.5187578201293945
144,199,3,4.729389190673828
144,850,4,4.137612342834473
144,1159,5,4.217687129974365
144,1501,6,4.102995872497559
144,1553,7,3.984121799468994
144,774,8,3.9413909912109375
144,498,9,4.6695709228515625
144,1537,10,4.2326130867004395
145,272,1,4.56868839263916
145,484,2,5.028398036956787
145,71,3,4.273042678833008
145,187,4,4.380743980407715
145,408,5,4.656539440155029
145,952,6,4.6566267013549805
145,1386,7,3.950173854827881
145,646,8,4.50706672668457
145,152,9,4.872497081756592
145,394,10,4.123363494873047
146,654,1,4.560163974761963
146,514,2,4.597976207733154
146,119,3,4.3053436279296875
146,694,4,4.347448825836182
146,203,5,4.305329322814941
146,176,6,4.201514720916748
146,268,7,4.061777591705322
146,169,8,4.324333190917969
146,811,9,4.296558856964111
146,963,10,4.482617378234863
147,173,1,4.964332103729248
147,165,2,4.863370418548584
147,119,3,4.683298110961914
147,79,4,4.823066711425781
147,497,5,4.314208984375
147,174,6,4.6712565422058105
147,607,7,4.696609020233154
147,511,8,4.680304527282715
147,1153,9,4.399982452392578
147,479,10,4.6473212242126465
148,475,1,4.8689165115356445
148,258,2,4.509493827819824
148,624,3,3.9865899085998535
148,302,4,4.770108222961426
148,530,5,4.878293514251709
148,644,6,4.145627021789551
148,22,7,4.166243076324463
148,208,8,4.090656757354736
148,1405,9,4.4199957847595215
148,53,10,4.972332954406738
150,520,1,4.289468765258789
150,1007,2,4.55653715133667
150,156,3,4.345644950866699
150,114,4,4.756490230560303
150,332,5,4.740771293640137
150,179,6,4.673478126525879
150,746,7,4.5887980461120605
150,267,8,4.151495456695557
150,611,9,4.675563335418701
150,735,10,4.250173568725586
151,518,1,4.014708042144775
151,1159,2,4.454562664031982
151,519,3,4.612303256988525
151,850,4,4.63046407699585
151,1362,5,4.040411472320557
151,1482,6,4.116449356079102
151,45,7,5.1238627433776855
151,1033,8,4.2037506103515625
151,601,9,4.114405632019043
151,607,10,4.526331424713135
152,313,1,5.820904731750488
152,648,2,5.108936309814453
152,408,3,5.173697471618652
152,887,4,4.461043834686279
152,474,5,5.105945587158203
152,805,6,4.665264129638672
152,197,7,5.191729545593262
152,427,8,4.518313884735107
152,1104,9,4.574411392211914
152,63,10,4.590865135192871
153,603,1,4.587997913360596
153,1203,2,4.120293140411377
153,166,3,4.154696941375732
153,302,4,4.630042552947998
153,173,5,4.390320777893066
153,511,6,3.7868404388427734
153,251,7,3.761502981185913
153,644,8,4.097620010375977
153,648,9,3.9737625122070312
153,675,10,3.8146886825561523
154,119,1,4.281013488769531
154,1064,2,3.825144052505493
154,177,3,4.4617509841918945
154,884,4,3.8069159984588623
154,176,5,4.5841593742370605
154,478,6,3.940230369567871
154,96,7,4.359153747558594
154,64,8,4.207057476043701
154,197,9,4.438810348510742
154,1159,10,3.9745328426361084
155,603,1,3.9474363327026367
155,425,2,3.4277710914611816
155,498,3,3.786588430404663
155,528,4,3.8423233032226562
155,99,5,3.5704634189605713
155,922,6,3.459193706512451
155,178,7,3.8666203022003174
155,52,8,3.877652168273926
155,480,9,4.118107795715332
155,589,10,4.0237717628479
156,79,1,4.127500057220459
156,661,2,4.515745639801025
156,156,3,4.179778099060059
156,185,4,4.660815238952637
156,1166,5,3.9196481704711914
156,501,6,3.8632516860961914
156,612,7,4.287285327911377
156,89,8,3.965956926345825
156,174,9,4.082573890686035
156,611,10,3.9657697677612305
157,483,1,5.13957405090332
157,1386,2,4.496425628662109
157,1264,3,4.32286262512207
157,207,4,4.836855411529541
157,525,5,4.5254950523376465
157,302,6,4.927038192749023
157,1142,7,4.431690216064453
157,114,8,5.1768622398376465
157,176,9,4.790141582489014
157,1101,10,4.782950401306152
158,1600,1,4.139512538909912
158,169,2,4.580558776855469
158,644,3,4.870028495788574
158,48,4,5.196340560913086
158,73,5,4.128767967224121
158,844,6,4.119302272796631
158,661,7,4.724630355834961
158,633,8,4.541129112243652
158,180,9,4.958705425262451
158,1604,10,4.1784210205078125
159,519,1,4.92598295211792
159,119,2,4.768190860748291
159,615,3,4.781445026397705
159,488,4,4.469401836395264
159,485,5,4.534067153930664
159,12,6,5.182439804077148
159,154,7,4.765446186065674
159,152,8,5.33090877532959
159,641,9,5.50172233581543
159,211,10,5.178494453430176
160,99,1,4.011171817779541
160,144,2,5.384092807769775
160,602,3,4.733508110046387
160,1585,4,4.1692986488342285
160,963,5,4.930478096008301
160,498,6,4.8978776931762695
160,493,7,4.368833065032959
160,97,8,4.458155155181885
160,1302,9,4.356562614440918
160,479,10,4.197402477264404
162,1594,1,4.1100592613220215
162,100,2,4.640580177307129
162,694,3,4.383719444274902
162,1169,4,4.541266441345215
162,644,5,4.800390243530273
162,663,6,4.262569427490234
162,520,7,4.222970008850098
162,60,8,4.831007480621338
162,194,9,4.315491676330566
162,200,10,4.412330627441406
163,166,1,3.932537078857422
163,480,2,4.142505645751953
163,515,3,4.27231502532959
163,856,4,4.112051486968994
163,513,5,4.2614216804504395
163,1293,6,3.6391639709472656
163,432,7,3.917891263961792
163,751,8,3.651890754699707
163,968,9,3.694611072540283
163,853,10,3.922440767288208
164,217,1,4.859491348266602
164,114,2,4.887502193450928
164,488,3,5.033785820007324
164,1218,4,4.4413347244262695
164,250,5,4.4854559898376465
164,863,6,4.764492988586426
164,12,7,4.866306304931641
164,963,8,4.917130470275879
164,318,9,5.035625457763672
164,589,10,4.526741027832031
165,316,1,4.778530120849609
165,119,2,4.612013339996338
165,428,3,4.0895490646362305
165,479,4,4.417341232299805
165,478,5,4.400371551513672
165,50,6,4.579257488250732
165,1167,7,4.2349958419799805
165,1293,8,4.213268280029297
165,1069,9,4.0679612159729
165,491,10,4.326014518737793
166,515,1,4.219809055328369
166,98,2,4.214675426483154
166,443,3,4.118535041809082
166,922,4,3.7193410396575928
166,483,5,4.295650005340576
166,613,6,3.8619537353515625
166,478,7,4.0028886795043945
166,269,8,3.8885631561279297
166,1019,9,4.038379192352295
166,633,10,3.9562859535217285
167,1007,1,3.8838918209075928
167,525,2,3.85317063331604
167,177,3,4.370116233825684
167,124,4,4.672496318817139
167,176,5,3.9151158332824707
167,966,6,3.6675963401794434
167,657,7,4.119828224182129
167,188,8,4.18018913269043
167,1386,9,3.9965217113494873
167,165,10,4.755847930908203
168,114,1,4.324525833129883
168,210,2,4.074704647064209
168,150,3,3.965527296066284
168,969,4,4.509842872619629
168,520,5,4.399399757385254
168,169,6,4.953559875488281
168,79,7,4.950022220611572
168,485,8,4.294279098510742
168,1214,9,3.919069290161133
168,98,10,5.0157880783081055
169,641,1,4.263300895690918
169,208,2,4.534626483917236
169,661,3,4.192197322845459
169,844,4,4.092501163482666
169,96,5,4.625316619873047
169,71,6,3.9288103580474854
169,187,7,4.838260650634766
169,83,8,4.429807186126709
169,1005,9,4.407159805297852
169,528,10,5.001260757446289
170,71,1,5.034389495849609
170,1153,2,4.66730260848999
170,604,3,5.245267868041992
170,215,4,4.625727653503418
170,12,5,4.998231410980225
170,1142,6,4.67537784576416
170,483,7,5.163949966430664
170,527,8,4.971688270568848
170,615,9,4.974558353424072
170,520,10,5.431514739990234
171,196,1,3.83302640914917
171,419,2,3.572751998901367
171,513,3,4.3862457275390625
171,889,4,3.5119547843933105
171,190,5,3.9049830436706543
171,318,6,4.145643711090088
171,498,7,3.9165256023406982
171,234,8,3.5611014366149902
171,50,9,4.348376274108887
171,169,10,4.344408988952637
172,12,1,4.1181111335754395
172,958,2,3.788439989089966
172,50,3,3.778144598007202
172,443,4,3.2161924839019775
172,1500,5,3.3776285648345947
172,265,6,3.7790415287017822
172,186,7,3.4642226696014404
172,98,8,4.323088645935059
172,511,9,3.7667243480682373
172,267,10,3.2505247592926025
173,589,1,4.70770263671875
173,519,2,4.856568813323975
173,656,3,4.973640441894531
173,1531,4,4.577591896057129
173,176,5,4.578884601593018
173,533,6,4.64005184173584
173,189,7,5.130247592926025
173,251,8,5.181145668029785
173,1194,9,5.1126708984375
173,114,10,4.86129903793335
174,943,1,4.663394927978516
174,79,2,4.947082996368408
174,631,3,4.6042609214782715
174,644,4,5.157793998718262
174,173,5,4.721795082092285
174,478,6,5.022431373596191
174,436,7,4.740548610687256
174,651,8,4.954934120178223
174,316,9,5.4833760261535645
174,114,10,5.29704475402832
175,181,1,5.010210037231445
175,1104,2,3.806375741958618
175,511,3,3.944053888320923
175,423,4,3.8583877086639404
175,219,5,3.9440221786499023
175,99,6,3.9199912548065186
175,434,7,3.9931447505950928
175,161,8,4.252715110778809
175,470,9,4.027559757232666
175,275,10,4.2371368408203125
176,114,1,4.290462970733643
176,191,2,4.593133926391602
176,484,3,4.447938442230225
176,447,4,4.206456661224365
176,488,5,4.188246726989746
176,315,6,4.555866241455078
176,174,7,4.397106647491455
176,1516,8,3.997556447982788
176,269,9,4.375665664672852
176,968,10,4.262057781219482
177,513,1,4.489274024963379
177,488,2,3.9993886947631836
177,420,3,3.9221134185791016
177,511,4,4.4948835372924805
177,793,5,4.2625298500061035
177,92,6,4.695376396179199
177,285,7,4.322636127471924
177,887,8,3.9350130558013916
177,1172,9,3.8339083194732666
177,177,10,4.008953094482422
178,813,1,3.8766093254089355
178,538,2,3.9122250080108643
178,524,3,3.8801329135894775
178,1159,4,4.298557758331299
178,1064,5,3.8107495307922363
178,1405,6,4.111827373504639
178,466,7,4.356753826141357
178,205,8,4.770880699157715
178,251,9,4.478035926818848
178,1342,10,3.9000306129455566
179,211,1,4.0687384605407715
179,200,2,3.8252389430999756
179,288,3,4.114531993865967
179,1098,4,4.234737396240234
179,494,5,4.634658336639404
179,48,6,4.415499687194824
179,504,7,4.284008502960205
179,114,8,4.25091552734375
179,12,9,4.57262659072876
179,1005,10,4.319581985473633
180,168,1,4.818977355957031
180,183,2,4.412802696228027
180,495,3,4.393918514251709
180,169,4,4.896556854248047
180,151,5,4.5907135009765625
180,1021,6,4.3260698318481445
180,419,7,4.032364845275879
180,595,8,4.54586124420166
180,1142,9,4.958510875701904
180,483,10,4.293378829956055
181,99,1,2.18890118598938
181,1285,2,2.1929495334625244
181,1101,3,2.8544955253601074
181,208,4,2.955409049987793
181,371,5,2.2239913940429688
181,265,6,2.8957104682922363
181,50,7,2.540182590484619
181,520,8,2.743574857711792
181,1131,9,2.2171413898468018
181,48,10,2.1486995220184326
182,317,1,4.408958435058594
182,673,2,4.367256164550781
182,1220,3,4.15926456451416
182,99,4,4.009964942932129
182,919,5,4.1765851974487305
182,114,6,4.362007141113281
182,194,7,4.693477630615234
182,22,8,4.645534038543701
182,513,9,4.547908782958984
182,250,10,4.289384841918945
183,479,1,3.8842451572418213
183,48,2,4.189988136291504
183,646,3,3.624696731567383
183,276,4,4.141284942626953
183,185,5,3.802424907684326
183,922,6,4.302149772644043
183,262,7,3.862704038619995
183,169,8,3.776885986328125
183,647,9,4.521331787109375
183,656,10,3.99277400970459
184,83,1,4.623998641967773
184,1143,2,4.072883129119873
184,199,3,4.466623306274414
184,525,4,4.261036396026611
184,1154,5,3.9060707092285156
184,427,6,4.490550518035889
184,1367,7,4.096306800842285
184,357,8,4.464785099029541
184,1187,9,3.781193733215332
184,474,10,4.1528801918029785
185,119,1,4.356834411621094
185,835,2,4.0111894607543945
185,657,3,4.503117084503174
185,492,4,4.499839782714844
185,101,5,4.016915798187256
185,1428,6,4.130577564239502
185,435,7,4.062684535980225
185,479,8,4.295587539672852
185,175,9,4.091359615325928
185,516,10,4.675866603851318
186,185,1,5.056943893432617
186,1233,2,4.5242743492126465
186,189,3,4.696183681488037
186,496,4,5.107043266296387
186,73,5,4.343145370483398
186,198,6,4.094731330871582
186,836,7,4.563823223114014
186,701,8,4.428413391113281
186,96,9,4.40908145904541
186,251,10,4.249490261077881
187,463,1,4.654344081878662
187,1131,2,3.9681923389434814
187,485,3,4.381413459777832
187,507,4,4.207193374633789
187,1070,5,4.319888114929199
187,1269,6,4.444229602813721
187,176,7,4.561213493347168
187,127,8,4.642123222351074
187,219,9,4.1179656982421875
187,318,10,5.492366313934326
188,963,1,4.6127214431762695
188,216,2,4.649837970733643
188,479,3,4.106878280639648
188,500,4,4.01081657409668
188,1021,5,4.428118705749512
188,589,6,3.8994061946868896
188,425,7,4.1615376472473145
188,285,8,4.072596073150635
188,451,9,4.951979637145996
188,298,10,4.767120838165283
189,482,1,4.606301307678223
189,615,2,4.732099533081055
189,488,3,4.245200157165527
189,519,4,4.7147016525268555
189,48,5,4.378929138183594
189,1503,6,4.074850559234619
189,144,7,4.555373668670654
189,958,8,4.544429302215576
189,641,9,4.33640718460083
189,1298,10,4.245510101318359
190,694,1,4.721610069274902
190,50,2,4.842657089233398
190,119,3,4.231047630310059
190,176,4,4.515323162078857
190,1122,5,4.186028957366943
190,95,6,4.500603199005127
190,837,7,4.252111911773682
190,494,8,4.236495494842529
190,216,9,3.862792730331421
190,12,10,4.807178974151611
191,603,1,4.34239387512207
191,519,2,4.009795665740967
191,1302,3,4.05100679397583
191,921,4,4.158456802368164
191,98,5,4.500191688537598
191,156,6,4.258756637573242
191,318,7,4.508251190185547
191,645,8,4.043426990509033
191,661,9,3.9997713565826416
191,1142,10,4.17258882522583
192,694,1,4.321664810180664
192,174,2,4.165729999542236
192,86,3,3.9713335037231445
192,1159,4,4.0831298828125
192,641,5,3.94519305229187
192,922,6,3.985056161880493
192,420,7,4.001265048980713
192,428,8,3.9839112758636475
192,169,9,5.09406852722168
192,479,10,4.608064651489258
193,205,1,4.535427093505859
193,498,2,4.077469825744629
193,659,3,4.7229533195495605
193,125,4,3.8323230743408203
193,59,5,4.687411308288574
193,484,6,4.5723724365234375
193,543,7,4.13047981262207
193,613,8,4.330317497253418
193,519,9,4.418048858642578
193,922,10,4.516608238220215
194,656,1,3.366429090499878
194,244,2,3.391360282897949
194,1136,3,3.8154990673065186
194,694,4,3.4995150566101074
194,646,5,3.6983771324157715
194,924,6,3.3345727920532227
194,114,7,4.120207786560059
194,475,8,4.356487274169922
194,156,9,4.3352155685424805
194,919,10,4.747939109802246
195,193,1,4.114703178405762
195,12,2,4.330245018005371
195,210,3,4.542718410491943
195,216,4,4.5576324462890625
195,174,5,4.639410018920898
195,185,6,4.584524631500244
195,22,7,4.694380760192871
195,792,8,4.749457836151123
195,705,9,4.306007385253906
195,447,10,4.03397274017334
196,1154,1,4.000452995300293
196,582,2,4.574676513671875
196,316,3,4.569040298461914
196,1064,4,3.7303876876831055
196,661,5,4.4740214347839355
196,64,6,4.23344087600708
196,1203,7,4.4628705978393555
196,129,8,4.0219645500183105
196,675,9,4.117415904998779
196,1158,10,4.017042636871338
197,528,1,4.4303154945373535
197,1150,2,3.612940788269043
197,318,3,4.3494744300842285
197,1142,4,3.721442937850952
197,470,5,4.1103315353393555
197,945,6,4.410837173461914
197,616,7,3.952577829360962
197,144,8,4.758630275726318
197,485,9,3.820108413696289
197,151,10,4.249914169311523
198,134,1,4.4142961502075195
198,179,2,3.8973450660705566
198,466,3,3.466754913330078
198,954,4,3.585003614425659
198,226,5,3.639479637145996
198,844,6,3.4856314659118652
198,1020,7,3.6133222579956055
198,1123,8,3.3883039951324463
198,850,9,4.029925346374512
198,257,10,3.8919262886047363
199,169,1,4.371554851531982
199,134,2,4.1406049728393555
199,12,3,3.8090016841888428
199,850,4,4.09884786605835
199,1345,5,3.4368929862976074
199,656,6,3.7956295013427734
199,501,7,3.50754976272583
199,498,8,3.9749398231506348
199,493,9,3.5410447120666504
199,170,10,4.134147644042969
200,575,1,4.276646137237549
200,1394,2,4.292950630187988
200,480,3,5.311129570007324
200,165,4,4.916540622711182
200,268,5,5.169543266296387
200,657,6,4.533620357513428
200,653,7,4.371877193450928
200,498,8,4.874136447906494
200,1585,9,4.413975715637207
200,404,10,4.406853675842285
201,1604,1,3.3537180423736572
201,298,2,4.2170329093933105
201,474,3,4.40118932723999
201,491,4,3.3919849395751953
201,813,5,4.084283351898193
201,865,6,3.8880772590637207
201,805,7,3.4036672115325928
201,278,8,3.397040367126465
201,154,9,3.847970962524414
201,645,10,3.627547025680542
202,1523,1,3.3114054203033447
202,848,2,3.3533709049224854
202,483,3,4.178831577301025
202,56,4,4.115883827209473
202,632,5,3.8646254539489746
202,189,6,3.402283191680908
202,115,7,3.4451816082000732
202,298,8,3.2773494720458984
202,922,9,3.5663161277770996
202,302,10,3.8119945526123047
203,505,1,3.9350404739379883
203,705,2,4.325661659240723
203,969,3,4.802173614501953
203,234,4,4.628364562988281
203,22,5,4.957082748413086
203,193,6,4.452898025512695
203,197,7,4.058310508728027
203,1169,8,4.036226272583008
203,88,9,3.9590651988983154
203,177,10,3.8821654319763184
204,647,1,5.041471481323242
204,1428,2,3.733506917953491
204,48,3,3.94724440574646
204,238,4,4.4850053787231445
204,86,5,4.221070289611816
204,175,6,3.710831880569458
204,588,7,3.9547295570373535
204,173,8,3.7309865951538086
204,436,9,4.048144340515137
204,162,10,4.068310260772705
205,851,1,3.4635329246520996
205,42,2,3.9759764671325684
205,1142,3,4.055571556091309
205,922,4,3.925325632095337
205,484,5,3.9322690963745117
205,615,6,3.789156913757324
205,173,7,4.285440921783447
205,602,8,3.5040643215179443
205,651,9,3.6214098930358887
205,588,10,3.6098098754882812
206,1142,1,4.26054048538208
206,234,2,3.649261951446533
206,91,3,3.3679447174072266
206,180,4,3.731538772583008
206,474,5,3.207803726196289
206,111,6,3.642184019088745
206,586,7,3.170698404312134
206,357,8,4.172448635101318
206,499,9,3.8046276569366455
206,511,10,3.1615657806396484
207,936,1,3.7845983505249023
207,61,2,3.839808225631714
207,169,3,4.502652168273926
207,895,4,3.781710147857666
207,889,5,3.474292039871216
207,114,6,4.440702438354492
207,484,7,3.827871322631836
207,603,8,4.383706569671631
207,50,9,3.6084604263305664
207,1201,10,3.4280495643615723
208,633,1,4.491471767425537
208,71,2,4.598041534423828
208,999,3,3.8476977348327637
208,1064,4,4.091830253601074
208,111,5,4.087255477905273
208,493,6,3.6973788738250732
208,963,7,4.2087883949279785
208,1019,8,4.226609706878662
208,178,9,4.47797966003418
208,754,10,4.146637916564941
209,302,1,4.070845603942871
209,152,2,4.474291801452637
209,222,3,4.273897171020508
209,230,4,4.2410407066345215
209,936,5,4.302916526794434
209,320,6,3.919879674911499
209,64,7,4.2688493728637695
209,515,8,4.309690475463867
209,168,9,4.600515842437744
209,505,10,4.020900249481201
210,92,1,4.260690212249756
210,470,2,4.1768107414245605
210,850,3,4.463109016418457
210,214,4,4.169625282287598
210,1413,5,4.181553840637207
210,888,6,4.665163040161133
210,170,7,5.098672866821289
210,511,8,4.937263488769531
210,533,9,4.510477542877197
210,746,10,4.609842300415039
211,1483,1,4.146955490112305
211,136,2,4.262347221374512
211,466,3,4.062353134155273
211,12,4,4.309383392333984
211,194,5,4.611194610595703
211,657,6,4.087644577026367
211,1019,7,3.9586005210876465
211,593,8,3.6952133178710938
211,645,9,3.959186553955078
211,262,10,4.022434234619141
212,79,1,4.402120590209961
212,272,2,4.805920600891113
212,119,3,4.550926208496094
212,12,4,4.594192028045654
212,222,5,4.2330217361450195
212,484,6,4.2460784912109375
212,516,7,3.9026339054107666
212,385,8,4.01441764831543
212,922,9,3.9266366958618164
212,497,10,4.234911918640137
213,694,1,4.38541316986084
213,381,2,4.196998119354248
213,331,3,4.937233924865723
213,918,4,4.223392963409424
213,651,5,4.841348171234131
213,308,6,4.553623676300049
213,470,7,4.531085014343262
213,525,8,4.431034564971924
213,963,9,5.137521743774414
213,919,10,4.494104862213135
214,203,1,3.8388845920562744
214,32,2,3.797761917114258
214,495,3,3.9091787338256836
214,969,4,3.8081774711608887
214,1104,5,4.131413459777832
214,905,6,3.699462652206421
214,505,7,4.027970314025879
214,520,8,4.869048595428467
214,855,9,4.39087438583374
214,813,10,4.073836326599121
215,657,1,4.718856334686279
215,136,2,4.117125988006592
215,1639,3,3.6906518936157227
215,488,4,3.8505117893218994
215,497,5,4.184481620788574
215,513,6,4.643771171569824
215,1448,7,3.5651841163635254
215,1269,8,4.061803817749023
215,115,9,3.975844144821167
215,185,10,4.626947402954102
216,1154,1,4.075098037719727
216,945,2,4.1131463050842285
216,445,3,4.088697910308838
216,924,4,4.969437599182129
216,195,5,4.154419898986816
216,1598,6,3.8744587898254395
216,919,7,4.578320503234863
216,180,8,4.997666835784912
216,1142,9,4.594829559326172
216,525,10,4.325362205505371
217,1126,1,3.9771714210510254
217,346,2,4.562657356262207
217,1641,3,3.7484493255615234
217,603,4,3.8206958770751953
217,772,5,3.917351722717285
217,180,6,5.039763450622559
217,236,7,4.3269853591918945
217,916,8,3.6817073822021484
217,484,9,4.442880630493164
217,431,10,4.158310890197754
218,1251,1,4.111963272094727
218,344,2,4.825760364532471
218,256,3,3.702531576156616
218,588,4,3.696941614151001
218,589,5,4.2229413986206055
218,519,6,3.839608669281006
218,615,7,3.825011730194092
218,177,8,4.065853118896484
218,650,9,4.346756935119629
218,200,10,3.907583236694336
219,179,1,4.743241786956787
219,519,2,4.8128132820129395
219,22,3,4.487831115722656
219,905,4,4.681114673614502
219,644,5,4.777900695800781
219,609,6,4.599432945251465
219,166,7,4.548646450042725
219,70,8,4.9502034187316895
219,493,9,4.765974521636963
219,223,10,5.2914228439331055
220,588,1,4.581099033355713
220,483,2,4.555275917053223
220,603,3,4.995665550231934
220,644,4,4.334787845611572
220,837,5,4.617549896240234
220,251,6,4.832106590270996
220,661,7,4.5375847816467285
220,143,8,4.950937271118164
220,420,9,4.486414432525635
220,466,10,4.696155548095703
221,316,1,4.5712571144104
221,603,2,4.271370887756348
221,601,3,4.262496471405029
221,958,4,4.447731971740723
221,630,5,3.9191269874572754
221,1531,6,3.8373007774353027
221,200,7,3.9649219512939453
221,169,8,4.575177192687988
221,1302,9,4.18060827255249
221,119,10,3.984199047088623
222,251,1,4.540900230407715
222,1155,2,3.6699912548065186
222,474,3,3.509498357772827
222,189,4,3.9963135719299316
222,520,5,4.062076091766357
222,203,6,5.077918529510498
222,114,7,4.636729717254639
222,837,8,3.947307586669922
222,1372,9,3.6259427070617676
222,603,10,4.176736354827881
223,443,1,3.9407730102539062
223,465,2,3.9455912113189697
223,79,3,5.024988174438477
223,64,4,4.401766777038574
223,613,5,3.5720014572143555
223,607,6,3.766326665878296
223,172,7,3.7374868392944336
223,431,8,4.027923583984375
223,484,9,4.137241363525391
223,302,10,4.276928901672363
224,140,1,3.7803215980529785
224,1552,2,3.424255609512329
224,485,3,3.967909574508667
224,863,4,4.039649963378906
224,1,5,4.409360408782959
224,607,6,3.4638092517852783
224,538,7,3.7724170684814453
224,511,8,3.7893929481506348
224,661,9,3.901400327682495
224,320,10,4.117011070251465
225,187,1,4.726364612579346
225,661,2,4.359897136688232
225,82,3,4.392881870269775
225,50,4,4.862379550933838
225,12,5,4.748824119567871
225,68,6,4.389019012451172
225,813,7,4.317268371582031
225,169,8,4.706626892089844
225,178,9,4.779763221740723
225,516,10,4.820904731750488
226,1514,1,3.9467830657958984
226,511,2,4.139602184295654
226,486,3,3.8733510971069336
226,137,4,4.245724201202393
226,195,5,4.2166876792907715
226,549,6,4.165811538696289
226,448,7,3.921444892883301
226,538,8,4.110164165496826
226,248,9,3.873264789581299
226,114,10,5.040374279022217
227,190,1,4.8253021240234375
227,478,2,4.503322124481201
227,114,3,4.594254970550537
227,589,4,3.9649527072906494
227,516,5,4.289389610290527
227,498,6,3.9342408180236816
227,272,7,4.137638092041016
227,1073,8,4.145149230957031
227,603,9,4.500708103179932
227,645,10,4.325758457183838
228,385,1,3.7518088817596436
228,611,2,3.953535556793213
228,850,3,4.005865573883057
228,318,4,4.737941741943359
228,177,5,4.018189430236816
228,50,6,4.33231782913208
228,185,7,4.32984733581543
228,64,8,4.692513942718506
228,805,9,3.722874164581299
228,114,10,4.417695999145508
229,613,1,2.863008737564087
229,1121,2,2.8497071266174316
229,1019,3,3.0006909370422363
229,657,4,3.5580761432647705
229,525,5,3.1769211292266846
229,922,6,3.2316925525665283
229,318,7,3.5533411502838135
229,474,8,3.627295970916748
229,1449,9,3.12145733833313
229,178,10,3.5822982788085938
230,133,1,5.223022937774658
230,208,2,4.711993217468262
230,1039,3,3.976438283920288
230,333,4,4.674167633056641
230,1293,5,3.9800126552581787
230,252,6,4.030567646026611
230,26,7,4.139272689819336
230,318,8,5.034253120422363
230,313,9,4.8666181564331055
230,538,10,4.043209075927734
231,183,1,4.279092311859131
231,170,2,3.9468467235565186
231,208,3,4.085026264190674
231,192,4,3.9288406372070312
231,603,5,4.109490871429443
231,357,6,3.99884295463562
231,656,7,3.8612897396087646
231,114,8,3.9714460372924805
231,811,9,3.6489202976226807
231,502,10,3.568392038345337
232,463,1,4.398174285888672
232,593,2,3.902503728866577
232,156,3,4.7428975105285645
232,657,4,4.755413055419922
232,1203,5,4.163819789886475
232,179,6,4.3103346824646
232,12,7,4.714884281158447
232,1069,8,4.274926662445068
232,84,9,3.836840867996216
232,850,10,3.994004964828491
233,656,1,4.962612152099609
233,969,2,4.24393367767334
233,292,3,4.779240608215332
233,199,4,4.901540756225586
233,1459,5,4.168558120727539
233,493,6,5.1403703689575195
233,811,7,4.580624103546143
233,494,8,4.578876495361328
233,533,9,4.299764156341553
233,646,10,4.344241142272949
234,922,1,3.925318956375122
234,1142,2,4.001005172729492
234,269,3,3.8047754764556885
234,915,4,3.4830071926116943
234,344,5,3.7885243892669678
234,1131,6,3.5002007484436035
234,1243,7,3.0935781002044678
234,1102,8,3.085230588912964
234,51,9,3.5133860111236572
234,1293,10,3.389091730117798
235,525,1,4.316758155822754
235,132,2,4.693810939788818
235,966,3,4.267852783203125
235,499,4,4.03297233581543
235,610,5,3.942725419998169
235,1589,6,3.855375051498413
235,89,7,4.76424503326416
235,593,8,4.032601356506348
235,432,9,4.751800537109375
235,12,10,4.181186676025391
236,99,1,3.963099479675293
236,588,2,3.879265785217285
236,482,3,4.385926723480225
236,491,4,3.9167721271514893
236,23,5,4.671918869018555
236,606,6,4.175262451171875
236,268,7,4.64640998840332
236,1450,8,3.9934773445129395
236,11,9,4.912904739379883
236,447,10,4.155633449554443
237,645,1,4.017760276794434
237,51,2,4.394458770751953
237,432,3,4.5404253005981445
237,902,4,4.2341389656066895
237,747,5,3.8530402183532715
237,750,6,4.650118827819824
237,505,7,4.338561058044434
237,497,8,4.168067932128906
237,480,9,4.5735063552856445
237,653,10,4.349303245544434
238,203,1,4.448136329650879
238,268,2,3.918182611465454
238,89,3,4.0294623374938965
238,488,4,4.115824222564697
238,644,5,4.097289085388184
238,525,6,4.102734565734863
238,331,7,3.8613474369049072
238,1131,8,4.15042781829834
238,22,9,3.772334337234497
238,528,10,4.24673318862915
239,616,1,5.409847736358643
239,153,2,5.095767498016357
239,131,3,5.333358287811279
239,1362,4,4.182834625244141
239,657,5,4.589816570281982
239,197,6,5.0557708740234375
239,519,7,4.8926849365234375
239,506,8,4.775616645812988
239,236,9,4.179574489593506
239,1066,10,4.637263298034668
240,811,1,4.5051589012146
240,483,2,5.003451347351074
240,408,3,5.336410045623779
240,179,4,5.281609535217285
240,246,5,4.816760063171387
240,654,6,4.874541282653809
240,480,7,4.83717679977417
240,132,8,4.895256996154785
240,1523,9,4.377598285675049
240,498,10,4.93454647064209
241,134,1,4.451897621154785
241,588,2,4.404291152954102
241,195,3,3.778491497039795
241,320,4,4.391366004943848
241,508,5,4.1510210037231445
241,1367,6,4.100903034210205
241,430,7,4.16073751449585
241,500,8,4.130500793457031
241,48,9,4.844890594482422
241,95,10,4.258520126342773
242,210,1,4.383937835693359
242,427,2,4.423360824584961
242,847,3,3.863295316696167
242,1449,4,4.552947998046875
242,484,5,4.209371089935303
242,904,6,4.179939270019531
242,71,7,4.12969970703125
242,1131,8,4.0847625732421875
242,1039,9,4.177493572235107
242,607,10,4.321573257446289
243,399,1,3.6893787384033203
243,140,2,3.7285144329071045
243,408,3,4.54189395904541
243,657,4,4.121833801269531
243,512,5,4.129429817199707
243,258,6,4.006629943847656
243,198,7,4.731881618499756
243,217,8,3.6197643280029297
243,242,9,3.59441876411438
243,488,10,3.9146454334259033
244,360,1,4.512336254119873
244,671,2,4.361684322357178
244,850,3,4.5157856941223145
244,1011,4,3.959585428237915
244,1500,5,4.6278510093688965
244,518,6,4.91975736618042
244,170,7,4.439085483551025
244,134,8,5.046625137329102
244,589,9,4.482253551483154
244,956,10,4.402456283569336
245,98,1,4.221775531768799
245,530,2,4.066143035888672
245,12,3,4.571998119354248
245,180,4,4.146853923797607
245,228,5,3.8062124252319336
245,183,6,3.6574485301971436
245,1269,7,4.092536926269531
245,203,8,4.060075759887695
245,1639,9,3.7246150970458984
245,675,10,3.8582558631896973
246,511,1,4.8296895027160645
246,1413,2,3.761251211166382
246,207,3,4.111849784851074
246,607,4,4.012301921844482
246,275,5,4.503384113311768
246,848,6,3.686619997024536
246,519,7,4.339165687561035
246,179,8,4.296653747558594
246,718,9,4.630707263946533
246,813,10,3.8572418689727783
247,1142,1,4.183548927307129
247,855,2,3.7935006618499756
247,657,3,4.5558061599731445
247,194,4,4.070537567138672
247,30,5,3.9050519466400146
247,178,6,4.273200035095215
247,922,7,3.961268901824951
247,50,8,4.5106940269470215
247,514,9,3.7883315086364746
247,513,10,4.3424763679504395
248,318,1,4.580682754516602
248,526,2,3.9748637676239014
248,1353,3,3.6549549102783203
248,177,4,4.043574333190918
248,32,5,3.751068592071533
248,588,6,4.014773845672607
248,603,7,4.396735668182373
248,1154,8,3.605720043182373
248,1466,9,3.8235855102539062
248,154,10,4.245356559753418
249,527,1,4.428287982940674
249,315,2,5.110852241516113
249,512,3,4.826523780822754
249,48,4,5.3056440353393555
249,632,5,5.069485187530518
249,671,6,4.5826544761657715
249,486,7,4.5369415283203125
249,127,8,4.789968013763428
249,854,9,4.695188522338867
249,656,10,4.589396953582764
250,530,1,4.897162437438965
250,966,2,4.4288330078125
250,498,3,4.587470531463623
250,1269,4,4.928894519805908
250,483,5,5.237619876861572
250,165,6,4.557546138763428
250,847,7,4.273913383483887
250,114,8,4.3779072761535645
250,1084,9,4.248117446899414
250,482,10,4.810220718383789
251,963,1,4.389715194702148
251,216,2,4.832045078277588
251,191,3,4.426327705383301
251,498,4,4.898129463195801
251,525,5,4.6376543045043945
251,203,6,4.40596342086792
251,968,7,4.062621593475342
251,603,8,5.130309104919434
251,519,9,4.51882791519165
251,204,10,4.681334972381592
252,514,1,4.648118019104004
252,654,2,4.7408127784729
252,1143,3,4.667166709899902
252,425,4,4.881684303283691
252,179,5,4.217950344085693
252,475,6,4.217404842376709
252,320,7,4.838853359222412
252,12,8,5.135924816131592
252,484,9,4.590378761291504
252,423,10,4.283721446990967
253,47,1,4.365481853485107
253,1203,2,4.802642345428467
253,114,3,4.360644817352295
253,515,4,4.716605186462402
253,191,5,5.160627365112305
253,143,6,4.9124555587768555
253,479,7,5.211302757263184
253,547,8,4.227357864379883
253,385,9,4.279336929321289
253,433,10,4.459346771240234
254,79,1,4.5517449378967285
254,479,2,4.044620037078857
254,155,3,3.619387149810791
254,511,4,3.649768829345703
254,866,5,4.385261535644531
254,673,6,3.521920680999756
254,203,7,3.8315317630767822
254,100,8,3.833644151687622
254,217,9,3.299429178237915
254,713,10,3.3598742485046387
255,811,1,4.254308223724365
255,203,2,3.6271119117736816
255,905,3,3.6411149501800537
255,12,4,4.182536602020264
255,762,5,4.655641555786133
255,192,6,4.126706600189209
255,154,7,4.037297248840332
255,624,8,3.487396717071533
255,96,9,3.542687177658081
255,127,10,4.642570972442627
256,51,1,5.030550956726074
256,271,2,4.857586860656738
256,433,3,4.593377590179443
256,114,4,5.441235065460205
256,963,5,4.892960071563721
256,298,6,4.523436546325684
256,320,7,4.729056358337402
256,498,8,5.110679626464844
256,1203,9,4.619083404541016
256,223,10,4.863223075866699
257,661,1,4.582305431365967
257,75,2,3.9841556549072266
257,1483,3,3.9752471446990967
257,179,4,4.937221050262451
257,1021,5,4.691684246063232
257,12,6,4.593764305114746
257,958,7,4.734713554382324
257,513,8,4.43131685256958
257,132,9,4.353386402130127
257,168,10,3.9796204566955566
258,320,1,4.177235126495361
258,479,2,4.356156826019287
258,459,3,4.230350017547607
258,28,4,4.168158531188965
258,179,5,4.059028625488281
258,189,6,4.552835941314697
258,318,7,5.0432000160217285
258,661,8,4.2626051902771
258,936,9,4.343833923339844
258,181,10,4.20001220703125
259,60,1,4.834064960479736
259,1269,2,4.742824554443359
259,203,3,4.624557971954346
259,195,4,4.3928446769714355
259,205,5,4.356564998626709
259,316,6,4.505753040313721
259,633,7,4.35418701171875
259,1367,8,4.390849590301514
259,156,9,4.63449239730835
259,89,10,5.251127243041992
260,119,1,4.148281097412109
260,1594,2,3.7306127548217773
260,181,3,3.795043468475342
260,493,4,4.301193714141846
260,274,5,4.0023603439331055
260,503,6,3.662952184677124
260,527,7,4.181768417358398
260,200,8,3.887596368789673
260,96,9,4.082370758056641
260,22,10,4.467183589935303
261,156,1,4.8895134925842285
261,242,2,4.635412693023682
261,1064,3,4.679896831512451
261,657,4,5.432011604309082
261,533,5,5.087226390838623
261,223,6,5.370438575744629
261,519,7,4.854493141174316
261,203,8,4.850747108459473
261,185,9,5.215534210205078
261,357,10,5.122829914093018
262,923,1,4.147616386413574
262,478,2,3.4319770336151123
262,855,3,3.7475130558013916
262,262,4,4.128985404968262
262,201,5,3.5651135444641113
262,1,6,3.7750473022460938
262,1154,7,3.5876574516296387
262,511,8,3.7631278038024902
262,657,9,4.105871200561523
262,12,10,4.549599647521973
263,305,1,4.266289710998535
263,396,2,4.157021999359131
263,191,3,4.931642055511475
263,651,4,4.328051567077637
263,320,5,3.828558921813965
263,634,6,3.9819202423095703
263,1007,7,4.491369247436523
263,1137,8,4.522364139556885
263,513,9,4.74929666519165
263,257,10,4.298252105712891
264,1166,1,4.235501766204834
264,479,2,5.059916973114014
264,50,3,5.672975063323975
264,588,4,4.541106224060059
264,423,5,5.3108320236206055
264,519,6,4.282479286193848
264,1116,7,4.337804794311523
264,904,8,4.443535804748535
264,91,9,5.236858367919922
264,68,10,4.499372959136963
265,215,1,3.9849374294281006
265,136,2,4.544498920440674
265,11,3,4.378279685974121
265,484,4,4.070797443389893
265,513,5,4.135835647583008
265,427,6,4.076643466949463
265,646,7,4.379456520080566
265,95,8,4.052829265594482
265,22,9,5.125125885009766
265,465,10,3.7195072174072266
266,1500,1,3.617806911468506
266,22,2,4.393402576446533
266,589,3,3.7596118450164795
266,1159,4,3.836716413497925
266,198,5,3.6013293266296387
266,1084,6,3.6526339054107666
266,174,7,4.241260051727295
266,210,8,3.7450668811798096
266,297,9,3.8432979583740234
266,419,10,3.622340679168701
267,1194,1,4.492088317871094
267,644,2,4.4953508377075195
267,646,3,4.526885509490967
267,923,4,4.819012641906738
267,514,5,4.887658596038818
267,511,6,5.565587520599365
267,191,7,4.594239234924316
267,1298,8,4.299807071685791
267,1560,9,4.229799747467041
267,1073,10,5.305609226226807
268,443,1,3.491210460662842
268,604,2,3.6149933338165283
268,1142,3,4.052849292755127
268,656,4,3.6395959854125977
268,430,5,4.278527736663818
268,515,6,4.829488277435303
268,14,7,3.5588977336883545
268,420,8,3.719790458679199
268,1201,9,3.8079824447631836
268,916,10,3.765422821044922
269,463,1,3.7264404296875
269,480,2,4.503915786743164
269,471,3,3.624238967895508
269,752,4,3.3335020542144775
269,32,5,4.355072021484375
269,1367,6,3.5637056827545166
269,970,7,3.366532802581787
269,589,8,3.9277665615081787
269,311,9,4.266039848327637
269,653,10,3.618478775024414
270,654,1,5.296145915985107
270,792,2,5.036359786987305
270,47,3,5.210344314575195
270,644,4,5.269660472869873
270,968,5,4.671937465667725
270,641,6,4.869739532470703
270,474,7,5.379135608673096
270,127,8,5.732232093811035
270,615,9,4.891691207885742
270,202,10,5.236220359802246
271,223,1,4.258575916290283
271,420,2,3.631291151046753
271,445,3,3.701322078704834
271,1084,4,3.5733635425567627
271,1372,5,3.7669780254364014
271,684,6,3.7538833618164062
271,971,7,3.835052251815796
271,905,8,3.7103347778320312
271,484,9,4.725147724151611
271,1131,10,3.727247476577759
272,210,1,4.262936592102051
272,923,2,4.676829814910889
272,185,3,4.983513355255127
272,922,4,4.445648670196533
272,513,5,4.89097785949707
272,793,6,4.506804466247559
272,969,7,4.630104064941406
272,525,8,4.572826862335205
272,1501,9,4.243695259094238
272,1536,10,4.514928817749023
273,484,1,3.8513526916503906
273,1137,2,3.706413745880127
273,509,3,3.5835421085357666
273,641,4,3.9776511192321777
273,1131,5,3.6530566215515137
273,169,6,4.259261608123779
273,320,7,3.6646504402160645
273,530,8,3.786158561706543
273,963,9,4.046017646789551
273,153,10,3.632658004760742
274,302,1,5.484740257263184
274,1405,2,4.528295040130615
274,124,3,5.200723648071289
274,175,4,5.004815578460693
274,543,5,4.8944220542907715
274,732,6,4.87329626083374
274,922,7,5.240471839904785
274,1203,8,4.599071502685547
274,1367,9,5.150324821472168
274,480,10,4.668400764465332
275,79,1,4.179407596588135
275,1512,2,3.9296271800994873
275,525,3,3.5042624473571777
275,519,4,3.4477438926696777
275,645,5,3.556849718093872
275,238,6,3.389584541320801
275,156,7,3.4820523262023926
275,1515,8,3.28421950340271
275,483,9,3.476935625076294
275,1426,10,3.330378770828247
276,83,1,4.592043876647949
276,116,2,4.636321067810059
276,525,3,4.580533981323242
276,60,4,4.490197658538818
276,351,5,4.0987749099731445
276,916,6,4.271200180053711
276,694,7,4.102043151855469
276,1159,8,4.273247718811035
276,963,9,4.963545799255371
276,177,10,4.620569705963135
277,466,1,4.038146018981934
277,958,2,4.233761310577393
277,533,3,3.9449334144592285
277,1,4,4.106228351593018
277,694,5,3.96239972114563
277,216,6,4.201012134552002
277,431,7,3.762014865875244
277,484,8,3.793140172958374
277,543,9,3.5989439487457275
277,208,10,4.25894832611084
278,421,1,4.437685489654541
278,119,2,4.430359363555908
278,487,3,4.7242350578308105
278,28,4,4.872398853302002
278,89,5,3.980381965637207
278,1159,6,4.245965003967285
278,838,7,4.062812328338623
278,514,8,4.430315017700195
278,1450,9,4.100045680999756
278,12,10,4.460229396820068
279,11,1,4.16160774230957
279,745,2,4.081191539764404
279,1194,3,4.425551891326904
279,1171,4,3.8992459774017334
279,716,5,3.671097755432129
279,1552,6,3.6898651123046875
279,525,7,4.513575077056885
279,916,8,3.983349561691284
279,473,9,3.8345348834991455
279,320,10,4.416037559509277
280,502,1,4.479587078094482
280,169,2,4.684974670410156
280,671,3,4.009359836578369
280,434,4,4.7853288650512695
280,57,5,4.647430419921875
280,1020,6,3.9601011276245117
280,1594,7,3.9491026401519775
280,745,8,4.682823181152344
280,1005,9,4.722723484039307
280,657,10,4.496036529541016
281,1594,1,3.5340261459350586
281,489,2,3.780937433242798
281,1062,3,3.9963769912719727
281,174,4,3.8394007682800293
281,482,5,3.783735513687134
281,705,6,3.4650752544403076
281,1,7,4.135424613952637
281,219,8,3.692265510559082
281,190,9,4.5215229988098145
281,1405,10,3.7341229915618896
282,283,1,4.57569694519043
282,530,2,4.188589572906494
282,1154,3,4.138204574584961
282,504,4,4.3730149269104
282,589,5,4.21925163269043
282,1020,6,4.298518180847168
282,210,7,4.602741718292236
282,511,8,4.4268479347229
282,89,9,4.205624580383301
282,811,10,4.202133655548096
283,654,1,5.245886325836182
283,42,2,5.386468887329102
283,1367,3,4.353204727172852
283,165,4,5.113222122192383
283,272,5,4.326448440551758
283,199,6,5.041015148162842
283,11,7,4.510495185852051
283,479,8,4.600990295410156
283,1629,9,4.318972110748291
283,200,10,4.743687152862549
284,131,1,4.508081436157227
284,675,2,3.99481463432312
284,813,3,4.250731468200684
284,14,4,5.001801490783691
284,317,5,4.079899311065674
284,318,6,4.818955898284912
284,228,7,3.913588762283325
284,114,8,4.464196681976318
284,175,9,4.165863513946533
284,124,10,4.441098213195801
285,588,1,4.499953746795654
285,1154,2,4.283416271209717
285,657,3,5.008183479309082
285,132,4,5.20362663269043
285,494,5,4.730764389038086
285,143,6,4.331618785858154
285,949,7,4.4804863929748535
285,479,8,4.67144250869751
285,208,9,4.437662601470947
285,547,10,4.402916431427002
286,694,1,4.7666916847229
286,1589,2,4.28379487991333
286,671,3,4.4792399406433105
286,222,4,4.043159008026123
286,1062,5,4.585799694061279
286,1019,6,4.223647594451904
286,1154,7,4.357751369476318
286,242,8,4.935959815979004
286,740,9,4.760449409484863
286,470,10,4.3862175941467285
287,275,1,4.679155349731445
287,8,2,4.750846862792969
287,318,3,5.043332099914551
287,1193,4,4.728307247161865
287,207,5,5.287537097930908
287,42,6,4.827049732208252
287,653,7,4.437729835510254
287,1084,8,4.377468109130859
287,12,9,4.810070037841797
287,533,10,4.269597053527832
288,410,1,4.550825595855713
288,203,2,4.329928398132324
288,171,3,4.5675950050354
288,603,4,4.92194938659668
288,963,5,4.512496471405029
288,692,6,3.951019287109375
288,443,7,4.187684059143066
288,133,8,4.614628791809082
288,32,9,4.393514156341553
288,218,10,4.309415340423584
289,12,1,4.337296485900879
289,520,2,3.891347885131836
289,174,3,3.7909462451934814
289,183,4,3.6763863563537598
289,1019,5,3.699570417404175
289,483,6,4.428434371948242
289,1211,7,3.867889881134033
289,588,8,3.670681953430176
289,236,9,3.751138687133789
289,615,10,3.7113595008850098
290,119,1,3.6517961025238037
290,544,2,3.687976360321045
290,963,3,4.413205146789551
290,165,4,4.332876682281494
290,420,5,3.440647840499878
290,2,6,3.6420984268188477
290,969,7,3.4499154090881348
290,866,8,4.176463603973389
290,67,9,4.297576427459717
290,1073,10,3.620431900024414
291,614,1,4.446441650390625
291,718,2,4.708080768585205
291,853,3,4.689295768737793
291,520,4,4.715007781982422
291,693,5,4.403632164001465
291,478,6,4.617690563201904
291,408,7,4.530315399169922
291,431,8,5.0142035484313965
291,170,9,4.727035999298096
291,115,10,4.653607368469238
292,182,1,4.827422142028809
292,533,2,4.3729729652404785
292,811,3,4.208686828613281
292,1021,4,4.636517524719238
292,179,5,4.712188720703125
292,12,6,4.779242038726807
292,1559,7,4.240509033203125
292,530,8,4.205726623535156
292,966,9,4.533419132232666
292,185,10,5.051763534545898
294,1585,1,4.1243181228637695
294,219,2,4.811862945556641
294,176,3,5.2223591804504395
294,275,4,4.360575199127197
294,603,5,4.863244533538818
294,187,6,4.4778523445129395
294,511,7,4.5573320388793945
294,487,8,4.4987711906433105
294,179,9,4.496034145355225
294,604,10,4.4344868659973145
295,530,1,5.0582146644592285
295,1159,2,5.071368217468262
295,114,3,5.327652931213379
295,478,4,4.682389259338379
295,1098,5,4.996535778045654
295,1413,6,4.457675933837891
295,392,7,4.820049285888672
295,207,8,5.164676666259766
295,922,9,5.207036972045898
295,61,10,4.529550552368164
296,52,1,4.995794773101807
296,611,2,5.0266218185424805
296,430,3,4.294964790344238
296,209,4,5.279168128967285
296,479,5,5.056040287017822
296,165,6,5.07209587097168
296,488,7,5.058380126953125
296,187,8,4.252040386199951
296,655,9,4.659603118896484
296,701,10,4.541342735290527
297,530,1,4.433324337005615
297,436,2,4.0757904052734375
297,1154,3,4.079622268676758
297,1099,4,3.7891485691070557
297,601,5,4.067736625671387
297,30,6,4.376745700836182
297,765,7,4.014371871948242
297,684,8,3.6747026443481445
297,854,9,4.323155403137207
297,611,10,3.8946964740753174
298,694,1,4.284542560577393
298,418,2,4.050405025482178
298,156,3,4.35054349899292
298,543,4,4.457540512084961
298,513,5,4.856391906738281
298,632,6,4.060902118682861
298,198,7,4.889760971069336
298,1104,8,4.366801738739014
298,1142,9,4.13330078125
298,845,10,4.530208110809326
299,1142,1,4.373051643371582
299,613,2,4.343783378601074
299,493,3,3.7608983516693115
299,445,4,3.9119110107421875
299,320,5,4.03584098815918
299,516,6,3.6635258197784424
299,1154,7,3.5503628253936768
299,694,8,4.3966569900512695
299,30,9,4.114605903625488
299,656,10,4.246904373168945
300,174,1,5.097610950469971
300,479,2,4.330476760864258
300,443,3,4.375054359436035
300,498,4,4.398435115814209
300,97,5,4.20909309387207
300,183,6,4.65681266784668
300,169,7,4.909296035766602
300,694,8,4.720203399658203
300,52,9,4.491487979888916
300,274,10,4.356840133666992
301,488,1,4.236125946044922
301,1348,2,3.986584424972534
301,115,3,4.235159873962402
301,302,4,5.091456890106201
301,513,5,4.2468366622924805
301,94,6,4.389359474182129
301,922,7,4.310723304748535
301,811,8,4.114248752593994
301,966,9,4.04941463470459
301,836,10,3.980719804763794
302,656,1,3.6097309589385986
302,661,2,3.458529472351074
302,488,3,3.3411386013031006
302,613,4,3.5137579441070557
302,189,5,3.761507987976074
302,603,6,3.6555449962615967
302,132,7,3.6810150146484375
302,945,8,3.430818796157837
302,1005,9,3.869245767593384
302,188,10,3.6936306953430176
303,1456,1,4.09193229675293
303,511,2,4.537721157073975
303,344,3,4.612037181854248
303,584,4,4.429773807525635
303,447,5,4.058306694030762
303,346,6,4.731619358062744
303,854,7,4.172297477722168
303,968,8,4.418327808380127
303,1482,9,3.9520163536071777
303,1143,10,5.065031051635742
304,657,1,4.055766582489014
304,519,2,4.030182361602783
304,701,3,3.5464494228363037
304,606,4,3.7948551177978516
304,746,5,3.7176923751831055
304,79,6,3.74674916267395
304,228,7,3.5455496311187744
304,185,8,3.6285011768341064
304,616,9,3.5401859283447266
304,525,10,3.872941493988037
305,267,1,3.505455493927002
305,194,2,3.4191555976867676
305,340,3,3.4558963775634766
305,958,4,4.2716474533081055
305,968,5,3.909334659576416
305,659,6,4.249833583831787
305,1529,7,3.499514579772949
305,51,8,3.7912654876708984
305,119,9,4.006138324737549
305,344,10,4.564276695251465
306,344,1,4.89736795425415
306,661,2,4.538106441497803
306,675,3,4.263453483581543
306,1143,4,4.650032997131348
306,519,5,4.432447910308838
306,478,6,5.23975133895874
306,170,7,4.704821586608887
306,317,8,4.688273906707764
306,813,9,4.46790075302124
306,659,10,4.874285697937012
307,1367,1,4.323235034942627
307,1340,2,3.97501540184021
307,1245,3,4.098636627197266
307,357,4,4.6119585037231445
307,601,5,4.144351959228516
307,654,6,4.604820728302002
307,1474,7,3.9662699699401855
307,646,8,4.086594581604004
307,432,9,4.083988666534424
307,316,10,4.395253658294678
308,1064,1,3.85488224029541
308,114,2,4.416369915008545
308,963,3,4.541986465454102
308,1356,4,3.8123180866241455
308,868,5,4.205595016479492
308,256,6,4.022826671600342
308,1251,7,4.079503059387207
308,1522,8,3.955028772354126
308,636,9,4.481478691101074
308,474,10,4.389318466186523
309,60,1,4.0787811279296875
309,863,2,3.716082811355591
309,173,3,4.607461452484131
309,275,4,3.9236695766448975
309,478,5,4.195461273193359
309,10,6,3.7720718383789062
309,208,7,4.317387580871582
309,22,8,3.86698317527771
309,710,9,3.9995594024658203
309,611,10,4.376404762268066
310,1466,1,4.2686967849731445
310,530,2,4.842493534088135
310,484,3,4.772050380706787
310,168,4,4.5966362953186035
310,286,5,4.343836307525635
310,285,6,5.029857158660889
310,435,7,4.453497886657715
310,603,8,4.623807907104492
310,404,9,4.124753952026367
310,657,10,4.596063613891602
311,405,1,4.624368667602539
311,1587,2,4.082428932189941
311,129,3,4.357309341430664
311,602,4,4.217043876647949
311,1537,5,3.9857521057128906
311,657,6,4.344016075134277
311,920,7,4.280114650726318
311,165,8,4.4937920570373535
311,1142,9,4.443612098693848
311,1298,10,3.922786235809326
312,701,1,4.68950891494751
312,1313,2,4.393862724304199
312,476,3,4.871054649353027
312,922,4,4.85202693939209
312,1187,5,4.441240310668945
312,515,6,5.489124298095703
312,1634,7,4.258838176727295
312,9,8,5.619386672973633
312,241,9,4.890964508056641
312,226,10,4.602499961853027
313,115,1,4.04201078414917
313,1501,2,4.04958963394165
313,1450,3,4.163942813873291
313,733,4,3.8630378246307373
313,653,5,4.362066268920898
313,1386,6,4.157223224639893
313,902,7,4.106152057647705
313,350,8,4.121359825134277
313,1396,9,3.8312039375305176
313,945,10,4.405025482177734
314,443,1,4.800844669342041
314,44,2,5.088932037353516
314,1303,3,4.132446765899658
314,1541,4,4.37101411819458
314,114,5,4.179825782775879
314,1629,6,4.111414432525635
314,333,7,5.168292999267578
314,241,8,4.46267557144165
314,320,9,4.2176337242126465
314,1449,10,4.631556987762451
315,124,1,5.172336578369141
315,304,2,4.331431865692139
315,631,3,4.317746162414551
315,169,4,4.722301959991455
315,483,5,4.899424076080322
315,793,6,4.348093509674072
315,646,7,4.339836597442627
315,171,8,4.509716987609863
315,770,9,4.483348369598389
315,113,10,3.949280261993408
316,656,1,4.204172134399414
316,652,2,4.037399768829346
316,116,3,4.702051162719727
316,251,4,3.8565657138824463
316,1353,5,3.5781774520874023
316,465,6,3.6214351654052734
316,1069,7,4.213342666625977
316,258,8,3.905186414718628
316,511,9,3.5181384086608887
316,694,10,3.7098278999328613
317,515,1,4.660515785217285
317,524,2,4.159992218017578
317,414,3,4.236083984375
317,175,4,4.630129814147949
317,489,5,4.315046787261963
317,965,6,4.126073360443115
317,512,7,4.27289342880249
317,121,8,4.078878879547119
317,48,9,4.868956089019775
317,1367,10,4.515180587768555
318,520,1,4.765994548797607
318,945,2,4.595090389251709
318,701,3,4.60840368270874
318,568,4,5.409853935241699
318,169,5,4.704201698303223
318,359,6,4.2428507804870605
318,292,7,4.51451301574707
318,154,8,4.620333671569824
318,1201,9,4.247127532958984
318,549,10,4.409370422363281
319,89,1,4.684024333953857
319,684,2,4.302745819091797
319,603,3,4.512109756469727
319,615,4,4.394224166870117
319,208,5,4.655740737915039
319,392,6,4.517196178436279
319,200,7,4.233211517333984
319,520,8,4.664227485656738
319,199,9,4.643700122833252
319,524,10,4.025434494018555
320,293,1,4.422584056854248
320,214,2,4.957729339599609
320,119,3,4.562600612640381
320,515,4,4.464792728424072
320,295,5,4.248194217681885
320,603,6,4.947261810302734
320,848,7,4.139962196350098
320,520,8,4.689177989959717
320,745,9,4.013637542724609
320,735,10,4.740241050720215
321,519,1,4.220217704772949
321,71,2,4.08308744430542
321,847,3,3.984246015548706
321,648,4,4.286179065704346
321,1073,5,4.040354251861572
321,403,6,4.170461177825928
321,641,7,4.19462776184082
321,853,8,3.9116945266723633
321,845,9,3.8474302291870117
321,451,10,4.106627464294434
322,285,1,5.1368818283081055
322,1064,2,4.094337463378906
322,200,3,4.407926082611084
322,474,4,4.771810531616211
322,423,5,4.6580305099487305
322,491,6,4.252400875091553
322,320,7,3.9789791107177734
322,302,8,4.313680648803711
322,523,9,4.053321361541748
322,589,10,4.228333473205566
323,853,1,3.8361215591430664
323,119,2,4.052618026733398
323,11,3,3.8649792671203613
323,171,4,4.4603166580200195
323,431,5,3.7726423740386963
323,519,6,4.0260233879089355
323,194,7,3.9946177005767822
323,611,8,4.088032245635986
323,606,9,4.330101490020752
323,135,10,4.554095268249512
324,205,1,5.409565448760986
324,1149,2,4.61346435546875
324,1187,3,4.672109127044678
324,588,4,5.73960018157959
324,303,5,4.510059833526611
324,123,6,4.604867935180664
324,32,7,4.600363254547119
324,119,8,4.7524824142456055
324,498,9,5.199380874633789
324,48,10,4.952403545379639
325,192,1,4.176153659820557
325,963,2,4.034107208251953
325,488,3,4.813330173492432
325,954,4,3.766474962234497
325,60,5,4.262672424316406
325,1020,6,3.4213321208953857
325,524,7,3.707101345062256
325,189,8,3.7501213550567627
325,1064,9,3.7792487144470215
325,1357,10,3.5402567386627197
326,274,1,4.40761661529541
326,60,2,3.566713333129883
326,1513,3,3.6296942234039307
326,1019,4,4.167208671569824
326,432,5,3.8896679878234863
326,1540,6,3.481060028076172
326,169,7,4.236273765563965
326,356,8,3.9838509559631348
326,744,9,3.6505298614501953
326,1278,10,3.628455877304077
327,483,1,4.739461898803711
327,513,2,4.05441951751709
327,97,3,4.307505130767822
327,1040,4,3.4274497032165527
327,1039,5,3.685244083404541
327,443,6,4.351432800292969
327,922,7,3.8156425952911377
327,656,8,3.986802101135254
327,306,9,3.979620933532715
327,320,10,3.5015830993652344
328,1143,1,4.228043079376221
328,48,2,4.400609493255615
328,659,3,3.769878625869751
328,1601,4,3.709641933441162
328,313,5,4.239179611206055
328,87,6,4.26489782333374
328,400,7,3.7736523151397705
328,488,8,3.7653543949127197
328,59,9,4.739181041717529
328,1367,10,4.211857318878174
329,527,1,4.128901958465576
329,528,2,3.883549451828003
329,318,3,4.138360500335693
329,519,4,4.370301246643066
329,183,5,4.117910385131836
329,89,6,4.5999755859375
329,644,7,3.970811605453491
329,208,8,4.059755325317383
329,83,9,4.229562759399414
329,530,10,4.137094497680664
330,416,1,4.8149027824401855
330,434,2,4.6730523109436035
330,561,3,4.802494525909424
330,222,4,5.5125627517700195
330,488,5,4.745632648468018
330,529,6,4.913890361785889
330,792,7,5.012320518493652
330,1021,8,5.5832037925720215
330,48,9,5.415865898132324
330,757,10,4.873201370239258
331,498,1,3.652451753616333
331,48,2,3.9082517623901367
331,837,3,3.5813612937927246
331,593,4,3.66805362701416
331,143,5,3.7445483207702637
331,195,6,3.905534029006958
331,656,7,3.842390298843384
331,114,8,3.871032476425171
331,337,9,3.5143744945526123
331,65,10,4.1051716804504395
332,797,1,4.37718391418457
332,428,2,4.855844020843506
332,268,3,5.830026149749756
332,645,4,4.8617682456970215
332,530,5,4.505428314208984
332,1194,6,4.5274763107299805
332,241,7,4.447362422943115
332,638,8,4.707440376281738
332,527,9,5.195295333862305
332,171,10,4.710043907165527
333,48,1,4.078402519226074
333,114,2,4.29508113861084
333,613,3,4.54130744934082
333,1159,4,4.775702476501465
333,132,5,4.375455379486084
333,318,6,4.553572654724121
333,963,7,4.456491470336914
333,371,8,4.089670181274414
333,855,9,4.016014575958252
333,10,10,4.5833635330200195
334,177,1,3.736025333404541
334,793,2,4.135523319244385
334,745,3,4.182925701141357
334,1154,4,3.9646992683410645
334,963,5,4.498808860778809
334,32,6,4.0636067390441895
334,198,7,4.188887119293213
334,735,8,4.582999229431152
334,603,9,4.661809921264648
334,694,10,4.051990985870361
335,615,1,4.45180606842041
335,488,2,4.4577131271362305
335,645,3,4.025031566619873
335,1103,4,4.113933086395264
335,32,5,4.18187952041626
335,1523,6,3.8395755290985107
335,179,7,4.916131496429443
335,838,8,3.8277084827423096
335,52,9,4.015106201171875
335,661,10,4.098018646240234
336,1024,1,3.6461679935455322
336,479,2,4.064942359924316
336,588,3,3.5714828968048096
336,176,4,4.486488342285156
336,209,5,3.619953155517578
336,115,6,3.566301107406616
336,169,7,4.8078389167785645
336,511,8,3.9883828163146973
336,968,9,3.8556792736053467
336,165,10,3.8849923610687256
337,79,1,4.334930419921875
337,205,2,4.185458660125732
337,675,3,4.3422136306762695
337,657,4,4.5725884437561035
337,530,5,4.3049187660217285
337,966,6,4.5996623039245605
337,655,7,4.317407608032227
337,484,8,4.685648441314697
337,136,9,4.6022796630859375
337,117,10,4.30478572845459
338,1193,1,4.390373706817627
338,433,2,4.432352066040039
338,753,3,4.385756015777588
338,91,4,4.543917179107666
338,850,5,4.5976457595825195
338,403,6,4.314276218414307
338,474,7,4.612634181976318
338,505,8,4.257607460021973
338,661,9,4.144318580627441
338,223,10,4.3834662437438965
339,705,1,4.914965629577637
339,1021,2,5.211961269378662
339,114,3,4.853255748748779
339,1585,4,4.236261367797852
339,466,5,4.512510776519775
339,919,6,5.530769348144531
339,1515,7,4.326148509979248
339,1523,8,4.358672142028809
339,922,9,4.919421195983887
339,1269,10,4.487029552459717
340,863,1,4.6407341957092285
340,515,2,4.599719047546387
340,657,3,5.367840766906738
340,163,4,4.339025497436523
340,603,5,5.133108139038086
340,210,6,4.549654960632324
340,1367,7,4.254899501800537
340,504,8,4.849529266357422
340,140,9,4.104822158813477
340,705,10,4.452449798583984
341,11,1,4.7328081130981445
341,511,2,4.642014026641846
341,116,3,4.872099876403809
341,181,4,4.67174768447876
341,611,5,4.848328590393066
341,285,6,5.0994696617126465
341,699,7,4.509077072143555
341,114,8,4.788172721862793
341,478,9,5.041363716125488
341,246,10,5.009146213531494
342,372,1,4.400178909301758
342,511,2,4.385931015014648
342,119,3,3.7355146408081055
342,219,4,3.762984275817871
342,213,5,4.834049224853516
342,201,6,4.543899059295654
342,1192,7,3.8122830390930176
342,474,8,4.285412311553955
342,610,9,4.675379276275635
342,22,10,4.089458465576172
343,267,1,4.147073268890381
343,313,2,4.62682580947876
343,1007,3,4.26210880279541
343,166,4,5.027295112609863
343,181,5,4.662088394165039
343,966,6,4.596806526184082
343,511,7,5.1696391105651855
343,521,8,5.20207405090332
343,1218,9,4.422118186950684
343,186,10,4.611196517944336
344,1154,1,4.30899715423584
344,48,2,4.3899736404418945
344,221,3,4.861686706542969
344,483,4,4.613310813903809
344,1070,5,3.942828416824341
344,1617,6,3.9964041709899902
344,1368,7,4.455509185791016
344,919,8,4.497669219970703
344,187,9,4.969041347503662
344,1302,10,4.173293590545654
345,346,1,4.437594890594482
345,603,2,4.8363542556762695
345,320,3,4.462749481201172
345,960,4,4.4142866134643555
345,493,5,5.052880764007568
345,477,6,4.039208889007568
345,408,7,5.040831565856934
345,887,8,4.205455303192139
345,434,9,4.346059322357178
345,519,10,4.5778608322143555
346,408,1,4.095388889312744
346,302,2,4.502684116363525
346,478,3,4.821235179901123
346,1282,4,3.7923240661621094
346,1019,5,4.240631580352783
346,171,6,4.390644073486328
346,178,7,3.74442720413208
346,525,8,4.148027420043945
346,479,9,4.149050712585449
346,1573,10,3.85310435295105
347,1194,1,4.652982234954834
347,419,2,4.209187984466553
347,603,3,5.064151287078857
347,1553,4,3.914355754852295
347,624,5,3.9526610374450684
347,194,6,4.760810375213623
347,601,7,4.096531391143799
347,530,8,4.459376335144043
347,651,9,4.93140172958374
347,1298,10,4.273372173309326
348,92,1,4.223654747009277
348,181,2,5.10875129699707
348,48,3,4.547999382019043
348,300,4,4.734850883483887
348,71,5,4.3705058097839355
348,486,6,4.1818342208862305
348,1600,7,4.248468399047852
348,963,8,4.7328901290893555
348,525,9,4.346621990203857
348,172,10,4.938972473144531
349,217,1,3.8494787216186523
349,60,2,4.39055061340332
349,168,3,4.415441989898682
349,116,4,4.2806220054626465
349,488,5,4.110873699188232
349,135,6,4.609071254730225
349,302,7,4.508823394775391
349,530,8,4.186577796936035
349,200,9,4.484795093536377
349,32,10,4.142612934112549
350,610,1,4.513273239135742
350,522,2,4.639902591705322
350,520,3,4.6485114097595215
350,302,4,4.9730048179626465
350,197,5,5.327919960021973
350,483,6,5.011279106140137
350,48,7,4.4326605796813965
350,497,8,4.8149518966674805
350,496,9,5.117518424987793
350,1377,10,4.420409202575684
351,190,1,4.970109462738037
351,177,2,5.1116743087768555
351,333,3,4.417253494262695
351,96,4,5.002232551574707
351,1016,5,4.472254276275635
351,95,6,5.0147576332092285
351,958,7,4.790909767150879
351,752,8,4.5752787590026855
351,64,9,5.4678120613098145
351,166,10,5.051004409790039
352,48,1,4.594174861907959
352,315,2,4.44375467300415
352,87,3,4.676552772521973
352,157,4,4.861246109008789
352,653,5,4.505462646484375
352,1142,6,4.874502658843994
352,498,7,4.370997905731201
352,588,8,4.030087471008301
352,414,9,4.405553817749023
352,114,10,4.29507303237915
353,60,1,4.15398645401001
353,445,2,3.802018165588379
353,432,3,3.7054011821746826
353,519,4,4.0688323974609375
353,656,5,3.6119256019592285
353,14,6,4.194250583648682
353,661,7,3.8938894271850586
353,1449,8,4.078457832336426
353,474,9,4.100569248199463
353,478,10,4.128106594085693
354,465,1,3.9278788566589355
354,1021,2,4.542876720428467
354,611,3,4.476371765136719
354,33,4,4.021463871002197
354,519,5,4.376893997192383
354,4,6,4.079651832580566
354,923,7,4.6530046463012695
354,690,8,4.249729633331299
354,1353,9,3.8115639686584473
354,663,10,4.5610809326171875
355,603,1,5.353507995605469
355,194,2,4.85703182220459
355,50,3,4.721434116363525
355,143,4,4.772823810577393
355,963,5,5.14865255355835
355,525,6,5.456374645233154
355,923,7,4.786726474761963
355,657,8,5.159631729125977
355,298,9,4.828877925872803
355,48,10,5.081723213195801
356,480,1,4.906022071838379
356,735,2,4.736660957336426
356,524,3,4.250159740447998
356,326,4,4.12137508392334
356,1462,5,4.280426025390625
356,1367,6,4.277717113494873
356,1269,7,4.569769859313965
356,1064,8,4.108874320983887
356,484,9,4.687814712524414
356,500,10,3.975126266479492
357,1573,1,4.951308727264404
357,709,2,4.961536884307861
357,488,3,4.706424236297607
357,493,4,4.684795379638672
357,1217,5,4.9746246337890625
357,99,6,4.912729263305664
357,634,7,5.151519298553467
357,513,8,5.266324043273926
357,12,9,5.179574012756348
357,435,10,4.909371852874756
358,210,1,4.381701946258545
358,488,2,4.5964789390563965
358,250,3,4.47363805770874
358,483,4,5.022243022918701
358,1143,5,4.269105434417725
358,479,6,4.492308616638184
358,100,7,4.66201114654541
358,194,8,4.313845157623291
358,192,9,4.261538028717041
358,259,10,4.169493198394775
359,489,1,4.5019354820251465
359,1449,2,4.952466011047363
359,584,3,4.124769687652588
359,48,4,4.843831539154053
359,1142,5,4.509460926055908
359,525,6,4.771936893463135
359,166,7,4.234811305999756
359,275,8,4.257726669311523
359,11,9,4.047963619232178
359,661,10,4.383575916290283
360,320,1,3.957252264022827
360,432,2,4.355491638183594
360,530,3,4.219525337219238
360,1302,4,3.9745383262634277
360,318,5,5.146827220916748
360,396,6,3.9381890296936035
360,1131,7,4.329070568084717
360,498,8,4.607254505157471
360,529,9,3.9181411266326904
360,603,10,4.660803318023682
361,653,1,4.275215148925781
361,511,2,4.584598541259766
361,615,3,4.113739013671875
361,527,4,4.5594964027404785
361,177,5,4.251062393188477
361,500,6,4.000269889831543
361,48,7,4.977226257324219
361,143,8,4.112797260284424
361,736,9,4.349044322967529
361,543,10,4.215553283691406
362,292,1,4.491170883178711
362,169,2,4.941056251525879
362,635,3,4.212180137634277
362,993,4,4.247069358825684
362,520,5,4.904568672180176
362,203,6,4.528092861175537
362,657,7,4.942200660705566
362,216,8,4.580471038818359
362,530,9,4.6266655921936035
362,427,10,5.097658634185791
363,611,1,3.8174686431884766
363,1116,2,3.7026524543762207
363,269,3,3.9773550033569336
363,1304,4,3.9963629245758057
363,659,5,4.733070373535156
363,1137,6,3.7792246341705322
363,13,7,4.3584089279174805
363,1103,8,4.054073333740234
363,479,9,4.234450340270996
363,343,10,3.5188703536987305
364,1137,1,4.297307014465332
364,12,2,4.690585613250732
364,177,3,3.9958953857421875
364,318,4,5.0333991050720215
364,489,5,4.210144996643066
364,1428,6,4.133180618286133
364,511,7,4.44795036315918
364,526,8,4.1684136390686035
364,1159,9,4.195343017578125
364,904,10,4.438089370727539
365,357,1,4.143581867218018
365,179,2,4.861875534057617
365,199,3,4.155102252960205
365,778,4,3.919085741043091
365,488,5,4.3111653327941895
365,33,6,4.561060905456543
365,1367,7,3.898064613342285
365,1143,8,4.21089506149292
365,519,9,4.082383632659912
365,42,10,3.875168561935425
366,531,1,5.44087553024292
366,702,2,4.390500068664551
366,498,3,4.594400882720947
366,305,4,4.952840805053711
366,152,5,4.6333208084106445
366,475,6,5.323811054229736
366,427,7,5.2052388191223145
366,1405,8,5.193445682525635
366,1585,9,4.378502368927002
366,657,10,5.130057334899902
367,114,1,5.164568901062012
367,320,2,5.096377372741699
367,529,3,4.785678386688232
367,169,4,5.19717264175415
367,968,5,4.624845504760742
367,611,6,5.0558576583862305
367,519,7,4.776254177093506
367,207,8,4.863091468811035
367,515,9,5.449295997619629
367,315,10,5.117305755615234
368,524,1,4.209634304046631
368,8,2,4.578389644622803
368,513,3,4.492030620574951
368,228,4,4.443530082702637
368,474,5,4.48646354675293
368,661,6,4.1274213790893555
368,293,7,3.9349582195281982
368,694,8,4.160762310028076
368,253,9,3.824112892150879
368,1169,10,4.137560844421387
369,256,1,4.106387138366699
369,525,2,4.4483747482299805
369,344,3,4.301550388336182
369,1070,4,3.905097246170044
369,197,5,4.372239589691162
369,443,6,4.40873384475708
369,408,7,4.587371826171875
369,919,8,4.181340217590332
369,958,9,4.32313346862793
369,463,10,4.345868110656738
370,488,1,4.2555155754089355
370,186,2,3.781903028488159
370,121,3,4.14801025390625
370,313,4,4.0389323234558105
370,32,5,3.589705467224121
370,180,6,4.225980281829834
370,1005,7,3.8319814205169678
370,656,8,3.6471402645111084
370,513,9,4.1516499519348145
370,189,10,4.0459089279174805
371,657,1,4.2218828201293945
371,272,2,4.552831649780273
371,1503,3,3.8859667778015137
371,313,4,4.83355188369751
371,71,5,4.562506675720215
371,493,6,4.644646167755127
371,203,7,4.631606101989746
371,854,8,4.418846130371094
371,1203,9,3.939565896987915
371,419,10,4.124788284301758
372,70,1,5.243602752685547
372,210,2,4.674370288848877
372,83,3,4.55299186706543
372,169,4,5.145297050476074
372,50,5,5.363759994506836
372,28,6,5.260238170623779
372,603,7,5.187718391418457
372,119,8,4.78745174407959
372,474,9,4.590725898742676
372,275,10,5.065033912658691
373,889,1,4.509429454803467
373,75,2,4.244099140167236
373,408,3,4.97953462600708
373,657,4,4.325082302093506
373,1524,5,4.101856708526611
373,116,6,4.478487491607666
373,119,7,4.7144646644592285
373,646,8,4.2748870849609375
373,315,9,4.384206771850586
373,141,10,3.9378066062927246
374,488,1,3.876539707183838
374,692,2,4.2962117195129395
374,609,3,3.95747709274292
374,157,4,4.234884738922119
374,511,5,4.104574680328369
374,603,6,4.6725687980651855
374,1110,7,3.7992758750915527
374,646,8,3.966787338256836
374,788,9,4.0573320388793945
374,946,10,3.6594367027282715
375,271,1,4.076664447784424
375,19,2,3.9377260208129883
375,646,3,4.1165947914123535
375,135,4,4.3448591232299805
375,1159,5,4.403886318206787
375,538,6,4.144533157348633
375,647,7,4.759002208709717
375,524,8,4.266885280609131
375,168,9,4.407750606536865
375,694,10,4.480629920959473
376,50,1,4.212015628814697
376,174,2,4.311963081359863
376,12,3,4.403388500213623
376,480,4,4.531923770904541
376,835,5,3.754261016845703
376,1585,6,3.6757688522338867
376,515,7,4.4705491065979
376,1367,8,4.071791648864746
376,194,9,3.7982521057128906
376,475,10,3.6448991298675537
377,429,1,4.069771766662598
377,64,2,5.114748001098633
377,601,3,4.171266078948975
377,1302,4,4.204112529754639
377,684,5,4.448611259460449
377,12,6,4.9972944259643555
377,510,7,4.216871738433838
377,190,8,4.594945430755615
377,474,9,4.15397310256958
377,484,10,4.7021613121032715
378,776,1,3.9504172801971436
378,75,2,3.781514883041382
378,611,3,4.237732887268066
378,166,4,4.329087257385254
378,483,5,4.690681457519531
378,530,6,4.190353870391846
378,201,7,3.6823782920837402
378,558,8,4.103822708129883
378,604,9,4.163154602050781
378,487,10,4.7244648933410645
379,408,1,4.729597091674805
379,1073,2,4.7092132568359375
379,250,3,4.248888969421387
379,939,4,4.191915035247803
379,318,5,4.659153938293457
379,113,6,4.591982841491699
379,1021,7,4.869575023651123
379,1024,8,4.51234245300293
379,519,9,4.758166790008545
379,718,10,4.359427452087402
381,1195,1,3.954847574234009
381,482,2,4.002688884735107
381,32,3,4.444631576538086
381,1131,4,4.411778450012207
381,484,5,4.356240749359131
381,505,6,4.292381763458252
381,169,7,4.904539108276367
381,644,8,4.212050914764404
381,919,9,4.131070137023926
381,474,10,4.699303150177002
382,22,1,3.974400520324707
382,1589,2,3.3094723224639893
382,435,3,3.502211570739746
382,705,4,3.6392083168029785
382,1187,5,3.502187728881836
382,484,6,3.635030508041382
382,510,7,3.76023006439209
382,1,8,3.45176362991333
382,608,9,3.3879246711730957
382,661,10,4.352923393249512
383,432,1,5.010669708251953
383,42,2,4.8871355056762695
383,201,3,4.722750186920166
383,56,4,5.345767974853516
383,408,5,5.6035614013671875
383,23,6,4.829188823699951
383,525,7,5.182638168334961
383,20,8,4.6120524406433105
383,671,9,4.624579429626465
383,488,10,4.3749871253967285
384,519,1,4.729318141937256
384,144,2,4.669586658477783
384,644,3,4.232685089111328
384,208,4,4.29144811630249
384,152,5,4.2944207191467285
384,191,6,4.743252277374268
384,79,7,4.660079479217529
384,427,8,4.899316310882568
384,1367,9,4.352540016174316
384,606,10,4.579676628112793
385,856,1,4.39054012298584
385,616,2,4.052840232849121
385,1269,3,3.8989949226379395
385,327,4,3.6139369010925293
385,1119,5,3.310149669647217
385,474,6,4.535229206085205
385,850,7,3.4016480445861816
385,1019,8,4.0503644943237305
385,1386,9,4.295032978057861
385,414,10,4.099004745483398
386,603,1,4.608923435211182
386,152,2,4.297545909881592
386,1449,3,4.317206382751465
386,200,4,4.248724460601807
386,420,5,3.9592478275299072
386,657,6,4.425520896911621
386,483,7,4.580359935760498
386,1158,8,4.198917388916016
386,132,9,4.177576541900635
386,320,10,4.112486839294434
387,968,1,3.6459314823150635
387,548,2,3.4748401641845703
387,137,3,4.95677375793457
387,1142,4,5.174978256225586
387,1367,5,3.767544746398926
387,751,6,4.179415702819824
387,1131,7,3.69840407371521
387,1195,8,3.5682451725006104
387,179,9,4.33868408203125
387,346,10,4.450401306152344
388,331,1,4.593066215515137
388,198,2,4.997918605804443
388,95,3,4.999289512634277
388,501,4,4.693182945251465
388,799,5,4.272486686706543
388,811,6,4.477472305297852
388,22,7,5.66690731048584
388,484,8,4.739543914794922
388,174,9,4.990830421447754
388,478,10,4.6343207359313965
389,694,1,4.009244918823242
389,1245,2,4.239722728729248
389,203,3,4.061180591583252
389,200,4,4.617134094238281
389,129,5,4.868655204772949
389,242,6,4.965102195739746
389,48,7,4.506155490875244
389,653,8,4.09061861038208
389,813,9,4.115767478942871
389,207,10,3.929020643234253
390,50,1,4.997629642486572
390,169,2,4.690402984619141
390,922,3,4.620180130004883
390,315,4,4.643448829650879
390,1019,5,4.769006252288818
390,474,6,5.000369548797607
390,1063,7,4.345308303833008
390,89,8,4.764212608337402
390,966,9,4.709743499755859
390,575,10,4.31912899017334
391,1142,1,4.194733142852783
391,211,2,3.90207839012146
391,513,3,4.167313575744629
391,501,4,3.631244421005249
391,525,5,4.267228603363037
391,1190,6,3.7196156978607178
391,601,7,3.7208187580108643
391,344,8,4.10697603225708
391,1067,9,4.005837917327881
391,686,10,3.8787994384765625
392,433,1,4.930212020874023
392,115,2,4.2155842781066895
392,92,3,4.366394519805908
392,479,4,5.590230941772461
392,470,5,4.714529037475586
392,498,6,4.869192123413086
392,497,7,5.075348377227783
392,694,8,4.360112190246582
392,474,9,5.103349685668945
392,1554,10,4.205495357513428
393,1331,1,3.5943517684936523
393,300,2,4.084177017211914
393,853,3,3.9198408126831055
393,1512,4,4.662231922149658
393,114,5,4.164097785949707
393,307,6,4.049557209014893
393,1243,7,3.606834650039673
393,966,8,4.176513195037842
393,301,9,3.6880674362182617
393,344,10,4.5468034744262695
394,1007,1,4.335150241851807
394,611,2,4.117372512817383
394,485,3,4.225607872009277
394,408,4,5.300559997558594
394,200,5,4.387996196746826
394,603,6,4.909668922424316
394,1607,7,4.315610408782959
394,187,8,5.033802032470703
394,498,9,4.423966407775879
394,916,10,4.345110893249512
395,8,1,4.752121448516846
395,179,2,4.696308612823486
395,778,3,4.703624725341797
395,615,4,4.648160934448242
395,504,5,4.842978000640869
395,479,6,4.871585369110107
395,1159,7,4.414634704589844
395,1401,8,4.492455005645752
395,919,9,5.069299221038818
395,511,10,4.699601650238037
396,615,1,4.429911136627197
396,169,2,4.569940090179443
396,470,3,4.386784553527832
396,310,4,4.058873653411865
396,675,5,4.203248023986816
396,645,6,4.299899578094482
396,1218,7,4.002783298492432
396,228,8,4.275873184204102
396,525,9,4.114899158477783
396,1194,10,4.399979114532471
397,463,1,4.031574249267578
397,673,2,4.13560152053833
397,180,3,5.124789237976074
397,524,4,4.241855621337891
397,200,5,4.504785537719727
397,151,6,4.48693323135376
397,470,7,4.673850059509277
397,69,8,4.081362724304199
397,302,9,4.40092134475708
397,175,10,4.457666873931885
398,1451,1,3.764742851257324
398,1594,2,3.8339946269989014
398,230,3,4.030398368835449
398,288,4,3.807497262954712
398,151,5,4.255245208740234
398,22,6,4.687530517578125
398,517,7,4.334500312805176
398,1448,8,4.413712501525879
398,380,9,4.2352800369262695
398,487,10,4.677603244781494
400,474,1,4.42034912109375
400,603,2,4.689424991607666
400,1367,3,4.073404312133789
400,480,4,4.3719964027404785
400,968,5,3.993997812271118
400,216,6,4.204440116882324
400,466,7,4.502130508422852
400,203,8,4.510817527770996
400,1396,9,4.288870811462402
400,443,10,4.100221157073975
401,300,1,3.270477533340454
401,968,2,3.4610180854797363
401,98,3,3.7427008152008057
401,549,4,4.074705600738525
401,443,5,3.469653844833374
401,806,6,3.3420701026916504
401,1537,7,3.405282974243164
401,656,8,3.539865493774414
401,568,9,3.831099510192871
401,136,10,3.611863613128662
402,82,1,4.4492082595825195
402,489,2,4.365146636962891
402,114,3,4.601505279541016
402,615,4,4.407764911651611
402,470,5,4.392111301422119
402,584,6,4.566739559173584
402,645,7,4.1334452629089355
402,1136,8,4.040521144866943
402,528,9,4.473065376281738
402,1104,10,4.512911796569824
403,484,1,5.035734176635742
403,164,2,4.406617641448975
403,176,3,4.88557767868042
403,543,4,4.19531774520874
403,805,5,4.401795387268066
403,657,6,4.764283180236816
403,208,7,4.575425624847412
403,153,8,4.804264545440674
403,902,9,4.3502655029296875
403,126,10,5.051185607910156
404,645,1,4.090290546417236
404,178,2,4.416592597961426
404,484,3,3.8416049480438232
404,208,4,4.550654411315918
404,1153,5,4.043436527252197
404,491,6,3.8015573024749756
404,488,7,3.785155773162842
404,165,8,4.416202545166016
404,568,9,4.075089931488037
404,230,10,4.342234134674072
406,1024,1,3.691049575805664
406,203,2,4.35478401184082
406,1600,3,3.697779893875122
406,344,4,4.191350936889648
406,679,5,4.2399444580078125
406,946,6,3.72969913482666
406,1208,7,3.8218586444854736
406,171,8,4.766416072845459
406,1196,9,4.1121015548706055
406,474,10,5.847824573516846
407,114,1,4.561145782470703
407,10,2,3.638507604598999
407,320,3,4.111297130584717
407,921,4,4.0792236328125
407,223,5,4.514697074890137
407,736,6,4.186944007873535
407,919,7,4.540139198303223
407,251,8,4.02510404586792
407,604,9,4.0952019691467285
407,83,10,4.39727258682251
408,275,1,4.122863292694092
408,208,2,4.565697193145752
408,48,3,4.189915180206299
408,1121,4,4.157993316650391
408,475,5,4.025639057159424
408,100,6,4.240269184112549
408,223,7,4.365998268127441
408,657,8,4.609511375427246
408,611,9,4.370386123657227
408,530,10,4.245739936828613
409,968,1,3.8407180309295654
409,324,2,4.176150321960449
409,1126,3,4.309483528137207
409,302,4,4.32353401184082
409,1021,5,3.991685628890991
409,1131,6,3.8080310821533203
409,269,7,4.624790191650391
409,242,8,4.176133155822754
409,694,9,4.2671403884887695
409,1386,10,4.01969051361084
410,1142,1,3.28279447555542
410,1194,2,3.6525771617889404
410,735,3,3.696662425994873
410,480,4,3.679896831512451
410,313,5,3.94779372215271
410,514,6,3.713447332382202
410,1021,7,3.459662914276123
410,143,8,3.7239599227905273
410,661,9,3.5159924030303955
410,484,10,3.633653163909912
411,615,1,4.223049163818359
411,64,2,4.17732572555542
411,12,3,4.25473165512085
411,520,4,3.753692626953125
411,610,5,3.807708501815796
411,199,6,4.754286289215088
411,274,7,4.012083053588867
411,530,8,3.8169898986816406
411,919,9,4.402528762817383
411,267,10,3.8397839069366455
412,603,1,4.691226482391357
412,132,2,3.9534475803375244
412,157,3,4.36787223815918
412,484,4,4.4781694412231445
412,251,5,4.555726528167725
412,100,6,4.720577239990234
412,262,7,3.928924798965454
412,265,8,4.38098669052124
412,850,9,4.121009826660156
412,601,10,4.084214210510254
413,1064,1,3.994384765625
413,496,2,4.519965171813965
413,466,3,4.017171382904053
413,645,4,4.010855674743652
413,204,5,4.016664028167725
413,151,6,4.356469631195068
413,153,7,3.942985773086548
413,432,8,3.9726462364196777
413,408,9,4.187925338745117
413,46,10,3.9440195560455322
414,12,1,5.474626064300537
414,315,2,4.865764141082764
414,478,3,5.176051139831543
414,174,4,4.668712139129639
414,916,5,4.4673686027526855
414,718,6,4.668618679046631
414,119,7,4.784116268157959
414,701,8,4.40484619140625
414,1268,9,4.810002326965332
414,89,10,4.736587047576904
415,134,1,4.807311058044434
415,211,2,4.550088405609131
415,1240,3,4.37057638168335
415,100,4,4.137683391571045
415,613,5,4.438129901885986
415,143,6,4.137715816497803
415,315,7,4.179436683654785
415,250,8,4.398910045623779
415,520,9,4.527737617492676
415,850,10,4.234647274017334
416,194,1,4.305142879486084
416,326,2,3.6946895122528076
416,228,3,4.392952919006348
416,527,4,4.420790672302246
416,75,5,3.9097585678100586
416,488,6,4.118198394775391
416,1367,7,4.156731605529785
416,198,8,4.080803871154785
416,508,9,4.200716972351074
416,479,10,4.7982048988342285
417,435,1,3.892031669616699
417,520,2,3.934224843978882
417,1367,3,3.987556219100952
417,1439,4,4.050551414489746
417,589,5,4.4585113525390625
417,615,6,3.836927890777588
417,320,7,4.5308427810668945
417,143,8,3.979694128036499
417,753,9,4.5517449378967285
417,251,10,4.097816467285156
418,519,1,3.677823305130005
418,326,2,3.8104357719421387
418,82,3,3.93218994140625
418,654,4,3.3726325035095215
418,246,5,3.746147632598877
418,174,6,3.9456000328063965
418,596,7,3.643548011779785
418,483,8,4.224020004272461
418,1039,9,3.8126955032348633
418,28,10,4.490292549133301
419,661,1,4.503683090209961
419,968,2,4.1711626052856445
419,408,3,4.809671878814697
419,64,4,4.5932698249816895
419,513,5,4.712301254272461
419,653,6,4.678145885467529
419,166,7,4.609659194946289
419,119,8,4.631805896759033
419,521,9,4.466897964477539
419,1159,10,4.809721946716309
420,132,1,4.42827033996582
420,498,2,4.676187992095947
420,100,3,4.217997074127197
420,42,4,4.305468559265137
420,404,5,4.113324165344238
420,966,6,4.221743583679199
420,1523,7,4.050244331359863
420,1099,8,4.382709980010986
420,644,9,4.236733913421631
420,23,10,4.584232807159424
421,228,1,4.93284273147583
421,297,2,4.093414306640625
421,432,3,4.043445110321045
421,1142,4,4.580400466918945
421,367,5,4.30482816696167
421,1021,6,4.42820930480957
421,813,7,4.1131086349487305
421,223,8,3.985628843307495
421,661,9,3.872239828109741
421,532,10,4.261679649353027
422,71,1,3.9323413372039795
422,166,2,4.363239288330078
422,189,3,4.281973361968994
422,588,4,3.9561197757720947
422,1065,5,4.182631015777588
422,1019,6,4.040740013122559
422,186,7,4.5112433433532715
422,613,8,4.390146255493164
422,344,9,4.568240165710449
422,1073,10,4.257431507110596
423,524,1,4.2332963943481445
423,178,2,4.695180892944336
423,641,3,4.581365585327148
423,320,4,4.25747537612915
423,603,5,4.565341949462891
423,663,6,4.386636734008789
423,419,7,3.8939096927642822
423,132,8,4.035914897918701
423,656,9,4.393651008605957
423,423,10,4.4698100090026855
424,285,1,4.258897304534912
424,425,2,3.9703383445739746
424,179,3,4.030318737030029
424,174,4,4.063162326812744
424,156,5,4.470831394195557
424,520,6,3.9624812602996826
424,207,7,4.7048187255859375
424,488,8,4.345958709716797
424,1203,9,4.081394672393799
424,164,10,4.874734878540039
425,150,1,4.603436470031738
425,633,2,3.8014025688171387
425,1137,3,3.6053335666656494
425,615,4,4.13607120513916
425,404,5,3.3987255096435547
425,484,6,3.760589122772217
425,372,7,3.7759900093078613
425,601,8,3.4086148738861084
425,479,9,4.000646591186523
425,204,10,3.36130952835083
426,185,1,4.113934516906738
426,152,2,4.209031105041504
426,1193,3,4.008193492889404
426,73,4,3.9195306301116943
426,1203,5,4.219271659851074
426,622,6,3.7532196044921875
426,96,7,4.290431499481201
426,272,8,4.382466793060303
426,202,9,4.8540754318237305
426,420,10,3.7643682956695557
427,602,1,4.835270881652832
427,1512,2,4.870518207550049
427,48,3,4.7360920906066895
427,211,4,4.825433254241943
427,484,5,4.542016506195068
427,526,6,4.755832195281982
427,1523,7,4.318925857543945
427,414,8,4.313913822174072
427,483,9,5.4842634201049805
427,267,10,4.4009904861450195
428,224,1,4.585489273071289
428,83,2,4.874493598937988
428,608,3,4.794399738311768
428,22,4,5.234926700592041
428,530,5,4.890533447265625
428,431,6,4.9188995361328125
428,119,7,4.84029483795166
428,169,8,5.068169116973877
428,963,9,5.0197672843933105
428,168,10,5.099203109741211
429,543,1,3.8045449256896973
429,119,2,4.005364894866943
429,1451,3,4.069815158843994
429,474,4,3.8163950443267822
429,1386,5,3.5210952758789062
429,523,6,4.263676166534424
429,750,7,4.089295387268066
429,592,8,3.6116349697113037
429,169,9,4.591243267059326
429,1007,10,3.9859776496887207
430,493,1,3.5774755477905273
430,223,2,4.785822868347168
430,144,3,4.217700481414795
430,498,4,3.8176698684692383
430,162,5,3.664673328399658
430,1268,6,3.6931867599487305
430,520,7,4.219813823699951
430,200,8,3.8267414569854736
430,634,9,3.911081552505493
430,652,10,4.739707946777344
431,516,1,3.9877803325653076
431,143,2,4.097902297973633
431,853,3,4.0700154304504395
431,479,4,4.169013500213623
431,1101,5,4.057903289794922
431,1639,6,4.06156587600708
431,966,7,4.1633830070495605
431,119,8,4.106015205383301
431,603,9,4.604992866516113
431,12,10,4.27095890045166
432,378,1,4.350646495819092
432,194,2,4.7217535972595215
432,219,3,4.0317206382751465
432,86,4,4.911187171936035
432,523,5,4.147711753845215
432,648,6,4.766980171203613
432,659,7,4.5118913650512695
432,596,8,4.489961624145508
432,434,9,3.997648000717163
432,530,10,4.120393753051758
433,134,1,4.6000447273254395
433,182,2,4.488914489746094
433,119,3,4.211719989776611
433,169,4,4.66294527053833
433,52,5,4.018033027648926
433,610,6,3.874481439590454
433,603,7,4.270864963531494
433,20,8,4.714667320251465
433,1020,9,4.095607757568359
433,151,10,4.484638214111328
434,604,1,4.0572590827941895
434,603,2,5.248024940490723
434,850,3,3.905522108078003
434,102,4,3.9067134857177734
434,498,5,4.741994857788086
434,177,6,4.207983016967773
434,119,7,4.169172763824463
434,504,8,4.334676742553711
434,414,9,3.961947441101074
434,958,10,4.2754926681518555
435,859,1,4.000357151031494
435,615,2,4.24557638168335
435,611,3,4.270391464233398
435,1142,4,4.4385223388671875
435,513,5,4.45474910736084
435,1459,6,4.166607856750488
435,529,7,4.74596643447876
435,1463,8,3.6736035346984863
435,923,9,3.882838726043701
435,1483,10,4.147390842437744
436,675,1,4.71951961517334
436,161,2,4.1478447914123535
436,272,3,4.811088562011719
436,511,4,4.534002304077148
436,479,5,5.099668979644775
436,525,6,4.591742515563965
436,315,7,4.88564920425415
436,486,8,4.3745808601379395
436,812,9,4.132634162902832
436,477,10,4.465636253356934
437,317,1,4.84802770614624
437,1367,2,4.550528049468994
437,168,3,3.688196897506714
437,194,4,4.538049221038818
437,269,5,5.09186315536499
437,298,6,4.560517311096191
437,1377,7,3.721607208251953
437,633,8,4.298157691955566
437,519,9,4.611414909362793
437,1005,10,4.670099258422852
438,1451,1,4.680264472961426
438,515,2,4.846546173095703
438,32,3,4.218770503997803
438,705,4,4.745477676391602
438,694,5,4.338034152984619
438,1449,6,4.839926719665527
438,39,7,4.452023506164551
438,169,8,4.895985126495361
438,1500,9,4.674922466278076
438,12,10,4.886810302734375
439,48,1,4.402002334594727
439,432,2,4.377152442932129
439,482,3,4.340992450714111
439,114,4,4.128586292266846
439,124,5,4.331260681152344
439,143,6,4.279297828674316
439,208,7,4.565945148468018
439,83,8,4.429691314697266
439,12,9,4.766889572143555
439,641,10,4.42359733581543
440,1125,1,4.688670635223389
440,519,2,4.582757949829102
440,432,3,5.2661309242248535
440,518,4,5.197636604309082
440,1240,5,4.785702228546143
440,414,6,4.746211528778076
440,177,7,5.205304145812988
440,200,8,5.556807041168213
440,1523,9,4.793971538543701
440,1449,10,5.103053092956543
441,268,1,4.118708610534668
441,115,2,3.6011557579040527
441,153,3,3.9094247817993164
441,489,4,4.0343732833862305
441,513,5,4.4321770668029785
441,1121,6,3.657262086868286
441,169,7,4.261064529418945
441,114,8,4.178694725036621
441,430,9,3.8394861221313477
441,1449,10,4.2687859535217285
442,432,1,4.101168155670166
442,647,2,4.658870220184326
442,536,3,3.508327007293701
442,525,4,3.52056884765625
442,657,5,4.052230358123779
442,493,6,4.02883243560791
442,1142,7,4.682668209075928
442,662,8,3.657036781311035
442,486,9,3.8855032920837402
442,679,10,3.829021453857422
443,211,1,4.333978176116943
443,520,2,4.310946464538574
443,185,3,4.50367546081543
443,969,4,4.469499111175537
443,169,5,5.013498306274414
443,214,6,4.5052595138549805
443,603,7,4.995238780975342
443,272,8,4.8979692459106445
443,203,9,4.549433708190918
443,50,10,4.595091342926025
444,451,1,4.36146879196167
444,838,2,4.060814380645752
444,474,3,4.381435871124268
444,1159,4,4.208010673522949
444,198,5,4.542402744293213
444,45,6,4.20559549331665
444,530,7,4.465815544128418
444,1599,8,4.137019157409668
444,119,9,4.327658176422119
444,216,10,4.7695088386535645
445,462,1,2.980452060699463
445,515,2,3.2823686599731445
445,705,3,2.6494362354278564
445,48,4,2.471764326095581
445,1073,5,2.6346726417541504
445,663,6,2.6801724433898926
445,1066,7,2.576566696166992
445,427,8,3.4295084476470947
445,1512,9,3.1103739738464355
445,177,10,2.64082932472229
446,515,1,3.781602382659912
446,1142,2,3.5404858589172363
446,302,3,4.359347343444824
446,694,4,3.8823301792144775
446,494,5,3.8030612468719482
446,432,6,3.9271745681762695
446,83,7,3.4890997409820557
446,59,8,4.031128883361816
446,504,9,3.9695210456848145
446,169,10,4.019952774047852
447,1523,1,3.914255380630493
447,705,2,3.95969295501709
447,425,3,4.159278869628906
447,131,4,4.08909273147583
447,119,5,4.562699794769287
447,603,6,4.619655609130859
447,811,7,4.377566337585449
447,326,8,3.9111785888671875
447,622,9,3.9585816860198975
447,654,10,4.300793647766113
448,91,1,3.4819836616516113
448,514,2,4.717144012451172
448,607,3,4.276336193084717
448,479,4,4.831845760345459
448,313,5,3.4532217979431152
448,543,6,3.6771183013916016
448,653,7,3.9747679233551025
448,517,8,4.26108455657959
448,603,9,4.565663814544678
448,813,10,3.531477212905884
449,474,1,5.040744781494141
449,1084,2,3.8532748222351074
449,56,3,4.881120204925537
449,615,4,4.153450965881348
449,498,5,4.156533241271973
449,656,6,4.314748764038086
449,414,7,4.050323009490967
449,1512,8,4.043334007263184
449,436,9,3.792649745941162
449,813,10,3.95998215675354
450,1600,1,4.033745765686035
450,1133,2,4.000185012817383
450,466,3,4.0756916999816895
450,811,4,4.319460868835449
450,1136,5,4.372618675231934
450,129,6,4.2031168937683105
450,1459,7,4.084890842437744
450,1512,8,4.572414875030518
450,484,9,4.486722469329834
450,515,10,4.887496471405029
452,157,1,4.211939334869385
452,547,2,3.2613134384155273
452,1154,3,3.3549981117248535
452,511,4,4.6737446784973145
452,1169,5,3.5552737712860107
452,484,6,4.25119161605835
452,1367,7,4.060657978057861
452,811,8,3.293856382369995
452,28,9,3.8361034393310547
452,217,10,3.798758029937744
454,1160,1,3.9983317852020264
454,320,2,3.6763269901275635
454,966,3,3.3435797691345215
454,608,4,3.2781317234039307
454,826,5,3.266862154006958
454,918,6,3.1400465965270996
454,625,7,3.4576919078826904
454,613,8,3.767876625061035
454,1243,9,3.3987114429473877
454,1114,10,3.5366435050964355
455,494,1,4.176889419555664
455,661,2,4.636456489562988
455,199,3,4.25621223449707
455,963,4,4.360898017883301
455,1467,5,3.797372579574585
455,484,6,4.045910358428955
455,902,7,3.8766398429870605
455,1142,8,4.011494159698486
455,916,9,4.182092666625977
455,443,10,4.092158794403076
456,48,1,4.5279693603515625
456,83,2,4.294923305511475
456,114,3,4.240755558013916
456,195,4,4.296107292175293
456,488,5,4.151744842529297
456,500,6,4.321581840515137
456,1536,7,4.405665397644043
456,425,8,4.085958957672119
456,1160,9,4.038508415222168
456,694,10,4.519532203674316
457,656,1,4.660884380340576
457,694,2,4.5908026695251465
457,1084,3,4.523576736450195
457,1449,4,4.900547027587891
457,705,5,4.968558311462402
457,187,6,5.052988052368164
457,634,7,4.2957000732421875
457,209,8,5.455031871795654
457,684,9,4.263181209564209
457,646,10,4.273067951202393
458,1459,1,3.766984224319458
458,671,2,4.089367866516113
458,68,3,4.2466912269592285
458,507,4,4.687159061431885
458,1187,5,4.014108180999756
458,493,6,4.549936294555664
458,185,7,4.782741546630859
458,609,8,3.821523904800415
458,970,9,4.190364837646484
458,1413,10,3.9851269721984863
459,1081,1,3.9188098907470703
459,1159,2,4.622766017913818
459,251,3,4.181392192840576
459,174,4,4.758940696716309
459,88,5,4.360809326171875
459,1512,6,4.5382304191589355
459,204,7,5.034017562866211
459,1022,8,4.107672691345215
459,176,9,4.024446487426758
459,308,10,4.125098705291748
460,850,1,3.9056124687194824
460,134,2,3.9375171661376953
460,645,3,3.521618604660034
460,169,4,4.077732563018799
460,50,5,4.1265435218811035
460,835,6,4.0839080810546875
460,416,7,3.435900926589966
460,470,8,3.8742587566375732
460,12,9,3.4576640129089355
460,427,10,3.703187942504883
461,1201,1,3.354801654815674
461,98,2,3.8406150341033936
461,433,3,3.4157750606536865
461,513,4,3.9022727012634277
461,530,5,3.9137346744537354
461,436,6,3.610018253326416
461,1131,7,3.655909538269043
461,275,8,3.9229094982147217
461,175,9,3.949402093887329
461,504,10,3.8756208419799805
462,189,1,5.168768405914307
462,493,2,4.805019855499268
462,966,3,5.06939172744751
462,1125,4,4.578007698059082
462,1585,5,4.59630823135376
462,479,6,5.076323986053467
462,318,7,5.2380452156066895
462,515,8,5.403600215911865
462,496,9,5.351907253265381
462,656,10,4.8495588302612305
463,318,1,4.794769763946533
463,605,2,3.605548143386841
463,480,3,4.843284606933594
463,197,4,4.652575492858887
463,272,5,4.1333160400390625
463,603,6,4.340056896209717
463,315,7,4.730451583862305
463,238,8,4.252671241760254
463,657,9,4.084586143493652
463,86,10,4.2410149574279785
464,91,1,4.6278204917907715
464,966,2,4.632129669189453
464,173,3,5.002814292907715
464,285,4,4.919171333312988
464,1050,5,4.542008399963379
464,64,6,4.8876471519470215
464,646,7,4.393059730529785
464,187,8,4.677201747894287
464,114,9,4.652393817901611
464,499,10,4.502859115600586
466,532,1,3.9633665084838867
466,701,2,4.247031211853027
466,211,3,4.267312049865723
466,132,4,5.069948196411133
466,166,5,4.116652965545654
466,12,6,4.343591690063477
466,1021,7,4.554574489593506
466,186,8,3.8942344188690186
466,513,9,5.217896938323975
466,164,10,4.05854606628418
467,178,1,4.520223140716553
467,182,2,4.928897857666016
467,603,3,4.483835220336914
467,584,4,4.37138032913208
467,615,5,4.063129425048828
467,168,6,4.172995090484619
467,1007,7,4.175654411315918
467,179,8,4.821232318878174
467,488,9,4.218471527099609
467,968,10,3.8631484508514404
468,491,1,4.467690944671631
468,154,2,4.718822479248047
468,418,3,4.354618549346924
468,268,4,4.730299472808838
468,177,5,4.619441986083984
468,188,6,4.723215579986572
468,198,7,4.606694221496582
468,730,8,4.110613822937012
468,482,9,4.165672779083252
468,654,10,4.3849287033081055
469,48,1,5.594020843505859
469,169,2,4.763888835906982
469,408,3,4.67714262008667
469,175,4,4.859374046325684
469,697,5,4.3311767578125
469,1158,6,4.60032844543457
469,657,7,4.491337299346924
469,187,8,4.535541534423828
469,530,9,4.232826232910156
469,394,10,4.191011905670166
470,189,1,4.381595611572266
470,60,2,4.421451091766357
470,208,3,4.860770225524902
470,496,4,4.895363807678223
470,119,5,4.209939956665039
470,538,6,4.1881208419799805
470,200,7,4.3919677734375
470,603,8,4.533955097198486
470,513,9,4.294776916503906
470,97,10,4.123269081115723
471,478,1,4.207640647888184
471,1064,2,3.672589063644409
471,234,3,4.450052261352539
471,22,4,4.9083757400512695
471,1431,5,3.5292763710021973
471,960,6,3.7410964965820312
471,533,7,3.776991844177246
471,408,8,4.013561248779297
471,275,9,4.031696319580078
471,511,10,3.9535417556762695
472,87,1,5.458639621734619
472,479,2,5.206977844238281
472,781,3,4.52180290222168
472,258,4,4.70133638381958
472,774,5,4.765018463134766
472,1612,6,4.577840328216553
472,963,7,5.026289939880371
472,463,8,4.778890609741211
472,115,9,4.887889385223389
472,510,10,5.253021240234375
473,32,1,4.270177841186523
473,603,2,4.495832920074463
473,114,3,4.567156791687012
473,835,4,4.182310104370117
473,316,5,4.670252323150635
473,64,6,5.033680438995361
473,525,7,4.428219318389893
473,174,8,4.098347187042236
473,510,9,4.330603122711182
473,657,10,4.3598151206970215
474,644,1,4.733675956726074
474,1459,2,4.160452842712402
474,1600,3,4.3438801765441895
474,1449,4,4.695442199707031
474,701,5,4.475314617156982
474,512,6,5.0194172859191895
474,746,7,3.970742702484131
474,844,8,4.083649635314941
474,500,9,4.010003566741943
474,533,10,4.466477394104004
475,530,1,4.220297813415527
475,1169,2,3.446068048477173
475,513,3,4.057529926300049
475,922,4,3.6539766788482666
475,654,5,3.550813913345337
475,615,6,3.9727554321289062
475,483,7,4.130573272705078
475,172,8,3.419022798538208
475,478,9,3.6573996543884277
475,187,10,3.726410388946533
476,163,1,3.783195972442627
476,179,2,4.464254379272461
476,1019,3,4.111873149871826
476,523,4,4.451231002807617
476,283,5,4.097560882568359
476,114,6,4.266111373901367
476,176,7,4.4947333335876465
476,12,8,4.0734100341796875
476,922,9,3.972543716430664
476,1515,10,3.8096492290496826
477,1194,1,5.111904621124268
477,2,2,4.778940200805664
477,357,3,4.999252796173096
477,115,4,4.9565510749816895
477,922,5,4.82081937789917
477,654,6,4.623167991638184
477,208,7,4.856132507324219
477,1154,8,4.575380325317383
477,684,9,4.698679447174072
477,478,10,5.198969841003418
478,214,1,4.808032035827637
478,526,2,4.530127048492432
478,505,3,3.8538804054260254
478,792,4,4.362668514251709
478,1139,5,3.9866397380828857
478,418,6,4.575223922729492
478,1064,7,3.87660551071167
478,969,8,4.127995014190674
478,265,9,3.9427473545074463
478,132,10,4.560530662536621
479,850,1,4.297914505004883
479,954,2,3.878767490386963
479,443,3,3.839529275894165
479,171,4,4.20004940032959
479,302,5,4.539885520935059
479,269,6,4.284219264984131
479,124,7,4.733920574188232
479,357,8,4.30617094039917
479,166,9,4.379907131195068
479,644,10,4.116367816925049
480,153,1,3.8561553955078125
480,813,2,4.167426586151123
480,210,3,3.793145179748535
480,19,4,4.41959285736084
480,205,5,4.327557563781738
480,1459,6,3.6654555797576904
480,513,7,4.091477394104004
480,811,8,3.820242404937744
480,525,9,4.318387031555176
480,1515,10,3.6001174449920654
481,186,1,4.673212051391602
481,644,2,4.389654159545898
481,177,3,4.762072563171387
481,513,4,4.93516206741333
481,12,5,4.524590015411377
481,143,6,4.277299404144287
481,431,7,4.330874443054199
481,203,8,4.644847393035889
481,52,9,4.753346920013428
481,520,10,4.760965347290039
482,22,1,4.949388027191162
482,705,2,4.6321845054626465
482,850,3,4.368433475494385
482,888,4,4.065006256103516
482,132,5,4.565605163574219
482,513,6,4.359965801239014
482,488,7,4.515894412994385
482,1589,8,4.193085670471191
482,195,9,4.817498207092285
482,463,10,4.254846572875977
483,119,1,3.7030527591705322
483,694,2,4.270489692687988
483,171,3,3.8977088928222656
483,10,4,4.030088901519775
483,174,5,4.424820423126221
483,126,6,3.837297201156616
483,169,7,4.216677665710449
483,1159,8,3.868457555770874
483,166,9,3.738262891769409
483,198,10,3.809800148010254
484,520,1,4.433658123016357
484,191,2,4.739977836608887
484,661,3,4.289375305175781
484,1558,4,4.639031887054443
484,1098,5,4.601881504058838
484,968,6,4.074130058288574
484,740,7,4.488040924072266
484,487,8,4.541873455047607
484,190,9,5.190581321716309
484,1367,10,4.5728960037231445
485,251,1,3.9834680557250977
485,813,2,3.8808231353759766
485,836,3,3.7835466861724854
485,114,4,4.444822311401367
485,175,5,4.258995532989502
485,420,6,4.079723834991455
485,511,7,4.21531867980957
485,750,8,3.890472412109375
485,4,9,4.328457832336426
485,654,10,4.95094108581543
486,404,1,4.120729446411133
486,189,2,4.042046546936035
486,482,3,4.631396293640137
486,498,4,4.328070163726807
486,491,5,4.381643295288086
486,316,6,4.238299369812012
486,98,7,4.573117256164551
486,493,8,3.9712636470794678
486,694,9,3.7347631454467773
486,671,10,4.245088577270508
487,283,1,4.137801647186279
487,205,2,4.459163665771484
487,519,3,3.976959228515625
487,634,4,3.948805332183838
487,1367,5,4.206552982330322
487,292,6,4.549154758453369
487,168,7,4.968506813049316
487,211,8,4.772751808166504
487,114,9,4.531652450561523
487,510,10,5.474852561950684
488,114,1,3.6685664653778076
488,684,2,4.032950401306152
488,519,3,3.4056832790374756
488,119,4,3.6401710510253906
488,1594,5,3.645963191986084
488,854,6,3.3348329067230225
488,51,7,4.130753040313721
488,165,8,4.0264482498168945
488,1450,9,3.5084481239318848
488,277,10,3.3628387451171875
489,24,1,4.625643730163574
489,1367,2,4.6763739585876465
489,644,3,4.442893981933594
489,180,4,5.082561492919922
489,357,5,5.648233890533447
489,183,6,5.184482097625732
489,922,7,4.587262153625488
489,89,8,5.157268047332764
489,169,9,4.915380001068115
489,520,10,4.885460376739502
490,50,1,3.608999013900757
490,91,2,3.2175652980804443
490,609,3,3.2077462673187256
490,525,4,3.651034355163574
490,657,5,3.5560250282287598
490,4,6,3.0360403060913086
490,646,7,2.9432363510131836
490,463,8,3.357212781906128
490,134,9,3.8688507080078125
490,603,10,3.6738078594207764
491,298,1,4.083449363708496
491,56,2,4.388310432434082
491,513,3,4.412514686584473
491,423,4,4.268747806549072
491,656,5,3.910498857498169
491,1449,6,4.386329174041748
491,203,7,4.45883846282959
491,431,8,4.172842025756836
491,1251,9,3.867259979248047
491,11,10,4.132628917694092
492,408,1,3.973971366882324
492,320,2,3.307626485824585
492,183,3,3.2170937061309814
492,675,4,3.813861846923828
492,641,5,3.5245044231414795
492,603,6,3.797049045562744
492,151,7,3.5284299850463867
492,114,8,3.7200844287872314
492,916,9,3.494345188140869
492,8,10,3.945706367492676
493,408,1,5.240567684173584
493,615,2,4.0723161697387695
493,701,3,4.344902992248535
493,302,4,4.926211833953857
493,484,5,4.434806823730469
493,675,6,3.9605042934417725
493,916,7,4.8310747146606445
493,1419,8,4.181864261627197
493,1367,9,4.387063026428223
493,478,10,4.512726306915283
494,1073,1,3.918419599533081
494,318,2,5.12537956237793
494,519,3,4.237163543701172
494,115,4,4.257174015045166
494,189,5,4.922850608825684
494,343,6,3.95336651802063
494,213,7,4.205978870391846
494,320,8,4.419695854187012
494,436,9,4.40798807144165
494,116,10,4.060829162597656
495,1367,1,4.546541213989258
495,430,2,4.533396244049072
495,813,3,4.557497978210449
495,634,4,4.488150119781494
495,1134,5,4.482929706573486
495,484,6,4.72941255569458
495,966,7,4.412195205688477
495,661,8,5.0454583168029785
495,526,9,4.86204719543457
495,646,10,4.468095779418945
496,15,1,3.4835524559020996
496,307,2,4.101187705993652
496,48,3,4.646451950073242
496,839,4,3.2799148559570312
496,316,5,4.866809844970703
496,76,6,3.5359010696411133
496,1073,7,4.249521732330322
496,455,8,4.42115592956543
496,488,9,3.3876681327819824
496,646,10,3.3199126720428467
497,628,1,3.806307315826416
497,525,2,4.275652885437012
497,209,3,3.6135451793670654
497,349,4,3.646605968475342
497,939,5,3.8770058155059814
497,116,6,4.8567609786987305
497,1293,7,3.8440706729888916
497,694,8,4.356003284454346
497,902,9,3.9699721336364746
497,285,10,4.3650336265563965
498,320,1,3.6843857765197754
498,1099,2,3.5710134506225586
498,196,3,3.438070297241211
498,466,4,3.9855167865753174
498,170,5,3.58961820602417
498,510,6,3.8061556816101074
498,1449,7,4.169023036956787
498,921,8,3.42492938041687
498,589,9,3.671388626098633
498,324,10,3.255417823791504
499,203,1,4.536657333374023
499,114,2,4.5884575843811035
499,587,3,4.054182052612305
499,42,4,5.117929458618164
499,865,5,4.410118579864502
499,850,6,4.285238265991211
499,936,7,4.816783428192139
499,479,8,4.145201206207275
499,1198,9,3.9932351112365723
499,709,10,4.747434139251709
500,657,1,4.636290550231934
500,603,2,4.448277473449707
500,201,3,4.269198894500732
500,968,4,4.054176330566406
500,614,5,4.058069229125977
500,965,6,4.003227710723877
500,778,7,3.9554684162139893
500,360,8,3.8731117248535156
500,745,9,4.48521614074707
500,239,10,3.9059605598449707
501,1386,1,4.393095016479492
501,513,2,4.931219577789307
501,945,3,4.575372219085693
501,420,4,4.479930877685547
501,607,5,4.661954879760742
501,661,6,4.592754364013672
501,1159,7,4.262512683868408
501,320,8,4.610598564147949
501,187,9,4.753970146179199
501,494,10,4.532952308654785
502,1007,1,4.106257915496826
502,1142,2,4.59557580947876
502,496,3,4.933142185211182
502,515,4,4.313819885253906
502,318,5,4.964419841766357
502,275,6,4.247856616973877
502,11,7,4.759822368621826
502,750,8,4.010097026824951
502,179,9,4.681639671325684
502,624,10,4.161092281341553
503,742,1,4.331600189208984
503,1500,2,4.439173698425293
503,611,3,4.491157531738281
503,853,4,4.860976696014404
503,602,5,4.419795036315918
503,418,6,4.480903625488281
503,527,7,4.642976760864258
503,589,8,4.8396759033203125
503,525,9,4.855807304382324
503,32,10,4.280610084533691
504,12,1,4.529722690582275
504,1000,2,4.022729396820068
504,684,3,4.020296096801758
504,645,4,4.451140880584717
504,287,5,4.381163120269775
504,1536,6,4.197258949279785
504,1462,7,4.4995880126953125
504,781,8,4.613091945648193
504,491,9,4.150684356689453
504,610,10,4.249659538269043
505,519,1,3.9119162559509277
505,1121,2,4.150590419769287
505,470,3,4.617197036743164
505,524,4,4.049454689025879
505,218,5,3.699439287185669
505,451,6,4.353714942932129
505,1218,7,3.943601608276367
505,75,8,3.647625207901001
505,379,9,3.6940078735351562
505,520,10,4.558631896972656
506,1121,1,4.462109565734863
506,1643,2,4.235172748565674
506,257,3,4.045426368713379
506,117,4,4.721201419830322
506,1501,5,3.9211835861206055
506,480,6,4.138457775115967
506,448,7,4.009055137634277
506,653,8,4.391117572784424
506,1636,9,4.385371208190918
506,1004,10,3.9180550575256348
507,520,1,5.495328903198242
507,174,2,4.995052337646484
507,588,3,5.654275417327881
507,179,4,4.82523775100708
507,60,5,5.394013404846191
507,200,6,5.438902378082275
507,1101,7,5.3514227867126465
507,226,8,5.198694229125977
507,603,9,5.144554138183594
507,1269,10,5.553404331207275
508,1623,1,3.9323577880859375
508,1007,2,3.907419204711914
508,884,3,3.793978691101074
508,306,4,4.564961910247803
508,170,5,4.765965461730957
508,177,6,4.134512424468994
508,171,7,4.5649518966674805
508,603,8,4.365452766418457
508,1143,9,3.9229769706726074
508,404,10,3.9358410835266113
509,257,1,3.4151322841644287
509,705,2,3.3937432765960693
509,22,3,3.7763819694519043
509,203,4,3.3766515254974365
509,916,5,3.242302417755127
509,707,6,3.684532880783081
509,644,7,3.2528555393218994
509,474,8,3.572927951812744
509,660,9,3.9166183471679688
509,1007,10,3.9264748096466064
510,186,1,3.854160785675049
510,493,2,3.8592991828918457
510,647,3,3.832653045654297
510,1118,4,3.7060999870300293
510,488,5,3.7402496337890625
510,408,6,4.400219917297363
510,549,7,3.8930845260620117
510,210,8,4.100366115570068
510,705,9,4.112837314605713
510,850,10,4.153286933898926
511,1368,1,4.834780693054199
511,520,2,4.741364479064941
511,489,3,4.701087951660156
511,675,4,4.802982807159424
511,965,5,4.675676345825195
511,850,6,4.857996463775635
511,603,7,5.392540454864502
511,963,8,4.983429431915283
511,127,9,5.379953384399414
511,519,10,5.0405097007751465
512,172,1,4.516529560089111
512,50,2,4.675668716430664
512,466,3,3.874438524246216
512,251,4,4.432240009307861
512,1558,5,3.897944688796997
512,1531,6,3.843276262283325
512,119,7,4.037263870239258
512,315,8,4.549327850341797
512,525,9,4.284843921661377
512,850,10,4.162399768829346
513,22,1,4.896977424621582
513,121,2,4.104416370391846
513,648,3,4.143477439880371
513,513,4,4.369555473327637
513,174,5,4.652736186981201
513,204,6,4.550689220428467
513,282,7,4.4664225578308105
513,198,8,4.296952724456787
513,611,9,4.39430570602417
513,61,10,4.233942031860352
514,963,1,5.290511608123779
514,679,2,4.590644836425781
514,1524,3,4.0743632316589355
514,1084,4,4.448058128356934
514,479,5,4.666264057159424
514,526,6,4.0912346839904785
514,1269,7,4.49770450592041
514,573,8,3.9774694442749023
514,1462,9,4.190985202789307
514,248,10,4.793209552764893
516,134,1,4.909759521484375
516,22,2,4.563620090484619
516,203,3,4.932009696960449
516,33,4,4.567760944366455
516,119,5,4.572192668914795
516,1137,6,4.934913158416748
516,100,7,4.5972137451171875
516,603,8,5.084002494812012
516,527,9,4.954519748687744
516,114,10,4.832348346710205
517,963,1,3.804124116897583
517,525,2,4.034481525421143
517,835,3,3.199326515197754
517,200,4,3.5962021350860596
517,169,5,3.8993330001831055
517,175,6,3.7260875701904297
517,298,7,3.187225103378296
517,1193,8,3.6396498680114746
517,684,9,3.1719417572021484
517,12,10,4.403484344482422
518,945,1,4.737785339355469
518,835,2,4.183321475982666
518,520,3,4.332357406616211
518,936,4,5.061527252197266
518,966,5,4.26661491394043
518,659,6,4.5810747146606445
518,89,7,4.5189642906188965
518,750,8,5.25754451751709
518,1523,9,4.0811896324157715
518,265,10,4.64375114440918
519,381,1,4.415164947509766
519,210,2,4.789603233337402
519,175,3,5.168873310089111
519,114,4,4.8302483558654785
519,612,5,4.678832530975342
519,657,6,5.327305793762207
519,498,7,5.76505184173584
519,922,8,4.5192766189575195
519,482,9,5.248837947845459
519,474,10,5.462148189544678
520,483,1,5.096742153167725
520,963,2,4.743584632873535
520,181,3,4.950785160064697
520,613,4,4.480392932891846
520,648,5,4.2812042236328125
520,484,6,4.603059768676758
520,209,7,4.4729204177856445
520,119,8,4.648911952972412
520,661,9,5.007185935974121
520,611,10,4.746824264526367
521,198,1,4.053843975067139
521,768,2,3.320925235748291
521,432,3,3.4600024223327637
521,295,4,3.420429229736328
521,861,5,3.383970022201538
521,1084,6,3.551102638244629
521,601,7,3.434343099594116
521,116,8,4.172215461730957
521,1019,9,4.0845842361450195
521,640,10,3.8289291858673096
522,194,1,4.845604419708252
522,963,2,4.720257759094238
522,588,3,4.429590225219727
522,853,4,4.313745975494385
522,175,5,4.149570941925049
522,171,6,4.4369611740112305
522,607,7,4.095160961151123
522,1451,8,3.973342180252075
522,56,9,5.406052589416504
522,701,10,4.276147842407227
524,966,1,4.357086658477783
524,653,2,4.448774814605713
524,494,3,3.7598071098327637
524,1194,4,4.581001281738281
524,1531,5,4.147549152374268
524,169,6,4.4998250007629395
524,515,7,4.734147548675537
524,604,8,4.080925941467285
524,1111,9,4.257510185241699
524,75,10,4.056335926055908
525,421,1,3.714022397994995
525,1159,2,3.6496658325195312
525,445,3,3.5309860706329346
525,211,4,3.8186869621276855
525,52,5,4.099026203155518
525,805,6,3.745635509490967
525,265,7,4.072287082672119
525,511,8,3.785111665725708
525,443,9,3.779148578643799
525,96,10,3.7473196983337402
526,79,1,3.771960973739624
526,674,2,3.5171620845794678
526,133,3,3.744786262512207
526,520,4,3.6713430881500244
526,114,5,3.5599303245544434
526,603,6,4.7844438552856445
526,423,7,3.651675224304199
526,485,8,3.7329423427581787
526,474,9,4.587277889251709
526,463,10,4.264734268188477
527,904,1,4.174166679382324
527,75,2,3.8588099479675293
527,519,3,4.449127197265625
527,1459,4,3.690286874771118
527,747,5,3.8654606342315674
527,426,6,3.7517781257629395
527,968,7,3.8735909461975098
527,270,8,4.614164352416992
527,675,9,4.110908031463623
527,641,10,4.247453689575195
528,606,1,4.021694660186768
528,513,2,4.359680652618408
528,89,3,4.650175094604492
528,183,4,4.736056327819824
528,14,5,4.368738651275635
528,265,6,4.972260475158691
528,169,7,4.349271774291992
528,694,8,4.599651336669922
528,613,9,4.2344746589660645
528,119,10,4.471282958984375
529,694,1,4.774628162384033
529,850,2,4.619176864624023
529,1154,3,4.37414026260376
529,1007,4,4.265100479125977
529,675,5,4.383763313293457
529,174,6,4.7883806228637695
529,82,7,4.272368431091309
529,64,8,4.918238162994385
529,1153,9,4.244361877441406
529,483,10,4.762061595916748
530,83,1,4.713238716125488
530,519,2,4.162957191467285
530,1005,3,4.6398138999938965
530,474,4,4.330391883850098
530,625,5,4.009594917297363
530,298,6,4.22353982925415
530,479,7,4.830811023712158
530,1194,8,4.640848636627197
530,489,9,4.554957389831543
530,603,10,5.193881511688232
531,357,1,4.643991947174072
531,654,2,4.593505859375
531,530,3,4.213489532470703
531,589,4,4.245234966278076
531,613,5,4.3689656257629395
531,856,6,4.692671298980713
531,223,7,4.693775653839111
531,1005,8,4.137908458709717
531,1159,9,4.288061141967773
531,478,10,4.350286483764648
532,198,1,4.2320475578308105
532,208,2,5.238018989562988
532,320,3,4.282903671264648
532,71,4,4.330645561218262
532,484,5,5.129324436187744
532,625,6,4.534239768981934
532,189,7,4.956984043121338
532,966,8,4.793256759643555
532,423,9,5.282135963439941
532,1104,10,4.423627853393555
533,399,1,3.868884801864624
533,1367,2,3.537485122680664
533,732,3,3.690990924835205
533,423,4,3.970407724380493
533,512,5,4.364860534667969
533,697,6,3.8358781337738037
533,300,7,4.363137245178223
533,95,8,3.802762985229492
533,75,9,3.9295461177825928
533,1104,10,3.729539394378662
534,127,1,4.703404426574707
534,60,2,4.613276958465576
534,1302,3,4.88947868347168
534,210,4,5.312709808349609
534,45,5,5.031322002410889
534,48,6,5.173443794250488
534,1131,7,5.074660301208496
534,253,8,4.6393866539001465
534,538,9,4.923816204071045
534,271,10,4.602619647979736
535,1512,1,4.4055070877075195
535,401,2,4.108638286590576
535,175,3,4.826747417449951
535,216,4,4.3557915687561035
535,402,5,4.125935077667236
535,1086,6,4.405642986297607
535,169,7,4.671435356140137
535,472,8,3.9932498931884766
535,1073,9,4.196166515350342
535,436,10,4.0363874435424805
536,114,1,4.67742395401001
536,1380,2,4.298111438751221
536,1598,3,4.167366027832031
536,636,4,3.9863269329071045
536,429,5,4.596047878265381
536,251,6,4.951822280883789
536,115,7,4.411646366119385
536,186,8,4.244969844818115
536,613,9,4.932059288024902
536,485,10,4.656525135040283
537,144,1,3.0519371032714844
537,360,2,2.9335570335388184
537,856,3,4.039568901062012
537,1364,4,2.929692268371582
537,1098,5,2.912160873413086
537,1143,6,3.172487497329712
537,465,7,2.895885705947876
537,1541,8,3.1119930744171143
537,630,9,3.2583041191101074
537,408,10,4.437415599822998
538,177,1,4.340269565582275
538,143,2,3.6957521438598633
538,511,3,4.2970967292785645
538,180,4,4.36199951171875
538,922,5,4.165390968322754
538,604,6,3.7729299068450928
538,966,7,3.859995126724243
538,615,8,3.6216273307800293
538,1142,9,4.190116882324219
538,272,10,4.022524833679199
539,520,1,4.236668586730957
539,514,2,5.170875072479248
539,428,3,4.095544815063477
539,615,4,4.581031322479248
539,190,5,5.375136852264404
539,488,6,4.921555995941162
539,179,7,3.998473644256592
539,1592,8,4.094091892242432
539,675,9,4.853964805603027
539,685,10,4.103726863861084
540,8,1,4.469315528869629
540,265,2,4.397208213806152
540,1039,3,5.0372314453125
540,705,4,4.55242395401001
540,1131,5,4.260072231292725
540,172,6,4.354101181030273
540,488,7,4.388706684112549
540,179,8,4.327342987060547
540,479,9,4.2620530128479
540,114,10,4.4167046546936035
541,524,1,4.529980182647705
541,183,2,4.294532299041748
541,914,3,4.157200813293457
541,488,4,4.47950553894043
541,473,5,4.294289588928223
541,178,6,4.891999244689941
541,879,7,4.233150482177734
541,1125,8,4.365643501281738
541,922,9,4.583932399749756
541,208,10,5.037879943847656
542,1320,1,3.6072468757629395
542,251,2,4.227669715881348
542,675,3,3.8223235607147217
542,1020,4,4.279932498931885
542,169,5,3.977877140045166
542,285,6,4.2875847816467285
542,492,7,4.486103057861328
542,185,8,4.993834495544434
542,511,9,4.264514923095703
542,171,10,4.188262462615967
543,434,1,3.799628734588623
543,493,2,4.129983901977539
543,302,3,4.328128814697266
543,203,4,4.336014747619629
543,661,5,4.09196138381958
543,156,6,3.7615954875946045
543,1536,7,3.958563804626465
543,965,8,3.755342960357666
543,1063,9,4.071885108947754
543,32,10,3.63277530670166
544,753,1,3.8444573879241943
544,134,2,3.854938268661499
544,195,3,3.949070453643799
544,50,4,4.366613388061523
544,208,5,3.939425468444824
544,114,6,4.30819034576416
544,482,7,4.457221031188965
544,360,8,3.8075125217437744
544,589,9,3.7944719791412354
544,694,10,4.467813968658447
545,1373,1,3.995288610458374
545,1024,2,4.008777141571045
545,30,3,4.225786209106445
545,1367,4,4.434415340423584
545,12,5,4.317780494689941
545,297,6,4.354536056518555
545,968,7,3.9772789478302
545,1019,8,4.559197902679443
545,408,9,4.354049205780029
545,471,10,4.784277439117432
546,404,1,4.559588432312012
546,470,2,4.568792819976807
546,705,3,5.095800399780273
546,1131,4,4.427082538604736
546,367,5,4.400012493133545
546,1010,6,4.4619140625
546,1529,7,4.343997955322266
546,442,8,4.3053998947143555
546,199,9,5.5270466804504395
546,230,10,4.515641212463379
547,189,1,4.328183174133301
547,466,2,4.189942359924316
547,423,3,4.654939651489258
547,197,4,4.782436370849609
547,634,5,4.3557305335998535
547,853,6,4.332454681396484
547,210,7,4.256426811218262
547,484,8,4.702633380889893
547,922,9,4.58563756942749
547,675,10,4.669705867767334
548,1268,1,4.281315326690674
548,602,2,4.79410457611084
548,96,3,5.161526203155518
548,173,4,5.503237724304199
548,1192,5,4.478712558746338
548,520,6,5.646479606628418
548,488,7,4.401689052581787
548,1431,8,4.426719665527344
548,22,9,4.916104793548584
548,169,10,4.935540676116943
549,203,1,4.166626453399658
549,966,2,4.229238986968994
549,234,3,4.681984901428223
549,133,4,4.198638916015625
549,174,5,5.037724494934082
549,69,6,4.393657207489014
549,644,7,4.1919074058532715
549,89,8,4.443952560424805
549,1193,9,4.4113264083862305
549,71,10,4.176637649536133
551,305,1,4.261860370635986
551,993,2,4.8822736740112305
551,1064,3,4.398163795471191
551,653,4,4.463782787322998
551,671,5,4.826798915863037
551,48,6,5.183483123779297
551,945,7,4.480158805847168
551,519,8,4.688495635986328
551,794,9,4.759098052978516
551,493,10,4.996274471282959
552,524,1,3.9101827144622803
552,203,2,3.662999153137207
552,500,3,3.607433795928955
552,484,4,3.781902551651001
552,657,5,3.804041624069214
552,531,6,3.780377149581909
552,211,7,4.193255424499512
552,307,8,3.7990992069244385
552,79,9,3.877749443054199
552,385,10,3.866748809814453
553,488,1,4.2772650718688965
553,317,2,4.97068977355957
553,165,3,4.611533164978027
553,1367,4,4.618623733520508
553,530,5,4.4302754402160645
553,1073,6,4.446488857269287
553,1187,7,4.485391616821289
553,613,8,4.820886611938477
553,179,9,4.22396993637085
553,602,10,4.094827175140381
554,185,1,4.4805474281311035
554,114,2,3.639193534851074
554,208,3,4.164912700653076
554,651,4,3.949263572692871
554,434,5,3.8194284439086914
554,320,6,4.069977283477783
554,134,7,4.461743354797363
554,405,8,3.593259334564209
554,774,9,3.6999995708465576
554,575,10,3.6272811889648438
555,1021,1,5.230649471282959
555,494,2,4.8077497482299805
555,646,3,4.527037143707275
555,14,4,5.29421329498291
555,506,5,4.749837875366211
555,603,6,5.0290398597717285
555,530,7,4.974404811859131
555,425,8,4.873331069946289
555,228,9,4.659834861755371
555,1,10,4.626730918884277
556,603,1,4.995018482208252
556,185,2,4.806786060333252
556,904,3,4.412373065948486
556,511,4,4.958865165710449
556,1262,5,4.110112190246582
556,119,6,4.262607097625732
556,14,7,5.00221586227417
556,98,8,4.846280097961426
556,642,9,3.9898910522460938
556,488,10,4.811766624450684
557,813,1,4.49324893951416
557,144,2,4.32070255279541
557,416,3,4.440155029296875
557,175,4,4.970769882202148
557,203,5,4.6485185623168945
557,657,6,4.706531047821045
557,613,7,4.393527984619141
557,1367,8,4.269514560699463
557,1449,9,4.578152656555176
557,242,10,4.910184860229492
558,50,1,4.182960510253906
558,484,2,4.28176212310791
558,234,3,3.7584400177001953
558,519,4,3.9785470962524414
558,1367,5,4.0550007820129395
558,156,6,4.131574630737305
558,480,7,4.4159393310546875
558,525,8,4.081892490386963
558,166,9,3.769793748855591
558,61,10,3.775346279144287
559,443,1,4.581201076507568
559,114,2,4.03141975402832
559,648,3,4.404873847961426
559,568,4,4.417580604553223
559,525,5,4.399748802185059
559,143,6,4.214634895324707
559,428,7,4.150184631347656
559,64,8,4.1387763023376465
559,488,9,4.930237770080566
559,48,10,4.6008405685424805
561,797,1,3.3287253379821777
561,601,2,3.3229339122772217
561,150,3,3.9639580249786377
561,308,4,3.233506202697754
561,320,5,3.8772196769714355
561,408,6,4.427328109741211
561,778,7,3.7095773220062256
561,192,8,3.888399362564087
561,853,9,4.165777206420898
561,177,10,3.4130098819732666
562,1343,1,3.5095791816711426
562,505,2,3.693756103515625
562,470,3,3.751837968826294
562,507,4,4.075296878814697
562,419,5,4.380908966064453
562,653,6,4.072403907775879
562,498,7,4.404664993286133
562,530,8,3.495356798171997
562,199,9,4.4329447746276855
562,872,10,4.027193069458008
563,71,1,4.711456298828125
563,316,2,5.622342109680176
563,1413,3,4.466005802154541
563,513,4,4.942407131195068
563,200,5,4.331926345825195
563,191,6,4.515356063842773
563,1142,7,4.483595848083496
563,1070,8,4.399667739868164
563,172,9,4.6533732414245605
563,50,10,4.9997968673706055
564,1139,1,3.5475289821624756
564,478,2,3.9289424419403076
564,927,3,3.6570725440979004
564,318,4,3.9859280586242676
564,922,5,3.7871289253234863
564,1537,6,3.6460041999816895
564,482,7,4.081540107727051
564,1367,8,3.8821845054626465
564,850,9,3.692795515060425
564,50,10,3.8787083625793457
565,1193,1,4.497348785400391
565,302,2,4.841882705688477
565,966,3,4.434050559997559
565,853,4,4.636023998260498
565,42,5,5.086495399475098
565,132,6,4.6158061027526855
565,48,7,5.086215019226074
565,200,8,4.47297477722168
565,12,9,5.482272148132324
565,603,10,4.857529163360596
566,884,1,4.011993408203125
566,414,2,4.71375036239624
566,611,3,4.62955379486084
566,921,4,3.7961103916168213
566,488,5,5.025599479675293
566,1046,6,3.77748441696167
566,493,7,4.582669734954834
566,262,8,4.207701683044434
566,320,9,4.074166774749756
566,209,10,4.870335102081299
567,610,1,4.297276973724365
567,227,2,4.464351177215576
567,1159,3,4.308961868286133
567,903,4,3.881298303604126
567,965,5,4.306262493133545
567,116,6,4.843411445617676
567,1547,7,3.987251043319702
567,694,8,4.968684196472168
567,664,9,4.321798801422119
567,1512,10,5.253251552581787
568,190,1,3.9121549129486084
568,360,2,3.715139389038086
568,896,3,3.4966325759887695
568,71,4,4.336763381958008
568,513,5,4.155452728271484
568,171,6,3.580232620239258
568,293,7,3.323878526687622
568,470,8,3.892627716064453
568,965,9,3.3417370319366455
568,170,10,4.331981658935547
569,558,1,4.481575965881348
569,694,2,4.264542579650879
569,153,3,4.882791042327881
569,132,4,4.479742050170898
569,896,5,4.006188869476318
569,1367,6,4.403071403503418
569,170,7,4.5828351974487305
569,1293,8,4.06143856048584
569,654,9,4.720190048217773
569,474,10,4.668572425842285
570,654,1,4.605166435241699
570,513,2,4.437896728515625
570,1439,3,4.199436664581299
570,921,4,4.2847208976745605
570,1367,5,4.2057108879089355
570,1154,6,4.156224250793457
570,443,7,4.273848533630371
570,357,8,4.339213848114014
570,174,9,4.500743865966797
570,524,10,4.9942803382873535
571,520,1,3.9022326469421387
571,48,2,4.053647041320801
571,198,3,3.8497447967529297
571,1021,4,3.9514307975769043
571,498,5,3.7383759021759033
571,408,6,4.291208267211914
571,517,7,3.547581195831299
571,488,8,3.8052518367767334
571,443,9,3.9592840671539307
571,144,10,3.496368646621704
572,663,1,4.415609359741211
572,28,2,4.628261566162109
572,1203,3,4.210669994354248
572,1084,4,4.096884727478027
572,318,5,4.761512756347656
572,203,6,4.417309284210205
572,42,7,4.284876823425293
572,169,8,5.037420749664307
572,496,9,4.421861171722412
572,12,10,4.67801570892334
573,517,1,4.399251937866211
573,205,2,3.9984233379364014
573,95,3,4.06256103515625
573,64,4,4.252054214477539
573,272,5,4.600912570953369
573,463,6,3.922821283340454
573,208,7,4.057502269744873
573,922,8,4.28359317779541
573,12,9,4.257786273956299
573,634,10,3.887908697128296
574,181,1,4.005906581878662
574,203,2,4.038229942321777
574,166,3,4.26005220413208
574,169,4,4.663439750671387
574,603,5,4.525938510894775
574,455,6,4.043398380279541
574,186,7,4.45013427734375
574,431,8,4.367347240447998
574,1121,9,4.2662506103515625
574,132,10,4.801450729370117
575,165,1,4.429159641265869
575,11,2,3.9264116287231445
575,199,3,4.0800909996032715
575,493,4,3.851139545440674
575,633,5,3.8671813011169434
575,216,6,3.9104421138763428
575,425,7,4.1669135093688965
575,526,8,3.654153823852539
575,114,9,4.095046043395996
575,608,10,3.673949718475342
576,30,1,4.355666160583496
576,199,2,4.464437484741211
576,1159,3,4.446961879730225
576,173,4,4.605696201324463
576,203,5,5.038302421569824
576,954,6,4.369546413421631
576,316,7,4.65897274017334
576,750,8,4.245419502258301
576,1367,9,4.124764442443848
576,69,10,4.775169849395752
577,430,1,4.481310844421387
577,493,2,4.431459426879883
577,310,3,4.569875717163086
577,710,4,4.068343639373779
577,488,5,3.9096839427948
577,115,6,4.163924694061279
577,487,7,3.969226360321045
577,615,8,4.489891529083252
577,661,9,4.73711633682251
577,1169,10,4.087963104248047
578,1007,1,4.239326477050781
578,491,2,3.968993663787842
578,320,3,4.080294609069824
578,191,4,4.47830867767334
578,515,5,4.228611469268799
578,1005,6,4.269747734069824
578,143,7,4.009389400482178
578,185,8,4.558665752410889
578,197,9,4.191683769226074
578,96,10,4.187526226043701
579,657,1,4.6184258460998535
579,886,2,3.6205973625183105
579,516,3,4.002092361450195
579,134,4,4.11401891708374
579,969,5,3.6881213188171387
579,530,6,3.8702728748321533
579,127,7,3.677570104598999
579,1007,8,3.7232866287231445
579,191,9,4.047053337097168
579,1483,10,3.8617615699768066
580,675,1,4.265789985656738
580,648,2,4.906625270843506
580,506,3,4.561063766479492
580,429,4,4.795836448669434
580,1523,5,4.36873197555542
580,963,6,4.7251434326171875
580,186,7,5.1278557777404785
580,1294,8,4.26192045211792
580,1240,9,4.31221866607666
580,513,10,4.687084674835205
581,496,1,4.494782447814941
581,484,2,4.561245918273926
581,408,3,4.475029945373535
581,60,4,4.432405948638916
581,208,5,4.255538463592529
581,207,6,4.3107733726501465
581,511,7,4.495250701904297
581,856,8,4.6126508712768555
581,357,9,4.584320545196533
581,701,10,4.039407730102539
582,480,1,4.623279094696045
582,489,2,3.9200925827026367
582,863,3,3.977914333343506
582,653,4,3.9077110290527344
582,648,5,4.296979904174805
582,275,6,4.561800003051758
582,474,7,4.578117370605469
582,195,8,4.007523536682129
582,191,9,4.395030498504639
582,484,10,4.835741996765137
583,169,1,4.608647346496582
583,19,2,4.698795318603516
583,1131,3,4.503991603851318
583,963,4,4.954835891723633
583,478,5,4.842669486999512
583,484,6,4.623707294464111
583,1449,7,4.997354984283447
583,203,8,4.302138805389404
583,1121,9,4.353697776794434
583,176,10,4.836641311645508
584,156,1,4.5928473472595215
584,470,2,4.350620746612549
584,493,3,4.514049053192139
584,64,4,5.126959800720215
584,1064,5,4.231713771820068
584,393,6,4.233875751495361
584,525,7,4.881736755371094
584,176,8,4.325189590454102
584,515,9,4.415440559387207
584,1142,10,4.206350326538086
585,95,1,3.978853464126587
585,675,2,4.322127342224121
585,119,3,4.084718704223633
585,515,4,5.3104143142700195
585,558,5,3.767890453338623
585,1143,6,3.8050949573516846
585,470,7,4.096930503845215
585,161,8,5.180959224700928
585,1066,9,4.018312454223633
585,233,10,3.818464994430542
586,670,1,4.104602813720703
586,455,2,4.415416240692139
586,191,3,4.373040199279785
586,525,4,3.738252639770508
586,302,5,4.849377632141113
586,721,6,4.349527359008789
586,916,7,4.536344528198242
586,1193,8,4.348752975463867
586,169,9,5.037442207336426
586,493,10,4.340578556060791
588,465,1,4.249216079711914
588,757,2,4.282730579376221
588,709,3,5.065922737121582
588,328,4,4.206869602203369
588,589,5,4.258805274963379
588,629,6,4.00440788269043
588,470,7,4.6338911056518555
588,190,8,4.74689245223999
588,606,9,4.348071575164795
588,615,10,4.313383102416992
589,210,1,4.262812614440918
589,22,2,4.864021301269531
589,488,3,4.224769592285156
589,202,4,4.578950881958008
589,1269,5,4.713044166564941
589,174,6,4.685753345489502
589,39,7,4.034093856811523
589,922,8,4.342828273773193
589,493,9,4.363609313964844
589,496,10,5.413050651550293
590,171,1,4.566686630249023
590,463,2,4.510826110839844
590,1524,3,4.369331359863281
590,694,4,4.491002559661865
590,1103,5,4.6920061111450195
590,922,6,4.449580192565918
590,482,7,4.404821395874023
590,525,8,4.212589740753174
590,659,9,4.822580337524414
590,671,10,4.008994102478027
591,198,1,4.432646751403809
591,606,2,4.453046798706055
591,177,3,4.081244945526123
591,1046,4,3.8147640228271484
591,187,5,4.196054458618164
591,423,6,4.150622367858887
591,529,7,4.216838359832764
591,644,8,4.201605796813965
591,251,9,4.241214752197266
591,524,10,4.428023815155029
592,315,1,4.425342082977295
592,615,2,4.031797409057617
592,498,3,5.1819305419921875
592,653,4,4.411187171936035
592,1629,5,4.0576677322387695
592,316,6,4.84580659866333
592,1367,7,3.993560314178467
592,491,8,4.424011707305908
592,344,9,4.147866249084473
592,499,10,4.8598480224609375
593,1507,1,3.9008891582489014
593,611,2,3.9448790550231934
593,203,3,4.195351600646973
593,850,4,4.466044902801514
593,588,5,3.8398988246917725
593,1466,6,4.0528059005737305
593,479,7,4.616610050201416
593,923,8,4.46436882019043
593,481,9,4.640360355377197
593,443,10,4.439586639404297
594,611,1,3.9264843463897705
594,813,2,4.086396217346191
594,484,3,4.258417129516602
594,657,4,3.9598071575164795
594,408,5,4.3291449546813965
594,205,6,4.082634449005127
594,510,7,4.216879367828369
594,1251,8,3.9704198837280273
594,169,9,4.217226982116699
594,83,10,3.956223726272583
595,166,1,4.5641021728515625
595,968,2,4.023303508758545
595,189,3,4.693355083465576
595,615,4,4.234888076782227
595,513,5,4.464169025421143
595,83,6,4.3145575523376465
595,1367,7,4.3028035163879395
595,718,8,4.03632116317749
595,357,9,5.294485569000244
595,644,10,3.843296766281128
596,208,1,4.484016418457031
596,169,2,4.6134724617004395
596,603,3,4.989342212677002
596,57,4,4.065288543701172
596,318,5,4.723165035247803
596,1131,6,4.409724712371826
596,48,7,4.384754180908203
596,525,8,4.203583717346191
596,732,9,4.325455665588379
596,114,10,4.624431133270264
597,10,1,4.725192546844482
597,607,2,4.6591362953186035
597,657,3,4.709404468536377
597,140,4,4.350622177124023
597,195,5,4.937050819396973
597,694,6,4.259632587432861
597,99,7,5.435916423797607
597,173,8,5.30064582824707
597,303,9,4.310275554656982
597,837,10,4.258304595947266
598,119,1,3.858551502227783
598,511,2,4.013308048248291
598,513,3,4.162775993347168
598,588,4,3.7478199005126953
598,51,5,3.8149945735931396
598,61,6,3.8984925746917725
598,966,7,3.987807035446167
598,200,8,3.865363597869873
598,12,9,4.288004398345947
598,127,10,4.201359272003174
599,326,1,4.927689552307129
599,300,2,5.0814313888549805
599,1220,3,4.763689041137695
599,248,4,5.01515007019043
599,611,5,4.80063533782959
599,169,6,5.130024433135986
599,114,7,5.364173412322998
599,463,8,4.577810764312744
599,357,9,5.425046443939209
599,380,10,4.629113674163818
600,100,1,4.684045791625977
600,601,2,4.2361531257629395
600,200,3,4.873682975769043
600,119,4,4.614732265472412
600,285,5,4.810997009277344
600,606,6,4.792380332946777
600,525,7,4.99962854385376
600,318,8,5.217711448669434
600,444,9,4.219640254974365
600,757,10,4.108697891235352
601,603,1,3.56927490234375
601,1144,2,3.5474750995635986
601,813,3,4.046432971954346
601,966,4,3.78725004196167
601,268,5,4.5882463455200195
601,1192,6,3.7131381034851074
601,189,7,3.9144392013549805
601,511,8,3.865192174911499
601,1573,9,3.578331470489502
601,1019,10,4.087665557861328
602,246,1,4.348809242248535
602,966,2,4.55236291885376
602,519,3,4.123101234436035
602,208,4,4.250927448272705
602,510,5,4.867099761962891
602,863,6,4.326415061950684
602,88,7,4.046200752258301
602,89,8,4.387293815612793
602,498,9,4.626251220703125
602,1098,10,4.391389846801758
603,114,1,4.545966148376465
603,113,2,4.245304107666016
603,485,3,4.827937126159668
603,1159,4,5.021773338317871
603,611,5,4.639157295227051
603,646,6,4.418783187866211
603,488,7,4.225738048553467
603,317,8,4.565708637237549
603,168,9,4.958633899688721
603,79,10,4.582918643951416
604,50,1,3.9444997310638428
604,1368,2,3.975743055343628
604,313,3,4.4170002937316895
604,486,4,3.8761184215545654
604,603,5,4.29973840713501
604,435,6,4.397319316864014
604,922,7,4.144586086273193
604,685,8,3.9178929328918457
604,115,9,3.905109167098999
604,611,10,4.243939399719238
605,1024,1,4.114443302154541
605,588,2,3.9537789821624756
605,488,3,4.813111305236816
605,789,4,4.455480098724365
605,12,5,4.028650283813477
605,506,6,4.862436771392822
605,430,7,5.313284397125244
605,320,8,4.073776721954346
605,491,9,4.861531734466553
605,262,10,4.748344898223877
606,538,1,4.194543361663818
606,115,2,4.670485496520996
606,603,3,4.698358535766602
606,496,4,4.368627071380615
606,611,5,4.3162431716918945
606,846,6,4.513062477111816
606,584,7,4.51750373840332
606,258,8,4.505142688751221
606,836,9,4.54224967956543
606,524,10,4.708069801330566
607,251,1,4.350613594055176
607,589,2,4.109183311462402
607,478,3,4.352506160736084
607,430,4,4.397223949432373
607,175,5,4.347705364227295
607,1449,6,4.685165882110596
607,246,7,3.7807834148406982
607,506,8,4.262942314147949
607,513,9,4.192683696746826
607,480,10,4.13185453414917
608,140,1,3.8097050189971924
608,153,2,4.626004695892334
608,14,3,4.663748741149902
608,492,4,3.8241934776306152
608,192,5,4.503525257110596
608,346,6,4.367117881774902
608,394,7,3.587428092956543
608,811,8,3.8242692947387695
608,919,9,3.7117724418640137
608,1298,10,3.8748865127563477
609,602,1,3.777815818786621
609,1451,2,4.249392986297607
609,431,3,3.984269380569458
609,850,4,3.9515998363494873
609,269,5,4.248046875
609,56,6,3.901498317718506
609,1133,7,3.6492488384246826
609,993,8,4.0235161781311035
609,114,9,4.018154144287109
609,197,10,4.7616376876831055
610,101,1,4.010682582855225
610,1007,2,4.312093734741211
610,511,3,4.492307662963867
610,513,4,4.486012935638428
610,470,5,4.319950103759766
610,119,6,3.83239483833313
610,89,7,4.374121189117432
610,529,8,4.627647399902344
610,474,9,4.192341327667236
610,653,10,4.122129917144775
611,204,1,4.107748031616211
611,653,2,4.307308197021484
611,1159,3,4.288525581359863
611,246,4,4.7887372970581055
611,1019,5,4.249217510223389
611,447,6,4.2846574783325195
611,208,7,4.155450344085693
611,357,8,5.496616363525391
611,89,9,4.710696697235107
611,648,10,4.546977519989014
612,653,1,4.564342021942139
612,1020,2,4.381961345672607
612,483,3,4.48326301574707
612,185,4,4.998659133911133
612,1269,5,4.701934337615967
612,488,6,4.89915657043457
612,625,7,4.070433139801025
612,48,8,4.616465091705322
612,293,9,4.4925971031188965
612,671,10,4.291249752044678
613,625,1,4.156134128570557
613,493,2,4.174521446228027
613,174,3,4.523908615112305
613,694,4,4.399765491485596
613,71,5,4.045231342315674
613,50,6,4.214025497436523
613,661,7,4.265799522399902
613,69,8,4.266241073608398
613,100,9,4.2876458168029785
613,194,10,4.009619235992432
614,530,1,3.8079075813293457
614,306,2,3.7151403427124023
614,115,3,3.6186037063598633
614,203,4,3.6302788257598877
614,1194,5,3.7809572219848633
614,479,6,3.772310972213745
614,480,7,4.405411720275879
614,482,8,4.032408237457275
614,69,9,4.062190532684326
614,616,10,3.487567186355591
615,201,1,4.832328796386719
615,1553,2,3.9163687229156494
615,1134,3,4.193624973297119
615,119,4,4.523726463317871
615,1064,5,3.9766128063201904
615,490,6,4.657196521759033
615,1154,7,4.056016445159912
615,1537,8,4.0511698722839355
615,588,9,4.441926956176758
615,131,10,4.580665588378906
616,190,1,4.6562724113464355
616,423,2,4.396576881408691
616,902,3,3.958751916885376
616,435,4,4.173001289367676
616,285,5,4.578073501586914
616,936,6,4.245102405548096
616,9,7,4.0729169845581055
616,498,8,4.548129081726074
616,1585,9,3.868570566177368
616,217,10,4.607699394226074
617,286,1,3.5531067848205566
617,75,2,3.0117433071136475
617,114,3,2.9715843200683594
617,223,4,4.172057151794434
617,256,5,3.1590616703033447
617,1011,6,4.0757832527160645
617,1203,7,3.383920192718506
617,923,8,3.5004401206970215
617,1097,9,3.0864384174346924
617,484,10,3.861262321472168
618,178,1,4.214807510375977
618,220,2,3.3267765045166016
618,504,3,3.9417905807495117
618,1114,4,3.681847095489502
618,429,5,4.0369343757629395
618,661,6,4.227083683013916
618,1367,7,3.627556800842285
618,607,8,3.9582669734954834
618,511,9,4.39037561416626
618,479,10,4.018007755279541
619,633,1,4.3936614990234375
619,8,2,4.731202602386475
619,12,3,4.0830769538879395
619,611,4,4.208144187927246
619,526,5,4.207531929016113
619,602,6,4.00998067855835
619,270,7,4.93712854385376
619,520,8,4.063730716705322
619,513,9,4.10572624206543
619,64,10,4.389594554901123
620,691,1,4.1201958656311035
620,284,2,4.131505012512207
620,198,3,4.676421165466309
620,956,4,4.4024858474731445
620,433,5,4.429406642913818
620,177,6,4.571362495422363
620,538,7,4.760115146636963
620,24,8,4.181146621704102
620,887,9,4.233733177185059
620,1523,10,4.546813011169434
621,538,1,4.434150695800781
621,530,2,4.509754180908203
621,12,3,5.041176795959473
621,203,4,4.533092021942139
621,246,5,4.16874361038208
621,157,6,4.310970783233643
621,1070,7,4.027020454406738
621,1062,8,4.48188591003418
621,129,9,4.7306647300720215
621,603,10,4.4673542976379395
623,479,1,4.237510681152344
623,114,2,3.9951658248901367
623,177,3,3.6648876667022705
623,1131,4,3.626685380935669
623,502,5,3.5137665271759033
623,50,6,4.784697532653809
623,425,7,3.476625919342041
623,199,8,4.0503621101379395
623,889,9,3.4813919067382812
623,428,10,4.137789249420166
624,183,1,4.7457170486450195
624,192,2,4.5880045890808105
624,648,3,4.486135482788086
624,493,4,4.4112701416015625
624,1070,5,4.21409797668457
624,203,6,4.462189197540283
624,511,7,4.580530643463135
624,311,8,4.148474216461182
624,86,9,4.651099681854248
624,588,10,4.325206756591797
625,92,1,4.202795028686523
625,474,2,4.165648937225342
625,916,3,3.4632561206817627
625,429,4,3.6921136379241943
625,320,5,3.7551686763763428
625,242,6,4.122511863708496
625,488,7,3.706045150756836
625,615,8,3.6993021965026855
625,143,9,3.646094560623169
625,482,10,4.045655250549316
626,511,1,3.94394588470459
626,96,2,3.749131679534912
626,850,3,3.2680296897888184
626,168,4,3.2989869117736816
626,15,5,3.8719115257263184
626,1459,6,3.442816734313965
626,174,7,3.563019275665283
626,455,8,3.666271686553955
626,647,9,3.9251327514648438
626,185,10,3.9001524448394775
627,1017,1,4.195381164550781
627,1367,2,3.979379177093506
627,48,3,4.378324508666992
627,513,4,4.105382442474365
627,134,5,4.576360702514648
627,1143,6,4.206480979919434
627,661,7,4.404320240020752
627,484,8,4.014385223388672
627,1098,9,4.106504440307617
627,168,10,5.220989227294922
628,1449,1,5.503287315368652
628,313,2,4.940688133239746
628,916,3,5.457259178161621
628,1098,4,5.206905364990234
628,293,5,5.217386245727539
628,420,6,5.394601345062256
628,114,7,5.653193950653076
628,115,8,5.123598575592041
628,484,9,5.190282821655273
628,656,10,5.216703414916992
629,466,1,5.120840549468994
629,484,2,4.482508659362793
629,360,3,4.112841606140137
629,242,4,4.669930458068848
629,208,5,4.7580037117004395
629,129,6,5.281463623046875
629,582,7,4.145694255828857
629,420,8,4.312248706817627
629,980,9,4.237954139709473
629,615,10,4.097156047821045
630,2,1,3.8579745292663574
630,805,2,4.303507328033447
630,163,3,4.4432525634765625
630,675,4,3.952533483505249
630,33,5,4.444115161895752
630,554,6,4.163827419281006
630,89,7,4.67850923538208
630,177,8,4.506027698516846
630,432,9,4.299046993255615
630,695,10,3.824249505996704
631,83,1,3.7791388034820557
631,208,2,4.059007167816162
631,48,3,4.165517807006836
631,89,4,4.154600620269775
631,183,5,3.575939655303955
631,132,6,3.8114333152770996
631,1500,7,3.7419729232788086
631,178,8,3.961376667022705
631,195,9,3.6034016609191895
631,513,10,3.8801004886627197
632,223,1,4.171115398406982
632,661,2,4.514362812042236
632,502,3,3.8387646675109863
632,113,4,3.842578649520874
632,597,5,4.188697814941406
632,434,6,3.794456958770752
632,1367,7,4.205674171447754
632,1159,8,3.837726593017578
632,170,9,4.543581485748291
632,418,10,3.7808852195739746
633,12,1,3.8117685317993164
633,25,2,3.568239450454712
633,448,3,3.5839409828186035
633,520,4,4.143383979797363
633,119,5,3.8831257820129395
633,525,6,3.5215225219726562
633,169,7,3.52742075920105
633,270,8,3.8100292682647705
633,896,9,4.093936443328857
633,853,10,3.528844118118286
634,298,1,3.7844746112823486
634,48,2,4.417572975158691
634,1240,3,3.7660186290740967
634,519,4,3.8014163970947266
634,203,5,3.7355940341949463
634,313,6,4.225724697113037
634,1064,7,3.6514711380004883
634,750,8,4.306159019470215
634,1099,9,3.6654272079467773
634,217,10,3.9594242572784424
635,812,1,4.025330066680908
635,1500,2,4.38116455078125
635,8,3,4.360494613647461
635,513,4,4.273178577423096
635,56,5,5.000650405883789
635,143,6,4.281224727630615
635,511,7,4.549166679382324
635,162,8,4.166447639465332
635,179,9,4.364591598510742
635,429,10,4.474660873413086
636,922,1,4.118006706237793
636,320,2,4.7940216064453125
636,50,3,4.749217987060547
636,203,4,4.784327507019043
636,811,5,4.379814147949219
636,611,6,4.257884979248047
636,1103,7,4.741949558258057
636,1428,8,4.537381649017334
636,265,9,4.6203460693359375
636,694,10,4.579880714416504
637,1269,1,3.3272616863250732
637,11,2,3.381239414215088
637,89,3,3.7250075340270996
637,71,4,3.576381206512451
637,166,5,3.606778621673584
637,173,6,3.4172720909118652
637,648,7,4.0655741691589355
637,526,8,3.4057905673980713
637,483,9,3.6689372062683105
637,265,10,4.059094429016113
638,1587,1,3.534435987472534
638,1016,2,3.8942582607269287
638,485,3,3.828667640686035
638,811,4,3.5343832969665527
638,186,5,4.262016773223877
638,217,6,3.982248306274414
638,58,7,4.027831077575684
638,648,8,4.163712978363037
638,148,9,3.8309781551361084
638,12,10,4.319639682769775
639,1386,1,3.1706671714782715
639,71,2,2.998981475830078
639,169,3,4.012420177459717
639,134,4,3.9526124000549316
639,234,5,3.207594871520996
639,558,6,3.6377804279327393
639,136,7,3.9508438110351562
639,645,8,3.3133862018585205
639,124,9,3.7789673805236816
639,470,10,3.2828197479248047
640,127,1,5.314557075500488
640,10,2,4.6771769523620605
640,644,3,4.861601829528809
640,525,4,5.045403957366943
640,1345,5,4.5165228843688965
640,1024,6,4.620500564575195
640,435,7,5.060372352600098
640,603,8,5.597755432128906
640,1449,9,5.109869003295898
640,478,10,5.445157527923584
641,1019,1,4.489997863769531
641,494,2,4.2350006103515625
641,119,3,4.233529090881348
641,57,4,4.401090145111084
641,588,5,4.183899879455566
641,533,6,3.9170022010803223
641,656,7,4.6717424392700195
641,1118,8,3.952258348464966
641,179,9,4.267277717590332
641,607,10,4.422154426574707
642,466,1,4.3229546546936035
642,592,2,3.9757869243621826
642,853,3,4.136057376861572
642,566,4,4.663909435272217
642,968,5,4.199538707733154
642,488,6,4.904616355895996
642,87,7,3.9970650672912598
642,61,8,4.278946876525879
642,478,9,5.226465702056885
642,1367,10,4.120652198791504
643,1104,1,4.35324764251709
643,657,2,4.5960798263549805
643,498,3,4.399441719055176
643,199,4,4.219261169433594
643,593,5,4.044261455535889
643,445,6,3.918635606765747
643,853,7,4.418609619140625
643,850,8,4.023868560791016
643,73,9,3.8652303218841553
643,1019,10,4.584863185882568
644,660,1,4.487751007080078
644,482,2,5.199399471282959
644,536,3,4.6140642166137695
644,519,4,4.7832865715026855
644,174,5,4.921038627624512
644,211,6,5.147502422332764
644,1137,7,4.453321933746338
644,484,8,4.706324100494385
644,1459,9,4.390603542327881
644,685,10,4.359638214111328
645,1302,1,3.9636783599853516
645,153,2,4.212640285491943
645,70,3,3.8356308937072754
645,507,4,4.286774635314941
645,498,5,4.531559944152832
645,223,6,4.138003826141357
645,603,7,4.4647932052612305
645,588,8,3.8520164489746094
645,850,9,4.235366344451904
645,530,10,4.06033992767334
647,661,1,4.658289432525635
647,89,2,4.483516216278076
647,1589,3,4.451204776763916
647,611,4,4.687217712402344
647,180,5,4.9776153564453125
647,615,6,4.635974407196045
647,199,7,4.847947597503662
647,694,8,4.662920951843262
647,19,9,4.555981159210205
647,223,10,4.890181541442871
648,805,1,3.8898627758026123
648,1251,2,3.743997812271118
648,114,3,3.6476693153381348
648,1459,4,4.2728681564331055
648,491,5,4.116964340209961
648,198,6,4.8583269119262695
648,1122,7,3.8672828674316406
648,270,8,4.4970855712890625
648,1019,9,4.582189083099365
648,1469,10,3.644394874572754
649,1021,1,4.527688026428223
649,177,2,4.563857555389404
649,1142,3,4.068548679351807
649,520,4,4.42786169052124
649,966,5,4.360191822052002
649,603,6,4.731453895568848
649,1462,7,4.193149089813232
649,1019,8,4.147006034851074
649,523,9,4.766354084014893
649,171,10,4.390832901000977
650,513,1,4.179359436035156
650,1367,2,3.987185478210449
650,302,3,3.497037887573242
650,1377,4,3.622687816619873
650,408,5,4.148505210876465
650,922,6,3.6526172161102295
650,524,7,3.6355650424957275
650,124,8,3.9005002975463867
650,119,9,4.018571376800537
650,610,10,3.609567642211914
651,660,1,3.5903306007385254
651,216,2,3.973472833633423
651,182,3,3.9612584114074707
651,520,4,4.259596824645996
651,234,5,4.053157806396484
651,169,6,4.349438190460205
651,813,7,3.8541016578674316
651,530,8,3.7296431064605713
651,174,9,3.8909051418304443
651,209,10,3.604588747024536
652,203,1,4.211513996124268
652,315,2,3.587597608566284
652,164,3,3.8141627311706543
652,516,4,4.146906852722168
652,56,5,4.493957042694092
652,119,6,3.877971887588501
652,221,7,3.7137868404388428
652,1216,8,3.6760966777801514
652,654,9,4.415524959564209
652,114,10,3.9551022052764893
653,470,1,3.1790809631347656
653,1142,2,4.115658760070801
653,134,3,3.7823538780212402
653,484,4,3.5556249618530273
653,408,5,4.08272647857666
653,443,6,3.0967276096343994
653,147,7,3.72902774810791
653,488,8,3.5723018646240234
653,1540,9,3.051342487335205
653,943,10,3.077143430709839
654,732,1,4.5677080154418945
654,133,2,4.92549991607666
654,829,3,3.7542831897735596
654,430,4,3.708817958831787
654,919,5,3.81836199760437
654,611,6,4.239718914031982
654,589,7,3.650188684463501
654,217,8,3.814037799835205
654,480,9,4.294600963592529
654,501,10,4.300590515136719
655,114,1,3.59592342376709
655,1269,2,3.1481566429138184
655,838,3,2.9601786136627197
655,657,4,3.6284890174865723
655,1142,5,3.698103189468384
655,1449,6,3.932129383087158
655,613,7,3.870966911315918
655,1474,8,3.1221532821655273
655,968,9,3.228686809539795
655,217,10,2.9620301723480225
656,980,1,3.4666919708251953
656,853,2,3.501770496368408
656,1154,3,3.3429086208343506
656,71,4,3.54960298538208
656,922,5,4.102100849151611
656,210,6,4.022830009460449
656,185,7,3.947246789932251
656,50,8,3.9875364303588867
656,136,9,4.399723052978516
656,736,10,3.785818099975586
657,198,1,4.041074275970459
657,344,2,4.052094459533691
657,588,3,3.6882686614990234
657,251,4,3.9803619384765625
657,1159,5,4.070415019989014
657,1500,6,3.650131940841675
657,584,7,3.6957035064697266
657,127,8,3.6795966625213623
657,603,9,4.478504180908203
657,694,10,4.082685947418213
658,850,1,3.944171190261841
658,1523,2,3.656581163406372
658,183,3,3.876218318939209
658,180,4,4.278039932250977
658,153,5,4.357272624969482
658,813,6,4.048760414123535
658,61,7,4.147727966308594
658,505,8,4.100067615509033
658,521,9,4.109740734100342
658,56,10,5.121136665344238
659,114,1,3.9374160766601562
659,228,2,4.0072922706604
659,1450,3,4.143840312957764
659,806,4,3.819030523300171
659,493,5,4.177281856536865
659,651,6,4.6341986656188965
659,52,7,3.932365894317627
659,960,8,4.425276756286621
659,402,9,3.9900295734405518
659,1594,10,4.205014705657959
660,39,1,3.220109224319458
660,1380,2,3.066356897354126
660,1159,3,4.073669910430908
660,694,4,3.908644199371338
660,189,5,3.8144922256469727
660,499,6,3.119229793548584
660,659,7,3.668567657470703
660,1547,8,3.131305456161499
660,488,9,3.2603418827056885
660,92,10,3.560518980026245
661,1142,1,4.727995872497559
661,602,2,4.234034061431885
661,656,3,4.043630599975586
661,491,4,4.310941696166992
661,22,5,4.998913764953613
661,115,6,3.9591333866119385
661,251,7,4.63164758682251
661,293,8,4.2028021812438965
661,606,9,4.024369239807129
661,484,10,4.633833885192871
662,258,1,4.111669540405273
662,1594,2,3.7596113681793213
662,654,3,3.941929817199707
662,661,4,4.172621250152588
662,966,5,4.134374618530273
662,180,6,4.090248107910156
662,1194,7,3.980046510696411
662,419,8,3.9827470779418945
662,512,9,4.16265869140625
662,1080,10,3.6850802898406982
663,320,1,3.872182607650757
663,204,2,4.486130714416504
663,71,3,4.000732898712158
663,1160,4,3.8285398483276367
663,496,5,4.58333683013916
663,484,6,4.441824913024902
663,601,7,3.962618827819824
663,265,8,3.936401844024658
663,525,9,4.278034687042236
663,651,10,4.618427753448486
664,647,1,4.785798072814941
664,497,2,4.830918788909912
664,646,3,3.9942374229431152
664,811,4,4.024058818817139
664,488,5,4.089773654937744
664,517,6,3.779508113861084
664,30,7,3.7686216831207275
664,511,8,4.346423149108887
664,1261,9,3.6239376068115234
664,1125,10,3.7263708114624023
665,180,1,4.295646667480469
665,359,2,4.012019157409668
665,45,3,4.265248775482178
665,1243,4,3.9096455574035645
665,1615,5,3.873016595840454
665,64,6,5.041230201721191
665,1080,7,3.836493492126465
665,258,8,4.576883316040039
665,498,9,4.029427528381348
665,958,10,4.5260443687438965
666,971,1,3.910189151763916
666,905,2,3.8625614643096924
666,10,3,4.10685396194458
666,408,4,4.816463470458984
666,488,5,4.298239231109619
666,1372,6,3.796414852142334
666,813,7,4.012138843536377
666,131,8,4.438651084899902
666,675,9,4.965666770935059
666,589,10,4.573375701904297
667,530,1,4.195854663848877
667,1142,2,4.489634037017822
667,10,3,4.2763261795043945
667,488,4,4.083097457885742
667,588,5,4.594282627105713
667,14,6,5.095040321350098
667,902,7,4.495378494262695
667,83,8,4.421630859375
667,494,9,4.424805641174316
667,1500,10,4.542902946472168
668,513,1,4.48316764831543
668,204,2,4.791038513183594
668,646,3,4.126054763793945
668,12,4,4.661098957061768
668,180,5,4.71351432800293
668,251,6,4.436787128448486
668,189,7,4.34027624130249
668,46,8,4.132150173187256
668,1066,9,3.9619646072387695
668,813,10,4.003818035125732
669,530,1,3.971287250518799
669,528,2,4.182618618011475
669,1070,3,4.0227580070495605
669,519,4,3.8096930980682373
669,709,5,4.908208847045898
669,136,6,4.506916046142578
669,589,7,3.566472053527832
669,606,8,4.432423114776611
669,487,9,4.082700729370117
669,1019,10,3.674738645553589
670,270,1,4.310197353363037
670,318,2,4.497798442840576
670,210,3,5.163783073425293
670,241,4,4.947508335113525
670,487,5,3.8994650840759277
670,488,6,4.346563816070557
670,98,7,4.306453704833984
670,847,8,4.1673583984375
670,268,9,4.3170928955078125
670,1149,10,4.118892192840576
671,801,1,3.897277355194092
671,1064,2,3.8937835693359375
671,114,3,3.8515334129333496
671,502,4,4.94940185546875
671,660,5,4.704216003417969
671,603,6,4.308472633361816
671,751,7,3.853071689605713
671,286,8,4.138837814331055
671,143,9,5.119001865386963
671,713,10,3.763162136077881
672,811,1,3.705455780029297
672,485,2,3.956509590148926
672,320,3,4.2430195808410645
672,916,4,3.8199853897094727
672,116,5,4.095157146453857
672,191,6,3.935656785964966
672,524,7,3.6872293949127197
672,132,8,3.959904909133911
672,1159,9,4.200514793395996
672,443,10,3.79248309135437
673,490,1,4.336329460144043
673,28,2,4.570389270782471
673,1642,3,4.172173976898193
673,496,4,5.589555740356445
673,151,5,4.1426591873168945
673,320,6,4.224177360534668
673,169,7,4.003084182739258
673,975,8,4.267655372619629
673,134,9,4.492995738983154
673,1367,10,4.516174793243408
674,603,1,5.065514087677002
674,526,2,4.366608142852783
674,1169,3,4.23450231552124
674,427,4,4.546398162841797
674,1240,5,4.059617519378662
674,936,6,4.218055725097656
674,169,7,4.5726423263549805
674,174,8,4.731714248657227
674,205,9,4.806825637817383
674,645,10,4.319208145141602
675,1367,1,4.417055606842041
675,1143,2,4.728761672973633
675,169,3,4.719925880432129
675,1126,4,4.258657455444336
675,198,5,4.900374412536621
675,1523,6,4.070141792297363
675,1154,7,4.206571102142334
675,483,8,5.371204853057861
675,657,9,4.588164806365967
675,204,10,4.390991687774658
676,684,1,4.4842939376831055
676,691,2,3.9956212043762207
676,22,3,4.205178737640381
676,179,4,3.618603229522705
676,161,5,4.43449592590332
676,510,6,4.388687610626221
676,1519,7,3.7217516899108887
676,872,8,3.642051935195923
676,116,9,4.407310962677002
676,661,10,4.149409294128418
677,470,1,4.798066139221191
677,525,2,4.398840427398682
677,89,3,4.927269458770752
677,12,4,5.430663108825684
677,520,5,4.901815414428711
677,735,6,4.691868782043457
677,694,7,4.851042747497559
677,102,8,4.298000812530518
677,115,9,4.520108699798584
677,1012,10,4.430932998657227
678,793,1,3.8409345149993896
678,228,2,3.7398641109466553
678,69,3,4.439427375793457
678,180,4,4.076184272766113
678,159,5,3.6123764514923096
678,648,6,3.7909672260284424
678,119,7,3.762141227722168
678,963,8,3.9206457138061523
678,203,9,4.3878936767578125
678,1367,10,3.6876370906829834
679,1500,1,4.317317008972168
679,922,2,4.547879695892334
679,615,3,4.192917823791504
679,12,4,5.142683982849121
679,1157,5,4.003407955169678
679,192,6,4.686108589172363
679,905,7,3.8896656036376953
679,283,8,4.681848526000977
679,1396,9,3.9934797286987305
679,101,10,4.084549427032471
680,434,1,4.142507553100586
680,916,2,4.26054573059082
680,168,3,4.234036922454834
680,272,4,4.4210991859436035
680,500,5,3.941824197769165
680,48,6,4.909742832183838
680,615,7,4.2536773681640625
680,709,8,4.449370384216309
680,12,9,4.904038906097412
680,863,10,4.023340702056885
681,137,1,4.35984468460083
681,170,2,4.214705944061279
681,936,3,4.248300075531006
681,709,4,3.856442451477051
681,479,5,4.344305992126465
681,176,6,3.667750358581543
681,603,7,4.264402866363525
681,320,8,3.913184642791748
681,663,9,3.6260015964508057
681,86,10,4.342692852020264
682,1533,1,3.745897054672241
682,198,2,4.518047332763672
682,968,3,3.626162052154541
682,389,4,3.597547769546509
682,1,5,4.44883918762207
682,589,6,3.581740140914917
682,482,7,4.106191635131836
682,641,8,4.05602502822876
682,606,9,4.40018367767334
682,530,10,3.9500744342803955
683,400,1,3.5870518684387207
683,50,2,4.09963846206665
683,1194,3,3.9846463203430176
683,1269,4,3.6683034896850586
683,506,5,3.9092788696289062
683,479,6,4.335384368896484
683,482,7,3.933950185775757
683,483,8,4.5518670082092285
683,530,9,4.120591640472412
683,179,10,4.0275139808654785
684,654,1,4.779196739196777
684,1405,2,4.3506083488464355
684,519,3,4.639756202697754
684,1251,4,4.250801086425781
684,1137,5,4.623648166656494
684,513,6,5.009358882904053
684,653,7,4.424947738647461
684,320,8,4.151819229125977
684,694,9,4.416911602020264
684,1131,10,3.8851988315582275
686,661,1,5.5869269371032715
686,137,2,4.803188323974609
686,709,3,5.1209635734558105
686,302,4,4.820390701293945
686,208,5,4.583398342132568
686,488,6,4.812593936920166
686,190,7,4.7992472648620605
686,116,8,5.12436580657959
686,519,9,5.187896251678467
686,1073,10,4.764787197113037
687,520,1,4.605511665344238
687,48,2,3.9474539756774902
687,203,3,4.217394828796387
687,492,4,4.509882926940918
687,530,5,4.283372402191162
687,416,6,4.039878845214844
687,423,7,4.220448970794678
687,525,8,4.392920017242432
687,79,9,4.323591709136963
687,302,10,4.42424201965332
688,604,1,5.263992786407471
688,603,2,5.528134822845459
688,480,3,5.415149211883545
688,246,4,5.0623979568481445
688,1594,5,5.058784484863281
688,1506,6,4.8756303787231445
688,588,7,5.078487396240234
688,443,8,4.94574499130249
688,589,9,5.046016693115234
688,22,10,5.545549392700195
689,172,1,4.264303207397461
689,528,2,4.583398818969727
689,813,3,4.93243932723999
689,319,4,4.3124542236328125
689,320,5,4.619524955749512
689,174,6,4.589786052703857
689,774,7,4.082391262054443
689,116,8,4.466460227966309
689,646,9,4.282200336456299
689,799,10,4.137147903442383
690,1218,1,3.4608535766601562
690,99,2,3.441903829574585
690,217,3,3.8935089111328125
690,484,4,3.8188188076019287
690,813,5,4.167657852172852
690,735,6,4.1219987869262695
690,222,7,3.7104146480560303
690,495,8,3.6069486141204834
690,603,9,4.927728652954102
690,31,10,3.4414172172546387
691,272,1,4.96295166015625
691,530,2,4.280509948730469
691,318,3,4.970387935638428
691,470,4,4.452459812164307
691,1122,5,4.38498067855835
691,741,6,4.147076606750488
691,513,7,4.665619850158691
691,169,8,4.709404468536377
691,119,9,4.431101322174072
691,661,10,4.394597053527832
692,615,1,3.617326259613037
692,270,2,3.632115602493286
692,8,3,3.54343318939209
692,86,4,3.981501579284668
692,359,5,3.4906203746795654
692,558,6,3.799381732940674
692,114,7,3.7732717990875244
692,143,8,3.933309316635132
692,174,9,3.827354669570923
692,313,10,4.083388805389404
693,963,1,3.6118931770324707
693,45,2,3.4665277004241943
693,1042,3,3.5687761306762695
693,171,4,3.603388547897339
693,73,5,4.55488395690918
693,519,6,4.352631092071533
693,474,7,4.1920671463012695
693,200,8,3.3799173831939697
693,285,9,4.032653331756592
693,634,10,3.6103453636169434
694,1123,1,4.293844699859619
694,134,2,4.6500420570373535
694,533,3,4.306882858276367
694,39,4,4.107666492462158
694,425,5,4.636678695678711
694,634,6,4.3853759765625
694,679,7,4.379871845245361
694,403,8,4.427084922790527
694,381,9,4.147071838378906
694,513,10,4.869880676269531
695,177,1,4.1270623207092285
695,644,2,4.002148628234863
695,1268,3,3.93705415725708
695,433,4,4.707261085510254
695,995,5,4.615099906921387
695,488,6,4.342698574066162
695,513,7,4.737417221069336
695,207,8,4.152756214141846
695,529,9,4.655301094055176
695,432,10,4.430283069610596
696,916,1,4.10693883895874
696,1063,2,4.421753406524658
696,645,3,4.053610324859619
696,170,4,4.339376926422119
696,657,5,4.2864813804626465
696,1203,6,4.1107025146484375
696,189,7,4.519162178039551
696,778,8,4.496146202087402
696,497,9,3.9319629669189453
696,654,10,4.71112060546875
697,657,1,4.65628719329834
697,272,2,4.809398651123047
697,199,3,4.807278156280518
697,114,4,5.005582332611084
697,1148,5,4.146572589874268
697,966,6,4.577173233032227
697,1019,7,4.572182655334473
697,1629,8,4.136225700378418
697,1600,9,4.504861831665039
697,239,10,4.433378219604492
699,200,1,3.817742109298706
699,327,2,3.5148842334747314
699,603,3,4.795144081115723
699,530,4,3.889052391052246
699,487,5,3.9054181575775146
699,30,6,4.112310409545898
699,28,7,4.047672271728516
699,115,8,3.990476608276367
699,434,9,3.4753096103668213
699,480,10,4.040825843811035
700,89,1,4.204713344573975
700,79,2,4.160465717315674
700,531,3,4.049668312072754
700,969,4,3.701449394226074
700,168,5,3.9221079349517822
700,199,6,4.199917316436768
700,12,7,4.449310302734375
700,1293,8,3.8551347255706787
700,520,9,3.9850146770477295
700,709,10,3.9233834743499756
701,200,1,4.136170387268066
701,511,2,5.074760913848877
701,850,3,4.305647850036621
701,302,4,4.813487529754639
701,613,5,4.193859100341797
701,488,6,4.598477840423584
701,267,7,4.257893085479736
701,1073,8,4.2206549644470215
701,525,9,4.610480785369873
701,661,10,4.934174537658691
702,174,1,3.4214324951171875
702,12,2,3.905317544937134
702,318,3,4.041781902313232
702,1020,4,3.225365161895752
702,423,5,3.3304941654205322
702,173,6,3.9341237545013428
702,483,7,3.4242866039276123
702,1251,8,3.015900135040283
702,644,9,3.4734017848968506
702,970,10,2.915062189102173
703,99,1,4.415650367736816
703,205,2,4.624638080596924
703,675,3,4.1001458168029785
703,479,4,4.553971290588379
703,1193,5,4.37148380279541
703,302,6,5.160299301147461
703,530,7,4.654366493225098
703,1367,8,4.146816730499268
703,705,9,4.433087348937988
703,203,10,4.38682746887207
704,267,1,4.028330326080322
704,59,2,4.342761039733887
704,966,3,4.030684947967529
704,1380,4,3.886507272720337
704,214,5,4.072240829467773
704,588,6,3.9136695861816406
704,615,7,4.408647537231445
704,168,8,5.197087287902832
704,484,9,4.595932960510254
704,520,10,4.300537586212158
705,302,1,4.4468817710876465
705,732,2,4.2751784324646
705,1555,3,4.1203789710998535
705,326,4,4.467094421386719
705,97,5,4.6814422607421875
705,414,6,4.101470470428467
705,1121,7,4.257615566253662
705,12,8,4.6053290367126465
705,478,9,4.425931453704834
705,657,10,4.252745628356934
706,613,1,4.2108964920043945
706,22,2,4.290059566497803
706,169,3,4.505962371826172
706,1159,4,3.6962926387786865
706,19,5,3.7425429821014404
706,48,6,4.392042636871338
706,182,7,3.7321524620056152
706,96,8,4.500907897949219
706,675,9,4.1537628173828125
706,589,10,3.7204458713531494
707,968,1,3.7293853759765625
707,114,2,4.607548236846924
707,69,3,4.285672664642334
707,484,4,3.8090476989746094
707,53,5,3.7170684337615967
707,966,6,4.099534511566162
707,511,7,3.8830392360687256
707,508,8,3.9528751373291016
707,48,9,4.696341514587402
707,161,10,4.069873809814453
708,172,1,4.613210201263428
708,1537,2,4.402089595794678
708,519,3,4.336835861206055
708,155,4,4.466178894042969
708,692,5,4.759922504425049
708,498,6,4.2990217208862305
708,484,7,4.049781799316406
708,189,8,3.90320086479187
708,357,9,4.956490516662598
708,178,10,4.367336750030518
709,513,1,4.327395439147949
709,165,2,4.342689514160156
709,538,3,4.455062389373779
709,169,4,5.321642875671387
709,488,5,4.052980899810791
709,709,6,4.157925605773926
709,887,7,3.963109016418457
709,119,8,3.925532341003418
709,646,9,4.165412425994873
709,474,10,4.585042476654053
710,133,1,3.8585801124572754
710,1019,2,3.9459638595581055
710,486,3,3.852642774581909
710,980,4,3.74922251701355
710,175,5,3.9106249809265137
710,528,6,3.9627397060394287
710,169,7,4.361144065856934
710,8,8,4.730374813079834
710,42,9,4.166319370269775
710,607,10,4.267961502075195
711,657,1,4.130848407745361
711,644,2,4.092437744140625
711,547,3,4.7232866287231445
711,482,4,5.015440464019775
711,524,5,4.412888050079346
711,198,6,3.99526309967041
711,86,7,4.752881050109863
711,1357,8,3.8996922969818115
711,113,9,3.942326068878174
711,201,10,4.714225769042969
712,735,1,4.814279079437256
712,333,2,4.0709333419799805
712,155,3,4.236789226531982
712,270,4,4.436819076538086
712,833,5,4.079628944396973
712,119,6,4.456552982330322
712,166,7,3.941021203994751
712,125,8,5.10007381439209
712,257,9,5.247045993804932
712,163,10,3.9232802391052246
713,276,1,3.632817506790161
713,1063,2,3.809525489807129
713,478,3,3.868002414703369
713,530,4,3.6561172008514404
713,479,5,3.5723562240600586
713,1536,6,3.4743990898132324
713,12,7,3.8782522678375244
713,181,8,3.8576807975769043
713,615,9,3.6553232669830322
713,673,10,3.54085636138916
714,119,1,3.8154919147491455
714,434,2,3.6844537258148193
714,354,3,3.47810435295105
714,480,4,4.131953239440918
714,1367,5,3.4761509895324707
714,12,6,4.423994064331055
714,511,7,3.7639834880828857
714,603,8,3.943676233291626
714,143,9,3.863568067550659
714,633,10,4.050851821899414
715,114,1,4.036509990692139
715,1433,2,3.656968116760254
715,498,3,4.7642903327941895
715,1203,4,4.0004706382751465
715,127,5,5.001518726348877
715,504,6,3.9760560989379883
715,657,7,4.4138994216918945
715,661,8,4.1293158531188965
715,792,9,4.4716925621032715
715,675,10,3.7235872745513916
716,889,1,4.176970481872559
716,530,2,4.264298439025879
716,613,3,4.68257474899292
716,1367,4,4.768296718597412
716,1216,5,4.042049884796143
716,607,6,4.464797496795654
716,1459,7,4.033193588256836
716,115,8,4.323523044586182
716,1512,9,4.8181562423706055
716,657,10,4.5576171875
717,718,1,4.696557998657227
717,466,2,4.7365241050720215
717,394,3,4.469269275665283
717,216,4,5.685297012329102
717,641,5,4.800722599029541
717,645,6,5.1780548095703125
717,1154,7,4.409035682678223
717,1131,8,4.783318996429443
717,292,9,4.657678127288818
717,203,10,4.610544204711914
718,1594,1,4.529468536376953
718,318,2,5.023463726043701
718,1367,3,4.776213645935059
718,1142,4,4.304708957672119
718,661,5,4.8609185218811035
718,64,6,5.133383274078369
718,657,7,5.157668113708496
718,269,8,4.4056878089904785
718,483,9,4.721274375915527
718,568,10,4.465229034423828
719,211,1,3.4338390827178955
719,694,2,3.4318883419036865
719,604,3,3.4949758052825928
719,209,4,3.5366289615631104
719,170,5,4.198348045349121
719,589,6,3.5709733963012695
719,484,7,4.132929801940918
719,12,8,4.407700538635254
719,448,9,3.6316521167755127
719,272,10,4.272964000701904
720,1064,1,4.287674903869629
720,408,2,4.857996463775635
720,603,3,4.671506404876709
720,490,4,4.180307388305664
720,474,5,4.832785606384277
720,697,6,4.202689170837402
720,150,7,4.091662883758545
720,351,8,4.184451103210449
720,520,9,4.453961372375488
720,479,10,4.473522663116455
721,485,1,4.13783073425293
721,1449,2,4.457184314727783
721,861,3,3.9242782592773438
721,60,4,4.472424507141113
721,1007,5,4.187133312225342
721,143,6,4.355118274688721
721,144,7,4.708134174346924
721,603,8,4.499484062194824
721,519,9,4.171817302703857
721,478,10,4.28802490234375
722,50,1,4.647377014160156
722,470,2,4.186203479766846
722,491,3,4.325660705566406
722,408,4,5.48091459274292
722,114,5,5.162768840789795
722,1594,6,4.348892688751221
722,656,7,4.335098743438721
722,1172,8,4.248903274536133
722,198,9,4.528494358062744
722,921,10,4.510642051696777
723,114,1,4.061670303344727
723,434,2,3.957062005996704
723,144,3,4.270811557769775
723,173,4,4.372457981109619
723,96,5,4.364502429962158
723,1021,6,4.4435133934021
723,1129,7,4.046402454376221
723,1142,8,4.090647220611572
723,525,9,4.190546035766602
723,613,10,3.9978835582733154
725,1098,1,4.145488262176514
725,152,2,3.7907626628875732
725,474,3,3.8881781101226807
725,172,4,4.493002414703369
725,510,5,4.286513328552246
725,1194,6,4.40716028213501
725,644,7,3.8007750511169434
725,922,8,3.913005828857422
725,1020,9,3.7125003337860107
725,478,10,4.5247344970703125
726,119,1,4.119561195373535
726,694,2,4.104793071746826
726,513,3,4.364480018615723
726,12,4,4.160868167877197
726,124,5,4.09638786315918
726,958,6,4.412982940673828
726,318,7,4.449001312255859
726,498,8,4.151828765869141
726,516,9,4.086568832397461
726,343,10,3.7757344245910645
727,937,1,3.967453956604004
727,487,2,4.416591644287109
727,318,3,3.8912250995635986
727,320,4,3.9737021923065186
727,603,5,4.368302822113037
727,943,6,3.6201279163360596
727,484,7,4.014284133911133
727,919,8,3.9298553466796875
727,750,9,4.6526079177856445
727,1330,10,3.6157357692718506
728,12,1,4.692312717437744
728,168,2,4.238633632659912
728,114,3,4.5061445236206055
728,813,4,4.409223556518555
728,265,5,4.095560073852539
728,462,6,4.336730480194092
728,205,7,4.571932315826416
728,1121,8,4.176264762878418
728,194,9,4.196909427642822
728,484,10,4.412741661071777
729,543,1,3.044753074645996
729,493,2,3.347898006439209
729,945,3,3.6157469749450684
729,511,4,3.614426851272583
729,121,5,3.744745969772339
729,602,6,3.0103979110717773
729,194,7,3.462466239929199
729,488,8,3.3846116065979004
729,156,9,3.1477713584899902
729,589,10,3.0899150371551514
730,530,1,3.556225299835205
730,265,2,3.9312546253204346
730,1142,3,4.541023254394531
730,156,4,3.7357823848724365
730,203,5,3.7828149795532227
730,124,6,4.49293327331543
730,163,7,3.673776149749756
730,611,8,3.9857749938964844
730,478,9,3.848172187805176
730,448,10,3.9779164791107178
731,1587,1,4.129277229309082
731,863,2,4.925369739532471
731,1125,3,3.531914710998535
731,89,4,4.283951282501221
731,443,5,4.108109474182129
731,963,6,4.221856117248535
731,255,7,4.901893138885498
731,887,8,4.044771194458008
731,718,9,4.446362018585205
731,1305,10,3.633890151977539
732,143,1,4.929306983947754
732,611,2,4.751442909240723
732,524,3,4.869426727294922
732,136,4,4.844470977783203
732,14,5,5.12463903427124
732,89,6,5.134206771850586
732,916,7,4.84020471572876
732,114,8,4.858597755432129
732,194,9,4.899800777435303
732,607,10,4.963809490203857
734,608,1,4.206881999969482
734,149,2,3.6935248374938965
734,1154,3,3.5180869102478027
734,219,4,4.18215274810791
734,533,5,3.7551915645599365
734,286,6,4.29074764251709
734,519,7,4.026185035705566
734,161,8,4.300910949707031
734,71,9,3.9201037883758545
734,923,10,4.201337814331055
735,966,1,4.006033420562744
735,285,2,4.298509120941162
735,114,3,4.309848308563232
735,313,4,3.8997035026550293
735,64,5,4.7421722412109375
735,238,6,4.147146701812744
735,183,7,3.928854465484619
735,603,8,4.322639465332031
735,85,9,4.2648515701293945
735,520,10,4.036781311035156
736,603,1,3.767223596572876
736,641,2,3.71002197265625
736,137,3,3.250899314880371
736,176,4,3.5794167518615723
736,1142,5,3.618091583251953
736,190,6,3.5557191371917725
736,493,7,3.3133466243743896
736,1,8,3.7412445545196533
736,185,9,3.777338743209839
736,100,10,3.731510639190674
737,91,1,3.882829189300537
737,48,2,4.366332530975342
737,470,3,3.9798877239227295
737,868,4,3.872201442718506
737,916,5,3.939091920852661
737,1064,6,3.7764742374420166
737,497,7,4.184316635131836
737,131,8,4.122141361236572
737,488,9,4.5428972244262695
737,856,10,4.300291538238525
738,966,1,3.8818471431732178
738,653,2,3.9512405395507812
738,513,3,4.46442174911499
738,490,4,4.129978656768799
738,694,5,4.043395042419434
738,954,6,3.616711139678955
738,165,7,4.047612190246582
738,515,8,4.2751593589782715
738,317,9,3.8632819652557373
738,419,10,3.6337997913360596
739,166,1,4.503631591796875
739,1367,2,3.7533137798309326
739,583,3,3.9062681198120117
739,675,4,3.9370481967926025
739,265,5,4.508877277374268
739,48,6,3.9249653816223145
739,114,7,4.511435031890869
739,251,8,4.449378967285156
739,126,9,4.112431049346924
739,207,10,4.512479782104492
740,169,1,4.048757553100586
740,89,2,3.827299118041992
740,644,3,3.648318290710449
740,223,4,4.268172740936279
740,657,5,3.856996536254883
740,181,6,3.6287550926208496
740,30,7,3.7708592414855957
740,694,8,3.8381569385528564
740,79,9,3.994356155395508
740,196,10,3.8705997467041016
741,474,1,4.14355993270874
741,132,2,4.211541652679443
741,223,3,4.568314075469971
741,1451,4,4.640597343444824
741,525,5,4.260756969451904
741,916,6,4.040833950042725
741,718,7,4.21502685546875
741,610,8,3.778696060180664
741,661,9,4.7597575187683105
741,315,10,4.7682929039001465
742,513,1,4.283291816711426
742,644,2,4.435655117034912
742,601,3,4.053569793701172
742,83,4,4.519333839416504
742,916,5,4.359533309936523
742,100,6,4.9879984855651855
742,588,7,3.9451422691345215
742,60,8,4.55253267288208
742,488,9,4.23044490814209
742,233,10,3.9723622798919678
743,963,1,4.293880462646484
743,614,2,4.406067371368408
743,811,3,4.182029724121094
743,183,4,4.45147180557251
743,654,5,4.85809850692749
743,89,6,4.345994472503662
743,511,7,4.746330261230469
743,749,8,4.01409912109375
743,217,9,4.1739501953125
743,1251,10,4.0903239250183105
744,655,1,4.035224437713623
744,12,2,4.66611385345459
744,648,3,3.9074583053588867
744,493,4,4.067331314086914
744,1077,5,3.7496140003204346
744,114,6,4.526708126068115
744,196,7,4.116840839385986
744,489,8,3.7823381423950195
744,470,9,3.736154556274414
744,285,10,4.5745720863342285
745,1449,1,3.9630892276763916
745,11,2,3.876340389251709
745,91,3,3.8501763343811035
745,1122,4,3.51210618019104
745,33,5,3.2098240852355957
745,811,6,3.5361721515655518
745,178,7,4.232180595397949
745,654,8,3.7653331756591797
745,210,9,3.325059413909912
745,624,10,3.807190418243408
746,969,1,4.06348180770874
746,173,2,4.568552494049072
746,320,3,4.280533313751221
746,966,4,4.061094284057617
746,206,5,4.006931304931641
746,922,6,4.277430057525635
746,1039,7,4.623546123504639
746,648,8,4.647699356079102
746,1154,9,4.099244594573975
746,515,10,4.275573253631592
747,1643,1,4.824188232421875
747,52,2,4.868751525878906
747,214,3,4.261633396148682
747,813,4,4.7176594734191895
747,484,5,4.931202411651611
747,81,6,4.866413593292236
747,1607,7,4.656531810760498
747,671,8,4.623167037963867
747,916,9,4.349201202392578
747,635,10,4.371087551116943
748,505,1,3.730651378631592
748,658,2,4.079452037811279
748,851,3,4.204370975494385
748,430,4,4.435306072235107
748,526,5,4.210774898529053
748,320,6,4.257294178009033
748,343,7,3.848590135574341
748,1156,8,3.780097484588623
748,520,9,4.831236362457275
748,223,10,4.482299327850342
749,493,1,4.347996234893799
749,836,2,4.135644435882568
749,1068,3,4.042829513549805
749,653,4,4.373064041137695
749,1367,5,4.369168758392334
749,604,6,4.352736949920654
749,520,7,4.442474365234375
749,657,8,4.2904791831970215
749,14,9,4.3102192878723145
749,701,10,4.0578813552856445
750,114,1,4.140272617340088
750,195,2,4.504477024078369
750,346,3,3.9258174896240234
750,919,4,4.072808265686035
750,344,5,3.9657974243164062
750,48,6,3.947305679321289
750,502,7,4.17363977432251
750,922,8,4.030184745788574
750,205,9,4.168307781219482
750,198,10,3.846646308898926
751,498,1,4.467386722564697
751,12,2,4.288262844085693
751,647,3,4.186935901641846
751,427,4,4.353973865509033
751,203,5,3.913111448287964
751,318,6,4.4386701583862305
751,505,7,3.729977607727051
751,530,8,4.159344673156738
751,119,9,4.111575126647949
751,156,10,4.303570747375488
752,663,1,3.743587017059326
752,89,2,3.6172680854797363
752,195,3,4.31210994720459
752,200,4,3.6506335735321045
752,588,5,3.668626070022583
752,1482,6,3.2784245014190674
752,150,7,4.413235187530518
752,283,8,3.745227575302124
752,12,9,4.86672830581665
752,657,10,3.963630199432373
753,114,1,4.054152965545654
753,163,2,3.955465793609619
753,493,3,4.639999866485596
753,48,4,3.782228469848633
753,378,5,4.374582290649414
753,850,6,3.806425094604492
753,513,7,4.411850452423096
753,202,8,3.9442477226257324
753,1450,9,4.026257038116455
753,557,10,3.9397776126861572
754,169,1,4.495378494262695
754,48,2,3.938065767288208
754,230,3,3.7002031803131104
754,513,4,4.2598795890808105
754,1459,5,3.6700832843780518
754,963,6,4.384274959564209
754,511,7,4.392674446105957
754,86,8,3.9380481243133545
754,378,9,3.9760780334472656
754,853,10,4.034649848937988
755,360,1,4.222665309906006
755,161,2,4.627179145812988
755,478,3,4.786314964294434
755,1159,4,4.6710004806518555
755,651,5,4.403539657592773
755,650,6,3.823345422744751
755,45,7,4.784976959228516
755,194,8,3.9629814624786377
755,463,9,4.042741298675537
755,172,10,4.3688578605651855
756,538,1,3.585379123687744
756,114,2,3.762620210647583
756,1159,3,3.8247342109680176
756,286,4,4.32357120513916
756,129,5,3.760558843612671
756,445,6,3.6367530822753906
756,385,7,3.7472593784332275
756,190,8,4.585256099700928
756,1007,9,3.7823421955108643
756,42,10,3.4124979972839355
757,520,1,4.588873386383057
757,213,2,4.248702049255371
757,1142,3,4.334138870239258
757,853,4,4.220874786376953
757,494,5,4.28426456451416
757,474,6,4.333104133605957
757,83,7,4.489733695983887
757,513,8,4.3899006843566895
757,882,9,3.95000958442688
757,1064,10,4.118445873260498
758,649,1,4.405479907989502
758,89,2,4.948253154754639
758,251,3,4.4937286376953125
758,1431,4,4.101524353027344
758,921,5,4.373726844787598
758,525,6,4.963599681854248
758,157,7,5.032798767089844
758,811,8,4.633035659790039
758,519,9,4.850566864013672
758,10,10,5.214391708374023
759,75,1,4.667390823364258
759,267,2,4.401865005493164
759,318,3,5.115509033203125
759,1449,4,4.87895393371582
759,603,5,4.457805156707764
759,95,6,4.6892523765563965
759,483,7,5.120395183563232
759,402,8,4.435058116912842
759,443,9,4.204426288604736
759,50,10,4.960276126861572
760,474,1,3.96222186088562
760,694,2,3.6067311763763428
760,1558,3,3.7245595455169678
760,966,4,3.859884023666382
760,919,5,4.135739803314209
760,847,6,4.253333568572998
760,656,7,3.4954683780670166
760,1203,8,3.958859920501709
760,116,9,4.440053939819336
760,510,10,3.435126543045044
761,183,1,4.01311731338501
761,22,2,3.885341167449951
761,525,3,4.128020763397217
761,520,4,4.245339870452881
761,1451,5,4.124190807342529
761,922,6,4.31655740737915
761,414,7,3.462831974029541
761,1172,8,3.678287982940674
761,1142,9,3.5462441444396973
761,434,10,3.9775657653808594
762,132,1,4.684319496154785
762,234,2,4.089198112487793
762,1064,3,3.821425199508667
762,300,4,3.9238715171813965
762,313,5,4.206742286682129
762,189,6,4.387779712677002
762,661,7,4.411966323852539
762,199,8,4.463420867919922
762,615,9,4.549128532409668
762,520,10,4.416769504547119
763,484,1,4.931233882904053
763,612,2,4.349067211151123
763,114,3,4.616644382476807
763,519,4,4.262288570404053
763,1558,5,4.514247417449951
763,969,6,3.9126477241516113
763,922,7,4.350809097290039
763,916,8,4.336694240570068
763,512,9,4.977372169494629
763,1085,10,4.0588603019714355
764,257,1,4.2418012619018555
764,207,2,4.121314525604248
764,241,3,4.262465953826904
764,513,4,4.782228946685791
764,746,5,4.4501214027404785
764,24,6,4.186315059661865
764,494,7,4.371278762817383
764,164,8,4.033684253692627
764,966,9,4.2154541015625
764,501,10,4.294447422027588
765,408,1,4.7406110763549805
765,850,2,4.414535999298096
765,1124,3,4.239368915557861
765,1449,4,4.6715264320373535
765,12,5,4.622795581817627
765,317,6,4.699052333831787
765,1064,7,4.112873077392578
765,746,8,4.231666088104248
765,603,9,4.820387363433838
765,1642,10,4.269816875457764
766,525,1,3.912109851837158
766,258,2,4.06188440322876
766,835,3,3.822688341140747
766,589,4,4.018652439117432
766,416,5,3.6817634105682373
766,735,6,4.067397594451904
766,850,7,3.488560438156128
766,721,8,3.340059757232666
766,615,9,3.835348129272461
766,488,10,4.068883895874023
767,645,1,4.286324977874756
767,615,2,4.49493932723999
767,313,3,5.0236945152282715
767,483,4,4.969058513641357
767,1367,5,4.774557113647461
767,484,6,4.739055156707764
767,488,7,5.049433708190918
767,520,8,4.778794288635254
767,538,9,4.360930919647217
767,603,10,5.057398796081543
768,129,1,4.269242286682129
768,241,2,3.74599552154541
768,190,3,4.343321800231934
768,516,4,3.946038246154785
768,850,5,3.645339012145996
768,648,6,3.676788568496704
768,488,7,3.529818534851074
768,965,8,3.540170192718506
768,96,9,4.538698196411133
768,119,10,4.009429454803467
769,50,1,4.787973880767822
769,505,2,3.9025168418884277
769,172,3,4.329875946044922
769,1070,4,4.057855606079102
769,1449,5,4.318402290344238
769,1159,6,3.8676977157592773
769,137,7,4.320277690887451
769,185,8,3.8497796058654785
769,136,9,4.290475368499756
769,850,10,4.0709004402160645
770,745,1,4.962948799133301
770,1019,2,5.079012870788574
770,971,3,4.687569618225098
770,114,4,4.988536357879639
770,853,5,4.717541694641113
770,730,6,4.662654399871826
770,603,7,5.259127140045166
770,916,8,4.689659118652344
770,8,9,4.839320182800293
770,48,10,5.129756450653076
771,853,1,4.006916046142578
771,143,2,4.8589701652526855
771,513,3,4.72520637512207
771,638,4,4.688608646392822
771,423,5,4.516467094421387
771,1233,6,3.9881179332733154
771,432,7,4.488508224487305
771,1101,8,4.785268783569336
771,645,9,4.630486965179443
771,524,10,4.440986156463623
772,1531,1,4.564308166503906
772,523,2,5.036100387573242
772,513,3,5.451528072357178
772,199,4,5.287781715393066
772,474,5,5.161294937133789
772,385,6,4.677680969238281
772,408,7,5.151865482330322
772,657,8,4.948158264160156
772,484,9,4.858827114105225
772,28,10,5.1483259201049805
773,856,1,4.380625247955322
773,975,2,3.745035409927368
773,404,3,3.8282601833343506
773,488,4,4.639442443847656
773,1203,5,4.382416248321533
773,223,6,4.711202621459961
773,519,7,4.510130405426025
773,1154,8,3.8886606693267822
773,850,9,3.85436749458313
773,647,10,5.063656330108643
775,515,1,4.198509216308594
775,179,2,4.692545413970947
775,306,3,4.39389705657959
775,1500,4,4.024387836456299
775,603,5,4.483418941497803
775,169,6,4.643625259399414
775,511,7,4.154106140136719
775,1073,8,3.9204466342926025
775,675,9,3.915273666381836
775,177,10,4.088346004486084
776,56,1,5.1334123611450195
776,172,2,5.0538153648376465
776,203,3,4.407315731048584
776,248,4,4.273843288421631
776,306,5,4.800203323364258
776,87,6,4.769721984863281
776,835,7,3.8968100547790527
776,1159,8,4.256531238555908
776,1529,9,3.7785565853118896
776,115,10,3.9757320880889893
777,12,1,4.356489181518555
777,663,2,5.014776229858398
777,1142,3,4.538670063018799
777,701,4,4.170938968658447
777,657,5,4.336318492889404
777,230,6,4.72346305847168
777,101,7,4.3314642906188965
777,436,8,4.112746238708496
777,612,9,4.871705532073975
777,432,10,4.720241069793701
778,663,1,4.247491836547852
778,513,2,4.396964073181152
778,187,3,4.5507097244262695
778,488,4,3.969026565551758
778,177,5,4.020259380340576
778,498,6,4.338103771209717
778,443,7,3.729166269302368
778,641,8,4.2301530838012695
778,199,9,4.942416667938232
778,432,10,4.4877448081970215
779,8,1,4.9698100090026855
779,1058,2,4.088820934295654
779,96,3,4.409833908081055
779,153,4,4.8782124519348145
779,144,5,4.837924957275391
779,224,6,4.2657670974731445
779,1293,7,4.117465972900391
779,169,8,5.1700568199157715
779,1193,9,4.551150798797607
779,474,10,4.603437900543213
780,694,1,4.006079196929932
780,404,2,4.039669990539551
780,194,3,5.062856674194336
780,519,4,4.33408260345459
780,513,5,4.371606826782227
780,501,6,4.284997463226318
780,181,7,4.636884689331055
780,481,8,4.382665634155273
780,525,9,4.503556251525879
780,361,10,3.8242344856262207
781,185,1,4.430377960205078
781,175,2,3.966580629348755
781,844,3,3.743908405303955
781,633,4,3.740842819213867
781,192,5,4.254456043243408
781,432,6,4.118495941162109
781,1524,7,3.78503155708313
781,513,8,4.520225524902344
781,813,9,4.048356056213379
781,520,10,4.2338175773620605
783,1203,1,4.278642177581787
783,89,2,4.572990417480469
783,1007,3,4.462859630584717
783,210,4,4.5014472007751465
783,98,5,4.6134796142578125
783,199,6,4.285481929779053
783,175,7,4.158627510070801
783,657,8,4.639575958251953
783,645,9,4.04644775390625
783,603,10,5.058828353881836
784,234,1,4.353418350219727
784,169,2,4.708502292633057
784,195,3,4.731185436248779
784,513,4,4.295267581939697
784,293,5,4.218466281890869
784,119,6,4.478904724121094
784,589,7,4.237515926361084
784,512,8,4.494178771972656
784,45,9,4.658134937286377
784,611,10,4.509645938873291
785,134,1,3.878671884536743
785,210,2,4.192333698272705
785,611,3,4.169865608215332
785,663,4,3.91475510597229
785,232,5,3.647573471069336
785,1139,6,3.693411111831665
785,850,7,3.8099982738494873
785,657,8,4.258975982666016
785,659,9,4.176326274871826
785,143,10,3.9161767959594727
786,698,1,3.880657911300659
786,969,2,3.8589606285095215
786,1298,3,4.1284284591674805
786,436,4,3.9312400817871094
786,966,5,4.28463077545166
786,87,6,4.008194923400879
786,500,7,4.43504524230957
786,48,8,4.417176723480225
786,169,9,5.184449672698975
786,566,10,4.412078380584717
787,433,1,3.7605528831481934
787,1019,2,4.439823627471924
787,96,3,4.167737007141113
787,1269,4,3.7902605533599854
787,483,5,4.298375129699707
787,850,6,4.041330337524414
787,500,7,4.481175899505615
787,223,8,4.199515342712402
787,611,9,4.066946506500244
787,169,10,4.348998546600342
788,191,1,4.632992744445801
788,922,2,4.311891555786133
788,265,3,3.692608118057251
788,607,4,4.002015590667725
788,1293,5,3.6959235668182373
788,1367,6,4.580041408538818
788,1167,7,3.947282314300537
788,1439,8,4.162233352661133
788,1641,9,3.845270872116089
788,1342,10,3.8690145015716553
789,526,1,4.705286979675293
789,922,2,4.712680339813232
789,705,3,4.319882392883301
789,1612,4,4.1607465744018555
789,837,5,4.428094387054443
789,1143,6,4.027486324310303
789,119,7,4.330297470092773
789,651,8,4.370750427246094
789,443,9,4.351348400115967
789,168,10,4.470898628234863
790,1129,1,3.866621494293213
790,922,2,4.004364013671875
790,1046,3,3.5638089179992676
790,498,4,4.440348148345947
790,1269,5,3.6902666091918945
790,663,6,4.170347213745117
790,12,7,4.866209506988525
790,657,8,4.244162082672119
790,410,9,3.9136171340942383
790,956,10,3.6635210514068604
791,223,1,4.716306686401367
791,126,2,4.4094624519348145
791,514,3,4.4609832763671875
791,488,4,4.140406608581543
791,443,5,4.281899452209473
791,45,6,4.5750226974487305
791,922,7,4.491715431213379
791,165,8,4.355835914611816
791,1211,9,4.591231346130371
791,124,10,4.907683849334717
792,966,1,3.977928638458252
792,811,2,3.6605467796325684
792,657,3,3.9339115619659424
792,919,4,4.029605865478516
792,429,5,4.335434436798096
792,170,6,4.142582416534424
792,64,7,4.671146392822266
792,805,8,3.542362928390503
792,116,9,4.127969264984131
792,1367,10,3.994410514831543
793,850,1,4.0446906089782715
793,114,2,4.24862813949585
793,97,3,4.108927249908447
793,408,4,4.518897533416748
793,1243,5,3.8803646564483643
793,174,6,4.762747287750244
793,868,7,4.0276103019714355
793,853,8,3.897444486618042
793,641,9,4.222635269165039
793,705,10,4.28102970123291
794,97,1,4.5184407234191895
794,654,2,5.02003288269043
794,119,3,4.851547718048096
794,171,4,4.517633438110352
794,357,5,4.981329917907715
794,528,6,4.661191463470459
794,135,7,4.996096134185791
794,172,8,5.0742411613464355
794,200,9,4.417810440063477
794,705,10,4.724521160125732
795,408,1,4.818576812744141
795,1073,2,4.500840187072754
795,316,3,3.9629902839660645
795,1515,4,3.5976011753082275
795,92,5,3.8488447666168213
795,1512,6,3.7236695289611816
795,525,7,3.8262343406677246
795,1243,8,3.8362183570861816
795,199,9,3.8952834606170654
795,497,10,3.9378790855407715
796,528,1,4.630005836486816
796,806,2,3.9625728130340576
796,895,3,4.395114421844482
796,1474,4,3.833751916885376
796,208,5,4.712196350097656
796,601,6,3.9081993103027344
796,418,7,4.074465274810791
796,302,8,4.43339204788208
796,169,9,4.4670939445495605
796,1547,10,3.89178729057312
797,511,1,3.831881284713745
797,531,2,3.630053997039795
797,198,3,3.441598415374756
797,183,4,3.2676823139190674
797,525,5,3.5263047218322754
797,483,6,4.02927303314209
797,185,7,4.164777755737305
797,48,8,3.988896369934082
797,316,9,3.64579701423645
797,1010,10,3.536325454711914
798,1598,1,3.8130757808685303
798,408,2,4.164305210113525
798,1601,3,3.6590304374694824
798,166,4,4.0542707443237305
798,75,5,3.9065380096435547
798,520,6,3.905543327331543
798,936,7,4.771487236022949
798,313,8,4.581707954406738
798,1500,9,3.750584602355957
798,1463,10,3.809335231781006
799,525,1,4.389673233032227
799,850,2,4.398508548736572
799,14,3,4.4308271408081055
799,189,4,4.720012187957764
799,1125,5,4.1801557540893555
799,420,6,4.274628639221191
799,69,7,4.327721118927002
799,613,8,4.40550422668457
799,114,9,4.878057479858398
799,127,10,4.890111446380615
800,313,1,4.322422027587891
800,520,2,4.375874996185303
800,1159,3,4.0687336921691895
800,589,4,3.7602453231811523
800,95,5,4.002997398376465
800,603,6,4.36974573135376
800,114,7,4.372281551361084
800,488,8,4.123693943023682
800,512,9,4.034287452697754
800,639,10,4.063704967498779
801,745,1,4.568002223968506
801,210,2,5.257411956787109
801,966,3,4.702826976776123
801,774,4,4.644558429718018
801,87,5,5.465065002441406
801,132,6,5.227804183959961
801,500,7,4.945187091827393
801,596,8,5.227261066436768
801,257,9,4.979639053344727
801,272,10,5.52238655090332
802,355,1,3.818311929702759
802,96,2,4.873659610748291
802,853,3,4.437082767486572
802,50,4,4.64625883102417
802,900,5,4.169802188873291
802,119,6,4.132904052734375
802,251,7,4.031098365783691
802,274,8,3.9345972537994385
802,136,9,4.814957618713379
802,169,10,4.757308006286621
803,603,1,4.78901481628418
803,251,2,4.978898048400879
803,474,3,4.667425155639648
803,151,4,4.159732818603516
803,182,5,4.382294654846191
803,489,6,4.391358852386475
803,504,7,4.3139872550964355
803,185,8,4.27487850189209
803,525,9,4.326692581176758
803,1599,10,3.949453115463257
804,114,1,4.8392486572265625
804,1019,2,4.802897930145264
804,958,3,4.866929054260254
804,8,4,4.502383708953857
804,613,5,4.301575183868408
804,813,6,4.316378116607666
804,267,7,4.116337776184082
804,621,8,4.396924018859863
804,794,9,4.218021392822266
804,115,10,4.62666654586792
805,884,1,3.6922767162323
805,201,2,5.150748252868652
805,208,3,3.9846644401550293
805,1226,4,3.7395567893981934
805,479,5,4.405590057373047
805,199,6,4.299036502838135
805,270,7,4.5888671875
805,171,8,4.499947547912598
805,1377,9,3.7676806449890137
805,198,10,4.785887718200684
806,922,1,4.035109519958496
806,474,2,5.612187385559082
806,83,3,4.241947174072266
806,530,4,4.3568267822265625
806,1192,5,4.28203010559082
806,420,6,4.233424186706543
806,1598,7,3.7729883193969727
806,520,8,4.799992561340332
806,1524,9,4.146472454071045
806,526,10,4.568260192871094
807,608,1,4.072634220123291
807,394,2,4.510724067687988
807,333,3,4.5451555252075195
807,686,4,4.974030494689941
807,190,5,4.4045891761779785
807,601,6,4.193225860595703
807,661,7,4.334931373596191
807,1056,8,4.030174255371094
807,965,9,4.080420970916748
807,628,10,4.413449287414551
808,1449,1,4.543354511260986
808,657,2,4.4036102294921875
808,114,3,4.202914714813232
808,211,4,4.514443874359131
808,601,5,3.9573960304260254
808,168,6,4.8713531494140625
808,83,7,4.44536828994751
808,1142,8,3.93196702003479
808,1194,9,4.43474817276001
808,1021,10,4.203397274017334
809,48,1,4.680604457855225
809,497,2,4.320423603057861
809,156,3,4.291488170623779
809,519,4,4.721234321594238
809,1021,5,4.532243728637695
809,429,6,4.530585765838623
809,1203,7,4.620567321777344
809,114,8,4.613829612731934
809,963,9,4.615048885345459
809,493,10,4.4596052169799805
810,607,1,5.027730941772461
810,1021,2,5.202308177947998
810,114,3,4.881378650665283
810,1604,4,4.851866245269775
810,140,5,4.639406204223633
810,1125,6,4.629584312438965
810,675,7,5.100977420806885
810,230,8,4.699695587158203
810,513,9,5.313898086547852
810,393,10,4.868283748626709
811,169,1,5.20624303817749
811,191,2,5.348273277282715
811,196,3,4.567780017852783
811,705,4,4.758042335510254
811,511,5,4.886394500732422
811,1594,6,4.548631191253662
811,966,7,4.710424423217773
811,50,8,4.826452255249023
811,589,9,4.346013069152832
811,12,10,4.969320297241211
812,604,1,3.9758315086364746
812,234,2,4.083343505859375
812,488,3,4.1989426612854
812,1466,4,4.035883903503418
812,434,5,4.191554546356201
812,845,6,4.304255485534668
812,101,7,4.0626020431518555
812,1159,8,4.184770584106445
812,218,9,3.940092086791992
812,603,10,4.865726947784424
813,268,1,4.442768096923828
813,302,2,4.729187965393066
813,64,3,4.284367084503174
813,89,4,4.071686267852783
813,635,5,3.8019909858703613
813,403,6,4.443723678588867
813,514,7,4.816065788269043
813,968,8,3.765713691711426
813,177,9,4.1922149658203125
813,115,10,3.94061541557312
814,853,1,3.574477434158325
814,474,2,3.539161205291748
814,135,3,4.040125370025635
814,530,4,3.780449151992798
814,392,5,3.6725943088531494
814,357,6,3.515392541885376
814,922,7,3.6314332485198975
814,12,8,4.113925457000732
814,484,9,3.9487953186035156
814,347,10,3.6040256023406982
815,701,1,4.532778739929199
815,210,2,4.959560394287109
815,169,3,4.894301414489746
815,513,4,4.7049078941345215
815,129,5,4.970132827758789
815,1410,6,4.058281898498535
815,301,7,4.2186079025268555
815,727,8,3.9022300243377686
815,1021,9,3.947728157043457
815,1056,10,4.167111873626709
816,320,1,4.612431049346924
816,185,2,4.689570426940918
816,59,3,4.8204145431518555
816,916,4,4.532703399658203
816,493,5,4.9213032722473145
816,474,6,4.569532871246338
816,420,7,4.406683921813965
816,114,8,4.847986698150635
816,603,9,4.927361965179443
816,601,10,4.4670844078063965
817,661,1,4.218751430511475
817,483,2,4.431405067443848
817,850,3,4.010230541229248
817,945,4,4.221461772918701
817,1268,5,4.188971042633057
817,177,6,4.649925231933594
817,175,7,4.278735160827637
817,12,8,4.622994899749756
817,198,9,4.622447967529297
817,82,10,4.243460178375244
818,1269,1,3.9274473190307617
818,246,2,4.340305328369141
818,48,3,4.433360576629639
818,234,4,4.074564456939697
818,214,5,4.212337017059326
818,174,6,4.107064723968506
818,1523,7,4.0237956047058105
818,177,8,4.38023042678833
818,603,9,4.486639499664307
818,657,10,4.316174030303955
819,199,1,4.787473678588867
819,1039,2,4.4329962730407715
819,922,3,4.666802406311035
819,48,4,5.128380298614502
819,287,5,4.917013168334961
819,179,6,5.152045726776123
819,603,7,5.363293647766113
819,624,8,4.376936435699463
819,318,9,5.0313720703125
819,1251,10,4.685276985168457
820,1137,1,4.343883514404297
820,127,2,4.577974319458008
820,50,3,4.401126384735107
820,511,4,4.199706077575684
820,613,5,4.329276084899902
820,195,6,4.250977039337158
820,189,7,4.2472686767578125
820,132,8,4.035233497619629
820,850,9,4.272143840789795
820,300,10,3.847371816635132
821,1405,1,4.872645378112793
821,484,2,4.385693550109863
821,1450,3,4.409701824188232
821,1451,4,4.4092488288879395
821,1142,5,4.852491855621338
821,419,6,5.2257184982299805
821,1535,7,4.5041823387146
821,603,8,4.815576553344727
821,210,9,4.402487277984619
821,856,10,4.439299583435059
822,96,1,3.7854628562927246
822,657,2,4.303255558013916
822,515,3,4.1943678855896
822,50,4,3.947239398956299
822,143,5,4.071300983428955
822,525,6,4.001842021942139
822,257,7,4.159420013427734
822,52,8,4.050973892211914
822,922,9,3.96097469329834
822,634,10,3.862241268157959
823,203,1,5.266855716705322
823,789,2,4.333861827850342
823,519,3,4.373998165130615
823,661,4,4.859628200531006
823,851,5,4.661568641662598
823,1245,6,4.0809125900268555
823,200,7,4.634151935577393
823,179,8,4.423038005828857
823,479,9,4.597805023193359
823,757,10,4.05839729309082
824,176,1,4.004337310791016
824,48,2,3.936401605606079
824,612,3,4.2243499755859375
824,429,4,4.352384567260742
824,482,5,3.743509292602539
824,479,6,4.138355731964111
824,1158,7,3.798417091369629
824,485,8,3.778146505355835
824,510,9,3.8625380992889404
824,173,10,4.590222358703613
825,721,1,4.111609935760498
825,115,2,4.444199562072754
825,1159,3,4.71976900100708
825,62,4,4.092893123626709
825,837,5,4.754347324371338
825,503,6,4.178144454956055
825,69,7,4.642186164855957
825,144,8,4.744926452636719
825,79,9,4.656192779541016
825,520,10,4.615196228027344
826,642,1,4.179459571838379
826,199,2,4.524560451507568
826,835,3,4.019224166870117
826,143,4,4.237502098083496
826,273,5,4.196041584014893
826,1142,6,4.898343086242676
826,64,7,5.1257219314575195
826,163,8,4.039773464202881
826,114,9,4.098597526550293
826,478,10,4.2174072265625
827,210,1,4.452296257019043
827,170,2,4.493036270141602
827,1064,3,3.686631679534912
827,478,4,4.467050552368164
827,23,5,4.194614410400391
827,1558,6,4.116799354553223
827,641,7,3.9000258445739746
827,42,8,4.276865482330322
827,465,9,3.697291135787964
827,1459,10,3.732670545578003
828,724,1,3.5114614963531494
828,234,2,3.7217068672180176
828,206,3,4.049118518829346
828,511,4,4.016999244689941
828,1591,5,3.4242048263549805
828,515,6,4.188997268676758
828,646,7,3.5046451091766357
828,1594,8,3.4435009956359863
828,114,9,4.133453369140625
828,159,10,3.925307273864746
829,601,1,3.899535655975342
829,246,2,4.357069969177246
829,694,3,4.018186092376709
829,1500,4,4.303315162658691
829,654,5,4.3296403884887695
829,171,6,3.847025156021118
829,144,7,3.891744375228882
829,50,8,4.676741123199463
829,188,9,3.9260923862457275
829,114,10,4.543554782867432
830,922,1,4.127316474914551
830,496,2,4.341334342956543
830,488,3,4.36162805557251
830,12,4,4.34525203704834
830,498,5,4.58808708190918
830,1073,6,4.343193531036377
830,531,7,4.403905391693115
830,1531,8,3.8014352321624756
830,114,9,4.692020893096924
830,1594,10,3.8728280067443848
831,267,1,3.6474990844726562
831,493,2,3.714130401611328
831,119,3,4.237288951873779
831,1066,4,3.629863739013672
831,393,5,4.367799282073975
831,77,6,3.892442464828491
831,487,7,4.549338340759277
831,661,8,4.083302021026611
831,657,9,4.085753440856934
831,185,10,4.059413433074951
832,1251,1,4.03904914855957
832,505,2,4.098965167999268
832,963,3,4.462092399597168
832,1367,4,3.910064935684204
832,60,5,4.525746822357178
832,836,6,3.8500733375549316
832,850,7,3.929914951324463
832,519,8,4.0769195556640625
832,205,9,4.334592342376709
832,50,10,4.455256462097168
833,295,1,3.8673393726348877
833,59,2,3.9520010948181152
833,525,3,4.776339054107666
833,1098,4,3.809575319290161
833,509,5,4.0064473152160645
833,1198,6,3.4377737045288086
833,856,7,4.174566268920898
833,916,8,3.608281135559082
833,968,9,3.5105648040771484
833,382,10,4.226268768310547
834,42,1,4.539016246795654
834,603,2,5.101635932922363
834,71,3,4.729319095611572
834,208,4,4.890233039855957
834,1142,5,4.720200538635254
834,234,6,4.558529853820801
834,1368,7,4.369530200958252
834,1367,8,4.408648490905762
834,320,9,4.369675636291504
834,466,10,4.755693435668945
835,1604,1,4.56786584854126
835,360,2,4.309537887573242
835,516,3,4.528407573699951
835,661,4,4.317807674407959
835,463,5,4.798687934875488
835,805,6,4.325840473175049
835,956,7,4.348541259765625
835,500,8,4.764837265014648
835,165,9,4.978480339050293
835,1211,10,4.650918960571289
836,850,1,4.092012882232666
836,127,2,5.008462905883789
836,732,3,3.8676791191101074
836,1121,4,3.8363466262817383
836,191,5,4.192121505737305
836,445,6,3.6598806381225586
836,494,7,3.924887180328369
836,480,8,4.404433727264404
836,799,9,3.6562838554382324
836,488,10,4.2662763595581055
837,308,1,4.02073335647583
837,152,2,4.360390663146973
837,653,3,3.8801026344299316
837,641,4,4.642091751098633
837,675,5,3.8945670127868652
837,494,6,3.8656632900238037
837,1020,7,4.104745864868164
837,735,8,4.264362335205078
837,1159,9,4.725702285766602
837,520,10,4.826486110687256
838,1131,1,4.3183698654174805
838,1643,2,4.326725006103516
838,493,3,4.703186511993408
838,525,4,4.067544937133789
838,485,5,4.98760986328125
838,1537,6,4.099585056304932
838,69,7,4.985840320587158
838,435,8,4.195586681365967
838,520,9,4.123626232147217
838,179,10,4.77377986907959
839,200,1,4.4060750007629395
839,311,2,4.218742370605469
839,543,3,4.00792932510376
839,216,4,4.059543609619141
839,694,5,4.186877250671387
839,1159,6,4.226244926452637
839,1585,7,3.93833327293396
839,56,8,5.206764221191406
839,588,9,3.9273414611816406
839,958,10,4.533363342285156
840,694,1,4.582369804382324
840,610,2,4.4258599281311035
840,408,3,5.218525409698486
840,491,4,4.706928253173828
840,74,5,4.096038341522217
840,344,6,4.576883792877197
840,1201,7,4.311824321746826
840,283,8,4.038074970245361
840,447,9,4.374500751495361
840,320,10,4.819090843200684
841,265,1,4.607088088989258
841,966,2,4.360931396484375
841,179,3,4.443583965301514
841,644,4,4.179781913757324
841,185,5,4.815361499786377
841,613,6,4.203826904296875
841,1143,7,4.138848304748535
841,378,8,4.116751194000244
841,515,9,4.790245532989502
841,189,10,4.45620059967041
842,187,1,4.640211582183838
842,200,2,4.29485559463501
842,653,3,4.355757236480713
842,180,4,4.599123001098633
842,789,5,4.364218235015869
842,48,6,5.381051063537598
842,228,7,3.8947768211364746
842,1158,8,4.011897087097168
842,1131,9,4.0339131355285645
842,970,10,4.028003692626953
843,642,1,3.0888075828552246
843,1060,2,3.471686840057373
843,1007,3,3.4627673625946045
843,853,4,3.936936855316162
843,128,5,3.5531816482543945
843,645,6,3.691471576690674
843,320,7,3.6779141426086426
843,171,8,3.415313243865967
843,244,9,3.0173614025115967
843,324,10,3.00441837310791
844,445,1,3.5396530628204346
844,83,2,4.308479309082031
844,269,3,4.095244884490967
844,1142,4,3.8387343883514404
844,190,5,4.169682025909424
844,520,6,4.040696620941162
844,315,7,3.894775152206421
844,1367,8,3.768052339553833
844,482,9,3.9034347534179688
844,566,10,3.656359910964966
845,410,1,3.122293472290039
845,916,2,3.434413433074951
845,888,3,3.197624444961548
845,218,4,3.268695116043091
845,222,5,3.448251962661743
845,493,6,3.719277858734131
845,12,7,4.028901100158691
845,185,8,3.8824334144592285
845,484,9,3.5049870014190674
845,318,10,3.963728666305542
846,467,1,4.193848133087158
846,850,2,4.431327819824219
846,1450,3,4.161001682281494
846,1277,4,4.477194786071777
846,169,5,5.609806060791016
846,306,6,4.135308742523193
846,1136,7,4.587416648864746
846,117,8,4.162446022033691
846,408,9,4.979471206665039
846,114,10,4.713509559631348
847,297,1,3.8824474811553955
847,111,2,3.597733497619629
847,79,3,4.159323692321777
847,485,4,4.045995712280273
847,251,5,3.998603105545044
847,203,6,3.3602938652038574
847,213,7,3.4028196334838867
847,206,8,3.971435070037842
847,694,9,3.8019158840179443
847,515,10,4.806349277496338
848,493,1,5.115962028503418
848,847,2,4.519360542297363
848,222,3,4.3552775382995605
848,1345,4,4.142951011657715
848,1531,5,4.321858882904053
848,408,6,5.437789440155029
848,746,7,4.561945915222168
848,227,8,5.1602702140808105
848,1142,9,4.592422962188721
848,161,10,4.868473529815674
849,922,1,4.4854960441589355
849,156,2,4.663463115692139
849,1594,3,4.755155563354492
849,850,4,4.634264945983887
849,474,5,4.818190574645996
849,179,6,4.687038898468018
849,1193,7,5.066995143890381
849,114,8,4.695663928985596
849,498,9,5.122007369995117
849,318,10,5.226147174835205
850,696,1,4.361855506896973
850,645,2,4.384509086608887
850,143,3,5.361971855163574
850,181,4,4.447336673736572
850,255,5,4.664979457855225
850,304,6,4.656524658203125
850,735,7,4.84885311126709
850,195,8,4.444429874420166
850,1119,9,4.217380523681641
850,1534,10,4.152871131896973
851,200,1,4.193572998046875
851,33,2,4.675187587738037
851,32,3,4.686285495758057
851,705,4,4.592752933502197
851,97,5,4.405338764190674
851,233,6,4.113720893859863
851,69,7,5.072135925292969
851,15,8,4.320001125335693
851,211,9,3.9009246826171875
851,520,10,4.621922016143799
852,1353,1,4.0185699462890625
852,656,2,4.522267818450928
852,1386,3,3.977264404296875
852,904,4,4.2501726150512695
852,850,5,4.140068054199219
852,1021,6,4.669517517089844
852,1019,7,4.355759620666504
852,89,8,4.867618560791016
852,805,9,3.969568967819214
852,435,10,4.215351104736328
853,132,1,4.386110305786133
853,1084,2,3.6905570030212402
853,525,3,4.424008369445801
853,966,4,4.010228157043457
853,1194,5,4.298622131347656
853,606,6,4.217029571533203
853,1159,7,3.851134777069092
853,515,8,4.330781936645508
853,1269,9,4.14048957824707
853,360,10,3.7467572689056396
854,9,1,4.34022331237793
854,1142,2,4.096685409545898
854,1451,3,3.493889331817627
854,657,4,4.300236701965332
854,968,5,3.521399736404419
854,838,6,3.709648847579956
854,490,7,3.578198194503784
854,648,8,3.946417808532715
854,601,9,3.5608887672424316
854,91,10,4.459568023681641
855,966,1,3.8643853664398193
855,265,2,4.085556507110596
855,89,3,3.4654381275177
855,484,4,3.7457938194274902
855,174,5,4.2495927810668945
855,443,6,3.894111156463623
855,494,7,3.8052337169647217
855,199,8,4.2407941818237305
855,701,9,3.5118422508239746
855,483,10,4.18703031539917
856,408,1,4.985864639282227
856,484,2,4.578670501708984
856,488,3,4.281360626220703
856,483,4,4.4135661125183105
856,119,5,4.437946796417236
856,357,6,4.383904457092285
856,774,7,4.273013114929199
856,951,8,4.066854000091553
856,1269,9,4.664425373077393
856,915,10,4.073362350463867
857,1193,1,4.0702972412109375
857,153,2,3.9445605278015137
857,134,3,4.380039215087891
857,1011,4,3.767427444458008
857,174,5,4.041772365570068
857,1629,6,3.719151735305786
857,198,7,4.105502128601074
857,1070,8,3.9194250106811523
857,268,9,3.912496328353882
857,474,10,3.724616527557373
858,127,1,4.700826644897461
858,1293,2,4.184595108032227
858,675,3,4.139049053192139
858,191,4,4.622903823852539
858,45,5,4.243081092834473
858,143,6,4.243547439575195
858,520,7,4.359465599060059
858,198,8,4.199423313140869
858,479,9,4.594962120056152
858,1104,10,4.32572603225708
859,607,1,4.65828800201416
859,393,2,4.448916435241699
859,174,3,5.105517864227295
859,753,4,4.8582763671875
859,526,5,4.436735153198242
859,511,6,4.516958236694336
859,968,7,4.587649345397949
859,634,8,4.371270179748535
859,115,9,4.230368137359619
859,1269,10,4.3205084800720215
860,478,1,4.28140926361084
860,661,2,3.9369988441467285
860,850,3,4.047421932220459
860,653,4,3.993732452392578
860,7,5,3.6837568283081055
860,498,6,4.242232799530029
860,408,7,4.457564830780029
860,651,8,4.321339130401611
860,8,9,4.289139747619629
860,530,10,3.917020320892334
861,470,1,4.447327613830566
861,515,2,5.1206183433532715
861,114,3,5.067155361175537
861,399,4,4.433377265930176
861,611,5,4.607720375061035
861,514,6,4.677992820739746
861,270,7,4.5040364265441895
861,1193,8,4.7412190437316895
861,1007,9,4.665046691894531
861,1142,10,4.205672264099121
862,691,1,4.6540632247924805
862,115,2,4.899384021759033
862,588,3,5.319164752960205
862,707,4,4.586957931518555
862,74,5,4.891575813293457
862,838,6,4.7319488525390625
862,587,7,4.690118312835693
862,524,8,4.6224188804626465
862,156,9,5.536962509155273
862,646,10,4.990616798400879
863,1098,1,4.025182247161865
863,916,2,4.316385746002197
863,250,3,4.2283101081848145
863,694,4,3.717628002166748
863,203,5,5.0194172859191895
863,185,6,3.648582696914673
863,625,7,4.213197708129883
863,924,8,4.332137584686279
863,1193,9,4.128811359405518
863,345,10,3.71816086769104
864,656,1,4.358660697937012
864,792,2,4.9174346923828125
864,455,3,4.506443023681641
864,198,4,4.133942604064941
864,313,5,5.191003322601318
864,193,6,4.737005710601807
864,853,7,4.786727428436279
864,1187,8,4.14785623550415
864,448,9,4.515535354614258
864,205,10,5.152144908905029
865,479,1,3.7397584915161133
865,857,2,3.613123893737793
865,351,3,3.6787595748901367
865,1466,4,3.3617875576019287
865,206,5,3.8342273235321045
865,514,6,4.333465099334717
865,853,7,3.8923988342285156
865,429,8,3.8552041053771973
865,175,9,3.9034857749938965
865,81,10,3.975984811782837
866,888,1,2.7167282104492188
866,694,2,3.414480209350586
866,515,3,3.5743308067321777
866,661,4,3.2119481563568115
866,701,5,2.7433323860168457
866,134,6,3.0031023025512695
866,124,7,3.068953275680542
866,792,8,2.873594284057617
866,511,9,3.1728594303131104
866,198,10,3.380652904510498
867,654,1,4.690922737121582
867,493,2,4.531205177307129
867,173,3,5.46634578704834
867,408,4,5.126402854919434
867,1097,5,4.548872470855713
867,306,6,4.743824005126953
867,248,7,5.0717363357543945
867,189,8,4.892608642578125
867,1201,9,4.3342509269714355
867,206,10,4.924324989318848
868,1536,1,3.917098045349121
868,250,2,4.654679775238037
868,10,3,4.1254143714904785
868,529,4,3.9538168907165527
868,697,5,3.847811222076416
868,70,6,4.003384590148926
868,611,7,3.9312825202941895
868,528,8,3.814856767654419
868,519,9,4.912438869476318
868,1007,10,3.626528739929199
869,192,1,3.4400742053985596
869,603,2,4.109791278839111
869,607,3,3.54532527923584
869,7,4,3.616779088973999
869,1293,5,3.076451301574707
869,265,6,3.1883344650268555
869,1201,7,3.3430862426757812
869,156,8,4.121708869934082
869,1084,9,3.36492657661438
869,238,10,3.130610466003418
870,408,1,4.558194160461426
870,221,2,4.447369575500488
870,811,3,3.972120523452759
870,561,4,3.673752784729004
870,1293,5,3.891453504562378
870,201,6,3.8938636779785156
870,1531,7,3.9648165702819824
870,1500,8,3.9504547119140625
870,190,9,4.1456780433654785
870,610,10,3.9456627368927
871,493,1,4.15744686126709
871,119,2,4.069258689880371
871,656,3,3.8759565353393555
871,249,4,3.998612403869629
871,285,5,4.291390895843506
871,316,6,4.523965835571289
871,922,7,4.263366222381592
871,657,8,4.1195244789123535
871,208,9,5.142241477966309
871,1005,10,4.397375106811523
872,12,1,4.390105724334717
872,95,2,4.651339530944824
872,513,3,4.074159622192383
872,183,4,3.8503575325012207
872,496,5,4.79573917388916
872,22,6,4.470680236816406
872,230,7,4.001086235046387
872,611,8,3.901759147644043
872,805,9,3.998539924621582
872,143,10,4.442895889282227
873,208,1,4.747861862182617
873,1101,2,4.6744208335876465
873,22,3,4.543997764587402
873,945,4,4.162194728851318
873,222,5,4.449966907501221
873,1367,6,4.2699360847473145
873,483,7,4.1668853759765625
873,646,8,4.24091911315918
873,1278,9,3.9456748962402344
873,645,10,4.0707831382751465
874,267,1,3.787442207336426
874,8,2,3.975527763366699
874,644,3,3.8898634910583496
874,178,4,4.487359046936035
874,510,5,4.050833702087402
874,520,6,4.195791721343994
874,494,7,4.138293266296387
874,603,8,4.2641448974609375
874,488,9,4.123754024505615
874,653,10,4.038623809814453
875,1251,1,4.272364616394043
875,91,2,4.630557537078857
875,100,3,4.978818416595459
875,74,4,4.241204261779785
875,1142,5,4.906651496887207
875,318,6,4.907731533050537
875,558,7,4.622880935668945
875,508,8,4.1228790283203125
875,203,9,5.040202617645264
875,648,10,4.407688140869141
876,100,1,4.516758918762207
876,1019,2,4.39823579788208
876,64,3,4.597233295440674
876,848,4,4.037912368774414
876,919,5,4.099579811096191
876,175,6,4.29702091217041
876,645,7,4.030211925506592
876,520,8,4.196328163146973
876,936,9,4.389488220214844
876,524,10,4.273575305938721
877,963,1,4.358977794647217
877,1129,2,4.074278831481934
877,187,3,4.706860542297363
877,1,4,4.039804935455322
877,1203,5,4.45703125
877,1007,6,5.064599990844727
877,48,7,4.163812160491943
877,484,8,4.6723313331604
877,1021,9,4.463387489318848
877,265,10,4.068672180175781
878,919,1,3.8100955486297607
878,320,2,4.472773551940918
878,612,3,3.9999196529388428
878,315,4,4.660573959350586
878,661,5,4.046968936920166
878,211,6,4.594461441040039
878,969,7,3.8978915214538574
878,356,8,4.091557502746582
878,1131,9,3.762162685394287
878,86,10,4.351949214935303
879,60,1,3.7913358211517334
879,174,2,4.693209171295166
879,589,3,3.7734856605529785
879,502,4,4.237339973449707
879,603,5,4.576054573059082
879,187,6,3.968001127243042
879,478,7,4.570228576660156
879,196,8,3.9463133811950684
879,607,9,3.9797744750976562
879,530,10,4.272861957550049
880,434,1,3.848116159439087
880,1269,2,4.393817901611328
880,6,3,4.197042942047119
880,694,4,4.517517566680908
880,675,5,4.059708595275879
880,114,6,4.820437431335449
880,203,7,4.075738430023193
880,199,8,4.738471508026123
880,428,9,4.34785795211792
880,705,10,4.0365309715271
881,634,1,4.158409118652344
881,516,2,4.200981140136719
881,320,3,4.278262138366699
881,459,4,4.0155229568481445
881,684,5,4.5901265144348145
881,1262,6,3.959503173828125
881,538,7,4.206977367401123
881,267,8,3.7652065753936768
881,744,9,4.539762496948242
881,12,10,4.928210735321045
882,182,1,5.1317572593688965
882,251,2,4.340531349182129
882,1501,3,4.104189395904541
882,20,4,4.413499355316162
882,513,5,5.3602094650268555
882,484,6,5.180948734283447
882,448,7,4.210118770599365
882,480,8,5.228875637054443
882,1133,9,4.124182224273682
882,1368,10,4.122837066650391
883,1413,1,4.112744331359863
883,498,2,4.799323081970215
883,1451,3,4.1927361488342285
883,445,4,4.280035495758057
883,360,5,4.231529235839844
883,1600,6,4.425538063049316
883,169,7,4.974893093109131
883,150,8,4.8706159591674805
883,351,9,4.450507640838623
883,273,10,4.845459938049316
884,194,1,4.088632583618164
884,1361,2,3.8862433433532715
884,132,3,3.9211912155151367
884,169,4,4.5591959953308105
884,644,5,4.03887939453125
884,657,6,4.051907539367676
884,174,7,4.294815540313721
884,479,8,3.9386000633239746
884,488,9,4.108166694641113
884,272,10,4.852252006530762
885,419,1,4.073118686676025
885,963,2,3.513077735900879
885,651,3,3.697411060333252
885,705,4,4.220653533935547
885,143,5,4.174932956695557
885,966,6,3.7652947902679443
885,530,7,4.190217018127441
885,166,8,4.334640979766846
885,66,9,3.553269863128662
885,525,10,3.628803253173828
886,904,1,4.172120094299316
886,922,2,3.872854709625244
886,513,3,4.165595531463623
886,884,4,3.492854356765747
886,629,5,4.166487216949463
886,275,6,4.193753242492676
886,838,7,3.751727342605591
886,344,8,3.7032649517059326
886,651,9,4.4294209480285645
886,661,10,3.828148603439331
887,475,1,4.510293006896973
887,1501,2,4.056521415710449
887,1073,3,5.265152931213379
887,1251,4,4.370517730712891
887,1240,5,4.435065269470215
887,269,6,4.766552925109863
887,634,7,4.313692092895508
887,937,8,4.533957481384277
887,1519,9,4.413149833679199
887,774,10,4.373657703399658
888,484,1,4.320871829986572
888,285,2,4.82237434387207
888,850,3,4.536787509918213
888,969,4,4.3911213874816895
888,485,5,4.421159744262695
888,204,6,4.223747730255127
888,480,7,4.787243366241455
888,134,8,5.06173038482666
888,505,9,4.325523376464844
888,119,10,4.754522800445557
889,1019,1,4.291055202484131
889,420,2,3.6975958347320557
889,360,3,4.001331329345703
889,525,4,4.066819667816162
889,316,5,4.199609279632568
889,518,6,4.060026168823242
889,467,7,4.030913352966309
889,143,8,4.705597400665283
889,51,9,3.594590425491333
889,887,10,3.571263551712036
890,1523,1,4.2719340324401855
890,525,2,4.886828422546387
890,611,3,4.143871784210205
890,488,4,4.8629021644592285
890,1367,5,4.4488372802734375
890,705,6,4.848677158355713
890,42,7,4.285763263702393
890,661,8,4.6232099533081055
890,966,9,4.411697864532471
890,14,10,4.834722518920898
891,164,1,4.9647908210754395
891,922,2,4.504306316375732
891,482,3,4.899238586425781
891,1159,4,4.736680030822754
891,963,5,4.89146089553833
891,360,6,4.570096969604492
891,172,7,4.924716949462891
891,134,8,4.951044082641602
891,489,9,4.959519863128662
891,183,10,4.772279739379883
892,509,1,5.181934356689453
892,156,2,4.810727119445801
892,115,3,4.463784217834473
892,1523,4,4.348343849182129
892,522,5,4.5197672843933105
892,185,6,5.101174831390381
892,434,7,4.5735344886779785
892,179,8,4.656723976135254
892,1537,9,4.424487590789795
892,190,10,4.693196773529053
893,498,1,4.243948936462402
893,204,2,4.552669525146484
893,496,3,4.490718841552734
893,1450,4,4.115635395050049
893,175,5,4.008497714996338
893,133,6,4.8416428565979
893,64,7,4.496191501617432
893,1084,8,3.816453218460083
893,418,9,3.817664861679077
893,177,10,4.1592488288879395
894,486,1,4.0617570877075195
894,344,2,4.8779520988464355
894,1172,3,4.290937423706055
894,64,4,4.742747783660889
894,675,5,3.9463765621185303
894,601,6,3.92466402053833
894,435,7,4.159437656402588
894,644,8,4.653787612915039
894,79,9,4.4859185218811035
894,164,10,4.411847114562988
895,488,1,4.054448127746582
895,298,2,4.044780731201172
895,736,3,4.14736270904541
895,12,4,4.38272762298584
895,169,5,4.678830623626709
895,434,6,4.218300819396973
895,1450,7,4.154170036315918
895,1101,8,3.9518935680389404
895,958,9,4.323092937469482
895,502,10,4.349478721618652
896,530,1,4.038432598114014
896,174,2,4.421900749206543
896,163,3,4.092948913574219
896,498,4,4.027706623077393
896,119,5,3.6694388389587402
896,248,6,3.5838284492492676
896,1233,7,3.7764248847961426
896,615,8,3.725818634033203
896,589,9,3.813467025756836
896,1081,10,3.5817229747772217
897,1536,1,4.180110454559326
897,1523,2,4.257113456726074
897,1191,3,4.3827900886535645
897,275,4,4.846926689147949
897,1301,5,4.118873596191406
897,1293,6,4.14427375793457
897,446,7,4.255343914031982
897,1594,8,4.284748554229736
897,1491,9,4.1285247802734375
897,589,10,4.407347679138184
898,610,1,4.115591526031494
898,191,2,4.547223091125488
898,32,3,3.994246482849121
898,922,4,4.381770610809326
898,250,5,4.398464202880859
898,414,6,3.8868677616119385
898,519,7,4.107533931732178
898,615,8,4.187950134277344
898,705,9,4.3428215980529785
898,180,10,4.086109638214111
899,793,1,3.828014612197876
899,116,2,3.9481165409088135
899,134,3,4.317145347595215
899,183,4,4.036217212677002
899,432,5,4.494472026824951
899,850,6,4.13362455368042
899,1252,7,4.076662540435791
899,1406,8,4.027328968048096
899,916,9,4.073360443115234
899,68,10,3.7049965858459473
900,854,1,2.925240993499756
900,498,2,3.3090453147888184
900,1,3,3.3482043743133545
900,659,4,3.341637372970581
900,48,5,3.094587802886963
900,966,6,3.214059591293335
900,736,7,3.4148051738739014
900,153,8,3.48260760307312
900,223,9,3.8469629287719727
900,95,10,3.416215658187866
901,1537,1,4.177334785461426
901,500,2,4.548366546630859
901,143,3,4.216399192810059
901,177,4,4.466604709625244
901,691,5,3.9715471267700195
901,588,6,4.65830659866333
901,516,7,4.25053071975708
901,124,8,4.421907901763916
901,684,9,4.487102508544922
901,462,10,4.176275730133057
902,12,1,3.8501288890838623
902,1070,2,3.461294651031494
902,427,3,4.3464555740356445
902,919,4,3.4021639823913574
902,432,5,3.6080386638641357
902,922,6,4.212113380432129
902,482,7,3.312387704849243
902,1211,8,3.6388258934020996
902,474,9,3.808135509490967
902,132,10,4.095094680786133
903,455,1,4.180158615112305
903,361,2,3.9064087867736816
903,754,3,4.0421271324157715
903,310,4,4.365872383117676
903,474,5,3.776771068572998
903,200,6,4.538386821746826
903,132,7,4.737643718719482
903,267,8,3.9104111194610596
903,527,9,4.614708423614502
903,648,10,3.83524751663208
904,966,1,4.229910850524902
904,813,2,4.889150142669678
904,1046,3,3.964384078979492
904,486,4,4.406118869781494
904,1070,5,4.464750289916992
904,498,6,4.504223346710205
904,200,7,4.403536319732666
904,588,8,4.806551456451416
904,178,9,4.237339973449707
904,805,10,4.013563632965088
905,474,1,4.340527057647705
905,652,2,4.0312299728393555
905,189,3,4.383342742919922
905,213,4,4.132596015930176
905,143,5,3.997288703918457
905,488,6,4.187507152557373
905,119,7,4.034590244293213
905,201,8,3.9539084434509277
905,589,9,3.7441985607147217
905,528,10,4.099253177642822
906,434,1,3.941760778427124
906,292,2,4.2803215980529785
906,48,3,4.389078617095947
906,272,4,4.54986572265625
906,64,5,4.908935546875
906,1160,6,4.15025520324707
906,656,7,4.478647708892822
906,435,8,4.48317289352417
906,519,9,4.144501686096191
906,514,10,4.209479331970215
907,512,1,4.75872278213501
907,1594,2,5.086004734039307
907,492,3,5.802354335784912
907,22,4,5.2294487953186035
907,1203,5,5.234996318817139
907,12,6,5.2866387367248535
907,174,7,5.102740287780762
907,197,8,5.084036827087402
907,805,9,5.185277938842773
907,1462,10,5.080430030822754
908,651,1,4.258419990539551
908,1450,2,3.656268835067749
908,197,3,4.201791763305664
908,1218,4,4.018531322479248
908,1,5,3.7029945850372314
908,86,6,4.083469390869141
908,1131,7,4.079966068267822
908,114,8,4.022454261779785
908,474,9,3.7680766582489014
908,639,10,3.6208670139312744
909,56,1,5.109648704528809
909,513,2,5.088563442230225
909,64,3,5.09874153137207
909,528,4,5.208923816680908
909,89,5,5.124237060546875
909,8,6,5.176481246948242
909,519,7,5.244908332824707
909,1483,8,4.903720378875732
909,203,9,5.04116678237915
909,603,10,5.088308334350586
910,496,1,4.854831218719482
910,610,2,3.9871392250061035
910,360,3,3.804464817047119
910,404,4,3.9383158683776855
910,963,5,3.8067729473114014
910,505,6,3.7071824073791504
910,480,7,3.9484167098999023
910,498,8,4.163190841674805
910,474,9,4.564127445220947
910,654,10,3.63141131401062
911,721,1,4.176244735717773
911,958,2,4.141159534454346
911,500,3,4.590503215789795
911,1379,4,3.9266879558563232
911,1474,5,4.085596561431885
911,646,6,3.968931198120117
911,466,7,4.620418548583984
911,1347,8,4.403857707977295
911,258,9,5.209418296813965
911,610,10,4.012457847595215
912,178,1,4.3670573234558105
912,1046,2,3.6480257511138916
912,98,3,4.48651123046875
912,1500,4,3.6196603775024414
912,588,5,3.803541898727417
912,233,6,3.7222671508789062
912,531,7,4.3393964767456055
912,189,8,4.254183769226074
912,966,9,4.061331748962402
912,208,10,4.533777236938477
913,1604,1,3.8158786296844482
913,500,2,3.784665584564209
913,1098,3,3.665334701538086
913,199,4,4.125913143157959
913,1367,5,3.8745739459991455
913,515,6,4.61613655090332
913,125,7,3.817171096801758
913,1623,8,3.5932412147521973
913,115,9,3.927813768386841
913,671,10,3.4891858100891113
914,1007,1,3.9184634685516357
914,169,2,4.533743381500244
914,513,3,4.483382701873779
914,686,4,3.6855037212371826
914,215,5,3.7497286796569824
914,922,6,3.9280219078063965
914,172,7,4.586512088775635
914,1142,8,3.9751808643341064
914,114,9,4.267144680023193
914,211,10,4.102880954742432
915,169,1,4.317780017852783
915,812,2,3.3539106845855713
915,603,3,4.50624942779541
915,613,4,3.595452070236206
915,144,5,3.6343231201171875
915,357,6,4.160504341125488
915,143,7,3.78782057762146
915,1367,8,3.71734356880188
915,96,9,3.351660966873169
915,127,10,4.0434722900390625
916,856,1,4.478484630584717
916,493,2,4.097651958465576
916,114,3,4.3379902839660645
916,205,4,4.20459508895874
916,520,5,3.92090106010437
916,1604,6,3.8357856273651123
916,968,7,4.0779876708984375
916,778,8,4.271448135375977
916,945,9,3.9155373573303223
916,607,10,4.329843997955322
917,966,1,3.6218974590301514
917,611,2,3.8654255867004395
917,615,3,3.928224802017212
917,197,4,4.301351547241211
917,463,5,3.720431089401245
917,360,6,3.6984951496124268
917,45,7,3.925670623779297
917,603,8,4.670139789581299
917,746,9,3.940366268157959
917,46,10,3.526212215423584
918,12,1,4.464338302612305
918,203,2,3.5273141860961914
918,129,3,4.0663042068481445
918,675,4,3.9068098068237305
918,149,5,3.536990165710449
918,1167,6,4.226961135864258
918,209,7,4.125431060791016
918,813,8,4.080700397491455
918,1585,9,3.6324551105499268
918,1116,10,3.510862112045288
919,210,1,4.384844779968262
919,1368,2,4.072858810424805
919,1639,3,4.312045097351074
919,566,4,3.8324499130249023
919,513,5,4.237772464752197
919,872,6,4.7807793617248535
919,234,7,3.9030065536499023
919,169,8,4.073455810546875
919,320,9,3.8784892559051514
919,211,10,4.0124993324279785
920,423,1,4.200000762939453
920,177,2,3.7865090370178223
920,511,3,3.8712515830993652
920,482,4,4.451456069946289
920,206,5,3.9489047527313232
920,494,6,3.946326732635498
920,144,7,4.107504844665527
920,1153,8,3.950521469116211
920,114,9,4.254115581512451
920,165,10,4.567481994628906
921,1218,1,4.245582103729248
921,258,2,4.134164810180664
921,525,3,3.8293511867523193
921,186,4,4.2375969886779785
921,88,5,3.876801013946533
921,622,6,3.6231656074523926
921,119,7,3.749799966812134
921,462,8,3.858792543411255
921,513,9,4.044256210327148
921,191,10,4.021054267883301
922,484,1,4.302039623260498
922,1137,2,4.455260753631592
922,233,3,3.9878640174865723
922,19,4,4.672646522521973
922,1367,5,4.218868732452393
922,75,6,3.943983554840088
922,185,7,4.218104839324951
922,519,8,4.556614875793457
922,430,9,4.381267547607422
922,1098,10,4.278643608093262
923,519,1,5.0206451416015625
923,1073,2,4.8462443351745605
923,12,3,5.5061469078063965
923,1396,4,4.727173328399658
923,272,5,5.376921653747559
923,219,6,4.965573310852051
923,528,7,5.315835952758789
923,1367,8,4.689851760864258
923,603,9,5.570375442504883
923,1251,10,4.747939586639404
924,434,1,4.454064846038818
924,484,2,4.496703147888184
924,648,3,4.480784893035889
924,119,4,4.415098667144775
924,164,5,4.369278907775879
924,1218,6,3.980222225189209
924,1639,7,4.013164520263672
924,1450,8,3.9994308948516846
924,1191,9,4.126652240753174
924,485,10,4.409210205078125
925,190,1,4.242579460144043
925,11,2,4.238665580749512
925,298,3,4.705395221710205
925,210,4,4.353269100189209
925,603,5,4.571519374847412
925,753,6,4.1469879150390625
925,178,7,4.42384672164917
925,99,8,3.974609613418579
925,490,9,4.22528600692749
925,966,10,4.273411750793457
926,1269,1,4.424654960632324
926,89,2,4.547269821166992
926,248,3,4.406805038452148
926,479,4,4.45582914352417
926,443,5,3.891479730606079
926,511,6,4.319902420043945
926,97,7,4.160455703735352
926,513,8,4.591785907745361
926,1240,9,4.068942070007324
926,488,10,3.9070842266082764
927,516,1,4.623184680938721
927,307,2,4.347264289855957
927,1589,3,4.37087869644165
927,121,4,4.604305267333984
927,1203,5,3.94354248046875
927,774,6,4.3908915519714355
927,466,7,4.716789245605469
927,805,8,4.156994819641113
927,1331,9,4.068425178527832
927,57,10,4.821918964385986
928,1431,1,5.007277488708496
928,1251,2,4.923083782196045
928,22,3,5.3904709815979
928,538,4,5.094416618347168
928,1367,5,5.244765281677246
928,445,6,4.945337295532227
928,199,7,4.938931465148926
928,210,8,5.418642997741699
928,489,9,5.00092887878418
928,1159,10,5.257057189941406
929,663,1,4.395597457885742
929,1512,2,4.06721830368042
929,150,3,4.021775245666504
929,671,4,4.541753768920898
929,328,5,3.9995222091674805
929,1159,6,4.152463912963867
929,48,7,4.247110366821289
929,1269,8,3.8831796646118164
929,1073,9,3.8437838554382324
929,200,10,4.460404396057129
930,213,1,3.8742947578430176
930,494,2,3.764233350753784
930,489,3,3.8589141368865967
930,496,4,4.092676639556885
930,320,5,3.7837116718292236
930,1073,6,4.104896545410156
930,888,7,3.674903631210327
930,470,8,3.9825894832611084
930,493,9,3.503453493118286
930,434,10,3.6289658546447754
931,568,1,3.8059377670288086
931,165,2,4.461671352386475
931,632,3,4.14824104309082
931,853,4,3.8953144550323486
931,251,5,4.174417972564697
931,11,6,4.838139533996582
931,189,7,3.7749736309051514
931,32,8,3.8260741233825684
931,838,9,3.9124226570129395
931,603,10,4.14634895324707
932,8,1,4.992502212524414
932,116,2,4.733621120452881
932,718,3,4.624814033508301
932,318,4,4.357684135437012
932,1439,5,4.07087516784668
932,302,6,4.8212127685546875
932,533,7,4.18837833404541
932,707,8,4.985713005065918
932,694,9,5.051975727081299
932,691,10,4.114004135131836
934,520,1,3.9934380054473877
934,1122,2,4.415335655212402
934,1413,3,4.1325249671936035
934,778,4,4.97396183013916
934,653,5,3.909919023513794
934,535,6,4.283162593841553
934,896,7,4.760219097137451
934,494,8,4.2666802406311035
934,1629,9,3.941523551940918
934,916,10,4.332887649536133
935,200,1,4.523076057434082
935,331,2,4.5740742683410645
935,79,3,4.6332106590271
935,191,4,4.307880401611328
935,1098,5,4.2076239585876465
935,272,6,4.281790733337402
935,194,7,4.262763977050781
935,297,8,4.328895568847656
935,966,9,4.0699028968811035
935,151,10,4.718905925750732
936,151,1,4.9954376220703125
936,653,2,4.521882057189941
936,528,3,4.426574230194092
936,234,4,4.976018905639648
936,114,5,4.7098469734191895
936,648,6,4.563598155975342
936,1386,7,4.241519451141357
936,969,8,4.264304161071777
936,58,9,4.7465972900390625
936,32,10,4.4605712890625
937,657,1,4.536077976226807
937,510,2,4.168668746948242
937,1367,3,4.1610798835754395
937,511,4,4.0264668464660645
937,1194,5,4.283709526062012
937,513,6,4.518261432647705
937,1193,7,3.881678819656372
937,178,8,4.14866828918457
937,12,9,4.374344348907471
937,175,10,4.2375407218933105
938,474,1,4.152010917663574
938,484,2,5.132692813873291
938,187,3,4.951932430267334
938,175,4,4.109419822692871
938,462,5,4.040826320648193
938,705,6,4.287909507751465
938,1167,7,4.204681396484375
938,945,8,4.583067893981934
938,423,9,4.1235833168029785
938,501,10,5.242891311645508
939,216,1,4.997011661529541
939,1159,2,4.9992899894714355
939,656,3,4.91484260559082
939,1070,4,4.737975597381592
939,199,5,5.936104774475098
939,1512,6,4.818591117858887
939,661,7,5.573891639709473
939,513,8,5.574902534484863
939,174,9,4.918231010437012
939,813,10,4.8793044090271
940,211,1,4.633756160736084
940,208,2,4.314021110534668
940,423,3,4.000057220458984
940,1421,4,3.7395999431610107
940,195,5,3.839850902557373
940,212,6,3.929964542388916
940,602,7,4.303832530975342
940,198,8,4.160686492919922
940,477,9,3.7258524894714355
940,611,10,4.016363620758057
941,201,1,4.181127071380615
941,657,2,4.6635661125183105
941,1153,3,4.243632793426514
941,588,4,4.449717044830322
941,216,5,4.239171981811523
941,519,6,4.595733165740967
941,320,7,4.354877471923828
941,1449,8,4.914889335632324
941,520,9,4.767453670501709
941,285,10,4.793337821960449
942,707,1,4.3068742752075195
942,608,2,4.2407684326171875
942,1594,3,4.3666157722473145
942,463,4,4.2807936668396
942,251,5,4.849368095397949
942,129,6,5.210422515869141
942,482,7,4.860318660736084
942,1101,8,4.822601795196533
942,432,9,5.050955772399902
942,1642,10,4.430261135101318
943,651,1,4.4412126541137695
943,1251,2,3.950101375579834
943,114,3,4.194972038269043
943,250,4,5.219850540161133
943,530,5,4.798800945281982
943,333,6,4.259147644042969
943,1062,7,4.541487216949463
943,179,8,4.435689926147461
943,1064,9,3.934288263320923
943,504,10,4.480404376983643
